key,value,value_json
acs/unadjusted_reported_income_50000/id_test/prevalence/mean,0.35622530997097845,
acs/unadjusted_reported_income_50000/id_test/prevalence/sd,0.0022285961099173844,
acs/unadjusted_reported_income_50000/id_test/auroc/mean,0.8833398341568023,
acs/unadjusted_reported_income_50000/id_test/auroc/sd,0.002312375775350192,
acs/unadjusted_reported_income_50000/id_test/average_precision/mean,0.7974212279616093,
acs/unadjusted_reported_income_50000/id_test/average_precision/sd,0.004599564327311456,
acs/unadjusted_reported_income_50000/id_test/pr_skill/mean,0.6853249119502913,
acs/unadjusted_reported_income_50000/id_test/pr_skill/sd,0.007150015734736085,
acs/unadjusted_reported_income_50000/id_test/brier/mean,0.13154145986545013,
acs/unadjusted_reported_income_50000/id_test/brier/sd,0.001444050108194096,
acs/unadjusted_reported_income_50000/id_test/log_loss/mean,0.40846954013340453,
acs/unadjusted_reported_income_50000/id_test/log_loss/sd,0.003610167416876166,
acs/unadjusted_reported_income_50000/id_test/ece/mean,0.012640240018336388,
acs/unadjusted_reported_income_50000/id_test/ece/sd,0.0029570789505562523,
acs/unadjusted_reported_income_50000/id_test/calibration_intercept/mean,-0.008745226366266609,
acs/unadjusted_reported_income_50000/id_test/calibration_intercept/sd,0.01707374488729033,
acs/unadjusted_reported_income_50000/id_test/calibration_slope/mean,1.0009178776558891,
acs/unadjusted_reported_income_50000/id_test/calibration_slope/sd,0.03518757806695428,
acs/unadjusted_reported_income_50000/id_test/hcep_090/mean,0.01596030527336443,
acs/unadjusted_reported_income_50000/id_test/hcep_090/sd,0.0020217614955525,
acs/unadjusted_reported_income_50000/id_test/aurc/mean,0.07395481051809932,
acs/unadjusted_reported_income_50000/id_test/aurc/sd,0.001615464029976323,
acs/unadjusted_reported_income_50000/id_test/excess_aurc/mean,0.05470240560761593,
acs/unadjusted_reported_income_50000/id_test/excess_aurc/sd,0.0012696675335009207,
acs/unadjusted_reported_income_50000/id_test/selection_080/selection_rate/mean,0.8001361011879384,
acs/unadjusted_reported_income_50000/id_test/selection_080/selection_rate/sd,0.006039734722006415,
acs/unadjusted_reported_income_50000/id_test/selection_080/selective_risk/mean,0.13084863907754632,
acs/unadjusted_reported_income_50000/id_test/selection_080/selective_risk/sd,0.0035202710234096823,
acs/unadjusted_reported_income_50000/id_test/conformal_marginal/coverage/mean,0.9008656495242476,
acs/unadjusted_reported_income_50000/id_test/conformal_marginal/coverage/sd,0.004129550920123167,
acs/unadjusted_reported_income_50000/id_test/conformal_marginal/class0_coverage/mean,0.9366223315721584,
acs/unadjusted_reported_income_50000/id_test/conformal_marginal/class0_coverage/sd,0.003067206683522896,
acs/unadjusted_reported_income_50000/id_test/conformal_marginal/class1_coverage/mean,0.8362333785147079,
acs/unadjusted_reported_income_50000/id_test/conformal_marginal/class1_coverage/sd,0.00720957139335072,
acs/unadjusted_reported_income_50000/id_test/conformal_marginal/avg_set_size/mean,1.2168066644247253,
acs/unadjusted_reported_income_50000/id_test/conformal_marginal/avg_set_size/sd,0.01026768948128449,
acs/unadjusted_reported_income_50000/id_test/conformal_marginal/singleton_rate/mean,0.7831933355752746,
acs/unadjusted_reported_income_50000/id_test/conformal_marginal/singleton_rate/sd,0.010267689481284408,
acs/unadjusted_reported_income_50000/id_test/conformal_marginal/singleton_accuracy/mean,0.8734522611762825,
acs/unadjusted_reported_income_50000/id_test/conformal_marginal/singleton_accuracy/sd,0.004113698360496632,
acs/unadjusted_reported_income_50000/id_test/conformal_label_conditional/coverage/mean,0.902718109804912,
acs/unadjusted_reported_income_50000/id_test/conformal_label_conditional/coverage/sd,0.002554733920117041,
acs/unadjusted_reported_income_50000/id_test/conformal_label_conditional/class0_coverage/mean,0.9139309276631897,
acs/unadjusted_reported_income_50000/id_test/conformal_label_conditional/class0_coverage/sd,0.004110195498876047,
acs/unadjusted_reported_income_50000/id_test/conformal_label_conditional/class1_coverage/mean,0.8824574176129966,
acs/unadjusted_reported_income_50000/id_test/conformal_label_conditional/class1_coverage/sd,0.007006127731642344,
acs/unadjusted_reported_income_50000/id_test/conformal_label_conditional/avg_set_size/mean,1.231373614451553,
acs/unadjusted_reported_income_50000/id_test/conformal_label_conditional/avg_set_size/sd,0.007961279674399382,
acs/unadjusted_reported_income_50000/id_test/conformal_label_conditional/singleton_rate/mean,0.768626385548447,
acs/unadjusted_reported_income_50000/id_test/conformal_label_conditional/singleton_rate/sd,0.007961279674399286,
acs/unadjusted_reported_income_50000/id_test/conformal_label_conditional/singleton_accuracy/mean,0.8734427145152075,
acs/unadjusted_reported_income_50000/id_test/conformal_label_conditional/singleton_accuracy/sd,0.0026330974271826678,
acs/unadjusted_reported_income_50000/ood_test/prevalence/mean,0.4794467624304473,
acs/unadjusted_reported_income_50000/ood_test/prevalence/sd,0.0,
acs/unadjusted_reported_income_50000/ood_test/auroc/mean,0.8725520200410634,
acs/unadjusted_reported_income_50000/ood_test/auroc/sd,0.00026835563962293596,
acs/unadjusted_reported_income_50000/ood_test/average_precision/mean,0.8523366527894496,
acs/unadjusted_reported_income_50000/ood_test/average_precision/sd,0.0004496028420325906,
acs/unadjusted_reported_income_50000/ood_test/pr_skill/mean,0.7163338222618953,
acs/unadjusted_reported_income_50000/ood_test/pr_skill/sd,0.0008637019416722412,
acs/unadjusted_reported_income_50000/ood_test/brier/mean,0.15771035575456233,
acs/unadjusted_reported_income_50000/ood_test/brier/sd,0.0005350383451295952,
acs/unadjusted_reported_income_50000/ood_test/log_loss/mean,0.48333940316652135,
acs/unadjusted_reported_income_50000/ood_test/log_loss/sd,0.001992343925974244,
acs/unadjusted_reported_income_50000/ood_test/ece/mean,0.09926723175932957,
acs/unadjusted_reported_income_50000/ood_test/ece/sd,0.0015911773505615685,
acs/unadjusted_reported_income_50000/ood_test/calibration_intercept/mean,0.6722536567529009,
acs/unadjusted_reported_income_50000/ood_test/calibration_intercept/sd,0.009201957648090411,
acs/unadjusted_reported_income_50000/ood_test/calibration_slope/mean,0.9299336625816215,
acs/unadjusted_reported_income_50000/ood_test/calibration_slope/sd,0.02375743786530049,
acs/unadjusted_reported_income_50000/ood_test/hcep_090/mean,0.02794834712267923,
acs/unadjusted_reported_income_50000/ood_test/hcep_090/sd,0.0019284311245234074,
acs/unadjusted_reported_income_50000/ood_test/aurc/mean,0.11026787122937431,
acs/unadjusted_reported_income_50000/ood_test/aurc/sd,0.0005120801359570913,
acs/unadjusted_reported_income_50000/ood_test/excess_aurc/mean,0.08213478901472873,
acs/unadjusted_reported_income_50000/ood_test/excess_aurc/sd,0.0004364725442067603,
acs/unadjusted_reported_income_50000/ood_test/selection_080/selection_rate/mean,0.7897517942737029,
acs/unadjusted_reported_income_50000/ood_test/selection_080/selection_rate/sd,0.007014079968132716,
acs/unadjusted_reported_income_50000/ood_test/selection_080/selective_risk/mean,0.17383178684797468,
acs/unadjusted_reported_income_50000/ood_test/selection_080/selective_risk/sd,0.002240749312389437,
acs/unadjusted_reported_income_50000/ood_test/conformal_marginal/coverage/mean,0.8691252766444159,
acs/unadjusted_reported_income_50000/ood_test/conformal_marginal/coverage/sd,0.004188492938522904,
acs/unadjusted_reported_income_50000/ood_test/conformal_marginal/class0_coverage/mean,0.9476606296542176,
acs/unadjusted_reported_income_50000/ood_test/conformal_marginal/class0_coverage/sd,0.0021433719872455447,
acs/unadjusted_reported_income_50000/ood_test/conformal_marginal/class1_coverage/mean,0.7838565138193658,
acs/unadjusted_reported_income_50000/ood_test/conformal_marginal/class1_coverage/sd,0.006788081454242608,
acs/unadjusted_reported_income_50000/ood_test/conformal_marginal/avg_set_size/mean,1.2279517104286115,
acs/unadjusted_reported_income_50000/ood_test/conformal_marginal/avg_set_size/sd,0.011411656862312158,
acs/unadjusted_reported_income_50000/ood_test/conformal_marginal/singleton_rate/mean,0.7720482895713886,
acs/unadjusted_reported_income_50000/ood_test/conformal_marginal/singleton_rate/sd,0.01141165686231219,
acs/unadjusted_reported_income_50000/ood_test/conformal_marginal/singleton_accuracy/mean,0.8305211236313212,
acs/unadjusted_reported_income_50000/ood_test/conformal_marginal/singleton_accuracy/sd,0.0030286478688168477,
acs/unadjusted_reported_income_50000/ood_test/conformal_label_conditional/coverage/mean,0.8851947022805339,
acs/unadjusted_reported_income_50000/ood_test/conformal_label_conditional/coverage/sd,0.003770267708453754,
acs/unadjusted_reported_income_50000/ood_test/conformal_label_conditional/class0_coverage/mean,0.9288086163613254,
acs/unadjusted_reported_income_50000/ood_test/conformal_label_conditional/class0_coverage/sd,0.0026296519168864272,
acs/unadjusted_reported_income_50000/ood_test/conformal_label_conditional/class1_coverage/mean,0.8378414485788162,
acs/unadjusted_reported_income_50000/ood_test/conformal_label_conditional/class1_coverage/sd,0.007446147160013305,
acs/unadjusted_reported_income_50000/ood_test/conformal_label_conditional/avg_set_size/mean,1.2405917017865407,
acs/unadjusted_reported_income_50000/ood_test/conformal_label_conditional/avg_set_size/sd,0.009069899548259297,
acs/unadjusted_reported_income_50000/ood_test/conformal_label_conditional/singleton_rate/mean,0.7594082982134593,
acs/unadjusted_reported_income_50000/ood_test/conformal_label_conditional/singleton_rate/sd,0.00906989954825925,
acs/unadjusted_reported_income_50000/ood_test/conformal_label_conditional/singleton_accuracy/mean,0.8488538833807453,
acs/unadjusted_reported_income_50000/ood_test/conformal_label_conditional/singleton_accuracy/sd,0.003268470872165763,
acs/survey_year_adjusted_50000/id_test/prevalence/mean,0.3844326127444545,
acs/survey_year_adjusted_50000/id_test/prevalence/sd,0.0023012165427017946,
acs/survey_year_adjusted_50000/id_test/auroc/mean,0.8831883832913151,
acs/survey_year_adjusted_50000/id_test/auroc/sd,0.0034729683708649354,
acs/survey_year_adjusted_50000/id_test/average_precision/mean,0.8152001694907771,
acs/survey_year_adjusted_50000/id_test/average_precision/sd,0.00567023781523546,
acs/survey_year_adjusted_50000/id_test/pr_skill/mean,0.6997819281696429,
acs/survey_year_adjusted_50000/id_test/pr_skill/sd,0.009405843036778015,
acs/survey_year_adjusted_50000/id_test/brier/mean,0.13415944371105376,
acs/survey_year_adjusted_50000/id_test/brier/sd,0.0020614527052400075,
acs/survey_year_adjusted_50000/id_test/log_loss/mean,0.4166031294879275,
acs/survey_year_adjusted_50000/id_test/log_loss/sd,0.0057000275792812695,
acs/survey_year_adjusted_50000/id_test/ece/mean,0.01344212582472297,
acs/survey_year_adjusted_50000/id_test/ece/sd,0.0030991027030304284,
acs/survey_year_adjusted_50000/id_test/calibration_intercept/mean,-0.004198282753838591,
acs/survey_year_adjusted_50000/id_test/calibration_intercept/sd,0.018962863355320464,
acs/survey_year_adjusted_50000/id_test/calibration_slope/mean,1.003794624849099,
acs/survey_year_adjusted_50000/id_test/calibration_slope/sd,0.05386121932720991,
acs/survey_year_adjusted_50000/id_test/hcep_090/mean,0.016068057845229838,
acs/survey_year_adjusted_50000/id_test/hcep_090/sd,0.002909473581230761,
acs/survey_year_adjusted_50000/id_test/aurc/mean,0.07796411497097912,
acs/survey_year_adjusted_50000/id_test/aurc/sd,0.0028116277216392433,
acs/survey_year_adjusted_50000/id_test/excess_aurc/mean,0.05832958297158012,
acs/survey_year_adjusted_50000/id_test/excess_aurc/sd,0.002089048940486223,
acs/survey_year_adjusted_50000/id_test/selection_080/selection_rate/mean,0.7999292843261679,
acs/survey_year_adjusted_50000/id_test/selection_080/selection_rate/sd,0.005913575872942534,
acs/survey_year_adjusted_50000/id_test/selection_080/selective_risk/mean,0.13536063212016894,
acs/survey_year_adjusted_50000/id_test/selection_080/selective_risk/sd,0.003983353734799395,
acs/survey_year_adjusted_50000/id_test/conformal_marginal/coverage/mean,0.9008008087645301,
acs/survey_year_adjusted_50000/id_test/conformal_marginal/coverage/sd,0.003492122600497984,
acs/survey_year_adjusted_50000/id_test/conformal_marginal/class0_coverage/mean,0.9298297968159638,
acs/survey_year_adjusted_50000/id_test/conformal_marginal/class0_coverage/sd,0.0024894080519362615,
acs/survey_year_adjusted_50000/id_test/conformal_marginal/class1_coverage/mean,0.8543241707264289,
acs/survey_year_adjusted_50000/id_test/conformal_marginal/class1_coverage/sd,0.006426940966254236,
acs/survey_year_adjusted_50000/id_test/conformal_marginal/avg_set_size/mean,1.226953559987819,
acs/survey_year_adjusted_50000/id_test/conformal_marginal/avg_set_size/sd,0.00742681761014133,
acs/survey_year_adjusted_50000/id_test/conformal_marginal/singleton_rate/mean,0.773046440012181,
acs/survey_year_adjusted_50000/id_test/conformal_marginal/singleton_rate/sd,0.0074268176101413095,
acs/survey_year_adjusted_50000/id_test/conformal_marginal/singleton_accuracy/mean,0.8716908344338392,
acs/survey_year_adjusted_50000/id_test/conformal_marginal/singleton_accuracy/sd,0.0038986756483764687,
acs/survey_year_adjusted_50000/id_test/conformal_label_conditional/coverage/mean,0.9011217277625878,
acs/survey_year_adjusted_50000/id_test/conformal_label_conditional/coverage/sd,0.0034058025720256646,
acs/survey_year_adjusted_50000/id_test/conformal_label_conditional/class0_coverage/mean,0.9138759434517096,
acs/survey_year_adjusted_50000/id_test/conformal_label_conditional/class0_coverage/sd,0.0052500698443733815,
acs/survey_year_adjusted_50000/id_test/conformal_label_conditional/class1_coverage/mean,0.8807244424777254,
acs/survey_year_adjusted_50000/id_test/conformal_label_conditional/class1_coverage/sd,0.00729711456876023,
acs/survey_year_adjusted_50000/id_test/conformal_label_conditional/avg_set_size/mean,1.2338368091488747,
acs/survey_year_adjusted_50000/id_test/conformal_label_conditional/avg_set_size/sd,0.008615673225854216,
acs/survey_year_adjusted_50000/id_test/conformal_label_conditional/singleton_rate/mean,0.7661631908511252,
acs/survey_year_adjusted_50000/id_test/conformal_label_conditional/singleton_rate/sd,0.008615673225854263,
acs/survey_year_adjusted_50000/id_test/conformal_label_conditional/singleton_accuracy/mean,0.8709447862755395,
acs/survey_year_adjusted_50000/id_test/conformal_label_conditional/singleton_accuracy/sd,0.004175770972887843,
acs/survey_year_adjusted_50000/ood_test/prevalence/mean,0.5095089660859984,
acs/survey_year_adjusted_50000/ood_test/prevalence/sd,0.0,
acs/survey_year_adjusted_50000/ood_test/auroc/mean,0.8723444445948358,
acs/survey_year_adjusted_50000/ood_test/auroc/sd,0.0003104153161730932,
acs/survey_year_adjusted_50000/ood_test/average_precision/mean,0.8652660027685778,
acs/survey_year_adjusted_50000/ood_test/average_precision/sd,0.0004504865445494576,
acs/survey_year_adjusted_50000/ood_test/pr_skill/mean,0.7253079303891101,
acs/survey_year_adjusted_50000/ood_test/pr_skill/sd,0.0009184399171472672,
acs/survey_year_adjusted_50000/ood_test/brier/mean,0.1581831103428102,
acs/survey_year_adjusted_50000/ood_test/brier/sd,0.0007361776508604118,
acs/survey_year_adjusted_50000/ood_test/log_loss/mean,0.4853047906309704,
acs/survey_year_adjusted_50000/ood_test/log_loss/sd,0.0024951164122865646,
acs/survey_year_adjusted_50000/ood_test/ece/mean,0.10166411947561227,
acs/survey_year_adjusted_50000/ood_test/ece/sd,0.002109420636219625,
acs/survey_year_adjusted_50000/ood_test/calibration_intercept/mean,0.686041972122654,
acs/survey_year_adjusted_50000/ood_test/calibration_intercept/sd,0.013894096495931872,
acs/survey_year_adjusted_50000/ood_test/calibration_slope/mean,0.9279151553033618,
acs/survey_year_adjusted_50000/ood_test/calibration_slope/sd,0.03205543580058347,
acs/survey_year_adjusted_50000/ood_test/hcep_090/mean,0.028175589075532175,
acs/survey_year_adjusted_50000/ood_test/hcep_090/sd,0.0023739638868117193,
acs/survey_year_adjusted_50000/ood_test/aurc/mean,0.11270361983656733,
acs/survey_year_adjusted_50000/ood_test/aurc/sd,0.0008893339470805538,
acs/survey_year_adjusted_50000/ood_test/excess_aurc/mean,0.08452037579360004,
acs/survey_year_adjusted_50000/ood_test/excess_aurc/sd,0.000709645730441455,
acs/survey_year_adjusted_50000/ood_test/selection_080/selection_rate/mean,0.7908111606243647,
acs/survey_year_adjusted_50000/ood_test/selection_080/selection_rate/sd,0.006932721629057645,
acs/survey_year_adjusted_50000/ood_test/selection_080/selective_risk/mean,0.17448236923148458,
acs/survey_year_adjusted_50000/ood_test/selection_080/selective_risk/sd,0.002569002786201912,
acs/survey_year_adjusted_50000/ood_test/conformal_marginal/coverage/mean,0.8719504786334425,
acs/survey_year_adjusted_50000/ood_test/conformal_marginal/coverage/sd,0.00365462514752693,
acs/survey_year_adjusted_50000/ood_test/conformal_marginal/class0_coverage/mean,0.9416408869973601,
acs/survey_year_adjusted_50000/ood_test/conformal_marginal/class0_coverage/sd,0.00218814785055458,
acs/survey_year_adjusted_50000/ood_test/conformal_marginal/class1_coverage/mean,0.8048613345210358,
acs/survey_year_adjusted_50000/ood_test/conformal_marginal/class1_coverage/sd,0.005788367193767046,
acs/survey_year_adjusted_50000/ood_test/conformal_marginal/avg_set_size/mean,1.2369629447456347,
acs/survey_year_adjusted_50000/ood_test/conformal_marginal/avg_set_size/sd,0.009599025723925085,
acs/survey_year_adjusted_50000/ood_test/conformal_marginal/singleton_rate/mean,0.7630370552543654,
acs/survey_year_adjusted_50000/ood_test/conformal_marginal/singleton_rate/sd,0.00959902572392504,
acs/survey_year_adjusted_50000/ood_test/conformal_marginal/singleton_accuracy/mean,0.8322124081710491,
acs/survey_year_adjusted_50000/ood_test/conformal_marginal/singleton_accuracy/sd,0.002832805493022354,
acs/survey_year_adjusted_50000/ood_test/conformal_label_conditional/coverage/mean,0.8822464207985838,
acs/survey_year_adjusted_50000/ood_test/conformal_label_conditional/coverage/sd,0.004063940970402203,
acs/survey_year_adjusted_50000/ood_test/conformal_label_conditional/class0_coverage/mean,0.9290667215907874,
acs/survey_year_adjusted_50000/ood_test/conformal_label_conditional/class0_coverage/sd,0.003186144775077516,
acs/survey_year_adjusted_50000/ood_test/conformal_label_conditional/class1_coverage/mean,0.8371737346000522,
acs/survey_year_adjusted_50000/ood_test/conformal_label_conditional/class1_coverage/sd,0.008281445121653472,
acs/survey_year_adjusted_50000/ood_test/conformal_label_conditional/avg_set_size/mean,1.2423196533469334,
acs/survey_year_adjusted_50000/ood_test/conformal_label_conditional/avg_set_size/sd,0.00966090567667989,
acs/survey_year_adjusted_50000/ood_test/conformal_label_conditional/singleton_rate/mean,0.7576803466530667,
acs/survey_year_adjusted_50000/ood_test/conformal_label_conditional/singleton_rate/sd,0.00966090567667984,
acs/survey_year_adjusted_50000/ood_test/conformal_label_conditional/singleton_accuracy/mean,0.8446200492025199,
acs/survey_year_adjusted_50000/ood_test/conformal_label_conditional/singleton_accuracy/sd,0.003649904570906601,
acs/cpi_constant_2018usd/id_test/prevalence/mean,0.3844326127444545,
acs/cpi_constant_2018usd/id_test/prevalence/sd,0.0023012165427017946,
acs/cpi_constant_2018usd/id_test/auroc/mean,0.8831883832913151,
acs/cpi_constant_2018usd/id_test/auroc/sd,0.0034729683708649354,
acs/cpi_constant_2018usd/id_test/average_precision/mean,0.8152001694907771,
acs/cpi_constant_2018usd/id_test/average_precision/sd,0.00567023781523546,
acs/cpi_constant_2018usd/id_test/pr_skill/mean,0.6997819281696429,
acs/cpi_constant_2018usd/id_test/pr_skill/sd,0.009405843036778015,
acs/cpi_constant_2018usd/id_test/brier/mean,0.13415944371105376,
acs/cpi_constant_2018usd/id_test/brier/sd,0.0020614527052400075,
acs/cpi_constant_2018usd/id_test/log_loss/mean,0.4166031294879275,
acs/cpi_constant_2018usd/id_test/log_loss/sd,0.0057000275792812695,
acs/cpi_constant_2018usd/id_test/ece/mean,0.01344212582472297,
acs/cpi_constant_2018usd/id_test/ece/sd,0.0030991027030304284,
acs/cpi_constant_2018usd/id_test/calibration_intercept/mean,-0.004198282753838591,
acs/cpi_constant_2018usd/id_test/calibration_intercept/sd,0.018962863355320464,
acs/cpi_constant_2018usd/id_test/calibration_slope/mean,1.003794624849099,
acs/cpi_constant_2018usd/id_test/calibration_slope/sd,0.05386121932720991,
acs/cpi_constant_2018usd/id_test/hcep_090/mean,0.016068057845229838,
acs/cpi_constant_2018usd/id_test/hcep_090/sd,0.002909473581230761,
acs/cpi_constant_2018usd/id_test/aurc/mean,0.07796411497097912,
acs/cpi_constant_2018usd/id_test/aurc/sd,0.0028116277216392433,
acs/cpi_constant_2018usd/id_test/excess_aurc/mean,0.05832958297158012,
acs/cpi_constant_2018usd/id_test/excess_aurc/sd,0.002089048940486223,
acs/cpi_constant_2018usd/id_test/selection_080/selection_rate/mean,0.7999292843261679,
acs/cpi_constant_2018usd/id_test/selection_080/selection_rate/sd,0.005913575872942534,
acs/cpi_constant_2018usd/id_test/selection_080/selective_risk/mean,0.13536063212016894,
acs/cpi_constant_2018usd/id_test/selection_080/selective_risk/sd,0.003983353734799395,
acs/cpi_constant_2018usd/id_test/conformal_marginal/coverage/mean,0.9008008087645301,
acs/cpi_constant_2018usd/id_test/conformal_marginal/coverage/sd,0.003492122600497984,
acs/cpi_constant_2018usd/id_test/conformal_marginal/class0_coverage/mean,0.9298297968159638,
acs/cpi_constant_2018usd/id_test/conformal_marginal/class0_coverage/sd,0.0024894080519362615,
acs/cpi_constant_2018usd/id_test/conformal_marginal/class1_coverage/mean,0.8543241707264289,
acs/cpi_constant_2018usd/id_test/conformal_marginal/class1_coverage/sd,0.006426940966254236,
acs/cpi_constant_2018usd/id_test/conformal_marginal/avg_set_size/mean,1.226953559987819,
acs/cpi_constant_2018usd/id_test/conformal_marginal/avg_set_size/sd,0.00742681761014133,
acs/cpi_constant_2018usd/id_test/conformal_marginal/singleton_rate/mean,0.773046440012181,
acs/cpi_constant_2018usd/id_test/conformal_marginal/singleton_rate/sd,0.0074268176101413095,
acs/cpi_constant_2018usd/id_test/conformal_marginal/singleton_accuracy/mean,0.8716908344338392,
acs/cpi_constant_2018usd/id_test/conformal_marginal/singleton_accuracy/sd,0.0038986756483764687,
acs/cpi_constant_2018usd/id_test/conformal_label_conditional/coverage/mean,0.9011217277625878,
acs/cpi_constant_2018usd/id_test/conformal_label_conditional/coverage/sd,0.0034058025720256646,
acs/cpi_constant_2018usd/id_test/conformal_label_conditional/class0_coverage/mean,0.9138759434517096,
acs/cpi_constant_2018usd/id_test/conformal_label_conditional/class0_coverage/sd,0.0052500698443733815,
acs/cpi_constant_2018usd/id_test/conformal_label_conditional/class1_coverage/mean,0.8807244424777254,
acs/cpi_constant_2018usd/id_test/conformal_label_conditional/class1_coverage/sd,0.00729711456876023,
acs/cpi_constant_2018usd/id_test/conformal_label_conditional/avg_set_size/mean,1.2338368091488747,
acs/cpi_constant_2018usd/id_test/conformal_label_conditional/avg_set_size/sd,0.008615673225854216,
acs/cpi_constant_2018usd/id_test/conformal_label_conditional/singleton_rate/mean,0.7661631908511252,
acs/cpi_constant_2018usd/id_test/conformal_label_conditional/singleton_rate/sd,0.008615673225854263,
acs/cpi_constant_2018usd/id_test/conformal_label_conditional/singleton_accuracy/mean,0.8709447862755395,
acs/cpi_constant_2018usd/id_test/conformal_label_conditional/singleton_accuracy/sd,0.004175770972887843,
acs/cpi_constant_2018usd/ood_test/prevalence/mean,0.395810221024213,
acs/cpi_constant_2018usd/ood_test/prevalence/sd,5.851389114294502e-17,
acs/cpi_constant_2018usd/ood_test/auroc/mean,0.874670689850546,
acs/cpi_constant_2018usd/ood_test/auroc/sd,0.0003910406906892571,
acs/cpi_constant_2018usd/ood_test/average_precision/mean,0.8073332179105673,
acs/cpi_constant_2018usd/ood_test/average_precision/sd,0.0007187701529085808,
acs/cpi_constant_2018usd/ood_test/pr_skill/mean,0.6811154561137424,
acs/cpi_constant_2018usd/ood_test/pr_skill/sd,0.0011896430193291873,
acs/cpi_constant_2018usd/ood_test/brier/mean,0.1402655359116328,
acs/cpi_constant_2018usd/ood_test/brier/sd,0.0002097180063508697,
acs/cpi_constant_2018usd/ood_test/log_loss/mean,0.4335705514432462,
acs/cpi_constant_2018usd/ood_test/log_loss/sd,0.0006384410204941219,
acs/cpi_constant_2018usd/ood_test/ece/mean,0.01361435236660373,
acs/cpi_constant_2018usd/ood_test/ece/sd,0.002170530774024814,
acs/cpi_constant_2018usd/ood_test/calibration_intercept/mean,-0.09231126664948855,
acs/cpi_constant_2018usd/ood_test/calibration_intercept/sd,0.014984102097869238,
acs/cpi_constant_2018usd/ood_test/calibration_slope/mean,0.9623134494889862,
acs/cpi_constant_2018usd/ood_test/calibration_slope/sd,0.033885395786327155,
acs/cpi_constant_2018usd/ood_test/hcep_090/mean,0.017791900884249347,
acs/cpi_constant_2018usd/ood_test/hcep_090/sd,0.0019139268295756883,
acs/cpi_constant_2018usd/ood_test/aurc/mean,0.08636052296582254,
acs/cpi_constant_2018usd/ood_test/aurc/sd,0.00024747614182545606,
acs/cpi_constant_2018usd/ood_test/excess_aurc/mean,0.06445564277038843,
acs/cpi_constant_2018usd/ood_test/excess_aurc/sd,0.00019531985409746339,
acs/cpi_constant_2018usd/ood_test/selection_080/selection_rate/mean,0.7908111606243647,
acs/cpi_constant_2018usd/ood_test/selection_080/selection_rate/sd,0.006932721629057645,
acs/cpi_constant_2018usd/ood_test/selection_080/selective_risk/mean,0.143673791615745,
acs/cpi_constant_2018usd/ood_test/selection_080/selective_risk/sd,0.001955200409466078,
acs/cpi_constant_2018usd/ood_test/conformal_marginal/coverage/mean,0.8958209110858188,
acs/cpi_constant_2018usd/ood_test/conformal_marginal/coverage/sd,0.00320922708166655,
acs/cpi_constant_2018usd/ood_test/conformal_marginal/class0_coverage/mean,0.9156728803317634,
acs/cpi_constant_2018usd/ood_test/conformal_marginal/class0_coverage/sd,0.0031234792738671713,
acs/cpi_constant_2018usd/ood_test/conformal_marginal/class1_coverage/mean,0.8655176084578468,
acs/cpi_constant_2018usd/ood_test/conformal_marginal/class1_coverage/sd,0.004390187786420947,
acs/cpi_constant_2018usd/ood_test/conformal_marginal/avg_set_size/mean,1.2369629447456347,
acs/cpi_constant_2018usd/ood_test/conformal_marginal/avg_set_size/sd,0.009599025723925085,
acs/cpi_constant_2018usd/ood_test/conformal_marginal/singleton_rate/mean,0.7630370552543654,
acs/cpi_constant_2018usd/ood_test/conformal_marginal/singleton_rate/sd,0.00959902572392504,
acs/cpi_constant_2018usd/ood_test/conformal_marginal/singleton_accuracy/mean,0.8634959187628594,
acs/cpi_constant_2018usd/ood_test/conformal_marginal/singleton_accuracy/sd,0.0025097447983875878,
acs/cpi_constant_2018usd/ood_test/conformal_label_conditional/coverage/mean,0.8950029275765206,
acs/cpi_constant_2018usd/ood_test/conformal_label_conditional/coverage/sd,0.003082806806549006,
acs/cpi_constant_2018usd/ood_test/conformal_label_conditional/class0_coverage/mean,0.897657542070541,
acs/cpi_constant_2018usd/ood_test/conformal_label_conditional/class0_coverage/sd,0.00454375846653489,
acs/cpi_constant_2018usd/ood_test/conformal_label_conditional/class1_coverage/mean,0.890950755956854,
acs/cpi_constant_2018usd/ood_test/conformal_label_conditional/class1_coverage/sd,0.0067406568602546525,
acs/cpi_constant_2018usd/ood_test/conformal_label_conditional/avg_set_size/mean,1.2423196533469334,
acs/cpi_constant_2018usd/ood_test/conformal_label_conditional/avg_set_size/sd,0.00966090567667989,
acs/cpi_constant_2018usd/ood_test/conformal_label_conditional/singleton_rate/mean,0.7576803466530667,
acs/cpi_constant_2018usd/ood_test/conformal_label_conditional/singleton_rate/sd,0.00966090567667984,
acs/cpi_constant_2018usd/ood_test/conformal_label_conditional/singleton_accuracy/mean,0.8614480186235921,
acs/cpi_constant_2018usd/ood_test/conformal_label_conditional/singleton_accuracy/sd,0.0023899164787236776,
acs/paired_bootstrap/auroc/mean,-0.0025651005145745694,
acs/paired_bootstrap/auroc/q025,-0.00500634207891438,
acs/paired_bootstrap/auroc/q975,-0.00022755256543864234,
acs/paired_bootstrap/average_precision/mean,0.044420806268686726,
acs/paired_bootstrap/average_precision/q025,0.04057271736935408,
acs/paired_bootstrap/average_precision/q975,0.04900790207463768,
acs/paired_bootstrap/brier/mean,0.016971812951815827,
acs/paired_bootstrap/brier/q025,0.01555349700326666,
acs/paired_bootstrap/brier/q975,0.018573707187802574,
acs/paired_bootstrap/ece/mean,0.08175584396931718,
acs/paired_bootstrap/ece/q025,0.07670425090229621,
acs/paired_bootstrap/ece/q975,0.08670298709400623,
acs/paired_bootstrap/log_loss/mean,0.046820652119148265,
acs/paired_bootstrap/log_loss/q025,0.04287871848020602,
acs/paired_bootstrap/log_loss/q975,0.05113695783100724,
acs/independent_cohorts/cpi_constant_2018usd/id_test/auroc/mean,0.8827026779530028,
acs/independent_cohorts/cpi_constant_2018usd/id_test/auroc/sd,0.0022445209072339853,
acs/independent_cohorts/cpi_constant_2018usd/id_test/brier/mean,0.13464441135322874,
acs/independent_cohorts/cpi_constant_2018usd/id_test/brier/sd,0.0011436536203145464,
acs/independent_cohorts/cpi_constant_2018usd/id_test/log_loss/mean,0.41797276347387663,
acs/independent_cohorts/cpi_constant_2018usd/id_test/log_loss/sd,0.0028409936857112838,
acs/independent_cohorts/cpi_constant_2018usd/id_test/ece/mean,0.013114335350681077,
acs/independent_cohorts/cpi_constant_2018usd/id_test/ece/sd,0.0031213619031957435,
acs/independent_cohorts/cpi_constant_2018usd/ood_test/auroc/mean,0.874788262245428,
acs/independent_cohorts/cpi_constant_2018usd/ood_test/auroc/sd,0.0016685385477021148,
acs/independent_cohorts/cpi_constant_2018usd/ood_test/brier/mean,0.14023593024423733,
acs/independent_cohorts/cpi_constant_2018usd/ood_test/brier/sd,0.0009009145805508603,
acs/independent_cohorts/cpi_constant_2018usd/ood_test/log_loss/mean,0.43394421060895816,
acs/independent_cohorts/cpi_constant_2018usd/ood_test/log_loss/sd,0.0022285966501338047,
acs/independent_cohorts/cpi_constant_2018usd/ood_test/ece/mean,0.01227084219877594,
acs/independent_cohorts/cpi_constant_2018usd/ood_test/ece/sd,0.0028944933125100943,
acs/independent_cohorts/survey_year_adjusted_50000/id_test/auroc/mean,0.8827026779530028,
acs/independent_cohorts/survey_year_adjusted_50000/id_test/auroc/sd,0.0022445209072339853,
acs/independent_cohorts/survey_year_adjusted_50000/id_test/brier/mean,0.13464441135322874,
acs/independent_cohorts/survey_year_adjusted_50000/id_test/brier/sd,0.0011436536203145464,
acs/independent_cohorts/survey_year_adjusted_50000/id_test/log_loss/mean,0.41797276347387663,
acs/independent_cohorts/survey_year_adjusted_50000/id_test/log_loss/sd,0.0028409936857112838,
acs/independent_cohorts/survey_year_adjusted_50000/id_test/ece/mean,0.013114335350681077,
acs/independent_cohorts/survey_year_adjusted_50000/id_test/ece/sd,0.0031213619031957435,
acs/independent_cohorts/survey_year_adjusted_50000/ood_test/auroc/mean,0.8718021024995085,
acs/independent_cohorts/survey_year_adjusted_50000/ood_test/auroc/sd,0.0017152814143959404,
acs/independent_cohorts/survey_year_adjusted_50000/ood_test/brier/mean,0.15909533557289718,
acs/independent_cohorts/survey_year_adjusted_50000/ood_test/brier/sd,0.002980618380609048,
acs/independent_cohorts/survey_year_adjusted_50000/ood_test/log_loss/mean,0.48746381401311556,
acs/independent_cohorts/survey_year_adjusted_50000/ood_test/log_loss/sd,0.008051117545645615,
acs/independent_cohorts/survey_year_adjusted_50000/ood_test/ece/mean,0.10394658696826738,
acs/independent_cohorts/survey_year_adjusted_50000/ood_test/ece/sd,0.007097969926314554,
acs/independent_cohorts/unadjusted_reported_income_50000/id_test/auroc/mean,0.8837693893661228,
acs/independent_cohorts/unadjusted_reported_income_50000/id_test/auroc/sd,0.0024817829386687734,
acs/independent_cohorts/unadjusted_reported_income_50000/id_test/brier/mean,0.13135403222828473,
acs/independent_cohorts/unadjusted_reported_income_50000/id_test/brier/sd,0.001151925377948694,
acs/independent_cohorts/unadjusted_reported_income_50000/id_test/log_loss/mean,0.4084820360378833,
acs/independent_cohorts/unadjusted_reported_income_50000/id_test/log_loss/sd,0.0030800827940329722,
acs/independent_cohorts/unadjusted_reported_income_50000/id_test/ece/mean,0.011539993033592901,
acs/independent_cohorts/unadjusted_reported_income_50000/id_test/ece/sd,0.003262112856825466,
acs/independent_cohorts/unadjusted_reported_income_50000/ood_test/auroc/mean,0.8725866095125042,
acs/independent_cohorts/unadjusted_reported_income_50000/ood_test/auroc/sd,0.001859121176554234,
acs/independent_cohorts/unadjusted_reported_income_50000/ood_test/brier/mean,0.15880121598071417,
acs/independent_cohorts/unadjusted_reported_income_50000/ood_test/brier/sd,0.0025812211735879286,
acs/independent_cohorts/unadjusted_reported_income_50000/ood_test/log_loss/mean,0.4861491721220467,
acs/independent_cohorts/unadjusted_reported_income_50000/ood_test/log_loss/sd,0.0071134702450814285,
acs/independent_cohorts/unadjusted_reported_income_50000/ood_test/ece/mean,0.10330068656582984,
acs/independent_cohorts/unadjusted_reported_income_50000/ood_test/ece/sd,0.006153202443998378,
oulad/14/equal_pair/id_test/prevalence/mean,0.4338974090708609,
oulad/14/equal_pair/id_test/prevalence/sd,0.0,
oulad/14/equal_pair/id_test/auroc/mean,0.7084653808198053,
oulad/14/equal_pair/id_test/auroc/sd,0.018671136831783675,
oulad/14/equal_pair/id_test/average_precision/mean,0.661509506804832,
oulad/14/equal_pair/id_test/average_precision/sd,0.022896125309507104,
oulad/14/equal_pair/id_test/pr_skill/mean,0.41871007950962086,
oulad/14/equal_pair/id_test/pr_skill/sd,0.038436889667432673,
oulad/14/equal_pair/id_test/brier/mean,0.20359945632399373,
oulad/14/equal_pair/id_test/brier/sd,0.0035740073756029287,
oulad/14/equal_pair/id_test/log_loss/mean,0.5955714416256962,
oulad/14/equal_pair/id_test/log_loss/sd,0.009316306113366712,
oulad/14/equal_pair/id_test/ece/mean,0.08120054911890884,
oulad/14/equal_pair/id_test/ece/sd,0.009271992547869515,
oulad/14/equal_pair/id_test/hcep_090/mean,0.00418152359647517,
oulad/14/equal_pair/id_test/hcep_090/sd,0.0030527306127860134,
oulad/14/equal_pair/id_test/aurc/mean,0.2230992250191889,
oulad/14/equal_pair/id_test/aurc/sd,0.020080292105628294,
oulad/14/equal_pair/id_test/excess_aurc/mean,0.16861186097457317,
oulad/14/equal_pair/id_test/excess_aurc/sd,0.017914103148374414,
oulad/14/equal_pair/id_test/conformal_marginal/coverage/mean,0.9011394116507763,
oulad/14/equal_pair/id_test/conformal_marginal/coverage/sd,0.008841117952626704,
oulad/14/equal_pair/id_test/conformal_marginal/class0_coverage/mean,0.9402911030992789,
oulad/14/equal_pair/id_test/conformal_marginal/class0_coverage/sd,0.01225733059146734,
oulad/14/equal_pair/id_test/conformal_marginal/class1_coverage/mean,0.8231331643250879,
oulad/14/equal_pair/id_test/conformal_marginal/class1_coverage/sd,0.02010328507950679,
oulad/14/equal_pair/id_test/conformal_marginal/avg_set_size/mean,1.5562740009063094,
oulad/14/equal_pair/id_test/conformal_marginal/avg_set_size/sd,0.02899837512293768,
oulad/14/equal_pair/id_test/conformal_marginal/singleton_rate/mean,0.4437259990936906,
oulad/14/equal_pair/id_test/conformal_marginal/singleton_rate/sd,0.028998375122937667,
oulad/14/equal_pair/id_test/conformal_marginal/class0_singleton_accuracy/mean,0.8570354003473195,
oulad/14/equal_pair/id_test/conformal_marginal/class0_singleton_accuracy/sd,0.03233493397451356,
oulad/14/equal_pair/id_test/conformal_marginal/class1_singleton_accuracy/mean,0.5225052377509132,
oulad/14/equal_pair/id_test/conformal_marginal/class1_singleton_accuracy/sd,0.026851934512042493,
oulad/14/equal_pair/id_test/conformal_label_conditional/coverage/mean,0.9052576127954011,
oulad/14/equal_pair/id_test/conformal_label_conditional/coverage/sd,0.012585261498360397,
oulad/14/equal_pair/id_test/conformal_label_conditional/class0_coverage/mean,0.9141143170984292,
oulad/14/equal_pair/id_test/conformal_label_conditional/class0_coverage/sd,0.01845287342453446,
oulad/14/equal_pair/id_test/conformal_label_conditional/class1_coverage/mean,0.8890943162418233,
oulad/14/equal_pair/id_test/conformal_label_conditional/class1_coverage/sd,0.019357856569083644,
oulad/14/equal_pair/id_test/conformal_label_conditional/avg_set_size/mean,1.6002003064280856,
oulad/14/equal_pair/id_test/conformal_label_conditional/avg_set_size/sd,0.03017522685790671,
oulad/14/equal_pair/id_test/conformal_label_conditional/singleton_rate/mean,0.3997996935719146,
oulad/14/equal_pair/id_test/conformal_label_conditional/singleton_rate/sd,0.030175226857906644,
oulad/14/equal_pair/id_test/conformal_label_conditional/class0_singleton_accuracy/mean,0.7484522495272911,
oulad/14/equal_pair/id_test/conformal_label_conditional/class0_singleton_accuracy/sd,0.05408679588190947,
oulad/14/equal_pair/id_test/conformal_label_conditional/class1_singleton_accuracy/mean,0.7403410412546437,
oulad/14/equal_pair/id_test/conformal_label_conditional/class1_singleton_accuracy/sd,0.04546093627190285,
oulad/14/equal_pair/ood_test/prevalence/mean,0.40187314740586916,
oulad/14/equal_pair/ood_test/prevalence/sd,5.851389114294502e-17,
oulad/14/equal_pair/ood_test/auroc/mean,0.6743750246723711,
oulad/14/equal_pair/ood_test/auroc/sd,0.0071728385456544174,
oulad/14/equal_pair/ood_test/average_precision/mean,0.5846857759356926,
oulad/14/equal_pair/ood_test/average_precision/sd,0.006263537581525368,
oulad/14/equal_pair/ood_test/pr_skill/mean,0.31635420779208523,
oulad/14/equal_pair/ood_test/pr_skill/sd,0.01065962726078388,
oulad/14/equal_pair/ood_test/brier/mean,0.21299998045818805,
oulad/14/equal_pair/ood_test/brier/sd,0.001954347646888886,
oulad/14/equal_pair/ood_test/log_loss/mean,0.6173040042938955,
oulad/14/equal_pair/ood_test/log_loss/sd,0.005968365349800739,
oulad/14/equal_pair/ood_test/ece/mean,0.05426776532636002,
oulad/14/equal_pair/ood_test/ece/sd,0.00886714906759858,
oulad/14/equal_pair/ood_test/hcep_090/mean,0.005045226977445769,
oulad/14/equal_pair/ood_test/hcep_090/sd,0.0036638191504034627,
oulad/14/equal_pair/ood_test/aurc/mean,0.24925927987604696,
oulad/14/equal_pair/ood_test/aurc/sd,0.005527456515227851,
oulad/14/equal_pair/ood_test/excess_aurc/mean,0.1856054842974541,
oulad/14/equal_pair/ood_test/excess_aurc/sd,0.005062867064460906,
oulad/14/equal_pair/ood_test/conformal_marginal/coverage/mean,0.8889673764775597,
oulad/14/equal_pair/ood_test/conformal_marginal/coverage/sd,0.008432828434737614,
oulad/14/equal_pair/ood_test/conformal_marginal/class0_coverage/mean,0.9468582358300717,
oulad/14/equal_pair/ood_test/conformal_marginal/class0_coverage/sd,0.005653270412396023,
oulad/14/equal_pair/ood_test/conformal_marginal/class1_coverage/mean,0.778297347359101,
oulad/14/equal_pair/ood_test/conformal_marginal/class1_coverage/sd,0.02335224772897056,
oulad/14/equal_pair/ood_test/conformal_marginal/avg_set_size/mean,1.5545896263951255,
oulad/14/equal_pair/ood_test/conformal_marginal/avg_set_size/sd,0.026991708013370152,
oulad/14/equal_pair/ood_test/conformal_marginal/singleton_rate/mean,0.4454103736048742,
oulad/14/equal_pair/ood_test/conformal_marginal/singleton_rate/sd,0.026991708013370128,
oulad/14/equal_pair/ood_test/conformal_marginal/class0_singleton_accuracy/mean,0.8721703173850985,
oulad/14/equal_pair/ood_test/conformal_marginal/class0_singleton_accuracy/sd,0.014584941490279859,
oulad/14/equal_pair/ood_test/conformal_marginal/class1_singleton_accuracy/mean,0.4284229676656916,
oulad/14/equal_pair/ood_test/conformal_marginal/class1_singleton_accuracy/sd,0.02369273399770389,
oulad/14/equal_pair/ood_test/conformal_label_conditional/coverage/mean,0.8901260649406273,
oulad/14/equal_pair/ood_test/conformal_label_conditional/coverage/sd,0.00982615004403104,
oulad/14/equal_pair/ood_test/conformal_label_conditional/class0_coverage/mean,0.918314652481239,
oulad/14/equal_pair/ood_test/conformal_label_conditional/class0_coverage/sd,0.014265759792126886,
oulad/14/equal_pair/ood_test/conformal_label_conditional/class1_coverage/mean,0.844778265430788,
oulad/14/equal_pair/ood_test/conformal_label_conditional/class1_coverage/sd,0.013247072686846054,
oulad/14/equal_pair/ood_test/conformal_label_conditional/avg_set_size/mean,1.5957073933643604,
oulad/14/equal_pair/ood_test/conformal_label_conditional/avg_set_size/sd,0.022728948195290883,
oulad/14/equal_pair/ood_test/conformal_label_conditional/singleton_rate/mean,0.40429260663563954,
oulad/14/equal_pair/ood_test/conformal_label_conditional/singleton_rate/sd,0.022728948195290817,
oulad/14/equal_pair/ood_test/conformal_label_conditional/class0_singleton_accuracy/mean,0.7589339430441094,
oulad/14/equal_pair/ood_test/conformal_label_conditional/class0_singleton_accuracy/sd,0.03961901750796295,
oulad/14/equal_pair/ood_test/conformal_label_conditional/class1_singleton_accuracy/mean,0.6342573324415726,
oulad/14/equal_pair/ood_test/conformal_label_conditional/class1_singleton_accuracy/sd,0.04676875930310994,
oulad/14/size_weighted/id_test/prevalence/mean,0.45722312684905403,
oulad/14/size_weighted/id_test/prevalence/sd,5.851389114294502e-17,
oulad/14/size_weighted/id_test/auroc/mean,0.7246445263108827,
oulad/14/size_weighted/id_test/auroc/sd,0.013760158788360418,
oulad/14/size_weighted/id_test/average_precision/mean,0.6952617790671808,
oulad/14/size_weighted/id_test/average_precision/sd,0.0194210488162749,
oulad/14/size_weighted/id_test/pr_skill/mean,0.4496537700229732,
oulad/14/size_weighted/id_test/pr_skill/sd,0.035057757181905,
oulad/14/size_weighted/id_test/brier/mean,0.20508508548045562,
oulad/14/size_weighted/id_test/brier/sd,0.0036427489475177027,
oulad/14/size_weighted/id_test/log_loss/mean,0.5988009562786023,
oulad/14/size_weighted/id_test/log_loss/sd,0.010065138959450097,
oulad/14/size_weighted/id_test/ece/mean,0.07964556224927269,
oulad/14/size_weighted/id_test/ece/sd,0.00614978050091806,
oulad/14/size_weighted/id_test/hcep_090/mean,0.0042918173645264,
oulad/14/size_weighted/id_test/hcep_090/sd,0.0030887686403081867,
oulad/14/size_weighted/id_test/aurc/mean,0.22158163480127574,
oulad/14/size_weighted/id_test/aurc/sd,0.01662857102802949,
oulad/14/size_weighted/id_test/excess_aurc/mean,0.16547011850431143,
oulad/14/size_weighted/id_test/excess_aurc/sd,0.014148236351064486,
oulad/14/size_weighted/id_test/conformal_marginal/coverage/mean,0.9007139384514987,
oulad/14/size_weighted/id_test/conformal_marginal/coverage/sd,0.00853880166241475,
oulad/14/size_weighted/id_test/conformal_marginal/class0_coverage/mean,0.9330986601877933,
oulad/14/size_weighted/id_test/conformal_marginal/class0_coverage/sd,0.013153047065695518,
oulad/14/size_weighted/id_test/conformal_marginal/class1_coverage/mean,0.8463753593674517,
oulad/14/size_weighted/id_test/conformal_marginal/class1_coverage/sd,0.014550477056239462,
oulad/14/size_weighted/id_test/conformal_marginal/avg_set_size/mean,1.5477700187682835,
oulad/14/size_weighted/id_test/conformal_marginal/avg_set_size/sd,0.025778094301763,
oulad/14/size_weighted/id_test/conformal_marginal/singleton_rate/mean,0.45222998123171665,
oulad/14/size_weighted/id_test/conformal_marginal/singleton_rate/sd,0.025778094301763088,
oulad/14/size_weighted/id_test/conformal_marginal/class0_singleton_accuracy/mean,0.842958849555815,
oulad/14/size_weighted/id_test/conformal_marginal/class0_singleton_accuracy/sd,0.03372700922230576,
oulad/14/size_weighted/id_test/conformal_marginal/class1_singleton_accuracy/mean,0.6080327674840521,
oulad/14/size_weighted/id_test/conformal_marginal/class1_singleton_accuracy/sd,0.024782342934763876,
oulad/14/size_weighted/id_test/conformal_label_conditional/coverage/mean,0.9030218216678871,
oulad/14/size_weighted/id_test/conformal_label_conditional/coverage/sd,0.00985065492733455,
oulad/14/size_weighted/id_test/conformal_label_conditional/class0_coverage/mean,0.9095186952042187,
oulad/14/size_weighted/id_test/conformal_label_conditional/class0_coverage/sd,0.018195405045469085,
oulad/14/size_weighted/id_test/conformal_label_conditional/class1_coverage/mean,0.8938847589900243,
oulad/14/size_weighted/id_test/conformal_label_conditional/class1_coverage/sd,0.01259970162626466,
oulad/14/size_weighted/id_test/conformal_label_conditional/avg_set_size/mean,1.577528442112874,
oulad/14/size_weighted/id_test/conformal_label_conditional/avg_set_size/sd,0.023479488249615592,
oulad/14/size_weighted/id_test/conformal_label_conditional/singleton_rate/mean,0.42247155788712576,
oulad/14/size_weighted/id_test/conformal_label_conditional/singleton_rate/sd,0.02347948824961566,
oulad/14/size_weighted/id_test/conformal_label_conditional/class0_singleton_accuracy/mean,0.7540462817389817,
oulad/14/size_weighted/id_test/conformal_label_conditional/class0_singleton_accuracy/sd,0.046647792906135674,
oulad/14/size_weighted/id_test/conformal_label_conditional/class1_singleton_accuracy/mean,0.7599696890282206,
oulad/14/size_weighted/id_test/conformal_label_conditional/class1_singleton_accuracy/sd,0.03339518436480852,
oulad/14/size_weighted/ood_test/prevalence/mean,0.4125428245146555,
oulad/14/size_weighted/ood_test/prevalence/sd,0.0,
oulad/14/size_weighted/ood_test/auroc/mean,0.6881121877674322,
oulad/14/size_weighted/ood_test/auroc/sd,0.005040345846118113,
oulad/14/size_weighted/ood_test/average_precision/mean,0.6080117445017119,
oulad/14/size_weighted/ood_test/average_precision/sd,0.0051829269483987216,
oulad/14/size_weighted/ood_test/pr_skill/mean,0.33950779217197413,
oulad/14/size_weighted/ood_test/pr_skill/sd,0.008927858972533835,
oulad/14/size_weighted/ood_test/brier/mean,0.21453835606166088,
oulad/14/size_weighted/ood_test/brier/sd,0.0024135327832199506,
oulad/14/size_weighted/ood_test/log_loss/mean,0.6210108862031954,
oulad/14/size_weighted/ood_test/log_loss/sd,0.0074158180120060865,
oulad/14/size_weighted/ood_test/ece/mean,0.05643965483838714,
oulad/14/size_weighted/ood_test/ece/sd,0.010287397414533958,
oulad/14/size_weighted/ood_test/hcep_090/mean,0.00582413399314804,
oulad/14/size_weighted/ood_test/hcep_090/sd,0.00435174937300905,
oulad/14/size_weighted/ood_test/aurc/mean,0.24779059464452838,
oulad/14/size_weighted/ood_test/aurc/sd,0.004555925300322829,
oulad/14/size_weighted/ood_test/excess_aurc/mean,0.1828546655031638,
oulad/14/size_weighted/ood_test/excess_aurc/sd,0.0038422703052129388,
oulad/14/size_weighted/ood_test/conformal_marginal/coverage/mean,0.8807670346402741,
oulad/14/size_weighted/ood_test/conformal_marginal/coverage/sd,0.00907449889657471,
oulad/14/size_weighted/ood_test/conformal_marginal/class0_coverage/mean,0.9430983559972386,
oulad/14/size_weighted/ood_test/conformal_marginal/class0_coverage/sd,0.0058172125826516236,
oulad/14/size_weighted/ood_test/conformal_marginal/class1_coverage/mean,0.7701619036599234,
oulad/14/size_weighted/ood_test/conformal_marginal/class1_coverage/sd,0.021281524206838556,
oulad/14/size_weighted/ood_test/conformal_marginal/avg_set_size/mean,1.526741530262657,
oulad/14/size_weighted/ood_test/conformal_marginal/avg_set_size/sd,0.024834956970666133,
oulad/14/size_weighted/ood_test/conformal_marginal/singleton_rate/mean,0.4732584697373429,
oulad/14/size_weighted/ood_test/conformal_marginal/singleton_rate/sd,0.02483495697066616,
oulad/14/size_weighted/ood_test/conformal_marginal/class0_singleton_accuracy/mean,0.8660842277574095,
oulad/14/size_weighted/ood_test/conformal_marginal/class0_singleton_accuracy/sd,0.013582613119341395,
oulad/14/size_weighted/ood_test/conformal_marginal/class1_singleton_accuracy/mean,0.470674076161336,
oulad/14/size_weighted/ood_test/conformal_marginal/class1_singleton_accuracy/sd,0.02277300511751914,
oulad/14/size_weighted/ood_test/conformal_label_conditional/coverage/mean,0.8843167110772745,
oulad/14/size_weighted/ood_test/conformal_label_conditional/coverage/sd,0.011651574469360375,
oulad/14/size_weighted/ood_test/conformal_label_conditional/class0_coverage/mean,0.9207399781532244,
oulad/14/size_weighted/ood_test/conformal_label_conditional/class0_coverage/sd,0.013699038874690336,
oulad/14/size_weighted/ood_test/conformal_label_conditional/class1_coverage/mean,0.8249686720594042,
oulad/14/size_weighted/ood_test/conformal_label_conditional/class1_coverage/sd,0.020828468576098703,
oulad/14/size_weighted/ood_test/conformal_label_conditional/avg_set_size/mean,1.5620860296916637,
oulad/14/size_weighted/ood_test/conformal_label_conditional/avg_set_size/sd,0.02524694407471149,
oulad/14/size_weighted/ood_test/conformal_label_conditional/singleton_rate/mean,0.4379139703083365,
oulad/14/size_weighted/ood_test/conformal_label_conditional/singleton_rate/sd,0.025246944074711522,
oulad/14/size_weighted/ood_test/conformal_label_conditional/class0_singleton_accuracy/mean,0.7933015654985092,
oulad/14/size_weighted/ood_test/conformal_label_conditional/class0_singleton_accuracy/sd,0.03180402362927614,
oulad/14/size_weighted/ood_test/conformal_label_conditional/class1_singleton_accuracy/mean,0.6185880568092077,
oulad/14/size_weighted/ood_test/conformal_label_conditional/class1_singleton_accuracy/sd,0.0348272604700023,
oulad/56/equal_pair/id_test/prevalence/mean,0.40438687588844424,
oulad/56/equal_pair/id_test/prevalence/sd,5.851389114294502e-17,
oulad/56/equal_pair/id_test/auroc/mean,0.7439327311086965,
oulad/56/equal_pair/id_test/auroc/sd,0.018446136284661307,
oulad/56/equal_pair/id_test/average_precision/mean,0.6949465106320941,
oulad/56/equal_pair/id_test/average_precision/sd,0.016885938043123095,
oulad/56/equal_pair/id_test/pr_skill/mean,0.5045984112880764,
oulad/56/equal_pair/id_test/pr_skill/sd,0.02526169299669317,
oulad/56/equal_pair/id_test/brier/mean,0.18644743350782816,
oulad/56/equal_pair/id_test/brier/sd,0.0027079273424649745,
oulad/56/equal_pair/id_test/log_loss/mean,0.5525354176589042,
oulad/56/equal_pair/id_test/log_loss/sd,0.0066269688963746754,
oulad/56/equal_pair/id_test/ece/mean,0.08372115907361148,
oulad/56/equal_pair/id_test/ece/sd,0.00973142329921345,
oulad/56/equal_pair/id_test/hcep_090/mean,0.006206084084028439,
oulad/56/equal_pair/id_test/hcep_090/sd,0.002622009635535191,
oulad/56/equal_pair/id_test/aurc/mean,0.17516159986104085,
oulad/56/equal_pair/id_test/aurc/sd,0.010099990120299837,
oulad/56/equal_pair/id_test/excess_aurc/mean,0.1316106645925748,
oulad/56/equal_pair/id_test/excess_aurc/sd,0.009183019873701239,
oulad/56/equal_pair/id_test/conformal_marginal/coverage/mean,0.904251438006207,
oulad/56/equal_pair/id_test/conformal_marginal/coverage/sd,0.01166403193121475,
oulad/56/equal_pair/id_test/conformal_marginal/class0_coverage/mean,0.9634863275576959,
oulad/56/equal_pair/id_test/conformal_marginal/class0_coverage/sd,0.008237579059296521,
oulad/56/equal_pair/id_test/conformal_marginal/class1_coverage/mean,0.8012466889645655,
oulad/56/equal_pair/id_test/conformal_marginal/class1_coverage/sd,0.028323814705058674,
oulad/56/equal_pair/id_test/conformal_marginal/avg_set_size/mean,1.496239005676963,
oulad/56/equal_pair/id_test/conformal_marginal/avg_set_size/sd,0.038417942116796715,
oulad/56/equal_pair/id_test/conformal_marginal/singleton_rate/mean,0.5037609943230368,
oulad/56/equal_pair/id_test/conformal_marginal/singleton_rate/sd,0.03841794211679672,
oulad/56/equal_pair/id_test/conformal_marginal/class0_singleton_accuracy/mean,0.9272111115703933,
oulad/56/equal_pair/id_test/conformal_marginal/class0_singleton_accuracy/sd,0.018324990582158265,
oulad/56/equal_pair/id_test/conformal_marginal/class1_singleton_accuracy/mean,0.5321984576655296,
oulad/56/equal_pair/id_test/conformal_marginal/class1_singleton_accuracy/sd,0.034933197901056416,
oulad/56/equal_pair/id_test/conformal_label_conditional/coverage/mean,0.9004796588616012,
oulad/56/equal_pair/id_test/conformal_label_conditional/coverage/sd,0.010425389176535911,
oulad/56/equal_pair/id_test/conformal_label_conditional/class0_coverage/mean,0.8962404056844198,
oulad/56/equal_pair/id_test/conformal_label_conditional/class0_coverage/sd,0.01807835244591258,
oulad/56/equal_pair/id_test/conformal_label_conditional/class1_coverage/mean,0.9046426149964615,
oulad/56/equal_pair/id_test/conformal_label_conditional/class1_coverage/sd,0.020738494905251908,
oulad/56/equal_pair/id_test/conformal_label_conditional/avg_set_size/mean,1.5523105456883477,
oulad/56/equal_pair/id_test/conformal_label_conditional/avg_set_size/sd,0.03386629872917551,
oulad/56/equal_pair/id_test/conformal_label_conditional/singleton_rate/mean,0.4476894543116522,
oulad/56/equal_pair/id_test/conformal_label_conditional/singleton_rate/sd,0.0338662987291755,
oulad/56/equal_pair/id_test/conformal_label_conditional/class0_singleton_accuracy/mean,0.7024583103267015,
oulad/56/equal_pair/id_test/conformal_label_conditional/class0_singleton_accuracy/sd,0.04309487406178539,
oulad/56/equal_pair/id_test/conformal_label_conditional/class1_singleton_accuracy/mean,0.8110140591881251,
oulad/56/equal_pair/id_test/conformal_label_conditional/class1_singleton_accuracy/sd,0.056896709120087714,
oulad/56/equal_pair/ood_test/prevalence/mean,0.3792229985160614,
oulad/56/equal_pair/ood_test/prevalence/sd,0.0,
oulad/56/equal_pair/ood_test/auroc/mean,0.7348314795837252,
oulad/56/equal_pair/ood_test/auroc/sd,0.009392114246420101,
oulad/56/equal_pair/ood_test/average_precision/mean,0.6613314569207707,
oulad/56/equal_pair/ood_test/average_precision/sd,0.008029175512699813,
oulad/56/equal_pair/ood_test/pr_skill/mean,0.46491003284916965,
oulad/56/equal_pair/ood_test/pr_skill/sd,0.011101666555189835,
oulad/56/equal_pair/ood_test/brier/mean,0.19122885917690952,
oulad/56/equal_pair/ood_test/brier/sd,0.002009493598188014,
oulad/56/equal_pair/ood_test/log_loss/mean,0.5705069088219511,
oulad/56/equal_pair/ood_test/log_loss/sd,0.006908370412090559,
oulad/56/equal_pair/ood_test/ece/mean,0.0658428860431953,
oulad/56/equal_pair/ood_test/ece/sd,0.007015673175401175,
oulad/56/equal_pair/ood_test/hcep_090/mean,0.01383990958224401,
oulad/56/equal_pair/ood_test/hcep_090/sd,0.005704631253694697,
oulad/56/equal_pair/ood_test/aurc/mean,0.18469158231244892,
oulad/56/equal_pair/ood_test/aurc/sd,0.00790932954257914,
oulad/56/equal_pair/ood_test/excess_aurc/mean,0.13956805792178983,
oulad/56/equal_pair/ood_test/excess_aurc/sd,0.007038890553814326,
oulad/56/equal_pair/ood_test/conformal_marginal/coverage/mean,0.905316589081291,
oulad/56/equal_pair/ood_test/conformal_marginal/coverage/sd,0.0107336349115892,
oulad/56/equal_pair/ood_test/conformal_marginal/class0_coverage/mean,0.9620819193660461,
oulad/56/equal_pair/ood_test/conformal_marginal/class0_coverage/sd,0.007854769938599938,
oulad/56/equal_pair/ood_test/conformal_marginal/class1_coverage/mean,0.7948841107302705,
oulad/56/equal_pair/ood_test/conformal_marginal/class1_coverage/sd,0.02903084263511779,
oulad/56/equal_pair/ood_test/conformal_marginal/avg_set_size/mean,1.5105444239334562,
oulad/56/equal_pair/ood_test/conformal_marginal/avg_set_size/sd,0.03470065991700834,
oulad/56/equal_pair/ood_test/conformal_marginal/singleton_rate/mean,0.48945557606654366,
oulad/56/equal_pair/ood_test/conformal_marginal/singleton_rate/sd,0.03470065991700831,
oulad/56/equal_pair/ood_test/conformal_marginal/class0_singleton_accuracy/mean,0.9141047162272363,
oulad/56/equal_pair/ood_test/conformal_marginal/class0_singleton_accuracy/sd,0.01998559401602111,
oulad/56/equal_pair/ood_test/conformal_marginal/class1_singleton_accuracy/mean,0.5167857337188542,
oulad/56/equal_pair/ood_test/conformal_marginal/class1_singleton_accuracy/sd,0.03159213936364218,
oulad/56/equal_pair/ood_test/conformal_label_conditional/coverage/mean,0.8893517564294232,
oulad/56/equal_pair/ood_test/conformal_label_conditional/coverage/sd,0.010569513001034798,
oulad/56/equal_pair/ood_test/conformal_label_conditional/class0_coverage/mean,0.8869899925745784,
oulad/56/equal_pair/ood_test/conformal_label_conditional/class0_coverage/sd,0.023333292665534085,
oulad/56/equal_pair/ood_test/conformal_label_conditional/class1_coverage/mean,0.8851548812968751,
oulad/56/equal_pair/ood_test/conformal_label_conditional/class1_coverage/sd,0.02427097356287268,
oulad/56/equal_pair/ood_test/conformal_label_conditional/avg_set_size/mean,1.5463533614545095,
oulad/56/equal_pair/ood_test/conformal_label_conditional/avg_set_size/sd,0.031218551009664017,
oulad/56/equal_pair/ood_test/conformal_label_conditional/singleton_rate/mean,0.45364663854549014,
oulad/56/equal_pair/ood_test/conformal_label_conditional/singleton_rate/sd,0.031218551009664138,
oulad/56/equal_pair/ood_test/conformal_label_conditional/class0_singleton_accuracy/mean,0.6489820198185037,
oulad/56/equal_pair/ood_test/conformal_label_conditional/class0_singleton_accuracy/sd,0.04515140204124994,
oulad/56/equal_pair/ood_test/conformal_label_conditional/class1_singleton_accuracy/mean,0.7919698063319556,
oulad/56/equal_pair/ood_test/conformal_label_conditional/class1_singleton_accuracy/sd,0.04635327132295066,
oulad/56/size_weighted/id_test/prevalence/mean,0.42402813776982484,
oulad/56/size_weighted/id_test/prevalence/sd,5.851389114294502e-17,
oulad/56/size_weighted/id_test/auroc/mean,0.7628845261745965,
oulad/56/size_weighted/id_test/auroc/sd,0.010070655720843256,
oulad/56/size_weighted/id_test/average_precision/mean,0.7328299905192563,
oulad/56/size_weighted/id_test/average_precision/sd,0.011257223447639114,
oulad/56/size_weighted/id_test/pr_skill/mean,0.5448968475978394,
oulad/56/size_weighted/id_test/pr_skill/sd,0.019579361664658585,
oulad/56/size_weighted/id_test/brier/mean,0.1864913900287654,
oulad/56/size_weighted/id_test/brier/sd,0.0030298928042586473,
oulad/56/size_weighted/id_test/log_loss/mean,0.5519374632395818,
oulad/56/size_weighted/id_test/log_loss/sd,0.006932748031826042,
oulad/56/size_weighted/id_test/ece/mean,0.07952752954409223,
oulad/56/size_weighted/id_test/ece/sd,0.006828693123654504,
oulad/56/size_weighted/id_test/hcep_090/mean,0.0058585252451038,
oulad/56/size_weighted/id_test/hcep_090/sd,0.0018466159506026383,
oulad/56/size_weighted/id_test/aurc/mean,0.17044673166188867,
oulad/56/size_weighted/id_test/aurc/sd,0.007171572103724871,
oulad/56/size_weighted/id_test/excess_aurc/mean,0.12638461221862532,
oulad/56/size_weighted/id_test/excess_aurc/sd,0.005188117546022424,
oulad/56/size_weighted/id_test/conformal_marginal/coverage/mean,0.9024224502613551,
oulad/56/size_weighted/id_test/conformal_marginal/coverage/sd,0.01140061089243485,
oulad/56/size_weighted/id_test/conformal_marginal/class0_coverage/mean,0.9589357360799283,
oulad/56/size_weighted/id_test/conformal_marginal/class0_coverage/sd,0.008916968780742671,
oulad/56/size_weighted/id_test/conformal_marginal/class1_coverage/mean,0.8155840466294497,
oulad/56/size_weighted/id_test/conformal_marginal/class1_coverage/sd,0.022611607463128423,
oulad/56/size_weighted/id_test/conformal_marginal/avg_set_size/mean,1.4781571458807143,
oulad/56/size_weighted/id_test/conformal_marginal/avg_set_size/sd,0.033321392260607256,
oulad/56/size_weighted/id_test/conformal_marginal/singleton_rate/mean,0.5218428541192855,
oulad/56/size_weighted/id_test/conformal_marginal/singleton_rate/sd,0.03332139226060715,
oulad/56/size_weighted/id_test/conformal_marginal/class0_singleton_accuracy/mean,0.9207570427976688,
oulad/56/size_weighted/id_test/conformal_marginal/class0_singleton_accuracy/sd,0.01807211266507557,
oulad/56/size_weighted/id_test/conformal_marginal/class1_singleton_accuracy/mean,0.6065490046288832,
oulad/56/size_weighted/id_test/conformal_marginal/class1_singleton_accuracy/sd,0.03255161173285299,
oulad/56/size_weighted/id_test/conformal_label_conditional/coverage/mean,0.900939207149707,
oulad/56/size_weighted/id_test/conformal_label_conditional/coverage/sd,0.010042036427540554,
oulad/56/size_weighted/id_test/conformal_label_conditional/class0_coverage/mean,0.896509637880194,
oulad/56/size_weighted/id_test/conformal_label_conditional/class0_coverage/sd,0.01927306250385893,
oulad/56/size_weighted/id_test/conformal_label_conditional/class1_coverage/mean,0.905324210218715,
oulad/56/size_weighted/id_test/conformal_label_conditional/class1_coverage/sd,0.017264922990814106,
oulad/56/size_weighted/id_test/conformal_label_conditional/avg_set_size/mean,1.5269700815704759,
oulad/56/size_weighted/id_test/conformal_label_conditional/avg_set_size/sd,0.027951970998795483,
oulad/56/size_weighted/id_test/conformal_label_conditional/singleton_rate/mean,0.4730299184295241,
oulad/56/size_weighted/id_test/conformal_label_conditional/singleton_rate/sd,0.027951970998795553,
oulad/56/size_weighted/id_test/conformal_label_conditional/class0_singleton_accuracy/mean,0.73538448370796,
oulad/56/size_weighted/id_test/conformal_label_conditional/class0_singleton_accuracy/sd,0.03274865055460291,
oulad/56/size_weighted/id_test/conformal_label_conditional/class1_singleton_accuracy/mean,0.8249533340458965,
oulad/56/size_weighted/id_test/conformal_label_conditional/class1_singleton_accuracy/sd,0.036357105452947736,
oulad/56/size_weighted/ood_test/prevalence/mean,0.38780150257018586,
oulad/56/size_weighted/ood_test/prevalence/sd,5.851389114294502e-17,
oulad/56/size_weighted/ood_test/auroc/mean,0.7466647622375131,
oulad/56/size_weighted/ood_test/auroc/sd,0.0031630778523389935,
oulad/56/size_weighted/ood_test/average_precision/mean,0.6830393600496654,
oulad/56/size_weighted/ood_test/average_precision/sd,0.0036704853890429413,
oulad/56/size_weighted/ood_test/pr_skill/mean,0.4880857222536751,
oulad/56/size_weighted/ood_test/pr_skill/sd,0.006284139465771867,
oulad/56/size_weighted/ood_test/brier/mean,0.19284383066226327,
oulad/56/size_weighted/ood_test/brier/sd,0.0025793418368529326,
oulad/56/size_weighted/ood_test/log_loss/mean,0.57594688400132,
oulad/56/size_weighted/ood_test/log_loss/sd,0.010803151642211607,
oulad/56/size_weighted/ood_test/ece/mean,0.06988754210930406,
oulad/56/size_weighted/ood_test/ece/sd,0.010268642575102101,
oulad/56/size_weighted/ood_test/hcep_090/mean,0.01801107156979038,
oulad/56/size_weighted/ood_test/hcep_090/sd,0.008975386240102315,
oulad/56/size_weighted/ood_test/aurc/mean,0.1813262929811494,
oulad/56/size_weighted/ood_test/aurc/sd,0.005981792140953353,
oulad/56/size_weighted/ood_test/excess_aurc/mean,0.1351433352518732,
oulad/56/size_weighted/ood_test/excess_aurc/sd,0.004450179468335264,
oulad/56/size_weighted/ood_test/conformal_marginal/coverage/mean,0.8952352708580467,
oulad/56/size_weighted/ood_test/conformal_marginal/coverage/sd,0.01156614609145545,
oulad/56/size_weighted/ood_test/conformal_marginal/class0_coverage/mean,0.9589506895223364,
oulad/56/size_weighted/ood_test/conformal_marginal/class0_coverage/sd,0.008887847204000368,
oulad/56/size_weighted/ood_test/conformal_marginal/class1_coverage/mean,0.7771801954718012,
oulad/56/size_weighted/ood_test/conformal_marginal/class1_coverage/sd,0.03383899189778514,
oulad/56/size_weighted/ood_test/conformal_marginal/avg_set_size/mean,1.4693357058125742,
oulad/56/size_weighted/ood_test/conformal_marginal/avg_set_size/sd,0.03714855695569444,
oulad/56/size_weighted/ood_test/conformal_marginal/singleton_rate/mean,0.5306642941874259,
oulad/56/size_weighted/ood_test/conformal_marginal/singleton_rate/sd,0.03714855695569444,
oulad/56/size_weighted/ood_test/conformal_marginal/class0_singleton_accuracy/mean,0.9092235338195334,
oulad/56/size_weighted/ood_test/conformal_marginal/class0_singleton_accuracy/sd,0.023057235499742527,
oulad/56/size_weighted/ood_test/conformal_marginal/class1_singleton_accuracy/mean,0.5587360392660112,
oulad/56/size_weighted/ood_test/conformal_marginal/class1_singleton_accuracy/sd,0.03783187319618212,
oulad/56/size_weighted/ood_test/conformal_label_conditional/coverage/mean,0.8841933570581257,
oulad/56/size_weighted/ood_test/conformal_label_conditional/coverage/sd,0.008366368141476066,
oulad/56/size_weighted/ood_test/conformal_label_conditional/class0_coverage/mean,0.8903621268577234,
oulad/56/size_weighted/ood_test/conformal_label_conditional/class0_coverage/sd,0.025716526417316744,
oulad/56/size_weighted/ood_test/conformal_label_conditional/class1_coverage/mean,0.8631395779527079,
oulad/56/size_weighted/ood_test/conformal_label_conditional/class1_coverage/sd,0.034191838376834725,
oulad/56/size_weighted/ood_test/conformal_label_conditional/avg_set_size/mean,1.505367734282325,
oulad/56/size_weighted/ood_test/conformal_label_conditional/avg_set_size/sd,0.028428916014100983,
oulad/56/size_weighted/ood_test/conformal_label_conditional/singleton_rate/mean,0.4946322657176749,
oulad/56/size_weighted/ood_test/conformal_label_conditional/singleton_rate/sd,0.02842891601410089,
oulad/56/size_weighted/ood_test/conformal_label_conditional/class0_singleton_accuracy/mean,0.6973740626434494,
oulad/56/size_weighted/ood_test/conformal_label_conditional/class0_singleton_accuracy/sd,0.059924429374957656,
oulad/56/size_weighted/ood_test/conformal_label_conditional/class1_singleton_accuracy/mean,0.7718957283376506,
oulad/56/size_weighted/ood_test/conformal_label_conditional/class1_singleton_accuracy/sd,0.04732428977737251,
oulad/pooled/14/all_registered_by_horizon/score_free/id_test/prevalence/mean,0.5138845696633031,
oulad/pooled/14/all_registered_by_horizon/score_free/id_test/prevalence/sd,0.0012461069537978338,
oulad/pooled/14/all_registered_by_horizon/score_free/id_test/auroc/mean,0.7911630397480619,
oulad/pooled/14/all_registered_by_horizon/score_free/id_test/auroc/sd,0.010164668191471998,
oulad/pooled/14/all_registered_by_horizon/score_free/id_test/average_precision/mean,0.8128771876377602,
oulad/pooled/14/all_registered_by_horizon/score_free/id_test/average_precision/sd,0.007805464596163482,
oulad/pooled/14/all_registered_by_horizon/score_free/id_test/brier/mean,0.18571981779488458,
oulad/pooled/14/all_registered_by_horizon/score_free/id_test/brier/sd,0.004090518893722767,
oulad/pooled/14/all_registered_by_horizon/score_free/id_test/log_loss/mean,0.5494063593139357,
oulad/pooled/14/all_registered_by_horizon/score_free/id_test/log_loss/sd,0.009480320618333296,
oulad/pooled/14/all_registered_by_horizon/score_free/id_test/ece/mean,0.02651039427328451,
oulad/pooled/14/all_registered_by_horizon/score_free/id_test/ece/sd,0.004746791426497065,
oulad/pooled/14/all_registered_by_horizon/score_free/ood_test/prevalence/mean,0.5053217619125594,
oulad/pooled/14/all_registered_by_horizon/score_free/ood_test/prevalence/sd,0.0,
oulad/pooled/14/all_registered_by_horizon/score_free/ood_test/auroc/mean,0.7959916279497825,
oulad/pooled/14/all_registered_by_horizon/score_free/ood_test/auroc/sd,0.0007984391889340004,
oulad/pooled/14/all_registered_by_horizon/score_free/ood_test/average_precision/mean,0.817007246607534,
oulad/pooled/14/all_registered_by_horizon/score_free/ood_test/average_precision/sd,0.0009325594010893201,
oulad/pooled/14/all_registered_by_horizon/score_free/ood_test/brier/mean,0.18280983018930022,
oulad/pooled/14/all_registered_by_horizon/score_free/ood_test/brier/sd,0.00031958113862331214,
oulad/pooled/14/all_registered_by_horizon/score_free/ood_test/log_loss/mean,0.5404305190670857,
oulad/pooled/14/all_registered_by_horizon/score_free/ood_test/log_loss/sd,0.0009649157107238624,
oulad/pooled/14/all_registered_by_horizon/score_free/ood_test/ece/mean,0.01266464567509953,
oulad/pooled/14/all_registered_by_horizon/score_free/ood_test/ece/sd,0.0027990686139552096,
oulad/pooled/14/landmark_still_registered/score_free/id_test/prevalence/mean,0.4562570434669528,
oulad/pooled/14/landmark_still_registered/score_free/id_test/prevalence/sd,0.0014354977704024228,
oulad/pooled/14/landmark_still_registered/score_free/id_test/auroc/mean,0.7463511273961558,
oulad/pooled/14/landmark_still_registered/score_free/id_test/auroc/sd,0.008475747548140027,
oulad/pooled/14/landmark_still_registered/score_free/id_test/average_precision/mean,0.7169444459461622,
oulad/pooled/14/landmark_still_registered/score_free/id_test/average_precision/sd,0.007610581431947837,
oulad/pooled/14/landmark_still_registered/score_free/id_test/brier/mean,0.2023729691249146,
oulad/pooled/14/landmark_still_registered/score_free/id_test/brier/sd,0.0026919277698637797,
oulad/pooled/14/landmark_still_registered/score_free/id_test/log_loss/mean,0.5908597082734648,
oulad/pooled/14/landmark_still_registered/score_free/id_test/log_loss/sd,0.005661831063629588,
oulad/pooled/14/landmark_still_registered/score_free/id_test/ece/mean,0.02813015095244909,
oulad/pooled/14/landmark_still_registered/score_free/id_test/ece/sd,0.006019521101846334,
oulad/pooled/14/landmark_still_registered/score_free/ood_test/prevalence/mean,0.4083398133748055,
oulad/pooled/14/landmark_still_registered/score_free/ood_test/prevalence/sd,0.0,
oulad/pooled/14/landmark_still_registered/score_free/ood_test/auroc/mean,0.7274679998077547,
oulad/pooled/14/landmark_still_registered/score_free/ood_test/auroc/sd,0.0008731667705586068,
oulad/pooled/14/landmark_still_registered/score_free/ood_test/average_precision/mean,0.6516414707689545,
oulad/pooled/14/landmark_still_registered/score_free/ood_test/average_precision/sd,0.0014725562790788296,
oulad/pooled/14/landmark_still_registered/score_free/ood_test/brier/mean,0.2044822053316509,
oulad/pooled/14/landmark_still_registered/score_free/ood_test/brier/sd,0.0003853029653570337,
oulad/pooled/14/landmark_still_registered/score_free/ood_test/log_loss/mean,0.5954549656067718,
oulad/pooled/14/landmark_still_registered/score_free/ood_test/log_loss/sd,0.000980880734714818,
oulad/pooled/14/landmark_still_registered/score_free/ood_test/ece/mean,0.01764748741359557,
oulad/pooled/14/landmark_still_registered/score_free/ood_test/ece/sd,0.003989339644040973,
oulad/pooled/56/all_registered_by_horizon/score_free/id_test/prevalence/mean,0.5143997111585608,
oulad/pooled/56/all_registered_by_horizon/score_free/id_test/prevalence/sd,0.0017089600076992907,
oulad/pooled/56/all_registered_by_horizon/score_free/id_test/auroc/mean,0.8411630764200284,
oulad/pooled/56/all_registered_by_horizon/score_free/id_test/auroc/sd,0.00795686587587049,
oulad/pooled/56/all_registered_by_horizon/score_free/id_test/average_precision/mean,0.8726850231609141,
oulad/pooled/56/all_registered_by_horizon/score_free/id_test/average_precision/sd,0.007211123941990483,
oulad/pooled/56/all_registered_by_horizon/score_free/id_test/brier/mean,0.1593911660391498,
oulad/pooled/56/all_registered_by_horizon/score_free/id_test/brier/sd,0.004643779545294955,
oulad/pooled/56/all_registered_by_horizon/score_free/id_test/log_loss/mean,0.4773661794819838,
oulad/pooled/56/all_registered_by_horizon/score_free/id_test/log_loss/sd,0.011716175988999749,
oulad/pooled/56/all_registered_by_horizon/score_free/id_test/ece/mean,0.027563047598440544,
oulad/pooled/56/all_registered_by_horizon/score_free/id_test/ece/sd,0.006810336803364173,
oulad/pooled/56/all_registered_by_horizon/score_free/ood_test/prevalence/mean,0.505516057857318,
oulad/pooled/56/all_registered_by_horizon/score_free/ood_test/prevalence/sd,0.0,
oulad/pooled/56/all_registered_by_horizon/score_free/ood_test/auroc/mean,0.8557353907883861,
oulad/pooled/56/all_registered_by_horizon/score_free/ood_test/auroc/sd,0.0006297429177382156,
oulad/pooled/56/all_registered_by_horizon/score_free/ood_test/average_precision/mean,0.8842318674070168,
oulad/pooled/56/all_registered_by_horizon/score_free/ood_test/average_precision/sd,0.0004318823217764888,
oulad/pooled/56/all_registered_by_horizon/score_free/ood_test/brier/mean,0.15056763038401436,
oulad/pooled/56/all_registered_by_horizon/score_free/ood_test/brier/sd,0.00024609302528938383,
oulad/pooled/56/all_registered_by_horizon/score_free/ood_test/log_loss/mean,0.45276684808449447,
oulad/pooled/56/all_registered_by_horizon/score_free/ood_test/log_loss/sd,0.0006988837533348069,
oulad/pooled/56/all_registered_by_horizon/score_free/ood_test/ece/mean,0.023314530259360058,
oulad/pooled/56/all_registered_by_horizon/score_free/ood_test/ece/sd,0.003625021453711647,
oulad/pooled/56/landmark_still_registered/assessment_score_inclusive/id_test/prevalence/mean,0.4251131612897332,
oulad/pooled/56/landmark_still_registered/assessment_score_inclusive/id_test/prevalence/sd,0.00112081982946514,
oulad/pooled/56/landmark_still_registered/assessment_score_inclusive/id_test/auroc/mean,0.8344235703257634,
oulad/pooled/56/landmark_still_registered/assessment_score_inclusive/id_test/auroc/sd,0.00924710706618296,
oulad/pooled/56/landmark_still_registered/assessment_score_inclusive/id_test/average_precision/mean,0.8184240958544858,
oulad/pooled/56/landmark_still_registered/assessment_score_inclusive/id_test/average_precision/sd,0.010734251127163471,
oulad/pooled/56/landmark_still_registered/assessment_score_inclusive/id_test/brier/mean,0.15924903283502806,
oulad/pooled/56/landmark_still_registered/assessment_score_inclusive/id_test/brier/sd,0.004258914492487405,
oulad/pooled/56/landmark_still_registered/assessment_score_inclusive/id_test/log_loss/mean,0.48261467678012043,
oulad/pooled/56/landmark_still_registered/assessment_score_inclusive/id_test/log_loss/sd,0.011559948711785476,
oulad/pooled/56/landmark_still_registered/assessment_score_inclusive/id_test/ece/mean,0.02904822529646391,
oulad/pooled/56/landmark_still_registered/assessment_score_inclusive/id_test/ece/sd,0.006539609329958151,
oulad/pooled/56/landmark_still_registered/assessment_score_inclusive/ood_test/prevalence/mean,0.3850175967823027,
oulad/pooled/56/landmark_still_registered/assessment_score_inclusive/ood_test/prevalence/sd,0.0,
oulad/pooled/56/landmark_still_registered/assessment_score_inclusive/ood_test/auroc/mean,0.8194436976357327,
oulad/pooled/56/landmark_still_registered/assessment_score_inclusive/ood_test/auroc/sd,0.0015517667945050566,
oulad/pooled/56/landmark_still_registered/assessment_score_inclusive/ood_test/average_precision/mean,0.7763773212745186,
oulad/pooled/56/landmark_still_registered/assessment_score_inclusive/ood_test/average_precision/sd,0.002672235836807029,
oulad/pooled/56/landmark_still_registered/assessment_score_inclusive/ood_test/brier/mean,0.16121155018087405,
oulad/pooled/56/landmark_still_registered/assessment_score_inclusive/ood_test/brier/sd,0.0009186469427435556,
oulad/pooled/56/landmark_still_registered/assessment_score_inclusive/ood_test/log_loss/mean,0.49170563263617517,
oulad/pooled/56/landmark_still_registered/assessment_score_inclusive/ood_test/log_loss/sd,0.0022911807498565626,
oulad/pooled/56/landmark_still_registered/assessment_score_inclusive/ood_test/ece/mean,0.01625556137587302,
oulad/pooled/56/landmark_still_registered/assessment_score_inclusive/ood_test/ece/sd,0.003893716096791944,
oulad/pooled/56/landmark_still_registered/score_free/id_test/prevalence/mean,0.4251131612897332,
oulad/pooled/56/landmark_still_registered/score_free/id_test/prevalence/sd,0.00112081982946514,
oulad/pooled/56/landmark_still_registered/score_free/id_test/auroc/mean,0.7817711063057201,
oulad/pooled/56/landmark_still_registered/score_free/id_test/auroc/sd,0.009237164886818283,
oulad/pooled/56/landmark_still_registered/score_free/id_test/average_precision/mean,0.7528553621953793,
oulad/pooled/56/landmark_still_registered/score_free/id_test/average_precision/sd,0.01122884762100131,
oulad/pooled/56/landmark_still_registered/score_free/id_test/brier/mean,0.18378618823450585,
oulad/pooled/56/landmark_still_registered/score_free/id_test/brier/sd,0.0034161209997630353,
oulad/pooled/56/landmark_still_registered/score_free/id_test/log_loss/mean,0.5456516626532699,
oulad/pooled/56/landmark_still_registered/score_free/id_test/log_loss/sd,0.008267135834778953,
oulad/pooled/56/landmark_still_registered/score_free/id_test/ece/mean,0.03256565650693562,
oulad/pooled/56/landmark_still_registered/score_free/id_test/ece/sd,0.006723250677459678,
oulad/pooled/56/landmark_still_registered/score_free/ood_test/prevalence/mean,0.3850175967823027,
oulad/pooled/56/landmark_still_registered/score_free/ood_test/prevalence/sd,0.0,
oulad/pooled/56/landmark_still_registered/score_free/ood_test/auroc/mean,0.7758239885927865,
oulad/pooled/56/landmark_still_registered/score_free/ood_test/auroc/sd,0.0011206088514038915,
oulad/pooled/56/landmark_still_registered/score_free/ood_test/average_precision/mean,0.7210306877810855,
oulad/pooled/56/landmark_still_registered/score_free/ood_test/average_precision/sd,0.0010150309332411218,
oulad/pooled/56/landmark_still_registered/score_free/ood_test/brier/mean,0.1808039201028458,
oulad/pooled/56/landmark_still_registered/score_free/ood_test/brier/sd,0.0004941248985531035,
oulad/pooled/56/landmark_still_registered/score_free/ood_test/log_loss/mean,0.5388074695551787,
oulad/pooled/56/landmark_still_registered/score_free/ood_test/log_loss/sd,0.0013299068618262374,
oulad/pooled/56/landmark_still_registered/score_free/ood_test/ece/mean,0.027266780990296093,
oulad/pooled/56/landmark_still_registered/score_free/ood_test/ece/sd,0.006525623865560923,
oulad/bootstrap/14/equal_pair/auroc/mean,0.673925748768502,
oulad/bootstrap/14/equal_pair/auroc/q025,0.6361553404111606,
oulad/bootstrap/14/equal_pair/auroc/q975,0.7054919372206896,
oulad/bootstrap/14/equal_pair/coverage/mean,0.8850963120824714,
oulad/bootstrap/14/equal_pair/coverage/q025,0.8385313570325855,
oulad/bootstrap/14/equal_pair/coverage/q975,0.9161712176434149,
oulad/bootstrap/14/equal_pair/ece/mean,0.07360586968459358,
oulad/bootstrap/14/equal_pair/ece/q025,0.05168371772088104,
oulad/bootstrap/14/equal_pair/ece/q975,0.10149746028488155,
oulad/bootstrap/14/size_weighted/auroc/mean,0.686182023257286,
oulad/bootstrap/14/size_weighted/auroc/q025,0.6560026638570483,
oulad/bootstrap/14/size_weighted/auroc/q975,0.7128732045492294,
oulad/bootstrap/14/size_weighted/coverage/mean,0.8755005497198044,
oulad/bootstrap/14/size_weighted/coverage/q025,0.8154643131568072,
oulad/bootstrap/14/size_weighted/coverage/q975,0.9156634956677425,
oulad/bootstrap/14/size_weighted/ece/mean,0.07776098093474229,
oulad/bootstrap/14/size_weighted/ece/q025,0.05103684964095378,
oulad/bootstrap/14/size_weighted/ece/q975,0.11179743574956517,
oulad/bootstrap/56/equal_pair/auroc/mean,0.7414367370978204,
oulad/bootstrap/56/equal_pair/auroc/q025,0.7064250507956816,
oulad/bootstrap/56/equal_pair/auroc/q975,0.7719537196227053,
oulad/bootstrap/56/equal_pair/coverage/mean,0.8975023397690373,
oulad/bootstrap/56/equal_pair/coverage/q025,0.8610253036771492,
oulad/bootstrap/56/equal_pair/coverage/q975,0.9274535217052705,
oulad/bootstrap/56/equal_pair/ece/mean,0.07703179234742244,
oulad/bootstrap/56/equal_pair/ece/q025,0.050667496849861354,
oulad/bootstrap/56/equal_pair/ece/q975,0.10863858894072752,
oulad/bootstrap/56/size_weighted/auroc/mean,0.7495721531218196,
oulad/bootstrap/56/size_weighted/auroc/q025,0.7244973043064507,
oulad/bootstrap/56/size_weighted/auroc/q975,0.7729208157778303,
oulad/bootstrap/56/size_weighted/coverage/mean,0.8868168968097091,
oulad/bootstrap/56/size_weighted/coverage/q025,0.8486638839173183,
oulad/bootstrap/56/size_weighted/coverage/q975,0.920367999130781,
oulad/bootstrap/56/size_weighted/ece/mean,0.08050919690779315,
oulad/bootstrap/56/size_weighted/ece/q025,0.04709341206587718,
oulad/bootstrap/56/size_weighted/ece/q975,0.1211848367326246,
south/clean/auroc/mean,0.7837142857142857,
south/clean/auroc/sd,0.048421809892902255,
south/clean/average_precision/mean,0.6255457472948958,
south/clean/average_precision/sd,0.0708058230871034,
south/clean/pr_skill/mean,0.4650653532784226,
south/clean/pr_skill/sd,0.10115117583871915,
south/clean/brier/mean,0.16555834374201903,
south/clean/brier/sd,0.016359553527314993,
south/clean/log_loss/mean,0.5023507399197273,
south/clean/log_loss/sd,0.04346326148200455,
south/clean/ece/mean,0.08949119967616735,
south/clean/ece/sd,0.02126687570708541,
south/clean/hcep_090/mean,0.013333333333333308,
south/clean/hcep_090/sd,0.013679711361135383,
south/clean/aurc/mean,0.12681725069035185,
south/clean/aurc/sd,0.02971298084503491,
south/clean/excess_aurc/mean,0.09322474968411569,
south/clean/excess_aurc/sd,0.023515112951786512,
south/clean/conformal_marginal/coverage/mean,0.9003333333333332,
south/clean/conformal_marginal/coverage/sd,0.039379693166886505,
south/clean/conformal_marginal/class0_coverage/mean,0.9790476190476189,
south/clean/conformal_marginal/class0_coverage/sd,0.015633955841297578,
south/clean/conformal_marginal/class1_coverage/mean,0.7166666666666666,
south/clean/conformal_marginal/class1_coverage/sd,0.11096481597049498,
south/clean/conformal_marginal/avg_set_size/mean,1.3720000000000003,
south/clean/conformal_marginal/avg_set_size/sd,0.08183852307837132,
south/clean/conformal_marginal/singleton_rate/mean,0.628,
south/clean/conformal_marginal/singleton_rate/sd,0.08183852307837138,
south/clean/conformal_marginal/singleton_accuracy/mean,0.8450157103478148,
south/clean/conformal_marginal/singleton_accuracy/sd,0.04668484107928978,
south/clean/conformal_label_conditional/coverage/mean,0.898,
south/clean/conformal_label_conditional/coverage/sd,0.048611119465329276,
south/clean/conformal_label_conditional/class0_coverage/mean,0.9004761904761904,
south/clean/conformal_label_conditional/class0_coverage/sd,0.04909735415464133,
south/clean/conformal_label_conditional/class1_coverage/mean,0.8922222222222222,
south/clean/conformal_label_conditional/class1_coverage/sd,0.0856955640310914,
south/clean/conformal_label_conditional/avg_set_size/mean,1.4816666666666665,
south/clean/conformal_label_conditional/avg_set_size/sd,0.1291243563980269,
south/clean/conformal_label_conditional/singleton_rate/mean,0.5183333333333332,
south/clean/conformal_label_conditional/singleton_rate/sd,0.12912435639802694,
south/clean/conformal_label_conditional/singleton_accuracy/mean,0.8084730555667805,
south/clean/conformal_label_conditional/singleton_accuracy/sd,0.054604864894379185,
south/fixed_count_mcar_like_three_cells_per_record/auroc/mean,0.7667936507936508,
south/fixed_count_mcar_like_three_cells_per_record/auroc/sd,0.04972257427681231,
south/fixed_count_mcar_like_three_cells_per_record/average_precision/mean,0.6007316125524361,
south/fixed_count_mcar_like_three_cells_per_record/average_precision/sd,0.07054098351108391,
south/fixed_count_mcar_like_three_cells_per_record/pr_skill/mean,0.4296165893606231,
south/fixed_count_mcar_like_three_cells_per_record/pr_skill/sd,0.10077283358726277,
south/fixed_count_mcar_like_three_cells_per_record/brier/mean,0.17096350544871114,
south/fixed_count_mcar_like_three_cells_per_record/brier/sd,0.01599384016462764,
south/fixed_count_mcar_like_three_cells_per_record/log_loss/mean,0.5186608592145718,
south/fixed_count_mcar_like_three_cells_per_record/log_loss/sd,0.04405628997344569,
south/fixed_count_mcar_like_three_cells_per_record/ece/mean,0.08211763066784919,
south/fixed_count_mcar_like_three_cells_per_record/ece/sd,0.020911274860830498,
south/fixed_count_mcar_like_three_cells_per_record/hcep_090/mean,0.01799999999999998,
south/fixed_count_mcar_like_three_cells_per_record/hcep_090/sd,0.018109478633419274,
south/fixed_count_mcar_like_three_cells_per_record/aurc/mean,0.13897105946388685,
south/fixed_count_mcar_like_three_cells_per_record/aurc/sd,0.03022280915349008,
south/fixed_count_mcar_like_three_cells_per_record/excess_aurc/mean,0.10132377655051479,
south/fixed_count_mcar_like_three_cells_per_record/excess_aurc/sd,0.024437020801060607,
south/fixed_count_mcar_like_three_cells_per_record/conformal_marginal/coverage/mean,0.8873333333333331,
south/fixed_count_mcar_like_three_cells_per_record/conformal_marginal/coverage/sd,0.039759510981025564,
south/fixed_count_mcar_like_three_cells_per_record/conformal_marginal/class0_coverage/mean,0.9871428571428572,
south/fixed_count_mcar_like_three_cells_per_record/conformal_marginal/class0_coverage/sd,0.014252258234434285,
south/fixed_count_mcar_like_three_cells_per_record/conformal_marginal/class1_coverage/mean,0.6544444444444444,
south/fixed_count_mcar_like_three_cells_per_record/conformal_marginal/class1_coverage/sd,0.12414228144707584,
south/fixed_count_mcar_like_three_cells_per_record/conformal_marginal/avg_set_size/mean,1.3456666666666666,
south/fixed_count_mcar_like_three_cells_per_record/conformal_marginal/avg_set_size/sd,0.08414065083422527,
south/fixed_count_mcar_like_three_cells_per_record/conformal_marginal/singleton_rate/mean,0.6543333333333334,
south/fixed_count_mcar_like_three_cells_per_record/conformal_marginal/singleton_rate/sd,0.08414065083422528,
south/fixed_count_mcar_like_three_cells_per_record/conformal_marginal/singleton_accuracy/mean,0.8313299781295342,
south/fixed_count_mcar_like_three_cells_per_record/conformal_marginal/singleton_accuracy/sd,0.041886429199693306,
south/fixed_count_mcar_like_three_cells_per_record/conformal_label_conditional/coverage/mean,0.9103333333333332,
south/fixed_count_mcar_like_three_cells_per_record/conformal_label_conditional/coverage/sd,0.050051435532164394,
south/fixed_count_mcar_like_three_cells_per_record/conformal_label_conditional/class0_coverage/mean,0.9271428571428573,
south/fixed_count_mcar_like_three_cells_per_record/conformal_label_conditional/class0_coverage/sd,0.042622582847174684,
south/fixed_count_mcar_like_three_cells_per_record/conformal_label_conditional/class1_coverage/mean,0.8711111111111111,
south/fixed_count_mcar_like_three_cells_per_record/conformal_label_conditional/class1_coverage/sd,0.10537226314432059,
south/fixed_count_mcar_like_three_cells_per_record/conformal_label_conditional/avg_set_size/mean,1.5086666666666666,
south/fixed_count_mcar_like_three_cells_per_record/conformal_label_conditional/avg_set_size/sd,0.13729381138010135,
south/fixed_count_mcar_like_three_cells_per_record/conformal_label_conditional/singleton_rate/mean,0.4913333333333333,
south/fixed_count_mcar_like_three_cells_per_record/conformal_label_conditional/singleton_rate/sd,0.1372938113801014,
south/fixed_count_mcar_like_three_cells_per_record/conformal_label_conditional/singleton_accuracy/mean,0.8229068972211577,
south/fixed_count_mcar_like_three_cells_per_record/conformal_label_conditional/singleton_accuracy/sd,0.062009340805002484,
south/label_informed_oracle_adversarial/auroc/mean,0.6934391534391533,
south/label_informed_oracle_adversarial/auroc/sd,0.05772091254440718,
south/label_informed_oracle_adversarial/average_precision/mean,0.5153933557208319,
south/label_informed_oracle_adversarial/average_precision/sd,0.06963947418533242,
south/label_informed_oracle_adversarial/pr_skill/mean,0.30770479388690275,
south/label_informed_oracle_adversarial/pr_skill/sd,0.09948496312190347,
south/label_informed_oracle_adversarial/brier/mean,0.1939614847319154,
south/label_informed_oracle_adversarial/brier/sd,0.017649705414704533,
south/label_informed_oracle_adversarial/log_loss/mean,0.5781194612910155,
south/label_informed_oracle_adversarial/log_loss/sd,0.04961063982084937,
south/label_informed_oracle_adversarial/ece/mean,0.11372626202842526,
south/label_informed_oracle_adversarial/ece/sd,0.030006476933918873,
south/label_informed_oracle_adversarial/hcep_090/mean,0.02199999999999997,
south/label_informed_oracle_adversarial/hcep_090/sd,0.01899214980948615,
south/label_informed_oracle_adversarial/aurc/mean,0.186921997866384,
south/label_informed_oracle_adversarial/aurc/sd,0.03765924612008776,
south/label_informed_oracle_adversarial/excess_aurc/mean,0.14074831754982298,
south/label_informed_oracle_adversarial/excess_aurc/sd,0.030114154565139536,
south/label_informed_oracle_adversarial/conformal_marginal/coverage/mean,0.8693333333333332,
south/label_informed_oracle_adversarial/conformal_marginal/coverage/sd,0.04455891690810483,
south/label_informed_oracle_adversarial/conformal_marginal/class0_coverage/mean,0.9666666666666666,
south/label_informed_oracle_adversarial/conformal_marginal/class0_coverage/sd,0.026490647141300835,
south/label_informed_oracle_adversarial/conformal_marginal/class1_coverage/mean,0.6422222222222221,
south/label_informed_oracle_adversarial/conformal_marginal/class1_coverage/sd,0.12190815575893932,
south/label_informed_oracle_adversarial/conformal_marginal/avg_set_size/mean,1.394,
south/label_informed_oracle_adversarial/conformal_marginal/avg_set_size/sd,0.086920007589152,
south/label_informed_oracle_adversarial/conformal_marginal/singleton_rate/mean,0.606,
south/label_informed_oracle_adversarial/conformal_marginal/singleton_rate/sd,0.08692000758915203,
south/label_informed_oracle_adversarial/conformal_marginal/singleton_accuracy/mean,0.7883018622889819,
south/label_informed_oracle_adversarial/conformal_marginal/singleton_accuracy/sd,0.04972460935175814,
south/label_informed_oracle_adversarial/conformal_label_conditional/coverage/mean,0.8673333333333332,
south/label_informed_oracle_adversarial/conformal_label_conditional/coverage/sd,0.049412927730509794,
south/label_informed_oracle_adversarial/conformal_label_conditional/class0_coverage/mean,0.8738095238095239,
south/label_informed_oracle_adversarial/conformal_label_conditional/class0_coverage/sd,0.04368457719014958,
south/label_informed_oracle_adversarial/conformal_label_conditional/class1_coverage/mean,0.8522222222222222,
south/label_informed_oracle_adversarial/conformal_label_conditional/class1_coverage/sd,0.1040505200431385,
south/label_informed_oracle_adversarial/conformal_label_conditional/avg_set_size/mean,1.518333333333333,
south/label_informed_oracle_adversarial/conformal_label_conditional/avg_set_size/sd,0.11791314079410245,
south/label_informed_oracle_adversarial/conformal_label_conditional/singleton_rate/mean,0.48166666666666663,
south/label_informed_oracle_adversarial/conformal_label_conditional/singleton_rate/sd,0.11791314079410244,
south/label_informed_oracle_adversarial/conformal_label_conditional/singleton_accuracy/mean,0.724811266387378,
south/label_informed_oracle_adversarial/conformal_label_conditional/singleton_accuracy/sd,0.06631815284800102,
south/measurement_and_category_error/auroc/mean,0.7067513227513228,
south/measurement_and_category_error/auroc/sd,0.057698726858577694,
south/measurement_and_category_error/average_precision/mean,0.5282230278801211,
south/measurement_and_category_error/average_precision/sd,0.06748689164398469,
south/measurement_and_category_error/pr_skill/mean,0.32603289697160165,
south/measurement_and_category_error/pr_skill/sd,0.09640984520569243,
south/measurement_and_category_error/brier/mean,0.19067290777958734,
south/measurement_and_category_error/brier/sd,0.0186167800822152,
south/measurement_and_category_error/log_loss/mean,0.5755737427180458,
south/measurement_and_category_error/log_loss/sd,0.059066580952501634,
south/measurement_and_category_error/ece/mean,0.10491872619456637,
south/measurement_and_category_error/ece/sd,0.032640443570497134,
south/measurement_and_category_error/hcep_090/mean,0.027666666666666624,
south/measurement_and_category_error/hcep_090/sd,0.02570866920932742,
south/measurement_and_category_error/aurc/mean,0.17234660965527288,
south/measurement_and_category_error/aurc/sd,0.03371492801404504,
south/measurement_and_category_error/excess_aurc/mean,0.12819231022063254,
south/measurement_and_category_error/excess_aurc/sd,0.02685817125371005,
south/measurement_and_category_error/conformal_marginal/coverage/mean,0.859,
south/measurement_and_category_error/conformal_marginal/coverage/sd,0.044447222135422106,
south/measurement_and_category_error/conformal_marginal/class0_coverage/mean,0.9733333333333334,
south/measurement_and_category_error/conformal_marginal/class0_coverage/sd,0.01968846759036383,
south/measurement_and_category_error/conformal_marginal/class1_coverage/mean,0.5922222222222222,
south/measurement_and_category_error/conformal_marginal/class1_coverage/sd,0.11983853117531112,
south/measurement_and_category_error/conformal_marginal/avg_set_size/mean,1.341,
south/measurement_and_category_error/conformal_marginal/avg_set_size/sd,0.08717194140559825,
south/measurement_and_category_error/conformal_marginal/singleton_rate/mean,0.659,
south/measurement_and_category_error/conformal_marginal/singleton_rate/sd,0.08717194140559824,
south/measurement_and_category_error/conformal_marginal/singleton_accuracy/mean,0.7894067095645393,
south/measurement_and_category_error/conformal_marginal/singleton_accuracy/sd,0.04258804116416998,
south/measurement_and_category_error/conformal_label_conditional/coverage/mean,0.8786666666666665,
south/measurement_and_category_error/conformal_label_conditional/coverage/sd,0.049682029885736875,
south/measurement_and_category_error/conformal_label_conditional/class0_coverage/mean,0.9028571428571428,
south/measurement_and_category_error/conformal_label_conditional/class0_coverage/sd,0.04949681161154521,
south/measurement_and_category_error/conformal_label_conditional/class1_coverage/mean,0.8222222222222222,
south/measurement_and_category_error/conformal_label_conditional/class1_coverage/sd,0.10423146132940954,
south/measurement_and_category_error/conformal_label_conditional/avg_set_size/mean,1.5010000000000001,
south/measurement_and_category_error/conformal_label_conditional/avg_set_size/sd,0.11768279299065715,
south/measurement_and_category_error/conformal_label_conditional/singleton_rate/mean,0.499,
south/measurement_and_category_error/conformal_label_conditional/singleton_rate/sd,0.11768279299065719,
south/measurement_and_category_error/conformal_label_conditional/singleton_accuracy/mean,0.7590354267226748,
south/measurement_and_category_error/conformal_label_conditional/singleton_accuracy/sd,0.06906879832462764,
south/random_three_features/auroc/mean,0.7654185185185185,
south/random_three_features/auroc/sd,0.049382873431438795,
south/random_three_features/average_precision/mean,0.598242549901518,
south/random_three_features/average_precision/sd,0.06980372566566827,
south/random_three_features/pr_skill/mean,0.4260607855735973,
south/random_three_features/pr_skill/sd,0.09971960809381183,
south/random_three_features/brier/mean,0.17469104152943246,
south/random_three_features/brier/sd,0.018120445256279365,
south/random_three_features/log_loss/mean,0.5283425267856902,
south/random_three_features/log_loss/sd,0.05413863615320265,
south/random_three_features/ece/mean,0.10184336873852308,
south/random_three_features/ece/sd,0.028800020858047653,
south/random_three_features/hcep_090/mean,0.019699999999999968,
south/random_three_features/hcep_090/sd,0.023692051055322752,
south/random_three_features/aurc/mean,0.14091417701819314,
south/random_three_features/aurc/sd,0.031486670563541104,
south/random_three_features/excess_aurc/mean,0.1042702235118373,
south/random_three_features/excess_aurc/sd,0.025634685810053275,
south/random_three_features/conformal_marginal/coverage/mean,0.8861666666666665,
south/random_three_features/conformal_marginal/coverage/sd,0.05335395382490085,
south/random_three_features/conformal_marginal/class0_coverage/mean,0.985952380952381,
south/random_three_features/conformal_marginal/class0_coverage/sd,0.01814141005424608,
south/random_three_features/conformal_marginal/class1_coverage/mean,0.6533333333333334,
south/random_three_features/conformal_marginal/class1_coverage/sd,0.1791232847774924,
south/random_three_features/conformal_marginal/avg_set_size/mean,1.35665,
south/random_three_features/conformal_marginal/avg_set_size/sd,0.11924388049441444,
south/random_three_features/conformal_marginal/singleton_rate/mean,0.6433500000000001,
south/random_three_features/conformal_marginal/singleton_rate/sd,0.11924388049441445,
south/random_three_features/conformal_marginal/singleton_accuracy/mean,0.830520113886525,
south/random_three_features/conformal_marginal/singleton_accuracy/sd,0.05295432736648009,
south/random_three_features/conformal_label_conditional/coverage/mean,0.9039166666666667,
south/random_three_features/conformal_label_conditional/coverage/sd,0.048981765087177255,
south/random_three_features/conformal_label_conditional/class0_coverage/mean,0.9201666666666668,
south/random_three_features/conformal_label_conditional/class0_coverage/sd,0.059279920450069266,
south/random_three_features/conformal_label_conditional/class1_coverage/mean,0.8660000000000001,
south/random_three_features/conformal_label_conditional/class1_coverage/sd,0.11666774077557826,
south/random_three_features/conformal_label_conditional/avg_set_size/mean,1.5112,
south/random_three_features/conformal_label_conditional/avg_set_size/sd,0.13156176462576535,
south/random_three_features/conformal_label_conditional/singleton_rate/mean,0.4888,
south/random_three_features/conformal_label_conditional/singleton_rate/sd,0.13156176462576535,
south/random_three_features/conformal_label_conditional/singleton_accuracy/mean,0.8077773988053377,
south/random_three_features/conformal_label_conditional/singleton_accuracy/sd,0.06683329812460793,
south/targeted_top3/auroc/mean,0.695047619047619,
south/targeted_top3/auroc/sd,0.05495635918404352,
south/targeted_top3/average_precision/mean,0.531084004305095,
south/targeted_top3/average_precision/sd,0.07459858155891562,
south/targeted_top3/pr_skill/mean,0.3301200061501355,
south/targeted_top3/pr_skill/sd,0.10656940222702233,
south/targeted_top3/brier/mean,0.20183345355628482,
south/targeted_top3/brier/sd,0.013807476051954412,
south/targeted_top3/log_loss/mean,0.6119781182039071,
south/targeted_top3/log_loss/sd,0.056140887924809216,
south/targeted_top3/ece/mean,0.12587202109821352,
south/targeted_top3/ece/sd,0.03191448482300608,
south/targeted_top3/hcep_090/mean,0.044666666666666625,
south/targeted_top3/hcep_090/sd,0.037594325812991145,
south/targeted_top3/aurc/mean,0.19161581328009958,
south/targeted_top3/aurc/sd,0.027999069279026716,
south/targeted_top3/excess_aurc/mean,0.1459288552504368,
south/targeted_top3/excess_aurc/sd,0.027998776842101523,
south/targeted_top3/conformal_marginal/coverage/mean,0.7996666666666667,
south/targeted_top3/conformal_marginal/coverage/sd,0.04910782979697251,
south/targeted_top3/conformal_marginal/class0_coverage/mean,1.0,
south/targeted_top3/conformal_marginal/class0_coverage/sd,0.0,
south/targeted_top3/conformal_marginal/class1_coverage/mean,0.33222222222222214,
south/targeted_top3/conformal_marginal/class1_coverage/sd,0.16369276598990837,
south/targeted_top3/conformal_marginal/avg_set_size/mean,1.1853333333333336,
south/targeted_top3/conformal_marginal/avg_set_size/sd,0.11292185363887616,
south/targeted_top3/conformal_marginal/singleton_rate/mean,0.8146666666666667,
south/targeted_top3/conformal_marginal/singleton_rate/sd,0.11292185363887615,
south/targeted_top3/conformal_marginal/singleton_accuracy/mean,0.7574062481584576,
south/targeted_top3/conformal_marginal/singleton_accuracy/sd,0.03320413465831933,
south/targeted_top3/conformal_label_conditional/coverage/mean,0.9096666666666666,
south/targeted_top3/conformal_label_conditional/coverage/sd,0.05482454736841927,
south/targeted_top3/conformal_label_conditional/class0_coverage/mean,0.9952380952380953,
south/targeted_top3/conformal_label_conditional/class0_coverage/sd,0.007246532478597031,
south/targeted_top3/conformal_label_conditional/class1_coverage/mean,0.71,
south/targeted_top3/conformal_label_conditional/class1_coverage/sd,0.1801703042443842,
south/targeted_top3/conformal_label_conditional/avg_set_size/mean,1.5270000000000001,
south/targeted_top3/conformal_label_conditional/avg_set_size/sd,0.19722608512813602,
south/targeted_top3/conformal_label_conditional/singleton_rate/mean,0.47300000000000003,
south/targeted_top3/conformal_label_conditional/singleton_rate/sd,0.19722608512813602,
south/targeted_top3/conformal_label_conditional/singleton_accuracy/mean,0.8201165806174966,
south/targeted_top3/conformal_label_conditional/singleton_accuracy/sd,0.05285596604792501,
south/targeted_distribution/aurc/targeted_minus_random_median_mean,0.055312430150190384,
south/targeted_distribution/aurc/severity_percentile_mean,0.9700000000000001,
south/targeted_distribution/aurc/severity_percentile_median,1.0,
south/targeted_distribution/auroc/targeted_minus_random_median_mean,-0.07589417989417988,
south/targeted_distribution/auroc/severity_percentile_mean,0.9399999999999998,
south/targeted_distribution/auroc/severity_percentile_median,1.0,
south/targeted_distribution/average_precision/targeted_minus_random_median_mean,-0.07079420012812207,
south/targeted_distribution/average_precision/severity_percentile_mean,0.8299999999999998,
south/targeted_distribution/average_precision/severity_percentile_median,0.95,
south/targeted_distribution/brier/targeted_minus_random_median_mean,0.030545391639742125,
south/targeted_distribution/brier/severity_percentile_mean,0.9499999999999998,
south/targeted_distribution/brier/severity_percentile_median,0.95,
south/targeted_distribution/ece/targeted_minus_random_median_mean,0.026898704506716296,
south/targeted_distribution/ece/severity_percentile_mean,0.7525000000000001,
south/targeted_distribution/ece/severity_percentile_median,0.825,
south/targeted_distribution/excess_aurc/targeted_minus_random_median_mean,0.04406585903851655,
south/targeted_distribution/excess_aurc/severity_percentile_mean,0.9650000000000001,
south/targeted_distribution/excess_aurc/severity_percentile_median,1.0,
south/targeted_distribution/hcep_090/targeted_minus_random_median_mean,0.028833333333333287,
south/targeted_distribution/hcep_090/severity_percentile_mean,0.9075,
south/targeted_distribution/hcep_090/severity_percentile_median,0.95,
south/targeted_distribution/log_loss/targeted_minus_random_median_mean,0.09452511776670997,
south/targeted_distribution/log_loss/severity_percentile_mean,0.9549999999999998,
south/targeted_distribution/log_loss/severity_percentile_median,1.0,
heart/Cleveland/id_test/prevalence/mean,0.6129032258064517,
heart/Cleveland/id_test/prevalence/sd,1.1702778228589004e-16,
heart/Cleveland/id_test/auroc/mean,0.8941520467836256,
heart/Cleveland/id_test/auroc/sd,0.025484218080669335,
heart/Cleveland/id_test/average_precision/mean,0.9133222799062686,
heart/Cleveland/id_test/average_precision/sd,0.031233347281954562,
heart/Cleveland/id_test/pr_skill/mean,0.7760825564245275,
heart/Cleveland/id_test/pr_skill/sd,0.08068614714504933,
heart/Cleveland/id_test/brier/mean,0.1207001291092141,
heart/Cleveland/id_test/brier/sd,0.013201504975820552,
heart/Cleveland/id_test/log_loss/mean,0.39784207373029645,
heart/Cleveland/id_test/log_loss/sd,0.04289311776663605,
heart/Cleveland/id_test/ece/mean,0.11143209590439687,
heart/Cleveland/id_test/ece/sd,0.018928236609994126,
heart/Cleveland/id_test/hcep_090/mean,0.022580645161290297,
heart/Cleveland/id_test/hcep_090/sd,0.02177253411969523,
heart/Cleveland/id_test/aurc/mean,0.07982814361921138,
heart/Cleveland/id_test/aurc/sd,0.027943319722499388,
heart/Cleveland/id_test/excess_aurc/mean,0.06588355157030855,
heart/Cleveland/id_test/excess_aurc/sd,0.02754131441771433,
heart/Cleveland/id_test/selection_080/selection_rate/mean,0.8032258064516128,
heart/Cleveland/id_test/selection_080/selection_rate/sd,0.05389470236941072,
heart/Cleveland/id_test/selection_080/selective_risk/mean,0.10708122249741363,
heart/Cleveland/id_test/selection_080/selective_risk/sd,0.03651603202074947,
heart/Cleveland/id_test/conformal_marginal/coverage/mean,0.9225806451612903,
heart/Cleveland/id_test/conformal_marginal/coverage/sd,0.03919777237130415,
heart/Cleveland/id_test/conformal_marginal/class0_coverage/mean,0.8722222222222221,
heart/Cleveland/id_test/conformal_marginal/class0_coverage/sd,0.058852772526187765,
heart/Cleveland/id_test/conformal_marginal/class1_coverage/mean,0.9543859649122807,
heart/Cleveland/id_test/conformal_marginal/class1_coverage/sd,0.04313237173002521,
heart/Cleveland/id_test/conformal_marginal/avg_set_size/mean,1.260215053763441,
heart/Cleveland/id_test/conformal_marginal/avg_set_size/sd,0.1251712255927705,
heart/Cleveland/id_test/conformal_marginal/singleton_rate/mean,0.7397849462365591,
heart/Cleveland/id_test/conformal_marginal/singleton_rate/sd,0.1251712255927705,
heart/Cleveland/id_test/conformal_marginal/singleton_accuracy/mean,0.8999698448549026,
heart/Cleveland/id_test/conformal_marginal/singleton_accuracy/sd,0.03854138286880505,
heart/Cleveland/id_test/conformal_label_conditional/coverage/mean,0.9365591397849464,
heart/Cleveland/id_test/conformal_label_conditional/coverage/sd,0.04820755219668795,
heart/Cleveland/id_test/conformal_label_conditional/class0_coverage/mean,0.95,
heart/Cleveland/id_test/conformal_label_conditional/class0_coverage/sd,0.04684855792842043,
heart/Cleveland/id_test/conformal_label_conditional/class1_coverage/mean,0.9280701754385966,
heart/Cleveland/id_test/conformal_label_conditional/class1_coverage/sd,0.05874210060279621,
heart/Cleveland/id_test/conformal_label_conditional/avg_set_size/mean,1.4344086021505376,
heart/Cleveland/id_test/conformal_label_conditional/avg_set_size/sd,0.19626397085187208,
heart/Cleveland/id_test/conformal_label_conditional/singleton_rate/mean,0.5655913978494624,
heart/Cleveland/id_test/conformal_label_conditional/singleton_rate/sd,0.1962639708518722,
heart/Cleveland/id_test/conformal_label_conditional/singleton_accuracy/mean,0.8978847535933472,
heart/Cleveland/id_test/conformal_label_conditional/singleton_accuracy/sd,0.04639807522612555,
heart/Cleveland/ood_test/prevalence/mean,0.4587458745874587,
heart/Cleveland/ood_test/prevalence/sd,0.0,
heart/Cleveland/ood_test/auroc/mean,0.7509957887348657,
heart/Cleveland/ood_test/auroc/sd,0.14070704869471112,
heart/Cleveland/ood_test/average_precision/mean,0.7357068450143,
heart/Cleveland/ood_test/average_precision/sd,0.13538141117933672,
heart/Cleveland/ood_test/pr_skill/mean,0.5117022807276395,
heart/Cleveland/ood_test/pr_skill/sd,0.2501254121179209,
heart/Cleveland/ood_test/brier/mean,0.23004310083527582,
heart/Cleveland/ood_test/brier/sd,0.08938494666325258,
heart/Cleveland/ood_test/log_loss/mean,0.7624119271319997,
heart/Cleveland/ood_test/log_loss/sd,0.3100919380592619,
heart/Cleveland/ood_test/ece/mean,0.17599532695370262,
heart/Cleveland/ood_test/ece/sd,0.1110206224974454,
heart/Cleveland/ood_test/hcep_090/mean,0.09603960396039604,
heart/Cleveland/ood_test/hcep_090/sd,0.07863208975525067,
heart/Cleveland/ood_test/aurc/mean,0.23616465370813522,
heart/Cleveland/ood_test/aurc/sd,0.14797538556187945,
heart/Cleveland/ood_test/excess_aurc/mean,0.16960124720325687,
heart/Cleveland/ood_test/excess_aurc/sd,0.0965822803951021,
heart/Cleveland/ood_test/selection_080/selection_rate/mean,0.7623762376237623,
heart/Cleveland/ood_test/selection_080/selection_rate/sd,0.10797903397308586,
heart/Cleveland/ood_test/selection_080/selective_risk/mean,0.2747704867359327,
heart/Cleveland/ood_test/selection_080/selective_risk/sd,0.13535255785022748,
heart/Cleveland/ood_test/conformal_marginal/coverage/mean,0.8135313531353136,
heart/Cleveland/ood_test/conformal_marginal/coverage/sd,0.12632836819865037,
heart/Cleveland/ood_test/conformal_marginal/class0_coverage/mean,0.8341463414634145,
heart/Cleveland/ood_test/conformal_marginal/class0_coverage/sd,0.22262917988232883,
heart/Cleveland/ood_test/conformal_marginal/class1_coverage/mean,0.7892086330935252,
heart/Cleveland/ood_test/conformal_marginal/class1_coverage/sd,0.1314818047945614,
heart/Cleveland/ood_test/conformal_marginal/avg_set_size/mean,1.3072607260726072,
heart/Cleveland/ood_test/conformal_marginal/avg_set_size/sd,0.16098823616421334,
heart/Cleveland/ood_test/conformal_marginal/singleton_rate/mean,0.6927392739273928,
heart/Cleveland/ood_test/conformal_marginal/singleton_rate/sd,0.16098823616421334,
heart/Cleveland/ood_test/conformal_marginal/singleton_accuracy/mean,0.7373940613860092,
heart/Cleveland/ood_test/conformal_marginal/singleton_accuracy/sd,0.14217772599860784,
heart/Cleveland/ood_test/conformal_label_conditional/coverage/mean,0.8287128712871287,
heart/Cleveland/ood_test/conformal_label_conditional/coverage/sd,0.12229987858738005,
heart/Cleveland/ood_test/conformal_label_conditional/class0_coverage/mean,0.9030487804878049,
heart/Cleveland/ood_test/conformal_label_conditional/class0_coverage/sd,0.18841035856963778,
heart/Cleveland/ood_test/conformal_label_conditional/class1_coverage/mean,0.7410071942446043,
heart/Cleveland/ood_test/conformal_label_conditional/class1_coverage/sd,0.16916251403883356,
heart/Cleveland/ood_test/conformal_label_conditional/avg_set_size/mean,1.3762376237623761,
heart/Cleveland/ood_test/conformal_label_conditional/avg_set_size/sd,0.19730343468825243,
heart/Cleveland/ood_test/conformal_label_conditional/singleton_rate/mean,0.6237623762376237,
heart/Cleveland/ood_test/conformal_label_conditional/singleton_rate/sd,0.19730343468825245,
heart/Cleveland/ood_test/conformal_label_conditional/singleton_accuracy/mean,0.7340235071125152,
heart/Cleveland/ood_test/conformal_label_conditional/singleton_accuracy/sd,0.14159162741502326,
heart/Hungary/id_test/prevalence/mean,0.6526315789473685,
heart/Hungary/id_test/prevalence/sd,0.0,
heart/Hungary/id_test/auroc/mean,0.873069403714565,
heart/Hungary/id_test/auroc/sd,0.026669133835654026,
heart/Hungary/id_test/average_precision/mean,0.9135318196505162,
heart/Hungary/id_test/average_precision/sd,0.022285064429968363,
heart/Hungary/id_test/pr_skill/mean,0.7510764505090619,
heart/Hungary/id_test/pr_skill/sd,0.06415397335899994,
heart/Hungary/id_test/brier/mean,0.1296392566098696,
heart/Hungary/id_test/brier/sd,0.015043196645349496,
heart/Hungary/id_test/log_loss/mean,0.4177571091301912,
heart/Hungary/id_test/log_loss/sd,0.048340597266293805,
heart/Hungary/id_test/ece/mean,0.1055587933670216,
heart/Hungary/id_test/ece/sd,0.031130502630822454,
heart/Hungary/id_test/hcep_090/mean,0.029473684210526253,
heart/Hungary/id_test/hcep_090/sd,0.02616330088744878,
heart/Hungary/id_test/aurc/mean,0.08593272981308821,
heart/Hungary/id_test/aurc/sd,0.022013629588154532,
heart/Hungary/id_test/excess_aurc/mean,0.06959507335931761,
heart/Hungary/id_test/excess_aurc/sd,0.02106582728888729,
heart/Hungary/id_test/selection_080/selection_rate/mean,0.7736842105263158,
heart/Hungary/id_test/selection_080/selection_rate/sd,0.06826342616962709,
heart/Hungary/id_test/selection_080/selective_risk/mean,0.11876512870628822,
heart/Hungary/id_test/selection_080/selective_risk/sd,0.03364533777270251,
heart/Hungary/id_test/conformal_marginal/coverage/mean,0.9105263157894736,
heart/Hungary/id_test/conformal_marginal/coverage/sd,0.029461150217099438,
heart/Hungary/id_test/conformal_marginal/class0_coverage/mean,0.8181818181818181,
heart/Hungary/id_test/conformal_marginal/class0_coverage/sd,0.07692700106933242,
heart/Hungary/id_test/conformal_marginal/class1_coverage/mean,0.9596774193548387,
heart/Hungary/id_test/conformal_marginal/class1_coverage/sd,0.033359337758040036,
heart/Hungary/id_test/conformal_marginal/avg_set_size/mean,1.2442105263157894,
heart/Hungary/id_test/conformal_marginal/avg_set_size/sd,0.06560559097555224,
heart/Hungary/id_test/conformal_marginal/singleton_rate/mean,0.7557894736842105,
heart/Hungary/id_test/conformal_marginal/singleton_rate/sd,0.06560559097555224,
heart/Hungary/id_test/conformal_marginal/singleton_accuracy/mean,0.8822764987153994,
heart/Hungary/id_test/conformal_marginal/singleton_accuracy/sd,0.03404172404738348,
heart/Hungary/id_test/conformal_label_conditional/coverage/mean,0.9105263157894739,
heart/Hungary/id_test/conformal_label_conditional/coverage/sd,0.034468215270857014,
heart/Hungary/id_test/conformal_label_conditional/class0_coverage/mean,0.909090909090909,
heart/Hungary/id_test/conformal_label_conditional/class0_coverage/sd,0.06998185081086371,
heart/Hungary/id_test/conformal_label_conditional/class1_coverage/mean,0.9112903225806452,
heart/Hungary/id_test/conformal_label_conditional/class1_coverage/sd,0.05226403789038599,
heart/Hungary/id_test/conformal_label_conditional/avg_set_size/mean,1.3789473684210527,
heart/Hungary/id_test/conformal_label_conditional/avg_set_size/sd,0.13894027981209356,
heart/Hungary/id_test/conformal_label_conditional/singleton_rate/mean,0.6210526315789473,
heart/Hungary/id_test/conformal_label_conditional/singleton_rate/sd,0.1389402798120936,
heart/Hungary/id_test/conformal_label_conditional/singleton_accuracy/mean,0.8572414773216452,
heart/Hungary/id_test/conformal_label_conditional/singleton_accuracy/sd,0.048893055070487586,
heart/Hungary/ood_test/prevalence/mean,0.36054421768707473,
heart/Hungary/ood_test/prevalence/sd,5.851389114294502e-17,
heart/Hungary/ood_test/auroc/mean,0.8741368928141309,
heart/Hungary/ood_test/auroc/sd,0.009137374519997753,
heart/Hungary/ood_test/average_precision/mean,0.8267947016768643,
heart/Hungary/ood_test/average_precision/sd,0.012664872083085104,
heart/Hungary/ood_test/pr_skill/mean,0.7291363951755216,
heart/Hungary/ood_test/pr_skill/sd,0.01980570421503735,
heart/Hungary/ood_test/brier/mean,0.1434502486145597,
heart/Hungary/ood_test/brier/sd,0.010713695952567341,
heart/Hungary/ood_test/log_loss/mean,0.4502112901802981,
heart/Hungary/ood_test/log_loss/sd,0.026729780624328143,
heart/Hungary/ood_test/ece/mean,0.11067850887800704,
heart/Hungary/ood_test/ece/sd,0.03550703704204923,
heart/Hungary/ood_test/hcep_090/mean,0.0081632653061224,
heart/Hungary/ood_test/hcep_090/sd,0.009098595305096978,
heart/Hungary/ood_test/aurc/mean,0.09670010977132557,
heart/Hungary/ood_test/aurc/sd,0.013849569194886809,
heart/Hungary/ood_test/excess_aurc/mean,0.07595399676257997,
heart/Hungary/ood_test/excess_aurc/sd,0.010819344298172143,
heart/Hungary/ood_test/selection_080/selection_rate/mean,0.7316326530612245,
heart/Hungary/ood_test/selection_080/selection_rate/sd,0.0889347202407032,
heart/Hungary/ood_test/selection_080/selective_risk/mean,0.12791990915490506,
heart/Hungary/ood_test/selection_080/selective_risk/sd,0.022862068238663567,
heart/Hungary/ood_test/conformal_marginal/coverage/mean,0.9156462585034013,
heart/Hungary/ood_test/conformal_marginal/coverage/sd,0.022550675538234626,
heart/Hungary/ood_test/conformal_marginal/class0_coverage/mean,0.9287234042553193,
heart/Hungary/ood_test/conformal_marginal/class0_coverage/sd,0.021008954955459066,
heart/Hungary/ood_test/conformal_marginal/class1_coverage/mean,0.8924528301886794,
heart/Hungary/ood_test/conformal_marginal/class1_coverage/sd,0.05035375824213356,
heart/Hungary/ood_test/conformal_marginal/avg_set_size/mean,1.3200680272108845,
heart/Hungary/ood_test/conformal_marginal/avg_set_size/sd,0.13345446623985915,
heart/Hungary/ood_test/conformal_marginal/singleton_rate/mean,0.6799319727891155,
heart/Hungary/ood_test/conformal_marginal/singleton_rate/sd,0.1334544662398591,
heart/Hungary/ood_test/conformal_marginal/singleton_accuracy/mean,0.8768089339712732,
heart/Hungary/ood_test/conformal_marginal/singleton_accuracy/sd,0.017113568838602915,
heart/Hungary/ood_test/conformal_label_conditional/coverage/mean,0.9272108843537415,
heart/Hungary/ood_test/conformal_label_conditional/coverage/sd,0.023521637151727757,
heart/Hungary/ood_test/conformal_label_conditional/class0_coverage/mean,0.9904255319148938,
heart/Hungary/ood_test/conformal_label_conditional/class0_coverage/sd,0.011157540937980307,
heart/Hungary/ood_test/conformal_label_conditional/class1_coverage/mean,0.8150943396226416,
heart/Hungary/ood_test/conformal_label_conditional/class1_coverage/sd,0.0667378284019236,
heart/Hungary/ood_test/conformal_label_conditional/avg_set_size/mean,1.3605442176870748,
heart/Hungary/ood_test/conformal_label_conditional/avg_set_size/sd,0.13220168568842094,
heart/Hungary/ood_test/conformal_label_conditional/singleton_rate/mean,0.6394557823129252,
heart/Hungary/ood_test/conformal_label_conditional/singleton_rate/sd,0.13220168568842097,
heart/Hungary/ood_test/conformal_label_conditional/singleton_accuracy/mean,0.8887270209803255,
heart/Hungary/ood_test/conformal_label_conditional/singleton_accuracy/sd,0.023134588678914582,
heart/Switzerland/id_test/prevalence/mean,0.49166666666666653,
heart/Switzerland/id_test/prevalence/sd,5.851389114294502e-17,
heart/Switzerland/id_test/auroc/mean,0.8916921367046402,
heart/Switzerland/id_test/auroc/sd,0.03352650134982874,
heart/Switzerland/id_test/average_precision/mean,0.8813904762893934,
heart/Switzerland/id_test/average_precision/sd,0.04390059211159575,
heart/Switzerland/id_test/pr_skill/mean,0.7666697894217575,
heart/Switzerland/id_test/pr_skill/sd,0.0863618205474015,
heart/Switzerland/id_test/brier/mean,0.1327109805178041,
heart/Switzerland/id_test/brier/sd,0.02138210761032267,
heart/Switzerland/id_test/log_loss/mean,0.4197451599484586,
heart/Switzerland/id_test/log_loss/sd,0.061585934546986056,
heart/Switzerland/id_test/ece/mean,0.0943449066524127,
heart/Switzerland/id_test/ece/sd,0.012502667110048674,
heart/Switzerland/id_test/hcep_090/mean,0.0233333333333333,
heart/Switzerland/id_test/hcep_090/sd,0.017916128329552326,
heart/Switzerland/id_test/aurc/mean,0.08257110888000305,
heart/Switzerland/id_test/aurc/sd,0.034076692348328295,
heart/Switzerland/id_test/excess_aurc/mean,0.06213463712428513,
heart/Switzerland/id_test/excess_aurc/sd,0.028095328354039144,
heart/Switzerland/id_test/selection_080/selection_rate/mean,0.7708333333333334,
heart/Switzerland/id_test/selection_080/selection_rate/sd,0.06727156132395738,
heart/Switzerland/id_test/selection_080/selective_risk/mean,0.12049935410319183,
heart/Switzerland/id_test/selection_080/selective_risk/sd,0.02574972423085414,
heart/Switzerland/id_test/conformal_marginal/coverage/mean,0.9099999999999999,
heart/Switzerland/id_test/conformal_marginal/coverage/sd,0.04594682917363411,
heart/Switzerland/id_test/conformal_marginal/class0_coverage/mean,0.9081967213114754,
heart/Switzerland/id_test/conformal_marginal/class0_coverage/sd,0.04899783993761727,
heart/Switzerland/id_test/conformal_marginal/class1_coverage/mean,0.9118644067796609,
heart/Switzerland/id_test/conformal_marginal/class1_coverage/sd,0.05465937456473593,
heart/Switzerland/id_test/conformal_marginal/avg_set_size/mean,1.2466666666666668,
heart/Switzerland/id_test/conformal_marginal/avg_set_size/sd,0.10730998135665397,
heart/Switzerland/id_test/conformal_marginal/singleton_rate/mean,0.7533333333333333,
heart/Switzerland/id_test/conformal_marginal/singleton_rate/sd,0.10730998135665404,
heart/Switzerland/id_test/conformal_marginal/singleton_accuracy/mean,0.8840290022463518,
heart/Switzerland/id_test/conformal_marginal/singleton_accuracy/sd,0.04687507880232864,
heart/Switzerland/id_test/conformal_label_conditional/coverage/mean,0.9108333333333334,
heart/Switzerland/id_test/conformal_label_conditional/coverage/sd,0.044626363796292125,
heart/Switzerland/id_test/conformal_label_conditional/class0_coverage/mean,0.9245901639344265,
heart/Switzerland/id_test/conformal_label_conditional/class0_coverage/sd,0.0410382149847401,
heart/Switzerland/id_test/conformal_label_conditional/class1_coverage/mean,0.8966101694915254,
heart/Switzerland/id_test/conformal_label_conditional/class1_coverage/sd,0.06800814456860636,
heart/Switzerland/id_test/conformal_label_conditional/avg_set_size/mean,1.2733333333333334,
heart/Switzerland/id_test/conformal_label_conditional/avg_set_size/sd,0.12049281521534189,
heart/Switzerland/id_test/conformal_label_conditional/singleton_rate/mean,0.7266666666666666,
heart/Switzerland/id_test/conformal_label_conditional/singleton_rate/sd,0.12049281521534184,
heart/Switzerland/id_test/conformal_label_conditional/singleton_accuracy/mean,0.8809416359420996,
heart/Switzerland/id_test/conformal_label_conditional/singleton_accuracy/sd,0.04781087123526396,
heart/Switzerland/ood_test/prevalence/mean,0.9349593495934961,
heart/Switzerland/ood_test/prevalence/sd,1.1702778228589004e-16,
heart/Switzerland/ood_test/auroc/mean,0.7418478260869564,
heart/Switzerland/ood_test/auroc/sd,0.012522296854192346,
heart/Switzerland/ood_test/average_precision/mean,0.9720101009242811,
heart/Switzerland/ood_test/average_precision/sd,0.0028287059427508985,
heart/Switzerland/ood_test/pr_skill/mean,0.5696553017108188,
heart/Switzerland/ood_test/pr_skill/sd,0.04349135386979478,
heart/Switzerland/ood_test/brier/mean,0.21292816426819366,
heart/Switzerland/ood_test/brier/sd,0.031144172751170353,
heart/Switzerland/ood_test/log_loss/mean,0.6232448994618822,
heart/Switzerland/ood_test/log_loss/sd,0.08334627759707416,
heart/Switzerland/ood_test/ece/mean,0.3340722602189278,
heart/Switzerland/ood_test/ece/sd,0.046303584843800275,
heart/Switzerland/ood_test/hcep_090/mean,0.024390243902438997,
heart/Switzerland/ood_test/hcep_090/sd,0.023312534599031483,
heart/Switzerland/ood_test/aurc/mean,0.21742191010659268,
heart/Switzerland/ood_test/aurc/sd,0.06648239378894792,
heart/Switzerland/ood_test/excess_aurc/mean,0.15904388936624086,
heart/Switzerland/ood_test/excess_aurc/sd,0.04939551115533054,
heart/Switzerland/ood_test/selection_080/selection_rate/mean,0.6780487804878049,
heart/Switzerland/ood_test/selection_080/selection_rate/sd,0.04586275512478304,
heart/Switzerland/ood_test/selection_080/selective_risk/mean,0.26817475136795793,
heart/Switzerland/ood_test/selection_080/selective_risk/sd,0.0677691018408341,
heart/Switzerland/ood_test/conformal_marginal/coverage/mean,0.8292682926829269,
heart/Switzerland/ood_test/conformal_marginal/coverage/sd,0.06812902487792158,
heart/Switzerland/ood_test/conformal_marginal/class0_coverage/mean,0.75,
heart/Switzerland/ood_test/conformal_marginal/class0_coverage/sd,0.05892556509887896,
heart/Switzerland/ood_test/conformal_marginal/class1_coverage/mean,0.8347826086956521,
heart/Switzerland/ood_test/conformal_marginal/class1_coverage/sd,0.0711179370804945,
heart/Switzerland/ood_test/conformal_marginal/avg_set_size/mean,1.3528455284552847,
heart/Switzerland/ood_test/conformal_marginal/avg_set_size/sd,0.12833058564947558,
heart/Switzerland/ood_test/conformal_marginal/singleton_rate/mean,0.6471544715447154,
heart/Switzerland/ood_test/conformal_marginal/singleton_rate/sd,0.1283305856494756,
heart/Switzerland/ood_test/conformal_marginal/singleton_accuracy/mean,0.740726052609216,
heart/Switzerland/ood_test/conformal_marginal/singleton_accuracy/sd,0.07390672890969349,
heart/Switzerland/ood_test/conformal_label_conditional/coverage/mean,0.8195121951219513,
heart/Switzerland/ood_test/conformal_label_conditional/coverage/sd,0.08137304830714932,
heart/Switzerland/ood_test/conformal_label_conditional/class0_coverage/mean,0.775,
heart/Switzerland/ood_test/conformal_label_conditional/class0_coverage/sd,0.05270462766947299,
heart/Switzerland/ood_test/conformal_label_conditional/class1_coverage/mean,0.8226086956521739,
heart/Switzerland/ood_test/conformal_label_conditional/class1_coverage/sd,0.08639431784469169,
heart/Switzerland/ood_test/conformal_label_conditional/avg_set_size/mean,1.3894308943089428,
heart/Switzerland/ood_test/conformal_label_conditional/avg_set_size/sd,0.12679046496023474,
heart/Switzerland/ood_test/conformal_label_conditional/singleton_rate/mean,0.6105691056910569,
heart/Switzerland/ood_test/conformal_label_conditional/singleton_rate/sd,0.12679046496023474,
heart/Switzerland/ood_test/conformal_label_conditional/singleton_accuracy/mean,0.7066584595838642,
heart/Switzerland/ood_test/conformal_label_conditional/singleton_accuracy/sd,0.12030649070150015,
heart/VA Long Beach/id_test/prevalence/mean,0.5,
heart/VA Long Beach/id_test/prevalence/sd,0.0,
heart/VA Long Beach/id_test/auroc/mean,0.9079903978052126,
heart/VA Long Beach/id_test/auroc/sd,0.02562628296109684,
heart/VA Long Beach/id_test/average_precision/mean,0.9143095135195335,
heart/VA Long Beach/id_test/average_precision/sd,0.025991463463006678,
heart/VA Long Beach/id_test/pr_skill/mean,0.8286190270390671,
heart/VA Long Beach/id_test/pr_skill/sd,0.05198292692601333,
heart/VA Long Beach/id_test/brier/mean,0.11758240490701896,
heart/VA Long Beach/id_test/brier/sd,0.016053447572031143,
heart/VA Long Beach/id_test/log_loss/mean,0.38811162705044994,
heart/VA Long Beach/id_test/log_loss/sd,0.04646452632333623,
heart/VA Long Beach/id_test/ece/mean,0.1003790292931374,
heart/VA Long Beach/id_test/ece/sd,0.015997434688859797,
heart/VA Long Beach/id_test/hcep_090/mean,0.03240740740740737,
heart/VA Long Beach/id_test/hcep_090/sd,0.0186466758851768,
heart/VA Long Beach/id_test/aurc/mean,0.07045036205784828,
heart/VA Long Beach/id_test/aurc/sd,0.020976217484114927,
heart/VA Long Beach/id_test/excess_aurc/mean,0.05774999879960531,
heart/VA Long Beach/id_test/excess_aurc/sd,0.018171207112568977,
heart/VA Long Beach/id_test/selection_080/selection_rate/mean,0.8157407407407407,
heart/VA Long Beach/id_test/selection_080/selection_rate/sd,0.06524694278004883,
heart/VA Long Beach/id_test/selection_080/selective_risk/mean,0.10621603183717185,
heart/VA Long Beach/id_test/selection_080/selective_risk/sd,0.031334169225263456,
heart/VA Long Beach/id_test/conformal_marginal/coverage/mean,0.9064814814814814,
heart/VA Long Beach/id_test/conformal_marginal/coverage/sd,0.0446091768786352,
heart/VA Long Beach/id_test/conformal_marginal/class0_coverage/mean,0.9055555555555557,
heart/VA Long Beach/id_test/conformal_marginal/class0_coverage/sd,0.03947722705017156,
heart/VA Long Beach/id_test/conformal_marginal/class1_coverage/mean,0.9074074074074072,
heart/VA Long Beach/id_test/conformal_marginal/class1_coverage/sd,0.059847899474275656,
heart/VA Long Beach/id_test/conformal_marginal/avg_set_size/mean,1.2046296296296295,
heart/VA Long Beach/id_test/conformal_marginal/avg_set_size/sd,0.09656598039069313,
heart/VA Long Beach/id_test/conformal_marginal/singleton_rate/mean,0.7953703703703703,
heart/VA Long Beach/id_test/conformal_marginal/singleton_rate/sd,0.09656598039069313,
heart/VA Long Beach/id_test/conformal_marginal/singleton_accuracy/mean,0.8859467476028069,
heart/VA Long Beach/id_test/conformal_marginal/singleton_accuracy/sd,0.04121705852829263,
heart/VA Long Beach/id_test/conformal_label_conditional/coverage/mean,0.9240740740740743,
heart/VA Long Beach/id_test/conformal_label_conditional/coverage/sd,0.03318439519929782,
heart/VA Long Beach/id_test/conformal_label_conditional/class0_coverage/mean,0.937037037037037,
heart/VA Long Beach/id_test/conformal_label_conditional/class0_coverage/sd,0.03403468827676595,
heart/VA Long Beach/id_test/conformal_label_conditional/class1_coverage/mean,0.9111111111111111,
heart/VA Long Beach/id_test/conformal_label_conditional/class1_coverage/sd,0.06343324730205004,
heart/VA Long Beach/id_test/conformal_label_conditional/avg_set_size/mean,1.2648148148148148,
heart/VA Long Beach/id_test/conformal_label_conditional/avg_set_size/sd,0.10219731908741127,
heart/VA Long Beach/id_test/conformal_label_conditional/singleton_rate/mean,0.7351851851851852,
heart/VA Long Beach/id_test/conformal_label_conditional/singleton_rate/sd,0.10219731908741135,
heart/VA Long Beach/id_test/conformal_label_conditional/singleton_accuracy/mean,0.8987836828246575,
heart/VA Long Beach/id_test/conformal_label_conditional/singleton_accuracy/sd,0.03029005465937212,
heart/VA Long Beach/ood_test/prevalence/mean,0.745,
heart/VA Long Beach/ood_test/prevalence/sd,0.0,
heart/VA Long Beach/ood_test/auroc/mean,0.7042505592841163,
heart/VA Long Beach/ood_test/auroc/sd,0.013798614027775609,
heart/VA Long Beach/ood_test/average_precision/mean,0.8515978136411316,
heart/VA Long Beach/ood_test/average_precision/sd,0.00980406291659498,
heart/VA Long Beach/ood_test/pr_skill/mean,0.4180306417299281,
heart/VA Long Beach/ood_test/pr_skill/sd,0.038447305555274425,
heart/VA Long Beach/ood_test/brier/mean,0.19014801690273045,
heart/VA Long Beach/ood_test/brier/sd,0.008921373265705771,
heart/VA Long Beach/ood_test/log_loss/mean,0.5827600741109124,
heart/VA Long Beach/ood_test/log_loss/sd,0.03319133827473508,
heart/VA Long Beach/ood_test/ece/mean,0.13854442375354215,
heart/VA Long Beach/ood_test/ece/sd,0.036338631373531945,
heart/VA Long Beach/ood_test/hcep_090/mean,0.042499999999999996,
heart/VA Long Beach/ood_test/hcep_090/sd,0.020982797186690282,
heart/VA Long Beach/ood_test/aurc/mean,0.17988977262305417,
heart/VA Long Beach/ood_test/aurc/sd,0.015017965760200041,
heart/VA Long Beach/ood_test/excess_aurc/mean,0.13655188779051483,
heart/VA Long Beach/ood_test/excess_aurc/sd,0.011680529711023839,
heart/VA Long Beach/ood_test/selection_080/selection_rate/mean,0.734,
heart/VA Long Beach/ood_test/selection_080/selection_rate/sd,0.0957659183170668,
heart/VA Long Beach/ood_test/selection_080/selective_risk/mean,0.21556906042630314,
heart/VA Long Beach/ood_test/selection_080/selective_risk/sd,0.021427614027564205,
heart/VA Long Beach/ood_test/conformal_marginal/coverage/mean,0.8564999999999999,
heart/VA Long Beach/ood_test/conformal_marginal/coverage/sd,0.05270726283497897,
heart/VA Long Beach/ood_test/conformal_marginal/class0_coverage/mean,0.6862745098039216,
heart/VA Long Beach/ood_test/conformal_marginal/class0_coverage/sd,0.11909063502149411,
heart/VA Long Beach/ood_test/conformal_marginal/class1_coverage/mean,0.914765100671141,
heart/VA Long Beach/ood_test/conformal_marginal/class1_coverage/sd,0.03566110608681966,
heart/VA Long Beach/ood_test/conformal_marginal/avg_set_size/mean,1.302,
heart/VA Long Beach/ood_test/conformal_marginal/avg_set_size/sd,0.1394871559200583,
heart/VA Long Beach/ood_test/conformal_marginal/singleton_rate/mean,0.6980000000000001,
heart/VA Long Beach/ood_test/conformal_marginal/singleton_rate/sd,0.13948715592005834,
heart/VA Long Beach/ood_test/conformal_marginal/singleton_accuracy/mean,0.7996989339152821,
heart/VA Long Beach/ood_test/conformal_marginal/singleton_accuracy/sd,0.036835241251647124,
heart/VA Long Beach/ood_test/conformal_label_conditional/coverage/mean,0.8625,
heart/VA Long Beach/ood_test/conformal_label_conditional/coverage/sd,0.04373213921133977,
heart/VA Long Beach/ood_test/conformal_label_conditional/class0_coverage/mean,0.7333333333333333,
heart/VA Long Beach/ood_test/conformal_label_conditional/class0_coverage/sd,0.06613914060482884,
heart/VA Long Beach/ood_test/conformal_label_conditional/class1_coverage/mean,0.9067114093959731,
heart/VA Long Beach/ood_test/conformal_label_conditional/class1_coverage/sd,0.04512698532794511,
heart/VA Long Beach/ood_test/conformal_label_conditional/avg_set_size/mean,1.3699999999999999,
heart/VA Long Beach/ood_test/conformal_label_conditional/avg_set_size/sd,0.12362577940435132,
heart/VA Long Beach/ood_test/conformal_label_conditional/singleton_rate/mean,0.6300000000000001,
heart/VA Long Beach/ood_test/conformal_label_conditional/singleton_rate/sd,0.12362577940435132,
heart/VA Long Beach/ood_test/conformal_label_conditional/singleton_accuracy/mean,0.7850621945471319,
heart/VA Long Beach/ood_test/conformal_label_conditional/singleton_accuracy/sd,0.04094052603409252,
heart/site_counts,,"[{""site"": ""Cleveland"", ""n"": 303, ""positive_n"": 139, ""prevalence"": 0.4587458745874587, ""negative_n"": 164, ""auprc_baseline"": 0.4587458745874587}, {""site"": ""Hungary"", ""n"": 294, ""positive_n"": 106, ""prevalence"": 0.3605442176870748, ""negative_n"": 188, ""auprc_baseline"": 0.3605442176870748}, {""site"": ""Switzerland"", ""n"": 123, ""positive_n"": 115, ""prevalence"": 0.934959349593496, ""negative_n"": 8, ""auprc_baseline"": 0.934959349593496}, {""site"": ""VA Long Beach"", ""n"": 200, ""positive_n"": 149, ""prevalence"": 0.745, ""negative_n"": 51, ""auprc_baseline"": 0.745}]"
