target_definition,model,mapping,domain,desired_selection_rate,weighting,metric,n_repeats,mean,sd,min,q25,median,q75,max
cpi_constant_2018usd,lightgbm,isotonic,id_test,0.5,survey_weighted,selection_rate,10,0.5228295935175182,0.020131548307745405,0.49938560567237444,0.5105107148439603,0.5186351383621345,0.5314570992455129,0.5687068478125139
cpi_constant_2018usd,lightgbm,isotonic,id_test,0.5,survey_weighted,selective_risk,10,0.06935727852826143,0.0032442857364214806,0.06496664560690425,0.0672084245590031,0.06944794811106517,0.0714085409289763,0.07409316280847089
cpi_constant_2018usd,lightgbm,isotonic,id_test,0.5,survey_weighted,selective_accuracy,10,0.9306427214717384,0.0032442857364214863,0.9259068371915291,0.9285914590710237,0.9305520518889348,0.932791575440997,0.9350333543930958
cpi_constant_2018usd,lightgbm,isotonic,id_test,0.7,survey_weighted,selection_rate,10,0.7129200647339597,0.012044189640988263,0.6894588854561463,0.7082586851164685,0.7170739211856447,0.7193073301835167,0.7293335416623526
cpi_constant_2018usd,lightgbm,isotonic,id_test,0.7,survey_weighted,selective_risk,10,0.10979449444733777,0.004203094361737758,0.10232252430224031,0.10919154013889129,0.11071583373045833,0.11257934995373463,0.11449066008667241
cpi_constant_2018usd,lightgbm,isotonic,id_test,0.7,survey_weighted,selective_accuracy,10,0.8902055055526622,0.004203094361737764,0.8855093399133276,0.8874206500462654,0.8892841662695417,0.8908084598611088,0.8976774756977597
cpi_constant_2018usd,lightgbm,isotonic,id_test,0.8,survey_weighted,selection_rate,10,0.8174291102407958,0.017162186693444076,0.7929620711745344,0.8056627214007523,0.8162298723387198,0.8261154544724247,0.8479591643703456
cpi_constant_2018usd,lightgbm,isotonic,id_test,0.8,survey_weighted,selective_risk,10,0.1376902800565752,0.006704642014199202,0.12961832437771664,0.13120185034014992,0.13783884657016687,0.14280432795600864,0.14870463200305187
cpi_constant_2018usd,lightgbm,isotonic,id_test,0.8,survey_weighted,selective_accuracy,10,0.8623097199434249,0.006704642014199179,0.8512953679969482,0.8571956720439914,0.8621611534298331,0.86879814965985,0.8703816756222833
cpi_constant_2018usd,lightgbm,isotonic,id_test,0.9,survey_weighted,selection_rate,10,0.919406513370201,0.01726040742553857,0.9018990186507281,0.9066243320896229,0.9132786881260652,0.930620462614845,0.9488240464807152
cpi_constant_2018usd,lightgbm,isotonic,id_test,0.9,survey_weighted,selective_risk,10,0.16628936365118996,0.007140994516690541,0.15714780586779376,0.16199974846501758,0.1655121704903281,0.17013187846631989,0.18118447216196673
cpi_constant_2018usd,lightgbm,isotonic,id_test,0.9,survey_weighted,selective_accuracy,10,0.83371063634881,0.007140994516690551,0.8188155278380332,0.8298681215336801,0.8344878295096719,0.8380002515349825,0.8428521941322062
cpi_constant_2018usd,lightgbm,isotonic,id_test,0.95,survey_weighted,selection_rate,10,0.9600164700827583,0.010552612982741716,0.9465850150509361,0.9530887846806377,0.9552011324931167,0.9687639857744762,0.9795935724101416
cpi_constant_2018usd,lightgbm,isotonic,id_test,0.95,survey_weighted,selective_risk,10,0.17739349704779508,0.00432533961528169,0.1719763023687721,0.1744655462709103,0.17664230391769145,0.1792093218345337,0.18536087979116253
cpi_constant_2018usd,lightgbm,isotonic,id_test,0.95,survey_weighted,selective_accuracy,10,0.8226065029522049,0.004325339615281679,0.8146391202088374,0.8207906781654664,0.8233576960823086,0.8255344537290896,0.8280236976312279
cpi_constant_2018usd,lightgbm,isotonic,ood_test,0.5,survey_weighted,selection_rate,10,0.5055753234868905,0.018480003489403637,0.48778651084266067,0.4919316603741172,0.5017998062785795,0.5128412020730467,0.5492287339353693
cpi_constant_2018usd,lightgbm,isotonic,ood_test,0.5,survey_weighted,selective_risk,10,0.07479013413488597,0.004199507590470014,0.07050733785562129,0.07145099735518787,0.0747474982526876,0.07643336929598428,0.08430999342784758
cpi_constant_2018usd,lightgbm,isotonic,ood_test,0.5,survey_weighted,selective_accuracy,10,0.9252098658651139,0.004199507590470039,0.9156900065721524,0.9235666307040157,0.9252525017473123,0.9285490026448121,0.9294926621443788
cpi_constant_2018usd,lightgbm,isotonic,ood_test,0.7,survey_weighted,selection_rate,10,0.7024016629984959,0.011101025421246713,0.6820873201740967,0.6952356270871407,0.7039830669424161,0.7102422855576768,0.7169099145382712
cpi_constant_2018usd,lightgbm,isotonic,ood_test,0.7,survey_weighted,selective_risk,10,0.12133565864609323,0.0025187442837791363,0.11765261188428107,0.11922724738360277,0.12169076969501574,0.12323141969857104,0.12477773859151496
cpi_constant_2018usd,lightgbm,isotonic,ood_test,0.7,survey_weighted,selective_accuracy,10,0.8786643413539068,0.0025187442837791368,0.875222261408485,0.8767685803014289,0.8783092303049843,0.8807727526163972,0.8823473881157189
cpi_constant_2018usd,lightgbm,isotonic,ood_test,0.8,survey_weighted,selection_rate,10,0.8109392713228907,0.016289518097097513,0.7891152167338098,0.7975066337771188,0.809935393268612,0.8193243931076984,0.8395734327838308
cpi_constant_2018usd,lightgbm,isotonic,ood_test,0.8,survey_weighted,selective_risk,10,0.14949574231161894,0.0049107794183782215,0.14336846178087967,0.1462031651346246,0.14938948043847747,0.1509605078027761,0.15990417243362526
cpi_constant_2018usd,lightgbm,isotonic,ood_test,0.8,survey_weighted,selective_accuracy,10,0.8505042576883811,0.004910779418378208,0.8400958275663748,0.8490394921972239,0.8506105195615226,0.8537968348653754,0.8566315382191203
cpi_constant_2018usd,lightgbm,isotonic,ood_test,0.9,survey_weighted,selection_rate,10,0.9176961779466405,0.018103789691946363,0.8966542357712467,0.9044020923513797,0.9108593896812524,0.9301837390284647,0.9495805432376734
cpi_constant_2018usd,lightgbm,isotonic,ood_test,0.9,survey_weighted,selective_risk,10,0.17962214556750086,0.005272763810492283,0.17441014904103247,0.1752304828554918,0.1781284473800674,0.18286521955584645,0.18851193918384415
cpi_constant_2018usd,lightgbm,isotonic,ood_test,0.9,survey_weighted,selective_accuracy,10,0.820377854432499,0.005272763810492291,0.8114880608161559,0.8171347804441536,0.8218715526199326,0.8247695171445082,0.8255898509589675
cpi_constant_2018usd,lightgbm,isotonic,ood_test,0.95,survey_weighted,selection_rate,10,0.9596789630715259,0.009552771646157265,0.9504184940316324,0.9520434771682165,0.9552243331308266,0.9675039006221866,0.9780868740671983
cpi_constant_2018usd,lightgbm,isotonic,ood_test,0.95,survey_weighted,selective_risk,10,0.19128582599137012,0.002645968221822478,0.18892249399879063,0.1895389141806968,0.18981657798337606,0.1929896877644471,0.19709759396227958
cpi_constant_2018usd,lightgbm,isotonic,ood_test,0.95,survey_weighted,selective_accuracy,10,0.8087141740086299,0.0026459682218224825,0.8029024060377205,0.807010312235553,0.810183422016624,0.8104610858193032,0.8110775060012094
cpi_constant_2018usd,lightgbm,platt,id_test,0.5,survey_weighted,selection_rate,10,0.5006539496640934,0.009588515663146661,0.4856086204636278,0.49225571468547724,0.5036172135006255,0.50864245598755,0.5115620181182812
cpi_constant_2018usd,lightgbm,platt,id_test,0.5,survey_weighted,selective_risk,10,0.06434458704722118,0.0026918825142314335,0.0590572338162425,0.06294135442037938,0.06550941400037803,0.0658437000187679,0.06702185838270981
cpi_constant_2018usd,lightgbm,platt,id_test,0.5,survey_weighted,selective_accuracy,10,0.9356554129527789,0.0026918825142314244,0.9329781416172902,0.9341562999812321,0.934490585999622,0.9370586455796206,0.9409427661837575
cpi_constant_2018usd,lightgbm,platt,id_test,0.7,survey_weighted,selection_rate,10,0.69913949264037,0.007197444060682966,0.6862741137896321,0.6933672408560483,0.7015074594343318,0.7047351462279695,0.7067343385208409
cpi_constant_2018usd,lightgbm,platt,id_test,0.7,survey_weighted,selective_risk,10,0.1061816468977022,0.0034310804302040265,0.10072013955952665,0.10319217801062779,0.10717207683345555,0.10867111382213204,0.11024370117426073
cpi_constant_2018usd,lightgbm,platt,id_test,0.7,survey_weighted,selective_accuracy,10,0.8938183531022977,0.00343108043020403,0.8897562988257393,0.8913288861778679,0.8928279231665445,0.8968078219893723,0.8992798604404734
cpi_constant_2018usd,lightgbm,platt,id_test,0.8,survey_weighted,selection_rate,10,0.8006463123758782,0.006089764814624419,0.793085331228396,0.7955910977749461,0.8004564311368603,0.8055322697546652,0.8087756247359493
cpi_constant_2018usd,lightgbm,platt,id_test,0.8,survey_weighted,selective_risk,10,0.13281976003291956,0.0035383740555959635,0.12632583144217258,0.1305011370201358,0.13327310143556065,0.13479307205349791,0.13785043066011557
cpi_constant_2018usd,lightgbm,platt,id_test,0.8,survey_weighted,selective_accuracy,10,0.8671802399670805,0.0035383740555959687,0.8621495693398844,0.865206927946502,0.8667268985644394,0.8694988629798641,0.8736741685578274
cpi_constant_2018usd,lightgbm,platt,id_test,0.9,survey_weighted,selection_rate,10,0.9001312332033367,0.005250144620656826,0.8920660647964909,0.8976135912862553,0.8991820936473103,0.9030033635897601,0.9090410941628254
cpi_constant_2018usd,lightgbm,platt,id_test,0.9,survey_weighted,selective_risk,10,0.1600768282082342,0.003353927710819483,0.15661010701830158,0.15736828555687093,0.1595335265008816,0.16213430221891295,0.16574431351303803
cpi_constant_2018usd,lightgbm,platt,id_test,0.9,survey_weighted,selective_accuracy,10,0.8399231717917658,0.003353927710819494,0.8342556864869619,0.837865697781087,0.8404664734991184,0.842631714443129,0.8433898929816984
cpi_constant_2018usd,lightgbm,platt,id_test,0.95,survey_weighted,selection_rate,10,0.950300845846716,0.002666193510852314,0.9466067917811937,0.9478985361249124,0.9506973998287607,0.952288365525473,0.9537689912489233
cpi_constant_2018usd,lightgbm,platt,id_test,0.95,survey_weighted,selective_risk,10,0.17454986348503182,0.003725055555939248,0.1694918750444991,0.17187406954105078,0.17409029143401666,0.1763611475117442,0.18250287925127567
cpi_constant_2018usd,lightgbm,platt,id_test,0.95,survey_weighted,selective_accuracy,10,0.8254501365149682,0.0037250555559392466,0.8174971207487243,0.8236388524882559,0.8259097085659833,0.8281259304589492,0.8305081249555009
cpi_constant_2018usd,lightgbm,platt,ood_test,0.5,survey_weighted,selection_rate,10,0.4836010704064962,0.008024911361960266,0.4709494762682508,0.4794466374004871,0.48565687552879855,0.4889068105444767,0.49595546832909837
cpi_constant_2018usd,lightgbm,platt,ood_test,0.5,survey_weighted,selective_risk,10,0.06973296133414371,0.001675424526306555,0.06706625640612508,0.06847849943194823,0.06975713840082096,0.07082033278647482,0.07266203863016371
cpi_constant_2018usd,lightgbm,platt,ood_test,0.5,survey_weighted,selective_accuracy,10,0.9302670386658562,0.0016754245263065548,0.9273379613698363,0.9291796672135252,0.930242861599179,0.9315215005680517,0.9329337435938749
cpi_constant_2018usd,lightgbm,platt,ood_test,0.7,survey_weighted,selection_rate,10,0.6895319165855117,0.0067893230021683695,0.6786886307631467,0.6859772835565723,0.6888073679655488,0.6909912350246927,0.7015922440414785
cpi_constant_2018usd,lightgbm,platt,ood_test,0.7,survey_weighted,selective_risk,10,0.11794353285997086,0.0019349603006629434,0.11493111538835653,0.11670246175874058,0.1177810779599344,0.11856522021068563,0.12120375409098168
cpi_constant_2018usd,lightgbm,platt,ood_test,0.7,survey_weighted,selective_accuracy,10,0.882056467140029,0.0019349603006629465,0.8787962459090183,0.8814347797893144,0.8822189220400656,0.8832975382412595,0.8850688846116435
cpi_constant_2018usd,lightgbm,platt,ood_test,0.8,survey_weighted,selection_rate,10,0.7929872695744719,0.005168679674322518,0.7878614162918789,0.7888932260392896,0.7911934022190067,0.7962597099830047,0.8039866553022768
cpi_constant_2018usd,lightgbm,platt,ood_test,0.8,survey_weighted,selective_risk,10,0.14461108565256126,0.0016959669409381283,0.14268254778766956,0.14358184898257403,0.14397902029291193,0.145228306206658,0.14857553676688307
cpi_constant_2018usd,lightgbm,platt,ood_test,0.8,survey_weighted,selective_accuracy,10,0.8553889143474388,0.0016959669409381296,0.8514244632331169,0.854771693793342,0.8560209797070881,0.856418151017426,0.8573174522123305
cpi_constant_2018usd,lightgbm,platt,ood_test,0.9,survey_weighted,selection_rate,10,0.8976537752859028,0.0038223844971316443,0.8937031536181858,0.8945149106354611,0.8966558611607307,0.9008973150191115,0.9034221075225151
cpi_constant_2018usd,lightgbm,platt,ood_test,0.9,survey_weighted,selective_risk,10,0.1735158737668324,0.001271401638409731,0.17185567161664372,0.17251620924060895,0.17355191796145605,0.17424784633884838,0.17544662102829575
cpi_constant_2018usd,lightgbm,platt,ood_test,0.9,survey_weighted,selective_accuracy,10,0.8264841262331677,0.0012714016384097312,0.8245533789717042,0.8257521536611516,0.826448082038544,0.827483790759391,0.8281443283833563
cpi_constant_2018usd,lightgbm,platt,ood_test,0.95,survey_weighted,selection_rate,10,0.9497600237456899,0.0023790726671906125,0.9453257736885201,0.9490842368102457,0.9499248757483512,0.9514992530085021,0.9525765111464835
cpi_constant_2018usd,lightgbm,platt,ood_test,0.95,survey_weighted,selective_risk,10,0.18834980665769444,0.001105898305161275,0.18659217434321113,0.1875170059430139,0.18862731148662776,0.18907151450740622,0.18995926647631264
cpi_constant_2018usd,lightgbm,platt,ood_test,0.95,survey_weighted,selective_accuracy,10,0.8116501933423056,0.0011058983051612892,0.8100407335236873,0.8109284854925938,0.8113726885133723,0.8124829940569861,0.8134078256567889
cpi_constant_2018usd,lightgbm,raw,id_test,0.5,survey_weighted,selection_rate,10,0.5010365180985737,0.010229901277455194,0.4853545829927872,0.4920386042415008,0.5026332508053395,0.5098398475193092,0.5128765531336261
cpi_constant_2018usd,lightgbm,raw,id_test,0.5,survey_weighted,selective_risk,10,0.06456877149460248,0.0025703325321508436,0.06033863632748793,0.06273172302127313,0.06511429063683916,0.06627849748298974,0.06801693614281823
cpi_constant_2018usd,lightgbm,raw,id_test,0.5,survey_weighted,selective_accuracy,10,0.9354312285053975,0.0025703325321508592,0.9319830638571818,0.9337215025170102,0.9348857093631608,0.9372682769787268,0.9396613636725121
cpi_constant_2018usd,lightgbm,raw,id_test,0.7,survey_weighted,selection_rate,10,0.6992351476131979,0.007715290388035626,0.6843308097941512,0.6937392104087298,0.7011838868607749,0.7050816238125033,0.7072401508868342
cpi_constant_2018usd,lightgbm,raw,id_test,0.7,survey_weighted,selective_risk,10,0.1063993175077255,0.003392150820012743,0.10059788457665562,0.10356391428829474,0.10767795644399611,0.10844917654114014,0.11079234392136687
cpi_constant_2018usd,lightgbm,raw,id_test,0.7,survey_weighted,selective_accuracy,10,0.8936006824922744,0.0033921508200127387,0.8892076560786332,0.8915508234588598,0.892322043556004,0.8964360857117053,0.8994021154233444
cpi_constant_2018usd,lightgbm,raw,id_test,0.8,survey_weighted,selection_rate,10,0.8007006377133508,0.005749532178670894,0.7928711416744205,0.7957776575808381,0.8008552807763125,0.8044741651322341,0.8083783246292254
cpi_constant_2018usd,lightgbm,raw,id_test,0.8,survey_weighted,selective_risk,10,0.13285551020579042,0.0034773441271871088,0.12696698758210598,0.13014614791369716,0.133471508588275,0.13489573185363812,0.13830804514095182
cpi_constant_2018usd,lightgbm,raw,id_test,0.8,survey_weighted,selective_accuracy,10,0.8671444897942097,0.0034773441271871053,0.8616919548590481,0.8651042681463619,0.866528491411725,0.8698538520863028,0.873033012417894
cpi_constant_2018usd,lightgbm,raw,id_test,0.9,survey_weighted,selection_rate,10,0.8998813944171321,0.004594251121787197,0.8930470885110456,0.8958339694410271,0.9009997725030036,0.9032684944139366,0.9057890896720276
cpi_constant_2018usd,lightgbm,raw,id_test,0.9,survey_weighted,selective_risk,10,0.15991246171702914,0.0031085270237532357,0.15644292978228516,0.157110915845129,0.15992883255782336,0.1622241808301722,0.16544045554621234
cpi_constant_2018usd,lightgbm,raw,id_test,0.9,survey_weighted,selective_accuracy,10,0.8400875382829709,0.0031085270237532444,0.8345595444537877,0.8377758191698278,0.8400711674421766,0.842889084154871,0.8435570702177149
cpi_constant_2018usd,lightgbm,raw,id_test,0.95,survey_weighted,selection_rate,10,0.9507368384906323,0.003391005665615995,0.9451504650118214,0.9482164880154411,0.950820939197088,0.9531727008538173,0.9563387919564655
cpi_constant_2018usd,lightgbm,raw,id_test,0.95,survey_weighted,selective_risk,10,0.17469502664983697,0.0035098039696868,0.1700572947493588,0.17229701207833265,0.17442145571338025,0.17620014430026665,0.18181126578501877
cpi_constant_2018usd,lightgbm,raw,id_test,0.95,survey_weighted,selective_accuracy,10,0.825304973350163,0.003509803969686815,0.8181887342149812,0.8237998556997334,0.8255785442866198,0.8277029879216673,0.8299427052506412
cpi_constant_2018usd,lightgbm,raw,ood_test,0.5,survey_weighted,selection_rate,10,0.4834041357160209,0.008227445773565127,0.4714425944316907,0.4790321318245885,0.48442851868378956,0.48771502496285674,0.4962874228737061
cpi_constant_2018usd,lightgbm,raw,ood_test,0.5,survey_weighted,selective_risk,10,0.06969672137558128,0.0017728279983486995,0.06698443790797151,0.06850707194929162,0.06939763997455643,0.0706289479456918,0.0731475295187018
cpi_constant_2018usd,lightgbm,raw,ood_test,0.5,survey_weighted,selective_accuracy,10,0.9303032786244188,0.0017728279983487115,0.9268524704812982,0.9293710520543083,0.9306023600254436,0.9314929280507084,0.9330155620920285
cpi_constant_2018usd,lightgbm,raw,ood_test,0.7,survey_weighted,selection_rate,10,0.6890132297951898,0.007453457340070414,0.675605767031925,0.685708375369448,0.688183656008571,0.6905976407096551,0.7020914886729732
cpi_constant_2018usd,lightgbm,raw,ood_test,0.7,survey_weighted,selective_risk,10,0.11772370221879254,0.0021524847060847103,0.1140220569769768,0.11672587787865468,0.11749506815914816,0.11807696822493767,0.12120175263343064
cpi_constant_2018usd,lightgbm,raw,ood_test,0.7,survey_weighted,selective_accuracy,10,0.8822762977812074,0.0021524847060847077,0.8787982473665694,0.8819230317750623,0.8825049318408518,0.8832741221213453,0.8859779430230232
cpi_constant_2018usd,lightgbm,raw,ood_test,0.8,survey_weighted,selection_rate,10,0.7930374315945458,0.005197513534696183,0.787700377703007,0.7893880008497036,0.7918197398051507,0.7958312948240223,0.8045122812553959
cpi_constant_2018usd,lightgbm,raw,ood_test,0.8,survey_weighted,selective_risk,10,0.14440610526437386,0.0017584233873413038,0.14242107219687075,0.1435533091282473,0.14384476061102308,0.1445357248579499,0.14864118052589798
cpi_constant_2018usd,lightgbm,raw,ood_test,0.8,survey_weighted,selective_accuracy,10,0.8555938947356262,0.0017584233873413255,0.851358819474102,0.85546427514205,0.8561552393889769,0.8564466908717527,0.8575789278031293
cpi_constant_2018usd,lightgbm,raw,ood_test,0.9,survey_weighted,selection_rate,10,0.8977401084734931,0.0037274679392204284,0.892894084745057,0.8950005270012827,0.8968201505285704,0.9006643842030647,0.90305014339061
cpi_constant_2018usd,lightgbm,raw,ood_test,0.9,survey_weighted,selective_risk,10,0.17333848096905,0.001297655438384465,0.17150404239144454,0.17253652969297406,0.17343097485957165,0.17376026410901949,0.1753032327794846
cpi_constant_2018usd,lightgbm,raw,ood_test,0.9,survey_weighted,selective_accuracy,10,0.82666151903095,0.0012976554383844594,0.8246967672205154,0.8262397358909805,0.8265690251404284,0.827463470307026,0.8284959576085554
cpi_constant_2018usd,lightgbm,raw,ood_test,0.95,survey_weighted,selection_rate,10,0.9506586515793847,0.002314012014460147,0.9457373723178417,0.9494389468076287,0.950823153498157,0.9522040781522272,0.9539007034560657
cpi_constant_2018usd,lightgbm,raw,ood_test,0.95,survey_weighted,selective_risk,10,0.18843352044038836,0.0011132080501757681,0.18643257096759608,0.18765945526348565,0.18873825024554225,0.18932759826007464,0.18979671875008203
cpi_constant_2018usd,lightgbm,raw,ood_test,0.95,survey_weighted,selective_accuracy,10,0.8115664795596118,0.0011132080501757837,0.810203281249918,0.8106724017399254,0.8112617497544578,0.8123405447365144,0.813567429032404
cpi_constant_2018usd,logistic_regression,isotonic,id_test,0.5,survey_weighted,selection_rate,10,0.5149495584754181,0.009309047497270484,0.5034078824045468,0.5067442982946975,0.5158307843333857,0.5212093397838791,0.5316644421896384
cpi_constant_2018usd,logistic_regression,isotonic,id_test,0.5,survey_weighted,selective_risk,10,0.07175086466963687,0.0037517225803800594,0.06456891539032085,0.06995488598047862,0.07253730398624497,0.07312266770775797,0.07829398103698766
cpi_constant_2018usd,logistic_regression,isotonic,id_test,0.5,survey_weighted,selective_accuracy,10,0.9282491353303632,0.003751722580380072,0.9217060189630123,0.9268773322922421,0.9274626960137551,0.9300451140195214,0.9354310846096792
cpi_constant_2018usd,logistic_regression,isotonic,id_test,0.7,survey_weighted,selection_rate,10,0.7175564517596704,0.018308623484689052,0.6951080995779836,0.701143106890269,0.7179620100470729,0.7321551182466474,0.7438075547109605
cpi_constant_2018usd,logistic_regression,isotonic,id_test,0.7,survey_weighted,selective_risk,10,0.11527158786806901,0.006108332798218939,0.10418887076309588,0.111324477029351,0.11746412380075946,0.11921326261095679,0.12232946831588508
cpi_constant_2018usd,logistic_regression,isotonic,id_test,0.7,survey_weighted,selective_accuracy,10,0.884728412131931,0.006108332798218935,0.8776705316841149,0.8807867373890432,0.8825358761992406,0.888675522970649,0.8958111292369041
cpi_constant_2018usd,logistic_regression,isotonic,id_test,0.8,survey_weighted,selection_rate,10,0.8136725798510532,0.013026875512673038,0.7972148898073887,0.8033669296515955,0.8109472343252444,0.8249343330031271,0.8344321760724301
cpi_constant_2018usd,logistic_regression,isotonic,id_test,0.8,survey_weighted,selective_risk,10,0.1391234569322422,0.006148511783778144,0.1326403066055785,0.1334587050947912,0.13847003757592782,0.14242797055815978,0.14934195096429667
cpi_constant_2018usd,logistic_regression,isotonic,id_test,0.8,survey_weighted,selective_accuracy,10,0.8608765430677577,0.006148511783778136,0.8506580490357033,0.8575720294418403,0.8615299624240722,0.8665412949052088,0.8673596933944215
cpi_constant_2018usd,logistic_regression,isotonic,id_test,0.9,survey_weighted,selection_rate,10,0.9107410648387763,0.01045942388308522,0.8958963543618704,0.9031395863882588,0.9115129727218366,0.916325680913335,0.9268401571377225
cpi_constant_2018usd,logistic_regression,isotonic,id_test,0.9,survey_weighted,selective_risk,10,0.16530174474080775,0.0036817387109613,0.16039290161978967,0.1638039310784549,0.16492061899536864,0.16667420249688275,0.17371796267369144
cpi_constant_2018usd,logistic_regression,isotonic,id_test,0.9,survey_weighted,selective_accuracy,10,0.8346982552591922,0.003681738710961289,0.8262820373263086,0.8333257975031173,0.8350793810046313,0.8361960689215451,0.8396070983802103
cpi_constant_2018usd,logistic_regression,isotonic,id_test,0.95,survey_weighted,selection_rate,10,0.9647040958039647,0.013701273125551498,0.9455117503936784,0.9595036992464757,0.963318739057266,0.9669589682425079,0.998492711006346
cpi_constant_2018usd,logistic_regression,isotonic,id_test,0.95,survey_weighted,selective_risk,10,0.18076283327091763,0.0060629015357952344,0.17300041283572343,0.17705917066359067,0.18033224600271255,0.18329767257982144,0.19448628953733077
cpi_constant_2018usd,logistic_regression,isotonic,id_test,0.95,survey_weighted,selective_accuracy,10,0.8192371667290825,0.0060629015357952214,0.8055137104626693,0.8167023274201786,0.8196677539972874,0.8229408293364093,0.8269995871642766
cpi_constant_2018usd,logistic_regression,isotonic,ood_test,0.5,survey_weighted,selection_rate,10,0.4971534303907574,0.008070435993403352,0.48669162348027645,0.4927141603806812,0.49421023762819166,0.4998747824947553,0.515881618132745
cpi_constant_2018usd,logistic_regression,isotonic,ood_test,0.5,survey_weighted,selective_risk,10,0.07858943308885366,0.0013023606591979426,0.07712627496442476,0.07792497454005559,0.07832117244637082,0.07880746665077112,0.08187851666867019
cpi_constant_2018usd,logistic_regression,isotonic,ood_test,0.5,survey_weighted,selective_accuracy,10,0.9214105669111463,0.00130236065919794,0.9181214833313298,0.9211925333492289,0.9216788275536292,0.9220750254599444,0.9228737250355752
cpi_constant_2018usd,logistic_regression,isotonic,ood_test,0.7,survey_weighted,selection_rate,10,0.7047797328434827,0.01832936203577155,0.6829161437809536,0.6883462887294368,0.7032382634688837,0.7197861037451099,0.7331248000302072
cpi_constant_2018usd,logistic_regression,isotonic,ood_test,0.7,survey_weighted,selective_risk,10,0.1224947132270732,0.004980503762442084,0.11601913910550249,0.11826073328011685,0.1224200846922795,0.12660452008597503,0.1298178437691702
cpi_constant_2018usd,logistic_regression,isotonic,ood_test,0.7,survey_weighted,selective_accuracy,10,0.8775052867729268,0.004980503762442079,0.8701821562308298,0.873395479914025,0.8775799153077205,0.8817392667198831,0.8839808608944975
cpi_constant_2018usd,logistic_regression,isotonic,ood_test,0.8,survey_weighted,selection_rate,10,0.8046393116950649,0.014277442591172357,0.7884174245253519,0.7925176883010592,0.8025790054941915,0.8146835622986158,0.8278287434626522
cpi_constant_2018usd,logistic_regression,isotonic,ood_test,0.8,survey_weighted,selective_risk,10,0.14747720086091998,0.004201010554038341,0.1420097408302288,0.14420389671141376,0.14754668340253854,0.14916149804126744,0.15430937391586189
cpi_constant_2018usd,logistic_regression,isotonic,ood_test,0.8,survey_weighted,selective_accuracy,10,0.85252279913908,0.004201010554038346,0.8456906260841381,0.8508385019587326,0.8524533165974615,0.8557961032885862,0.8579902591697712
cpi_constant_2018usd,logistic_regression,isotonic,ood_test,0.9,survey_weighted,selection_rate,10,0.90578626153292,0.009958019974746912,0.8903343463677483,0.8979121622018676,0.9067650960861497,0.9113189060428606,0.9213367753247872
cpi_constant_2018usd,logistic_regression,isotonic,ood_test,0.9,survey_weighted,selective_risk,10,0.1750410236083804,0.0024513451080912943,0.1715427195571214,0.17338854115539318,0.17525234997231454,0.1760713633306225,0.17950887836059737
cpi_constant_2018usd,logistic_regression,isotonic,ood_test,0.9,survey_weighted,selective_accuracy,10,0.8249589763916196,0.0024513451080912896,0.8204911216394026,0.8239286366693775,0.8247476500276855,0.8266114588446067,0.8284572804428786
cpi_constant_2018usd,logistic_regression,isotonic,ood_test,0.95,survey_weighted,selection_rate,10,0.9621400278041626,0.014266258441960153,0.9465040560344272,0.954951674044893,0.960331556949334,0.9629754717474175,0.9987030642217641
cpi_constant_2018usd,logistic_regression,isotonic,ood_test,0.95,survey_weighted,selective_risk,10,0.19149204342188128,0.004604118988135214,0.18653272871272386,0.18832130975256245,0.19069837787914407,0.1933330420555397,0.20244725960256443
cpi_constant_2018usd,logistic_regression,isotonic,ood_test,0.95,survey_weighted,selective_accuracy,10,0.8085079565781188,0.004604118988135204,0.7975527403974356,0.8066669579444603,0.809301622120856,0.8116786902474376,0.8134672712872761
cpi_constant_2018usd,logistic_regression,platt,id_test,0.5,survey_weighted,selection_rate,10,0.5010504509457456,0.00895860666934618,0.48668059586527357,0.49601214381687964,0.4998658347857186,0.5088216974904015,0.5132325511299217
cpi_constant_2018usd,logistic_regression,platt,id_test,0.5,survey_weighted,selective_risk,10,0.06930308800853074,0.004336750199687015,0.06138229142926934,0.06706494063251922,0.07012263438761301,0.0714139329350819,0.07710009386718039
cpi_constant_2018usd,logistic_regression,platt,id_test,0.5,survey_weighted,selective_accuracy,10,0.9306969119914692,0.004336750199687021,0.9228999061328196,0.9285860670649182,0.929877365612387,0.9329350593674808,0.9386177085707307
cpi_constant_2018usd,logistic_regression,platt,id_test,0.7,survey_weighted,selection_rate,10,0.7016074464098778,0.00801667891368412,0.6862432585233228,0.6970467152711397,0.7039886978153025,0.7051319418419078,0.7143426261701308
cpi_constant_2018usd,logistic_regression,platt,id_test,0.7,survey_weighted,selective_risk,10,0.11171722305321756,0.0038033321576719154,0.10443997655111051,0.11069879276019931,0.1130356212830515,0.11446945802793795,0.11567410017330526
cpi_constant_2018usd,logistic_regression,platt,id_test,0.7,survey_weighted,selective_accuracy,10,0.8882827769467824,0.003803332157671933,0.8843258998266947,0.885530541972062,0.8869643787169486,0.8893012072398008,0.8955600234488895
cpi_constant_2018usd,logistic_regression,platt,id_test,0.8,survey_weighted,selection_rate,10,0.7999292843261679,0.005913575872942534,0.7902629005559344,0.7952058033890825,0.8002865477485637,0.8043320141651737,0.8076320755380572
cpi_constant_2018usd,logistic_regression,platt,id_test,0.8,survey_weighted,selective_risk,10,0.13536063212016897,0.003983353734799388,0.12964806013338673,0.13254946421019076,0.1342765276289448,0.13802852959717152,0.1420023858200729
cpi_constant_2018usd,logistic_regression,platt,id_test,0.8,survey_weighted,selective_accuracy,10,0.864639367879831,0.003983353734799419,0.857997614179927,0.8619714704028284,0.8657234723710552,0.8674505357898092,0.8703519398666133
cpi_constant_2018usd,logistic_regression,platt,id_test,0.9,survey_weighted,selection_rate,10,0.900948647254032,0.005789856707902331,0.8930504824642201,0.89622151472706,0.9014070148370286,0.9047501882643142,0.9113197738104297
cpi_constant_2018usd,logistic_regression,platt,id_test,0.9,survey_weighted,selective_risk,10,0.1624191009549976,0.004273495844615483,0.156933383806567,0.15864929637771852,0.16268740811001622,0.16585668471422976,0.1682262167736262
cpi_constant_2018usd,logistic_regression,platt,id_test,0.9,survey_weighted,selective_accuracy,10,0.8375808990450025,0.004273495844615493,0.8317737832263739,0.8341433152857702,0.8373125918899837,0.8413507036222815,0.843066616193433
cpi_constant_2018usd,logistic_regression,platt,id_test,0.95,survey_weighted,selection_rate,10,0.9505761142662822,0.0040198334195444465,0.943514167689652,0.9481113973374904,0.9507817263093099,0.9526898547486093,0.9572124942688454
cpi_constant_2018usd,logistic_regression,platt,id_test,0.95,survey_weighted,selective_risk,10,0.17634813844049527,0.004090735071347905,0.1711208274577589,0.1723234714208286,0.17702354046411617,0.179657574634737,0.1812598125410825
cpi_constant_2018usd,logistic_regression,platt,id_test,0.95,survey_weighted,selective_accuracy,10,0.8236518615595048,0.004090735071347915,0.8187401874589175,0.8203424253652629,0.8229764595358838,0.8276765285791714,0.8288791725422411
cpi_constant_2018usd,logistic_regression,platt,ood_test,0.5,survey_weighted,selection_rate,10,0.4827921890783079,0.007312232574378219,0.4715427434298944,0.47733441250859737,0.48443058167813463,0.48497761901195574,0.4943604611254972
cpi_constant_2018usd,logistic_regression,platt,ood_test,0.5,survey_weighted,selective_risk,10,0.07594749186428726,0.001499947414428919,0.07321239272659394,0.07521981853352427,0.07592033083106892,0.07692216494714244,0.07808893459174704
cpi_constant_2018usd,logistic_regression,platt,ood_test,0.5,survey_weighted,selective_accuracy,10,0.9240525081357127,0.0014999474144289015,0.921911065408253,0.9230778350528576,0.924079669168931,0.9247801814664758,0.926787607273406
cpi_constant_2018usd,logistic_regression,platt,ood_test,0.7,survey_weighted,selection_rate,10,0.6886548939289577,0.006331190335397644,0.6766596445673294,0.6855475243255165,0.6894512097461354,0.6917461346675197,0.6999859841414499
cpi_constant_2018usd,logistic_regression,platt,ood_test,0.7,survey_weighted,selective_risk,10,0.11858479091761498,0.0017883952475502265,0.11618525776380957,0.11692858834587988,0.11919855151028155,0.11942856410903137,0.12132882359098238
cpi_constant_2018usd,logistic_regression,platt,ood_test,0.7,survey_weighted,selective_accuracy,10,0.881415209082385,0.0017883952475502153,0.8786711764090176,0.8805714358909686,0.8808014484897184,0.8830714116541202,0.8838147422361904
cpi_constant_2018usd,logistic_regression,platt,ood_test,0.8,survey_weighted,selection_rate,10,0.7908111606243647,0.006932721629057645,0.7831471616386076,0.7851949335859606,0.7883420939742686,0.7973818226192452,0.8018175105209586
cpi_constant_2018usd,logistic_regression,platt,ood_test,0.8,survey_weighted,selective_risk,10,0.14367379161574506,0.0019552004094660833,0.1413470185245514,0.14219572377906609,0.14303267753852578,0.14554481314053924,0.14661207283622024
cpi_constant_2018usd,logistic_regression,platt,ood_test,0.8,survey_weighted,selective_accuracy,10,0.8563262083842549,0.0019552004094660945,0.8533879271637798,0.8544551868594608,0.8569673224614742,0.8578042762209339,0.8586529814754487
cpi_constant_2018usd,logistic_regression,platt,ood_test,0.9,survey_weighted,selection_rate,10,0.8954394196709388,0.004762248035741562,0.8882450957310646,0.8923190094426376,0.8946605080242354,0.8986733758576899,0.9042506810694513
cpi_constant_2018usd,logistic_regression,platt,ood_test,0.9,survey_weighted,selective_risk,10,0.1714000286493281,0.0013874868644234324,0.16955917877189816,0.17044935608325273,0.17107353727897162,0.17249090312366266,0.17371203215252992
cpi_constant_2018usd,logistic_regression,platt,ood_test,0.9,survey_weighted,selective_accuracy,10,0.8285999713506719,0.0013874868644234263,0.82628796784747,0.8275090968763374,0.8289264627210284,0.8295506439167473,0.8304408212281018
cpi_constant_2018usd,logistic_regression,platt,ood_test,0.95,survey_weighted,selection_rate,10,0.9484034861853772,0.0030571405993585245,0.9442755220219645,0.9460830176431028,0.9483556872315528,0.9491918876060675,0.9541768946383777
cpi_constant_2018usd,logistic_regression,platt,ood_test,0.95,survey_weighted,selective_risk,10,0.18666334103584917,0.0007944907937372465,0.18559267268015106,0.1862585994486245,0.18641282204305093,0.18714811971323453,0.1881057846440062
cpi_constant_2018usd,logistic_regression,platt,ood_test,0.95,survey_weighted,selective_accuracy,10,0.8133366589641507,0.0007944907937372386,0.8118942153559938,0.8128518802867655,0.813587177956949,0.8137414005513756,0.8144073273198489
cpi_constant_2018usd,logistic_regression,raw,id_test,0.5,survey_weighted,selection_rate,10,0.5012192159328099,0.00871061887311584,0.4866661690459419,0.49573524122504165,0.5005751588590638,0.5084508628431308,0.513046532422115
cpi_constant_2018usd,logistic_regression,raw,id_test,0.5,survey_weighted,selective_risk,10,0.06936886501486056,0.00437892055131796,0.061259841133960095,0.06727500958908875,0.06983870236101014,0.071507124167409,0.07733699105603223
cpi_constant_2018usd,logistic_regression,raw,id_test,0.5,survey_weighted,selective_accuracy,10,0.9306311349851393,0.004378920551317951,0.9226630089439678,0.928492875832591,0.9301612976389898,0.9327249904109113,0.9387401588660399
cpi_constant_2018usd,logistic_regression,raw,id_test,0.7,survey_weighted,selection_rate,10,0.7014810068420058,0.0076426158233423,0.6864694037009039,0.6971930437174473,0.7042058283545605,0.7046729972523911,0.7124952280344106
cpi_constant_2018usd,logistic_regression,raw,id_test,0.7,survey_weighted,selective_risk,10,0.11153770126511442,0.0034584970478638726,0.1042025595455497,0.1107561071884958,0.11333115690070972,0.1138636970573487,0.1144159789627675
cpi_constant_2018usd,logistic_regression,raw,id_test,0.7,survey_weighted,selective_accuracy,10,0.8884622987348856,0.003458497047863873,0.8855840210372325,0.8861363029426513,0.8866688430992903,0.8892438928115042,0.8957974404544503
cpi_constant_2018usd,logistic_regression,raw,id_test,0.8,survey_weighted,selection_rate,10,0.8002927923532299,0.0056741370022596015,0.7904241045806406,0.795665433317649,0.8012331350605377,0.8046609681597171,0.8070702242691987
cpi_constant_2018usd,logistic_regression,raw,id_test,0.8,survey_weighted,selective_risk,10,0.13536904177520087,0.004013031901732048,0.12938158548022288,0.13263746826485412,0.134688009656323,0.1379799027554967,0.141900708022958
cpi_constant_2018usd,logistic_regression,raw,id_test,0.8,survey_weighted,selective_accuracy,10,0.8646309582247991,0.004013031901732033,0.858099291977042,0.8620200972445033,0.865311990343677,0.8673625317351459,0.8706184145197771
cpi_constant_2018usd,logistic_regression,raw,id_test,0.9,survey_weighted,selection_rate,10,0.9013514466712158,0.006135052686037934,0.8917444305397628,0.8964489440355777,0.9013108411381641,0.9060427788555597,0.910857444681968
cpi_constant_2018usd,logistic_regression,raw,id_test,0.9,survey_weighted,selective_risk,10,0.16268043530946635,0.004102357180586646,0.15716551282015392,0.1588506882841897,0.16286052183411204,0.16564208286568396,0.16885426039707244
cpi_constant_2018usd,logistic_regression,raw,id_test,0.9,survey_weighted,selective_accuracy,10,0.8373195646905337,0.004102357180586644,0.8311457396029276,0.8343579171343161,0.837139478165888,0.8411493117158103,0.8428344871798461
cpi_constant_2018usd,logistic_regression,raw,id_test,0.95,survey_weighted,selection_rate,10,0.9509407365182962,0.003816518077130336,0.9447783566805414,0.9480536319834676,0.9511257458887931,0.9529713347766846,0.9568185872935585
cpi_constant_2018usd,logistic_regression,raw,id_test,0.95,survey_weighted,selective_risk,10,0.17632690396760628,0.004010728943775812,0.17103466777161555,0.17229403381494857,0.1772873477377318,0.1792818419071805,0.18113745456100014
cpi_constant_2018usd,logistic_regression,raw,id_test,0.95,survey_weighted,selective_accuracy,10,0.8236730960323937,0.004010728943775824,0.8188625454389998,0.8207181580928194,0.8227126522622682,0.8277059661850514,0.8289653322283844
cpi_constant_2018usd,logistic_regression,raw,ood_test,0.5,survey_weighted,selection_rate,10,0.48249785604875567,0.007289845701288615,0.4708288223565572,0.4767759036759184,0.4836060716049083,0.4849249813986677,0.49439834520346937
cpi_constant_2018usd,logistic_regression,raw,ood_test,0.5,survey_weighted,selective_risk,10,0.07580616938482933,0.0014973743359676078,0.07304643351829979,0.07496713890015781,0.07562834002410163,0.0768346340526239,0.07788927413928144
cpi_constant_2018usd,logistic_regression,raw,ood_test,0.5,survey_weighted,selective_accuracy,10,0.9241938306151708,0.0014973743359676212,0.9221107258607185,0.9231653659473761,0.9243716599758984,0.9250328610998422,0.9269535664817002
cpi_constant_2018usd,logistic_regression,raw,ood_test,0.7,survey_weighted,selection_rate,10,0.6885563203082539,0.0060671109023767164,0.6776121228049271,0.6852809604501479,0.688804617306422,0.6915460554735429,0.7000371213952143
cpi_constant_2018usd,logistic_regression,raw,ood_test,0.7,survey_weighted,selective_risk,10,0.11855359207651073,0.0017475078904322968,0.1160289786967991,0.11693833965622842,0.11912175458450006,0.11959517823200347,0.12126673638205701
cpi_constant_2018usd,logistic_regression,raw,ood_test,0.7,survey_weighted,selective_accuracy,10,0.8814464079234892,0.0017475078904322851,0.878733263617943,0.8804048217679965,0.8808782454155,0.8830616603437715,0.8839710213032009
cpi_constant_2018usd,logistic_regression,raw,ood_test,0.8,survey_weighted,selection_rate,10,0.791259255499099,0.006669247513660069,0.7821948084309702,0.7863275174813765,0.789839390263892,0.7970176103448788,0.8020344375020865
cpi_constant_2018usd,logistic_regression,raw,ood_test,0.8,survey_weighted,selective_risk,10,0.1437833317407163,0.001923284305905972,0.1415172075583047,0.14237514517435543,0.14335013829722718,0.14544386027992295,0.14670908879299988
cpi_constant_2018usd,logistic_regression,raw,ood_test,0.8,survey_weighted,selective_accuracy,10,0.8562166682592837,0.001923284305905972,0.8532909112070002,0.854556139720077,0.8566498617027729,0.8576248548256447,0.8584827924416953
cpi_constant_2018usd,logistic_regression,raw,ood_test,0.9,survey_weighted,selection_rate,10,0.8954659510285152,0.004754085151802891,0.8863365133870204,0.893146426462441,0.8946046196319792,0.8994375589750694,0.9021255468341601
cpi_constant_2018usd,logistic_regression,raw,ood_test,0.9,survey_weighted,selective_risk,10,0.1714895260634101,0.001383773084840866,0.16953775366198345,0.17058438356215455,0.17132652940545604,0.17247830436854267,0.17401395011972368
cpi_constant_2018usd,logistic_regression,raw,ood_test,0.9,survey_weighted,selective_accuracy,10,0.8285104739365898,0.0013837730848408746,0.8259860498802764,0.8275216956314573,0.828673470594544,0.8294156164378454,0.8304622463380166
cpi_constant_2018usd,logistic_regression,raw,ood_test,0.95,survey_weighted,selection_rate,10,0.948707971647706,0.0029970258371249943,0.9450878416740611,0.946685161931928,0.9484782791076312,0.9490871750143128,0.9543399337066144
cpi_constant_2018usd,logistic_regression,raw,ood_test,0.95,survey_weighted,selective_risk,10,0.18668323208619403,0.0009622225789720602,0.185406148461238,0.18607222954975844,0.1864490654458027,0.1873165113821489,0.18827858912295362
cpi_constant_2018usd,logistic_regression,raw,ood_test,0.95,survey_weighted,selective_accuracy,10,0.8133167679138061,0.0009622225789720559,0.8117214108770464,0.8126834886178511,0.8135509345541974,0.8139277704502416,0.814593851538762
survey_year_adjusted_50000,lightgbm,isotonic,id_test,0.5,survey_weighted,selection_rate,10,0.5228295935175182,0.020131548307745405,0.49938560567237444,0.5105107148439603,0.5186351383621345,0.5314570992455129,0.5687068478125139
survey_year_adjusted_50000,lightgbm,isotonic,id_test,0.5,survey_weighted,selective_risk,10,0.06935727852826143,0.0032442857364214806,0.06496664560690425,0.0672084245590031,0.06944794811106517,0.0714085409289763,0.07409316280847089
survey_year_adjusted_50000,lightgbm,isotonic,id_test,0.5,survey_weighted,selective_accuracy,10,0.9306427214717384,0.0032442857364214863,0.9259068371915291,0.9285914590710237,0.9305520518889348,0.932791575440997,0.9350333543930958
survey_year_adjusted_50000,lightgbm,isotonic,id_test,0.7,survey_weighted,selection_rate,10,0.7129200647339597,0.012044189640988263,0.6894588854561463,0.7082586851164685,0.7170739211856447,0.7193073301835167,0.7293335416623526
survey_year_adjusted_50000,lightgbm,isotonic,id_test,0.7,survey_weighted,selective_risk,10,0.10979449444733777,0.004203094361737758,0.10232252430224031,0.10919154013889129,0.11071583373045833,0.11257934995373463,0.11449066008667241
survey_year_adjusted_50000,lightgbm,isotonic,id_test,0.7,survey_weighted,selective_accuracy,10,0.8902055055526622,0.004203094361737764,0.8855093399133276,0.8874206500462654,0.8892841662695417,0.8908084598611088,0.8976774756977597
survey_year_adjusted_50000,lightgbm,isotonic,id_test,0.8,survey_weighted,selection_rate,10,0.8174291102407958,0.017162186693444076,0.7929620711745344,0.8056627214007523,0.8162298723387198,0.8261154544724247,0.8479591643703456
survey_year_adjusted_50000,lightgbm,isotonic,id_test,0.8,survey_weighted,selective_risk,10,0.1376902800565752,0.006704642014199202,0.12961832437771664,0.13120185034014992,0.13783884657016687,0.14280432795600864,0.14870463200305187
survey_year_adjusted_50000,lightgbm,isotonic,id_test,0.8,survey_weighted,selective_accuracy,10,0.8623097199434249,0.006704642014199179,0.8512953679969482,0.8571956720439914,0.8621611534298331,0.86879814965985,0.8703816756222833
survey_year_adjusted_50000,lightgbm,isotonic,id_test,0.9,survey_weighted,selection_rate,10,0.919406513370201,0.01726040742553857,0.9018990186507281,0.9066243320896229,0.9132786881260652,0.930620462614845,0.9488240464807152
survey_year_adjusted_50000,lightgbm,isotonic,id_test,0.9,survey_weighted,selective_risk,10,0.16628936365118996,0.007140994516690541,0.15714780586779376,0.16199974846501758,0.1655121704903281,0.17013187846631989,0.18118447216196673
survey_year_adjusted_50000,lightgbm,isotonic,id_test,0.9,survey_weighted,selective_accuracy,10,0.83371063634881,0.007140994516690551,0.8188155278380332,0.8298681215336801,0.8344878295096719,0.8380002515349825,0.8428521941322062
survey_year_adjusted_50000,lightgbm,isotonic,id_test,0.95,survey_weighted,selection_rate,10,0.9600164700827583,0.010552612982741716,0.9465850150509361,0.9530887846806377,0.9552011324931167,0.9687639857744762,0.9795935724101416
survey_year_adjusted_50000,lightgbm,isotonic,id_test,0.95,survey_weighted,selective_risk,10,0.17739349704779508,0.00432533961528169,0.1719763023687721,0.1744655462709103,0.17664230391769145,0.1792093218345337,0.18536087979116253
survey_year_adjusted_50000,lightgbm,isotonic,id_test,0.95,survey_weighted,selective_accuracy,10,0.8226065029522049,0.004325339615281679,0.8146391202088374,0.8207906781654664,0.8233576960823086,0.8255344537290896,0.8280236976312279
survey_year_adjusted_50000,lightgbm,isotonic,ood_test,0.5,survey_weighted,selection_rate,10,0.5055753234868905,0.018480003489403637,0.48778651084266067,0.4919316603741172,0.5017998062785795,0.5128412020730467,0.5492287339353693
survey_year_adjusted_50000,lightgbm,isotonic,ood_test,0.5,survey_weighted,selective_risk,10,0.10881058699395865,0.0056796775985533815,0.10093812775272155,0.105649199986953,0.10764096325266702,0.11304112550846504,0.11862983631961843
survey_year_adjusted_50000,lightgbm,isotonic,ood_test,0.5,survey_weighted,selective_accuracy,10,0.8911894130060413,0.005679677598553372,0.8813701636803816,0.886958874491535,0.892359036747333,0.894350800013047,0.8990618722472784
survey_year_adjusted_50000,lightgbm,isotonic,ood_test,0.7,survey_weighted,selection_rate,10,0.7024016629984959,0.011101025421246713,0.6820873201740967,0.6952356270871407,0.7039830669424161,0.7102422855576768,0.7169099145382712
survey_year_adjusted_50000,lightgbm,isotonic,ood_test,0.7,survey_weighted,selective_risk,10,0.15242576290946358,0.007423197111541609,0.13817708024960998,0.14882320052386833,0.15122683726982655,0.15821896137620858,0.1624360095527314
survey_year_adjusted_50000,lightgbm,isotonic,ood_test,0.7,survey_weighted,selective_accuracy,10,0.8475742370905366,0.007423197111541612,0.8375639904472686,0.8417810386237914,0.8487731627301734,0.8511767994761317,0.86182291975039
survey_year_adjusted_50000,lightgbm,isotonic,ood_test,0.8,survey_weighted,selection_rate,10,0.8109392713228907,0.016289518097097513,0.7891152167338098,0.7975066337771188,0.809935393268612,0.8193243931076984,0.8395734327838308
survey_year_adjusted_50000,lightgbm,isotonic,ood_test,0.8,survey_weighted,selective_risk,10,0.1789442258881839,0.006017783255356899,0.16986222886204966,0.1737273036704373,0.18113801650174355,0.18334654025769986,0.18688103125638633
survey_year_adjusted_50000,lightgbm,isotonic,ood_test,0.8,survey_weighted,selective_accuracy,10,0.8210557741118161,0.0060177832553568724,0.8131189687436137,0.8166534597423002,0.8188619834982565,0.8262726963295628,0.8301377711379503
survey_year_adjusted_50000,lightgbm,isotonic,ood_test,0.9,survey_weighted,selection_rate,10,0.9176961779466405,0.018103789691946363,0.8966542357712467,0.9044020923513797,0.9108593896812524,0.9301837390284647,0.9495805432376734
survey_year_adjusted_50000,lightgbm,isotonic,ood_test,0.9,survey_weighted,selective_risk,10,0.20337890328041314,0.008375210045763934,0.19256843905899315,0.19600297451095453,0.20288013972651753,0.20984777534516263,0.21742505158776557
survey_year_adjusted_50000,lightgbm,isotonic,ood_test,0.9,survey_weighted,selective_accuracy,10,0.7966210967195868,0.008375210045763932,0.7825749484122344,0.7901522246548374,0.7971198602734826,0.8039970254890454,0.8074315609410069
survey_year_adjusted_50000,lightgbm,isotonic,ood_test,0.95,survey_weighted,selection_rate,10,0.9596789630715259,0.009552771646157265,0.9504184940316324,0.9520434771682165,0.9552243331308266,0.9675039006221866,0.9780868740671983
survey_year_adjusted_50000,lightgbm,isotonic,ood_test,0.95,survey_weighted,selective_risk,10,0.21700364207827877,0.0066690750382892025,0.2077423664669436,0.213193375435993,0.21708787261719387,0.2206669293813247,0.2296781723214902
survey_year_adjusted_50000,lightgbm,isotonic,ood_test,0.95,survey_weighted,selective_accuracy,10,0.7829963579217212,0.006669075038289215,0.7703218276785098,0.7793330706186753,0.7829121273828061,0.786806624564007,0.7922576335330564
survey_year_adjusted_50000,lightgbm,platt,id_test,0.5,survey_weighted,selection_rate,10,0.5006539496640934,0.009588515663146661,0.4856086204636278,0.49225571468547724,0.5036172135006255,0.50864245598755,0.5115620181182812
survey_year_adjusted_50000,lightgbm,platt,id_test,0.5,survey_weighted,selective_risk,10,0.06434458704722118,0.0026918825142314335,0.0590572338162425,0.06294135442037938,0.06550941400037803,0.0658437000187679,0.06702185838270981
survey_year_adjusted_50000,lightgbm,platt,id_test,0.5,survey_weighted,selective_accuracy,10,0.9356554129527789,0.0026918825142314244,0.9329781416172902,0.9341562999812321,0.934490585999622,0.9370586455796206,0.9409427661837575
survey_year_adjusted_50000,lightgbm,platt,id_test,0.7,survey_weighted,selection_rate,10,0.69913949264037,0.007197444060682966,0.6862741137896321,0.6933672408560483,0.7015074594343318,0.7047351462279695,0.7067343385208409
survey_year_adjusted_50000,lightgbm,platt,id_test,0.7,survey_weighted,selective_risk,10,0.1061816468977022,0.0034310804302040265,0.10072013955952665,0.10319217801062779,0.10717207683345555,0.10867111382213204,0.11024370117426073
survey_year_adjusted_50000,lightgbm,platt,id_test,0.7,survey_weighted,selective_accuracy,10,0.8938183531022977,0.00343108043020403,0.8897562988257393,0.8913288861778679,0.8928279231665445,0.8968078219893723,0.8992798604404734
survey_year_adjusted_50000,lightgbm,platt,id_test,0.8,survey_weighted,selection_rate,10,0.8006463123758782,0.006089764814624419,0.793085331228396,0.7955910977749461,0.8004564311368603,0.8055322697546652,0.8087756247359493
survey_year_adjusted_50000,lightgbm,platt,id_test,0.8,survey_weighted,selective_risk,10,0.13281976003291956,0.0035383740555959635,0.12632583144217258,0.1305011370201358,0.13327310143556065,0.13479307205349791,0.13785043066011557
survey_year_adjusted_50000,lightgbm,platt,id_test,0.8,survey_weighted,selective_accuracy,10,0.8671802399670805,0.0035383740555959687,0.8621495693398844,0.865206927946502,0.8667268985644394,0.8694988629798641,0.8736741685578274
survey_year_adjusted_50000,lightgbm,platt,id_test,0.9,survey_weighted,selection_rate,10,0.9001312332033367,0.005250144620656826,0.8920660647964909,0.8976135912862553,0.8991820936473103,0.9030033635897601,0.9090410941628254
survey_year_adjusted_50000,lightgbm,platt,id_test,0.9,survey_weighted,selective_risk,10,0.1600768282082342,0.003353927710819483,0.15661010701830158,0.15736828555687093,0.1595335265008816,0.16213430221891295,0.16574431351303803
survey_year_adjusted_50000,lightgbm,platt,id_test,0.9,survey_weighted,selective_accuracy,10,0.8399231717917658,0.003353927710819494,0.8342556864869619,0.837865697781087,0.8404664734991184,0.842631714443129,0.8433898929816984
survey_year_adjusted_50000,lightgbm,platt,id_test,0.95,survey_weighted,selection_rate,10,0.950300845846716,0.002666193510852314,0.9466067917811937,0.9478985361249124,0.9506973998287607,0.952288365525473,0.9537689912489233
survey_year_adjusted_50000,lightgbm,platt,id_test,0.95,survey_weighted,selective_risk,10,0.17454986348503182,0.003725055555939248,0.1694918750444991,0.17187406954105078,0.17409029143401666,0.1763611475117442,0.18250287925127567
survey_year_adjusted_50000,lightgbm,platt,id_test,0.95,survey_weighted,selective_accuracy,10,0.8254501365149682,0.0037250555559392466,0.8174971207487243,0.8236388524882559,0.8259097085659833,0.8281259304589492,0.8305081249555009
survey_year_adjusted_50000,lightgbm,platt,ood_test,0.5,survey_weighted,selection_rate,10,0.4836010704064962,0.008024911361960266,0.4709494762682508,0.4794466374004871,0.48565687552879855,0.4889068105444767,0.49595546832909837
survey_year_adjusted_50000,lightgbm,platt,ood_test,0.5,survey_weighted,selective_risk,10,0.1012543376102567,0.0023619020632447084,0.09841721440653689,0.09967400243249919,0.10075776673526082,0.1027104053026346,0.10609114443694029
survey_year_adjusted_50000,lightgbm,platt,ood_test,0.5,survey_weighted,selective_accuracy,10,0.8987456623897433,0.0023619020632447223,0.8939088555630597,0.8972895946973654,0.8992422332647392,0.9003259975675009,0.901582785593463
survey_year_adjusted_50000,lightgbm,platt,ood_test,0.7,survey_weighted,selection_rate,10,0.6895319165855117,0.0067893230021683695,0.6786886307631467,0.6859772835565723,0.6888073679655488,0.6909912350246927,0.7015922440414785
survey_year_adjusted_50000,lightgbm,platt,ood_test,0.7,survey_weighted,selective_risk,10,0.14626114334211962,0.002663540227217015,0.14219112458476169,0.14537788273219043,0.1457627615819938,0.1467954150431603,0.15074788000371253
survey_year_adjusted_50000,lightgbm,platt,ood_test,0.7,survey_weighted,selective_accuracy,10,0.8537388566578803,0.0026635402272170176,0.8492521199962875,0.8532045849568397,0.8542372384180061,0.8546221172678096,0.8578088754152383
survey_year_adjusted_50000,lightgbm,platt,ood_test,0.8,survey_weighted,selection_rate,10,0.7929872695744719,0.005168679674322518,0.7878614162918789,0.7888932260392896,0.7911934022190067,0.7962597099830047,0.8039866553022768
survey_year_adjusted_50000,lightgbm,platt,ood_test,0.8,survey_weighted,selective_risk,10,0.17201359648652342,0.0021936482902255366,0.16905836326391743,0.1709490761284301,0.17167968842466416,0.17196191257934848,0.1767223629437393
survey_year_adjusted_50000,lightgbm,platt,ood_test,0.8,survey_weighted,selective_accuracy,10,0.8279864035134766,0.0021936482902255483,0.8232776370562607,0.8280380874206514,0.8283203115753359,0.8290509238715699,0.8309416367360826
survey_year_adjusted_50000,lightgbm,platt,ood_test,0.9,survey_weighted,selection_rate,10,0.8976537752859028,0.0038223844971316443,0.8937031536181858,0.8945149106354611,0.8966558611607307,0.9008973150191115,0.9034221075225151
survey_year_adjusted_50000,lightgbm,platt,ood_test,0.9,survey_weighted,selective_risk,10,0.19834530820835558,0.0017123180697699038,0.19633076752404138,0.19723191691764017,0.19784454558890746,0.1994167900611185,0.20134327108514188
survey_year_adjusted_50000,lightgbm,platt,ood_test,0.9,survey_weighted,selective_accuracy,10,0.8016546917916445,0.001712318069769919,0.7986567289148581,0.8005832099388815,0.8021554544110925,0.8027680830823598,0.8036692324759587
survey_year_adjusted_50000,lightgbm,platt,ood_test,0.95,survey_weighted,selection_rate,10,0.9497600237456899,0.0023790726671906125,0.9453257736885201,0.9490842368102457,0.9499248757483512,0.9514992530085021,0.9525765111464835
survey_year_adjusted_50000,lightgbm,platt,ood_test,0.95,survey_weighted,selective_risk,10,0.21231406327408492,0.0018599464668323236,0.20927582633783373,0.21108124996221303,0.21227576179205354,0.21358802525204482,0.21493783136732122
survey_year_adjusted_50000,lightgbm,platt,ood_test,0.95,survey_weighted,selective_accuracy,10,0.787685936725915,0.001859946466832326,0.7850621686326787,0.7864119747479552,0.7877242382079465,0.788918750037787,0.7907241736621663
survey_year_adjusted_50000,lightgbm,raw,id_test,0.5,survey_weighted,selection_rate,10,0.5010365180985737,0.010229901277455194,0.4853545829927872,0.4920386042415008,0.5026332508053395,0.5098398475193092,0.5128765531336261
survey_year_adjusted_50000,lightgbm,raw,id_test,0.5,survey_weighted,selective_risk,10,0.06456877149460248,0.0025703325321508436,0.06033863632748793,0.06273172302127313,0.06511429063683916,0.06627849748298974,0.06801693614281823
survey_year_adjusted_50000,lightgbm,raw,id_test,0.5,survey_weighted,selective_accuracy,10,0.9354312285053975,0.0025703325321508592,0.9319830638571818,0.9337215025170102,0.9348857093631608,0.9372682769787268,0.9396613636725121
survey_year_adjusted_50000,lightgbm,raw,id_test,0.7,survey_weighted,selection_rate,10,0.6992351476131979,0.007715290388035626,0.6843308097941512,0.6937392104087298,0.7011838868607749,0.7050816238125033,0.7072401508868342
survey_year_adjusted_50000,lightgbm,raw,id_test,0.7,survey_weighted,selective_risk,10,0.1063993175077255,0.003392150820012743,0.10059788457665562,0.10356391428829474,0.10767795644399611,0.10844917654114014,0.11079234392136687
survey_year_adjusted_50000,lightgbm,raw,id_test,0.7,survey_weighted,selective_accuracy,10,0.8936006824922744,0.0033921508200127387,0.8892076560786332,0.8915508234588598,0.892322043556004,0.8964360857117053,0.8994021154233444
survey_year_adjusted_50000,lightgbm,raw,id_test,0.8,survey_weighted,selection_rate,10,0.8007006377133508,0.005749532178670894,0.7928711416744205,0.7957776575808381,0.8008552807763125,0.8044741651322341,0.8083783246292254
survey_year_adjusted_50000,lightgbm,raw,id_test,0.8,survey_weighted,selective_risk,10,0.13285551020579042,0.0034773441271871088,0.12696698758210598,0.13014614791369716,0.133471508588275,0.13489573185363812,0.13830804514095182
survey_year_adjusted_50000,lightgbm,raw,id_test,0.8,survey_weighted,selective_accuracy,10,0.8671444897942097,0.0034773441271871053,0.8616919548590481,0.8651042681463619,0.866528491411725,0.8698538520863028,0.873033012417894
survey_year_adjusted_50000,lightgbm,raw,id_test,0.9,survey_weighted,selection_rate,10,0.8998813944171321,0.004594251121787197,0.8930470885110456,0.8958339694410271,0.9009997725030036,0.9032684944139366,0.9057890896720276
survey_year_adjusted_50000,lightgbm,raw,id_test,0.9,survey_weighted,selective_risk,10,0.15991246171702914,0.0031085270237532357,0.15644292978228516,0.157110915845129,0.15992883255782336,0.1622241808301722,0.16544045554621234
survey_year_adjusted_50000,lightgbm,raw,id_test,0.9,survey_weighted,selective_accuracy,10,0.8400875382829709,0.0031085270237532444,0.8345595444537877,0.8377758191698278,0.8400711674421766,0.842889084154871,0.8435570702177149
survey_year_adjusted_50000,lightgbm,raw,id_test,0.95,survey_weighted,selection_rate,10,0.9507368384906323,0.003391005665615995,0.9451504650118214,0.9482164880154411,0.950820939197088,0.9531727008538173,0.9563387919564655
survey_year_adjusted_50000,lightgbm,raw,id_test,0.95,survey_weighted,selective_risk,10,0.17469502664983697,0.0035098039696868,0.1700572947493588,0.17229701207833265,0.17442145571338025,0.17620014430026665,0.18181126578501877
survey_year_adjusted_50000,lightgbm,raw,id_test,0.95,survey_weighted,selective_accuracy,10,0.825304973350163,0.003509803969686815,0.8181887342149812,0.8237998556997334,0.8255785442866198,0.8277029879216673,0.8299427052506412
survey_year_adjusted_50000,lightgbm,raw,ood_test,0.5,survey_weighted,selection_rate,10,0.4834041357160209,0.008227445773565127,0.4714425944316907,0.4790321318245885,0.48442851868378956,0.48771502496285674,0.4962874228737061
survey_year_adjusted_50000,lightgbm,raw,ood_test,0.5,survey_weighted,selective_risk,10,0.10294130800067262,0.002371593075858996,0.09873291966317628,0.10151391723892231,0.10252567981230304,0.10496075776092752,0.10609601375339224
survey_year_adjusted_50000,lightgbm,raw,ood_test,0.5,survey_weighted,selective_accuracy,10,0.8970586919993273,0.002371593075858989,0.8939039862466077,0.8950392422390725,0.8974743201876969,0.8984860827610777,0.9012670803368237
survey_year_adjusted_50000,lightgbm,raw,ood_test,0.7,survey_weighted,selection_rate,10,0.6890132297951898,0.007453457340070414,0.675605767031925,0.685708375369448,0.688183656008571,0.6905976407096551,0.7020914886729732
survey_year_adjusted_50000,lightgbm,raw,ood_test,0.7,survey_weighted,selective_risk,10,0.14781996130030556,0.0021699739742240135,0.14454605869362572,0.1462999557133241,0.14794991693235124,0.1486968330033706,0.15155178029444627
survey_year_adjusted_50000,lightgbm,raw,ood_test,0.7,survey_weighted,selective_accuracy,10,0.8521800386996945,0.002169973974224017,0.8484482197055537,0.8513031669966294,0.8520500830676487,0.853700044286676,0.8554539413063743
survey_year_adjusted_50000,lightgbm,raw,ood_test,0.8,survey_weighted,selection_rate,10,0.7930374315945458,0.005197513534696183,0.787700377703007,0.7893880008497036,0.7918197398051507,0.7958312948240223,0.8045122812553959
survey_year_adjusted_50000,lightgbm,raw,ood_test,0.8,survey_weighted,selective_risk,10,0.17364501531733748,0.001595550453214953,0.17087255696066708,0.17274108014277065,0.17373058584310622,0.17381356453355046,0.17656540715474386
survey_year_adjusted_50000,lightgbm,raw,ood_test,0.8,survey_weighted,selective_accuracy,10,0.8263549846826626,0.001595550453214968,0.8234345928452561,0.8261864354664495,0.8262694141568938,0.8272589198572293,0.829127443039333
survey_year_adjusted_50000,lightgbm,raw,ood_test,0.9,survey_weighted,selection_rate,10,0.8977401084734931,0.0037274679392204284,0.892894084745057,0.8950005270012827,0.8968201505285704,0.9006643842030647,0.90305014339061
survey_year_adjusted_50000,lightgbm,raw,ood_test,0.9,survey_weighted,selective_risk,10,0.1998298040818157,0.001261992871129687,0.19749395333710157,0.1992173165181333,0.20020102063628487,0.20046031483697122,0.20175239904356698
survey_year_adjusted_50000,lightgbm,raw,ood_test,0.9,survey_weighted,selective_accuracy,10,0.8001701959181844,0.0012619928711296855,0.798247600956433,0.7995396851630288,0.7997989793637151,0.8007826834818668,0.8025060466628984
survey_year_adjusted_50000,lightgbm,raw,ood_test,0.95,survey_weighted,selection_rate,10,0.9506586515793847,0.002314012014460147,0.9457373723178417,0.9494389468076287,0.950823153498157,0.9522040781522272,0.9539007034560657
survey_year_adjusted_50000,lightgbm,raw,ood_test,0.95,survey_weighted,selective_risk,10,0.21401509333362728,0.0010284154012413112,0.21245151040422827,0.21331752184410788,0.2143631200380437,0.21478829659092796,0.21523955728484417
survey_year_adjusted_50000,lightgbm,raw,ood_test,0.95,survey_weighted,selective_accuracy,10,0.7859849066663728,0.0010284154012413047,0.7847604427151558,0.7852117034090721,0.7856368799619563,0.7866824781558921,0.7875484895957717
survey_year_adjusted_50000,logistic_regression,isotonic,id_test,0.5,survey_weighted,selection_rate,10,0.5149495584754181,0.009309047497270484,0.5034078824045468,0.5067442982946975,0.5158307843333857,0.5212093397838791,0.5316644421896384
survey_year_adjusted_50000,logistic_regression,isotonic,id_test,0.5,survey_weighted,selective_risk,10,0.07175086466963687,0.0037517225803800594,0.06456891539032085,0.06995488598047862,0.07253730398624497,0.07312266770775797,0.07829398103698766
survey_year_adjusted_50000,logistic_regression,isotonic,id_test,0.5,survey_weighted,selective_accuracy,10,0.9282491353303632,0.003751722580380072,0.9217060189630123,0.9268773322922421,0.9274626960137551,0.9300451140195214,0.9354310846096792
survey_year_adjusted_50000,logistic_regression,isotonic,id_test,0.7,survey_weighted,selection_rate,10,0.7175564517596704,0.018308623484689052,0.6951080995779836,0.701143106890269,0.7179620100470729,0.7321551182466474,0.7438075547109605
survey_year_adjusted_50000,logistic_regression,isotonic,id_test,0.7,survey_weighted,selective_risk,10,0.11527158786806901,0.006108332798218939,0.10418887076309588,0.111324477029351,0.11746412380075946,0.11921326261095679,0.12232946831588508
survey_year_adjusted_50000,logistic_regression,isotonic,id_test,0.7,survey_weighted,selective_accuracy,10,0.884728412131931,0.006108332798218935,0.8776705316841149,0.8807867373890432,0.8825358761992406,0.888675522970649,0.8958111292369041
survey_year_adjusted_50000,logistic_regression,isotonic,id_test,0.8,survey_weighted,selection_rate,10,0.8136725798510532,0.013026875512673038,0.7972148898073887,0.8033669296515955,0.8109472343252444,0.8249343330031271,0.8344321760724301
survey_year_adjusted_50000,logistic_regression,isotonic,id_test,0.8,survey_weighted,selective_risk,10,0.1391234569322422,0.006148511783778144,0.1326403066055785,0.1334587050947912,0.13847003757592782,0.14242797055815978,0.14934195096429667
survey_year_adjusted_50000,logistic_regression,isotonic,id_test,0.8,survey_weighted,selective_accuracy,10,0.8608765430677577,0.006148511783778136,0.8506580490357033,0.8575720294418403,0.8615299624240722,0.8665412949052088,0.8673596933944215
survey_year_adjusted_50000,logistic_regression,isotonic,id_test,0.9,survey_weighted,selection_rate,10,0.9107410648387763,0.01045942388308522,0.8958963543618704,0.9031395863882588,0.9115129727218366,0.916325680913335,0.9268401571377225
survey_year_adjusted_50000,logistic_regression,isotonic,id_test,0.9,survey_weighted,selective_risk,10,0.16530174474080775,0.0036817387109613,0.16039290161978967,0.1638039310784549,0.16492061899536864,0.16667420249688275,0.17371796267369144
survey_year_adjusted_50000,logistic_regression,isotonic,id_test,0.9,survey_weighted,selective_accuracy,10,0.8346982552591922,0.003681738710961289,0.8262820373263086,0.8333257975031173,0.8350793810046313,0.8361960689215451,0.8396070983802103
survey_year_adjusted_50000,logistic_regression,isotonic,id_test,0.95,survey_weighted,selection_rate,10,0.9647040958039647,0.013701273125551498,0.9455117503936784,0.9595036992464757,0.963318739057266,0.9669589682425079,0.998492711006346
survey_year_adjusted_50000,logistic_regression,isotonic,id_test,0.95,survey_weighted,selective_risk,10,0.18076283327091763,0.0060629015357952344,0.17300041283572343,0.17705917066359067,0.18033224600271255,0.18329767257982144,0.19448628953733077
survey_year_adjusted_50000,logistic_regression,isotonic,id_test,0.95,survey_weighted,selective_accuracy,10,0.8192371667290825,0.0060629015357952214,0.8055137104626693,0.8167023274201786,0.8196677539972874,0.8229408293364093,0.8269995871642766
survey_year_adjusted_50000,logistic_regression,isotonic,ood_test,0.5,survey_weighted,selection_rate,10,0.4971534303907574,0.008070435993403352,0.48669162348027645,0.4927141603806812,0.49421023762819166,0.4998747824947553,0.515881618132745
survey_year_adjusted_50000,logistic_regression,isotonic,ood_test,0.5,survey_weighted,selective_risk,10,0.10868872472848157,0.005017771676115733,0.09787596978883009,0.1074523107009419,0.10991642035832105,0.11171836335151693,0.11491266252777466
survey_year_adjusted_50000,logistic_regression,isotonic,ood_test,0.5,survey_weighted,selective_accuracy,10,0.8913112752715184,0.0050177716761157405,0.8850873374722253,0.8882816366484831,0.890083579641679,0.892547689299058,0.9021240302111699
survey_year_adjusted_50000,logistic_regression,isotonic,ood_test,0.7,survey_weighted,selection_rate,10,0.7047797328434827,0.01832936203577155,0.6829161437809536,0.6883462887294368,0.7032382634688837,0.7197861037451099,0.7331248000302072
survey_year_adjusted_50000,logistic_regression,isotonic,ood_test,0.7,survey_weighted,selective_risk,10,0.1546915475065782,0.006155102471059358,0.14805978136361808,0.1500572235734138,0.1521694506676114,0.1584757288318614,0.16474061071554721
survey_year_adjusted_50000,logistic_regression,isotonic,ood_test,0.7,survey_weighted,selective_accuracy,10,0.8453084524934219,0.006155102471059367,0.8352593892844528,0.8415242711681387,0.8478305493323887,0.8499427764265862,0.8519402186363819
survey_year_adjusted_50000,logistic_regression,isotonic,ood_test,0.8,survey_weighted,selection_rate,10,0.8046393116950649,0.014277442591172357,0.7884174245253519,0.7925176883010592,0.8025790054941915,0.8146835622986158,0.8278287434626522
survey_year_adjusted_50000,logistic_regression,isotonic,ood_test,0.8,survey_weighted,selective_risk,10,0.1782871120143173,0.006454960015855469,0.17031641569158096,0.17390667766194073,0.17725275169377488,0.1836271197259812,0.18811390521959817
survey_year_adjusted_50000,logistic_regression,isotonic,ood_test,0.8,survey_weighted,selective_accuracy,10,0.8217128879856826,0.006454960015855461,0.8118860947804019,0.8163728802740188,0.822747248306225,0.8260933223380593,0.829683584308419
survey_year_adjusted_50000,logistic_regression,isotonic,ood_test,0.9,survey_weighted,selection_rate,10,0.90578626153292,0.009958019974746912,0.8903343463677483,0.8979121622018676,0.9067650960861497,0.9113189060428606,0.9213367753247872
survey_year_adjusted_50000,logistic_regression,isotonic,ood_test,0.9,survey_weighted,selective_risk,10,0.20091106836170694,0.0035573279572508063,0.19503654559323957,0.19826649179431305,0.20094601860681127,0.20361435229430844,0.20626911511403723
survey_year_adjusted_50000,logistic_regression,isotonic,ood_test,0.9,survey_weighted,selective_accuracy,10,0.799088931638293,0.0035573279572508154,0.7937308848859628,0.7963856477056915,0.7990539813931887,0.8017335082056869,0.8049634544067604
survey_year_adjusted_50000,logistic_regression,isotonic,ood_test,0.95,survey_weighted,selection_rate,10,0.9621400278041626,0.014266258441960153,0.9465040560344272,0.954951674044893,0.960331556949334,0.9629754717474175,0.9987030642217641
survey_year_adjusted_50000,logistic_regression,isotonic,ood_test,0.95,survey_weighted,selective_risk,10,0.2146278737763688,0.004773607216017016,0.2093152085407503,0.2114052891714164,0.2123288209003225,0.2178634531940169,0.2229402419466906
survey_year_adjusted_50000,logistic_regression,isotonic,ood_test,0.95,survey_weighted,selective_accuracy,10,0.7853721262236313,0.004773607216017002,0.7770597580533094,0.7821365468059831,0.7876711790996775,0.7885947108285836,0.7906847914592496
survey_year_adjusted_50000,logistic_regression,platt,id_test,0.5,survey_weighted,selection_rate,10,0.5010504509457456,0.00895860666934618,0.48668059586527357,0.49601214381687964,0.4998658347857186,0.5088216974904015,0.5132325511299217
survey_year_adjusted_50000,logistic_regression,platt,id_test,0.5,survey_weighted,selective_risk,10,0.06930308800853074,0.004336750199687015,0.06138229142926934,0.06706494063251922,0.07012263438761301,0.0714139329350819,0.07710009386718039
survey_year_adjusted_50000,logistic_regression,platt,id_test,0.5,survey_weighted,selective_accuracy,10,0.9306969119914692,0.004336750199687021,0.9228999061328196,0.9285860670649182,0.929877365612387,0.9329350593674808,0.9386177085707307
survey_year_adjusted_50000,logistic_regression,platt,id_test,0.7,survey_weighted,selection_rate,10,0.7016074464098778,0.00801667891368412,0.6862432585233228,0.6970467152711397,0.7039886978153025,0.7051319418419078,0.7143426261701308
survey_year_adjusted_50000,logistic_regression,platt,id_test,0.7,survey_weighted,selective_risk,10,0.11171722305321756,0.0038033321576719154,0.10443997655111051,0.11069879276019931,0.1130356212830515,0.11446945802793795,0.11567410017330526
survey_year_adjusted_50000,logistic_regression,platt,id_test,0.7,survey_weighted,selective_accuracy,10,0.8882827769467824,0.003803332157671933,0.8843258998266947,0.885530541972062,0.8869643787169486,0.8893012072398008,0.8955600234488895
survey_year_adjusted_50000,logistic_regression,platt,id_test,0.8,survey_weighted,selection_rate,10,0.7999292843261679,0.005913575872942534,0.7902629005559344,0.7952058033890825,0.8002865477485637,0.8043320141651737,0.8076320755380572
survey_year_adjusted_50000,logistic_regression,platt,id_test,0.8,survey_weighted,selective_risk,10,0.13536063212016897,0.003983353734799388,0.12964806013338673,0.13254946421019076,0.1342765276289448,0.13802852959717152,0.1420023858200729
survey_year_adjusted_50000,logistic_regression,platt,id_test,0.8,survey_weighted,selective_accuracy,10,0.864639367879831,0.003983353734799419,0.857997614179927,0.8619714704028284,0.8657234723710552,0.8674505357898092,0.8703519398666133
survey_year_adjusted_50000,logistic_regression,platt,id_test,0.9,survey_weighted,selection_rate,10,0.900948647254032,0.005789856707902331,0.8930504824642201,0.89622151472706,0.9014070148370286,0.9047501882643142,0.9113197738104297
survey_year_adjusted_50000,logistic_regression,platt,id_test,0.9,survey_weighted,selective_risk,10,0.1624191009549976,0.004273495844615483,0.156933383806567,0.15864929637771852,0.16268740811001622,0.16585668471422976,0.1682262167736262
survey_year_adjusted_50000,logistic_regression,platt,id_test,0.9,survey_weighted,selective_accuracy,10,0.8375808990450025,0.004273495844615493,0.8317737832263739,0.8341433152857702,0.8373125918899837,0.8413507036222815,0.843066616193433
survey_year_adjusted_50000,logistic_regression,platt,id_test,0.95,survey_weighted,selection_rate,10,0.9505761142662822,0.0040198334195444465,0.943514167689652,0.9481113973374904,0.9507817263093099,0.9526898547486093,0.9572124942688454
survey_year_adjusted_50000,logistic_regression,platt,id_test,0.95,survey_weighted,selective_risk,10,0.17634813844049527,0.004090735071347905,0.1711208274577589,0.1723234714208286,0.17702354046411617,0.179657574634737,0.1812598125410825
survey_year_adjusted_50000,logistic_regression,platt,id_test,0.95,survey_weighted,selective_accuracy,10,0.8236518615595048,0.004090735071347915,0.8187401874589175,0.8203424253652629,0.8229764595358838,0.8276765285791714,0.8288791725422411
survey_year_adjusted_50000,logistic_regression,platt,ood_test,0.5,survey_weighted,selection_rate,10,0.4827921890783079,0.007312232574378219,0.4715427434298944,0.47733441250859737,0.48443058167813463,0.48497761901195574,0.4943604611254972
survey_year_adjusted_50000,logistic_regression,platt,ood_test,0.5,survey_weighted,selective_risk,10,0.10763317185318148,0.002067850624585334,0.10420985311173085,0.1067021356832857,0.10697492871682013,0.10843361920968275,0.11165254065822006
survey_year_adjusted_50000,logistic_regression,platt,ood_test,0.5,survey_weighted,selective_accuracy,10,0.8923668281468187,0.0020678506245853305,0.8883474593417799,0.8915663807903172,0.8930250712831799,0.8932978643167142,0.8957901468882692
survey_year_adjusted_50000,logistic_regression,platt,ood_test,0.7,survey_weighted,selection_rate,10,0.6886548939289577,0.006331190335397644,0.6766596445673294,0.6855475243255165,0.6894512097461354,0.6917461346675197,0.6999859841414499
survey_year_adjusted_50000,logistic_regression,platt,ood_test,0.7,survey_weighted,selective_risk,10,0.15064224696198153,0.00205929555174577,0.1478149382814514,0.1492376134796291,0.14993921332850843,0.15260049338801324,0.15365114442214103
survey_year_adjusted_50000,logistic_regression,platt,ood_test,0.7,survey_weighted,selective_accuracy,10,0.8493577530380184,0.0020592955517457472,0.846348855577859,0.8473995066119868,0.8500607866714915,0.8507623865203708,0.8521850617185486
survey_year_adjusted_50000,logistic_regression,platt,ood_test,0.8,survey_weighted,selection_rate,10,0.7908111606243647,0.006932721629057645,0.7831471616386076,0.7851949335859606,0.7883420939742686,0.7973818226192452,0.8018175105209586
survey_year_adjusted_50000,logistic_regression,platt,ood_test,0.8,survey_weighted,selective_risk,10,0.17448236923148464,0.0025690027862019047,0.17033315836551918,0.17320217288392847,0.1739331613876084,0.17665095948591358,0.17808161937282826
survey_year_adjusted_50000,logistic_regression,platt,ood_test,0.8,survey_weighted,selective_accuracy,10,0.8255176307685155,0.002569002786201909,0.8219183806271717,0.8233490405140864,0.8260668386123916,0.8267978271160715,0.8296668416344808
survey_year_adjusted_50000,logistic_regression,platt,ood_test,0.9,survey_weighted,selection_rate,10,0.8954394196709388,0.004762248035741562,0.8882450957310646,0.8923190094426376,0.8946605080242354,0.8986733758576899,0.9042506810694513
survey_year_adjusted_50000,logistic_regression,platt,ood_test,0.9,survey_weighted,selective_risk,10,0.20030924812166845,0.0017901031901950604,0.19725252281798927,0.1996804205560334,0.2001259131519867,0.20156287143396945,0.2028412371658588
survey_year_adjusted_50000,logistic_regression,platt,ood_test,0.9,survey_weighted,selective_accuracy,10,0.7996907518783316,0.0017901031901950274,0.7971587628341412,0.7984371285660306,0.7998740868480132,0.8003195794439666,0.8027474771820107
survey_year_adjusted_50000,logistic_regression,platt,ood_test,0.95,survey_weighted,selection_rate,10,0.9484034861853772,0.0030571405993585245,0.9442755220219645,0.9460830176431028,0.9483556872315528,0.9491918876060675,0.9541768946383777
survey_year_adjusted_50000,logistic_regression,platt,ood_test,0.95,survey_weighted,selective_risk,10,0.2140557598022542,0.0013759103770347198,0.21154606454099628,0.21365357762504486,0.2140363371750591,0.2148547220039083,0.2162287105196744
survey_year_adjusted_50000,logistic_regression,platt,ood_test,0.95,survey_weighted,selective_accuracy,10,0.7859442401977459,0.0013759103770346968,0.7837712894803256,0.7851452779960918,0.7859636628249409,0.7863464223749552,0.7884539354590037
survey_year_adjusted_50000,logistic_regression,raw,id_test,0.5,survey_weighted,selection_rate,10,0.5012192159328099,0.00871061887311584,0.4866661690459419,0.49573524122504165,0.5005751588590638,0.5084508628431308,0.513046532422115
survey_year_adjusted_50000,logistic_regression,raw,id_test,0.5,survey_weighted,selective_risk,10,0.06936886501486056,0.00437892055131796,0.061259841133960095,0.06727500958908875,0.06983870236101014,0.071507124167409,0.07733699105603223
survey_year_adjusted_50000,logistic_regression,raw,id_test,0.5,survey_weighted,selective_accuracy,10,0.9306311349851393,0.004378920551317951,0.9226630089439678,0.928492875832591,0.9301612976389898,0.9327249904109113,0.9387401588660399
survey_year_adjusted_50000,logistic_regression,raw,id_test,0.7,survey_weighted,selection_rate,10,0.7014810068420058,0.0076426158233423,0.6864694037009039,0.6971930437174473,0.7042058283545605,0.7046729972523911,0.7124952280344106
survey_year_adjusted_50000,logistic_regression,raw,id_test,0.7,survey_weighted,selective_risk,10,0.11153770126511442,0.0034584970478638726,0.1042025595455497,0.1107561071884958,0.11333115690070972,0.1138636970573487,0.1144159789627675
survey_year_adjusted_50000,logistic_regression,raw,id_test,0.7,survey_weighted,selective_accuracy,10,0.8884622987348856,0.003458497047863873,0.8855840210372325,0.8861363029426513,0.8866688430992903,0.8892438928115042,0.8957974404544503
survey_year_adjusted_50000,logistic_regression,raw,id_test,0.8,survey_weighted,selection_rate,10,0.8002927923532299,0.0056741370022596015,0.7904241045806406,0.795665433317649,0.8012331350605377,0.8046609681597171,0.8070702242691987
survey_year_adjusted_50000,logistic_regression,raw,id_test,0.8,survey_weighted,selective_risk,10,0.13536904177520087,0.004013031901732048,0.12938158548022288,0.13263746826485412,0.134688009656323,0.1379799027554967,0.141900708022958
survey_year_adjusted_50000,logistic_regression,raw,id_test,0.8,survey_weighted,selective_accuracy,10,0.8646309582247991,0.004013031901732033,0.858099291977042,0.8620200972445033,0.865311990343677,0.8673625317351459,0.8706184145197771
survey_year_adjusted_50000,logistic_regression,raw,id_test,0.9,survey_weighted,selection_rate,10,0.9013514466712158,0.006135052686037934,0.8917444305397628,0.8964489440355777,0.9013108411381641,0.9060427788555597,0.910857444681968
survey_year_adjusted_50000,logistic_regression,raw,id_test,0.9,survey_weighted,selective_risk,10,0.16268043530946635,0.004102357180586646,0.15716551282015392,0.1588506882841897,0.16286052183411204,0.16564208286568396,0.16885426039707244
survey_year_adjusted_50000,logistic_regression,raw,id_test,0.9,survey_weighted,selective_accuracy,10,0.8373195646905337,0.004102357180586644,0.8311457396029276,0.8343579171343161,0.837139478165888,0.8411493117158103,0.8428344871798461
survey_year_adjusted_50000,logistic_regression,raw,id_test,0.95,survey_weighted,selection_rate,10,0.9509407365182962,0.003816518077130336,0.9447783566805414,0.9480536319834676,0.9511257458887931,0.9529713347766846,0.9568185872935585
survey_year_adjusted_50000,logistic_regression,raw,id_test,0.95,survey_weighted,selective_risk,10,0.17632690396760628,0.004010728943775812,0.17103466777161555,0.17229403381494857,0.1772873477377318,0.1792818419071805,0.18113745456100014
survey_year_adjusted_50000,logistic_regression,raw,id_test,0.95,survey_weighted,selective_accuracy,10,0.8236730960323937,0.004010728943775824,0.8188625454389998,0.8207181580928194,0.8227126522622682,0.8277059661850514,0.8289653322283844
survey_year_adjusted_50000,logistic_regression,raw,ood_test,0.5,survey_weighted,selection_rate,10,0.48249785604875567,0.007289845701288615,0.4708288223565572,0.4767759036759184,0.4836060716049083,0.4849249813986677,0.49439834520346937
survey_year_adjusted_50000,logistic_regression,raw,ood_test,0.5,survey_weighted,selective_risk,10,0.10764114377306708,0.002158144021031217,0.10364503224874447,0.10697426775869963,0.10758893272568763,0.10844300799918014,0.11133242072621306
survey_year_adjusted_50000,logistic_regression,raw,ood_test,0.5,survey_weighted,selective_accuracy,10,0.8923588562269329,0.0021581440210312252,0.8886675792737869,0.8915569920008198,0.8924110672743124,0.8930257322413004,0.8963549677512556
survey_year_adjusted_50000,logistic_regression,raw,ood_test,0.7,survey_weighted,selection_rate,10,0.6885563203082539,0.0060671109023767164,0.6776121228049271,0.6852809604501479,0.688804617306422,0.6915460554735429,0.7000371213952143
survey_year_adjusted_50000,logistic_regression,raw,ood_test,0.7,survey_weighted,selective_risk,10,0.15082334445917794,0.0017542195468367747,0.14868409369038063,0.14901527914933757,0.15096363286943404,0.15237713654905802,0.15294595541552625
survey_year_adjusted_50000,logistic_regression,raw,ood_test,0.7,survey_weighted,selective_accuracy,10,0.8491766555408219,0.0017542195468367727,0.8470540445844738,0.847622863450942,0.849036367130566,0.8509847208506625,0.8513159063096194
survey_year_adjusted_50000,logistic_regression,raw,ood_test,0.8,survey_weighted,selection_rate,10,0.791259255499099,0.006669247513660069,0.7821948084309702,0.7863275174813765,0.789839390263892,0.7970176103448788,0.8020344375020865
survey_year_adjusted_50000,logistic_regression,raw,ood_test,0.8,survey_weighted,selective_risk,10,0.17484864934118652,0.00193338895039653,0.17206539866623025,0.1736505122743449,0.17427712836699652,0.17622265881806415,0.17791622657282447
survey_year_adjusted_50000,logistic_regression,raw,ood_test,0.8,survey_weighted,selective_accuracy,10,0.8251513506588136,0.0019333889503965317,0.8220837734271755,0.8237773411819358,0.8257228716330035,0.8263494877256551,0.8279346013337697
survey_year_adjusted_50000,logistic_regression,raw,ood_test,0.9,survey_weighted,selection_rate,10,0.8954659510285152,0.004754085151802891,0.8863365133870204,0.893146426462441,0.8946046196319792,0.8994375589750694,0.9021255468341601
survey_year_adjusted_50000,logistic_regression,raw,ood_test,0.9,survey_weighted,selective_risk,10,0.20054725492579828,0.001287450863375308,0.19822081923342286,0.20008867445287878,0.20052484056930153,0.20098059398701235,0.2024882908616909
survey_year_adjusted_50000,logistic_regression,raw,ood_test,0.9,survey_weighted,selective_accuracy,10,0.7994527450742017,0.0012874508633753086,0.797511709138309,0.7990194060129877,0.7994751594306985,0.7999113255471212,0.8017791807665772
survey_year_adjusted_50000,logistic_regression,raw,ood_test,0.95,survey_weighted,selection_rate,10,0.948707971647706,0.0029970258371249943,0.9450878416740611,0.946685161931928,0.9484782791076312,0.9490871750143128,0.9543399337066144
survey_year_adjusted_50000,logistic_regression,raw,ood_test,0.95,survey_weighted,selective_risk,10,0.21428105828197852,0.0007990059023297505,0.21355972245219956,0.21376801655484168,0.21382732616781266,0.21458415387503033,0.21599425984310325
survey_year_adjusted_50000,logistic_regression,raw,ood_test,0.95,survey_weighted,selective_accuracy,10,0.7857189417180215,0.000799005902329763,0.7840057401568967,0.7854158461249696,0.7861726738321874,0.7862319834451583,0.7864402775478004
unadjusted_reported_income_50000,lightgbm,isotonic,id_test,0.5,survey_weighted,selection_rate,10,0.5167931092973608,0.010608263968698541,0.4995938536731623,0.5090951629065487,0.5146557277314088,0.5274427080937084,0.5298054262137835
unadjusted_reported_income_50000,lightgbm,isotonic,id_test,0.5,survey_weighted,selective_risk,10,0.06215867609523072,0.003829747491616966,0.05772531353620121,0.058440560917827365,0.06265011013722054,0.06433365503264662,0.06910344414136267
unadjusted_reported_income_50000,lightgbm,isotonic,id_test,0.5,survey_weighted,selective_accuracy,10,0.9378413239047692,0.0038297474916169664,0.9308965558586373,0.9356663449673533,0.9373498898627795,0.9415594390821727,0.9422746864637987
unadjusted_reported_income_50000,lightgbm,isotonic,id_test,0.7,survey_weighted,selection_rate,10,0.7106074401233592,0.01214506236768308,0.6902497765183992,0.7045994099384807,0.7152128729529077,0.715575109617584,0.7318504323140899
unadjusted_reported_income_50000,lightgbm,isotonic,id_test,0.7,survey_weighted,selective_risk,10,0.10567143971215567,0.0036605941069937694,0.09883105409569147,0.10355390453190669,0.10521842573859559,0.10789702162531642,0.1113396260245447
unadjusted_reported_income_50000,lightgbm,isotonic,id_test,0.7,survey_weighted,selective_accuracy,10,0.8943285602878441,0.003660594106993773,0.8886603739754553,0.8921029783746836,0.8947815742614045,0.8964460954680933,0.9011689459043085
unadjusted_reported_income_50000,lightgbm,isotonic,id_test,0.8,survey_weighted,selection_rate,10,0.8144169488130704,0.014305681566449978,0.7999601859417316,0.8050943071702601,0.8084052713018199,0.8230274184647723,0.838612645833556
unadjusted_reported_income_50000,lightgbm,isotonic,id_test,0.8,survey_weighted,selective_risk,10,0.13249032092217633,0.003775342024541907,0.12716247716247717,0.1303445889455864,0.13234603737163844,0.13509235477818046,0.13921238423148904
unadjusted_reported_income_50000,lightgbm,isotonic,id_test,0.8,survey_weighted,selective_accuracy,10,0.8675096790778237,0.003775342024541899,0.8607876157685109,0.8649076452218195,0.8676539626283615,0.8696554110544136,0.8728375228375228
unadjusted_reported_income_50000,lightgbm,isotonic,id_test,0.9,survey_weighted,selection_rate,10,0.9140653373417447,0.014624520600634934,0.8943125743757477,0.9058075879085125,0.9124320682591203,0.9161251101121549,0.9454383965405742
unadjusted_reported_income_50000,lightgbm,isotonic,id_test,0.9,survey_weighted,selective_risk,10,0.161149238243731,0.004662055000753342,0.15378853876349702,0.15810899516861743,0.16156507221967845,0.16400067728783618,0.16889896156489756
unadjusted_reported_income_50000,lightgbm,isotonic,id_test,0.9,survey_weighted,selective_accuracy,10,0.8388507617562689,0.004662055000753355,0.8311010384351024,0.8359993227121638,0.8384349277803216,0.8418910048313826,0.846211461236503
unadjusted_reported_income_50000,lightgbm,isotonic,id_test,0.95,survey_weighted,selection_rate,10,0.9610847354464387,0.00976174912288797,0.9454383965405742,0.9571615644661611,0.9605565614650768,0.9636007917678489,0.9771025899148897
unadjusted_reported_income_50000,lightgbm,isotonic,id_test,0.95,survey_weighted,selective_risk,10,0.17484313410113944,0.004261466456918147,0.16889896156489756,0.1724261998006717,0.17420825841514867,0.17507426070533397,0.18231150234863086
unadjusted_reported_income_50000,lightgbm,isotonic,id_test,0.95,survey_weighted,selective_accuracy,10,0.8251568658988605,0.004261466456918133,0.8176884976513692,0.8249257392946661,0.8257917415848512,0.8275738001993282,0.8311010384351024
unadjusted_reported_income_50000,lightgbm,isotonic,ood_test,0.5,survey_weighted,selection_rate,10,0.4981824394670572,0.012355820303515985,0.4751297279610627,0.49049115894396195,0.4995651457980618,0.5067391773753787,0.5182022992259521
unadjusted_reported_income_50000,lightgbm,isotonic,ood_test,0.5,survey_weighted,selective_risk,10,0.1053371458768341,0.0054661349670380565,0.09362696403338672,0.10363856693273757,0.10507339304641303,0.10856940620287012,0.11324402087040444
unadjusted_reported_income_50000,lightgbm,isotonic,ood_test,0.5,survey_weighted,selective_accuracy,10,0.8946628541231659,0.005466134967038062,0.8867559791295956,0.8914305937971299,0.894926606953587,0.8963614330672625,0.9063730359666133
unadjusted_reported_income_50000,lightgbm,isotonic,ood_test,0.7,survey_weighted,selection_rate,10,0.6993214874114211,0.011041563033424425,0.6861549198726745,0.6902412115503178,0.6978756659564549,0.7070503644435798,0.7181012000000501
unadjusted_reported_income_50000,lightgbm,isotonic,ood_test,0.7,survey_weighted,selective_risk,10,0.1513552996734098,0.006930174911581237,0.1381400325514712,0.14797107792664194,0.1514648186845849,0.1562166883679776,0.16134862198270616
unadjusted_reported_income_50000,lightgbm,isotonic,ood_test,0.7,survey_weighted,selective_accuracy,10,0.8486447003265903,0.006930174911581237,0.8386513780172938,0.8437833116320224,0.8485351813154152,0.8520289220733581,0.8618599674485288
unadjusted_reported_income_50000,lightgbm,isotonic,ood_test,0.8,survey_weighted,selection_rate,10,0.8076186506191545,0.014031104334670301,0.7949262341988699,0.7982966980962813,0.800718372139924,0.8175031129334367,0.831617276289831
unadjusted_reported_income_50000,lightgbm,isotonic,ood_test,0.8,survey_weighted,selective_risk,10,0.17914720658509803,0.007854818367510221,0.1711825282806266,0.1739704068703627,0.1773127579050814,0.17893874693335834,0.1939848547902499
unadjusted_reported_income_50000,lightgbm,isotonic,ood_test,0.8,survey_weighted,selective_accuracy,10,0.8208527934149019,0.007854818367510208,0.8060151452097502,0.8210612530666417,0.8226872420949186,0.8260295931296373,0.8288174717193734
unadjusted_reported_income_50000,lightgbm,isotonic,ood_test,0.9,survey_weighted,selection_rate,10,0.9135308673340848,0.015589587055972343,0.8978425205139782,0.9060153539291853,0.9090561450787644,0.9134220662626282,0.9504525021808351
unadjusted_reported_income_50000,lightgbm,isotonic,ood_test,0.9,survey_weighted,selective_risk,10,0.2037794759447916,0.005634600083343429,0.19738223333432914,0.19939223018637015,0.20362412921584042,0.206211700208106,0.2162144039544397
unadjusted_reported_income_50000,lightgbm,isotonic,ood_test,0.9,survey_weighted,selective_accuracy,10,0.7962205240552084,0.005634600083343435,0.7837855960455603,0.7937882997918939,0.7963758707841596,0.8006077698136298,0.8026177666656709
unadjusted_reported_income_50000,lightgbm,isotonic,ood_test,0.95,survey_weighted,selection_rate,10,0.9604854938364605,0.009612243521487455,0.9501769361483245,0.9540732135437955,0.9590556887194094,0.9625462751511831,0.9780829981384289
unadjusted_reported_income_50000,lightgbm,isotonic,ood_test,0.95,survey_weighted,selective_risk,10,0.21819923330711113,0.005603128898223874,0.2059235196725827,0.2170091412288595,0.2185685728462874,0.21976792683126625,0.22805578858119535
unadjusted_reported_income_50000,lightgbm,isotonic,ood_test,0.95,survey_weighted,selective_accuracy,10,0.7818007666928888,0.005603128898223874,0.7719442114188046,0.7802320731687338,0.7814314271537126,0.7829908587711405,0.7940764803274173
unadjusted_reported_income_50000,lightgbm,platt,id_test,0.5,survey_weighted,selection_rate,10,0.4997145975095448,0.009576863872278482,0.48807351609269034,0.49022003256012747,0.5014518785714204,0.5079639596517572,0.5113059614879196
unadjusted_reported_income_50000,lightgbm,platt,id_test,0.5,survey_weighted,selective_risk,10,0.058789678693608086,0.0022901646922912668,0.05502482777419197,0.057759814281293884,0.05918707748446629,0.06042710479950725,0.0614583268894099
unadjusted_reported_income_50000,lightgbm,platt,id_test,0.5,survey_weighted,selective_accuracy,10,0.9412103213063918,0.002290164692291263,0.9385416731105901,0.9395728952004928,0.9408129225155337,0.9422401857187062,0.9449751722258081
unadjusted_reported_income_50000,lightgbm,platt,id_test,0.7,survey_weighted,selection_rate,10,0.7018106848693455,0.0065557760976047074,0.6920571583723861,0.697826390310567,0.7011605725091579,0.7075379315105412,0.7112316563084905
unadjusted_reported_income_50000,lightgbm,platt,id_test,0.7,survey_weighted,selective_risk,10,0.10312714526163266,0.0018770066156249714,0.09959337567372471,0.10233290923039472,0.10337858311719209,0.10400343269024168,0.10602184479503542
unadjusted_reported_income_50000,lightgbm,platt,id_test,0.7,survey_weighted,selective_accuracy,10,0.8968728547383673,0.0018770066156249658,0.8939781552049646,0.8959965673097583,0.8966214168828079,0.8976670907696053,0.9004066243262753
unadjusted_reported_income_50000,lightgbm,platt,id_test,0.8,survey_weighted,selection_rate,10,0.8007034091126363,0.005635692312795837,0.7904834806029691,0.799885497630896,0.8024861225907918,0.8040374771327067,0.8070086026469782
unadjusted_reported_income_50000,lightgbm,platt,id_test,0.8,survey_weighted,selective_risk,10,0.12900573479610977,0.0016156512699529208,0.1273850598522025,0.12774426023811877,0.1284007987182072,0.13010175002087287,0.1319237379528168
unadjusted_reported_income_50000,lightgbm,platt,id_test,0.8,survey_weighted,selective_accuracy,10,0.8709942652038901,0.0016156512699529507,0.8680762620471831,0.8698982499791271,0.8715992012817928,0.8722557397618813,0.8726149401477975
unadjusted_reported_income_50000,lightgbm,platt,id_test,0.9,survey_weighted,selection_rate,10,0.8988997754233099,0.004016964232081962,0.8922853167919109,0.8970630383155687,0.8990254938011977,0.9008651193153164,0.9055187373492153
unadjusted_reported_income_50000,lightgbm,platt,id_test,0.9,survey_weighted,selective_risk,10,0.15602667039673235,0.0027042797603963184,0.15151701781005225,0.15372533825982118,0.15664987763538563,0.15806166350492168,0.15970232236850418
unadjusted_reported_income_50000,lightgbm,platt,id_test,0.9,survey_weighted,selective_accuracy,10,0.8439733296032677,0.0027042797603963227,0.8402976776314959,0.8419383364950783,0.8433501223646144,0.8462746617401788,0.8484829821899478
unadjusted_reported_income_50000,lightgbm,platt,id_test,0.95,survey_weighted,selection_rate,10,0.9493759466882523,0.003967650841468073,0.9435216552497566,0.9469526091556354,0.9485877825518887,0.9515857598904292,0.9569277431315303
unadjusted_reported_income_50000,lightgbm,platt,id_test,0.95,survey_weighted,selective_risk,10,0.17112891378755932,0.003511771072371342,0.16475040391758417,0.16981313766941755,0.17124951487416026,0.17216014269715385,0.17751055293820026
unadjusted_reported_income_50000,lightgbm,platt,id_test,0.95,survey_weighted,selective_accuracy,10,0.8288710862124408,0.003511771072371341,0.8224894470617997,0.827839857302846,0.8287504851258398,0.8301868623305825,0.8352495960824158
unadjusted_reported_income_50000,lightgbm,platt,ood_test,0.5,survey_weighted,selection_rate,10,0.48115394651443344,0.008842754154357028,0.4681096707798606,0.4732905059874973,0.4831636530903718,0.48602390097727166,0.49570515834856926
unadjusted_reported_income_50000,lightgbm,platt,ood_test,0.5,survey_weighted,selective_risk,10,0.10087275271294024,0.0026080501807826733,0.09731702626616595,0.09903698088525253,0.10112318033815085,0.10201990706336247,0.10610284635044698
unadjusted_reported_income_50000,lightgbm,platt,ood_test,0.5,survey_weighted,selective_accuracy,10,0.8991272472870596,0.002608050180782671,0.893897153649553,0.8979800929366375,0.8988768196618492,0.9009630191147475,0.902682973733834
unadjusted_reported_income_50000,lightgbm,platt,ood_test,0.7,survey_weighted,selection_rate,10,0.6906840926757074,0.006090595662792184,0.6835111613620414,0.6877523651605016,0.6894222027953448,0.6916321073437222,0.7033030289883213
unadjusted_reported_income_50000,lightgbm,platt,ood_test,0.7,survey_weighted,selective_risk,10,0.14707521935202766,0.002537540941020688,0.1440103944205537,0.14545754584032136,0.1463737964045906,0.1483322584357618,0.1527307364380499
unadjusted_reported_income_50000,lightgbm,platt,ood_test,0.7,survey_weighted,selective_accuracy,10,0.8529247806479724,0.0025375409410206863,0.8472692635619501,0.8516677415642382,0.8536262035954094,0.8545424541596787,0.8559896055794463
unadjusted_reported_income_50000,lightgbm,platt,ood_test,0.8,survey_weighted,selection_rate,10,0.7936472652259298,0.004443729890912948,0.7855969986808089,0.7913964821320308,0.7947248109328198,0.7956417806616911,0.8020571929548618
unadjusted_reported_income_50000,lightgbm,platt,ood_test,0.8,survey_weighted,selective_risk,10,0.17188570474306247,0.0020758192855180194,0.16798657386997534,0.17055289410300897,0.1718628445751811,0.17340276817031164,0.17487388774918472
unadjusted_reported_income_50000,lightgbm,platt,ood_test,0.8,survey_weighted,selective_accuracy,10,0.8281142952569376,0.0020758192855180315,0.8251261122508153,0.8265972318296884,0.8281371554248189,0.829447105896991,0.8320134261300247
unadjusted_reported_income_50000,lightgbm,platt,ood_test,0.9,survey_weighted,selection_rate,10,0.8977862445288451,0.0036049347620734366,0.8921252755191462,0.8948614624279343,0.8981556580495601,0.8998562530546382,0.9035918982086082
unadjusted_reported_income_50000,lightgbm,platt,ood_test,0.9,survey_weighted,selective_risk,10,0.19845939985866762,0.0015211116640152693,0.19645853316164216,0.197084175486005,0.19870138441685237,0.19915797518202694,0.20100999899561334
unadjusted_reported_income_50000,lightgbm,platt,ood_test,0.9,survey_weighted,selective_accuracy,10,0.8015406001413325,0.0015211116640152689,0.7989900010043867,0.8008420248179731,0.8012986155831476,0.802915824513995,0.8035414668383578
unadjusted_reported_income_50000,lightgbm,platt,ood_test,0.95,survey_weighted,selection_rate,10,0.9493524260750983,0.0027596219736202615,0.9456355979301541,0.9472636755582556,0.9490581055485421,0.950717909529071,0.9547311524524064
unadjusted_reported_income_50000,lightgbm,platt,ood_test,0.95,survey_weighted,selective_risk,10,0.2122467531062045,0.0012859475635863574,0.21072677154589262,0.21120756875016775,0.21176648143890295,0.21328620466087414,0.21417085550219475
unadjusted_reported_income_50000,lightgbm,platt,ood_test,0.95,survey_weighted,selective_accuracy,10,0.7877532468937954,0.0012859475635863531,0.7858291444978053,0.7867137953391259,0.788233518561097,0.7887924312498322,0.7892732284541074
unadjusted_reported_income_50000,lightgbm,raw,id_test,0.5,survey_weighted,selection_rate,10,0.49920239748121054,0.008764148797109437,0.48808291142858956,0.49022912579339123,0.5016123602452941,0.5060875769617383,0.5114990782193103
unadjusted_reported_income_50000,lightgbm,raw,id_test,0.5,survey_weighted,selective_risk,10,0.058764680432624485,0.0025252860586245703,0.05501400545820794,0.05695139939615578,0.05910612677996245,0.060047195033554664,0.06219092588179218
unadjusted_reported_income_50000,lightgbm,raw,id_test,0.5,survey_weighted,selective_accuracy,10,0.9412353195673754,0.0025252860586245803,0.9378090741182078,0.9399528049664454,0.9408938732200376,0.9430486006038442,0.9449859945417921
unadjusted_reported_income_50000,lightgbm,raw,id_test,0.7,survey_weighted,selection_rate,10,0.7020101173110176,0.005924909065262498,0.6919866018134295,0.698970412385191,0.7014641283625372,0.7068429294234448,0.7107162520518653
unadjusted_reported_income_50000,lightgbm,raw,id_test,0.7,survey_weighted,selective_risk,10,0.1033186973897969,0.002150000942672411,0.09950156812585063,0.10210599833462827,0.10382333600132394,0.10433570006397977,0.10712671182514193
unadjusted_reported_income_50000,lightgbm,raw,id_test,0.7,survey_weighted,selective_accuracy,10,0.8966813026102031,0.0021500009426724024,0.8928732881748581,0.8956642999360203,0.8961766639986761,0.8978940016653718,0.9004984318741494
unadjusted_reported_income_50000,lightgbm,raw,id_test,0.8,survey_weighted,selection_rate,10,0.8010162651751879,0.005766289475445103,0.7904269443085739,0.8003364784193413,0.802464147944489,0.8046410749212263,0.8072950804471868
unadjusted_reported_income_50000,lightgbm,raw,id_test,0.8,survey_weighted,selective_risk,10,0.128997439085965,0.0018933982350024456,0.12660183052932297,0.12755021881688677,0.12837789692701382,0.1307219495273113,0.13188405223115096
unadjusted_reported_income_50000,lightgbm,raw,id_test,0.8,survey_weighted,selective_accuracy,10,0.871002560914035,0.0018933982350024497,0.868115947768849,0.8692780504726887,0.8716221030729862,0.8724497811831132,0.873398169470677
unadjusted_reported_income_50000,lightgbm,raw,id_test,0.9,survey_weighted,selection_rate,10,0.8996272999613723,0.003950140082378592,0.8933392718437122,0.897668439558512,0.9002851130238598,0.9012771239580242,0.9065743093696205
unadjusted_reported_income_50000,lightgbm,raw,id_test,0.9,survey_weighted,selective_risk,10,0.15615173393210868,0.002357499389017118,0.15268075917353285,0.15406855784166162,0.15638100491503065,0.15811753566435474,0.1595535446048276
unadjusted_reported_income_50000,lightgbm,raw,id_test,0.9,survey_weighted,selective_accuracy,10,0.8438482660678914,0.002357499389017136,0.8404464553951724,0.8418824643356453,0.8436189950849693,0.8459314421583384,0.8473192408264671
unadjusted_reported_income_50000,lightgbm,raw,id_test,0.95,survey_weighted,selection_rate,10,0.9498880525133812,0.0031645336929747984,0.944294866193646,0.9479198568634764,0.9503151218174205,0.951350248154102,0.954132857916603
unadjusted_reported_income_50000,lightgbm,raw,id_test,0.95,survey_weighted,selective_risk,10,0.1714243056070905,0.003498596564772474,0.16480722695061428,0.17040756014985114,0.1712584687394959,0.1738445206224993,0.1770614393537179
unadjusted_reported_income_50000,lightgbm,raw,id_test,0.95,survey_weighted,selective_accuracy,10,0.8285756943929096,0.003498596564772475,0.8229385606462821,0.8261554793775008,0.8287415312605041,0.8295924398501489,0.8351927730493858
unadjusted_reported_income_50000,lightgbm,raw,ood_test,0.5,survey_weighted,selection_rate,10,0.4804638061395462,0.007736545996149951,0.4716580210532949,0.4732861611963767,0.4809199279377321,0.48445561892768557,0.4956467693571072
unadjusted_reported_income_50000,lightgbm,raw,ood_test,0.5,survey_weighted,selective_risk,10,0.10265367845543635,0.0023312801872039024,0.09830344929964266,0.10144735662742266,0.1022350152984007,0.1045178869072845,0.10587999063625063
unadjusted_reported_income_50000,lightgbm,raw,ood_test,0.5,survey_weighted,selective_accuracy,10,0.8973463215445635,0.0023312801872039214,0.8941200093637494,0.8954821130927155,0.8977649847015994,0.8985526433725773,0.9016965507003574
unadjusted_reported_income_50000,lightgbm,raw,ood_test,0.7,survey_weighted,selection_rate,10,0.6900082682312749,0.0060462475788983115,0.6824560335270339,0.6864524599207085,0.6877941876822233,0.691408428744738,0.7030956042841766
unadjusted_reported_income_50000,lightgbm,raw,ood_test,0.7,survey_weighted,selective_risk,10,0.14927083731160257,0.0018163554753958954,0.14662311534224512,0.14804550709736042,0.14875376135119378,0.15054961088798072,0.15239986648687087
unadjusted_reported_income_50000,lightgbm,raw,ood_test,0.7,survey_weighted,selective_accuracy,10,0.8507291626883975,0.0018163554753958856,0.8476001335131291,0.8494503891120193,0.8512462386488062,0.8519544929026395,0.8533768846577549
unadjusted_reported_income_50000,lightgbm,raw,ood_test,0.8,survey_weighted,selection_rate,10,0.7940286441138458,0.0044324099121214175,0.7866078659098686,0.7915819015631621,0.7939413732015534,0.7961492460130759,0.8020920763137867
unadjusted_reported_income_50000,lightgbm,raw,ood_test,0.8,survey_weighted,selective_risk,10,0.17392949286038417,0.001652177307276413,0.17032499358246356,0.17327043775479734,0.17448117421184187,0.17502847643722663,0.1757608790134826
unadjusted_reported_income_50000,lightgbm,raw,ood_test,0.8,survey_weighted,selective_accuracy,10,0.8260705071396159,0.0016521773072764065,0.8242391209865174,0.8249715235627734,0.8255188257881582,0.8267295622452027,0.8296750064175364
unadjusted_reported_income_50000,lightgbm,raw,ood_test,0.9,survey_weighted,selection_rate,10,0.8980539086678645,0.003464455405985624,0.8918208275658055,0.8959589129045047,0.8991237025172156,0.8995900642691504,0.9036490369004673
unadjusted_reported_income_50000,lightgbm,raw,ood_test,0.9,survey_weighted,selective_risk,10,0.20027878001020322,0.0013838345056134895,0.1982362747493746,0.1992723425627515,0.20023348359350224,0.20142707744145694,0.20231678062493436
unadjusted_reported_income_50000,lightgbm,raw,ood_test,0.9,survey_weighted,selective_accuracy,10,0.7997212199897966,0.0013838345056134797,0.7976832193750656,0.7985729225585431,0.7997665164064978,0.8007276574372485,0.8017637252506253
unadjusted_reported_income_50000,lightgbm,raw,ood_test,0.95,survey_weighted,selection_rate,10,0.9496036362713415,0.0023150114901306427,0.9457239941120891,0.9477282556332561,0.9498070975257447,0.9515778343385534,0.9525099952076016
unadjusted_reported_income_50000,lightgbm,raw,ood_test,0.95,survey_weighted,selective_risk,10,0.2140613690175328,0.0011973237307264812,0.2127250749902928,0.2133449914581636,0.21399023177259446,0.21415893903709624,0.21672699106972954
unadjusted_reported_income_50000,lightgbm,raw,ood_test,0.95,survey_weighted,selective_accuracy,10,0.7859386309824671,0.0011973237307264946,0.7832730089302704,0.7858410609629038,0.7860097682274055,0.7866550085418365,0.7872749250097072
unadjusted_reported_income_50000,logistic_regression,isotonic,id_test,0.5,survey_weighted,selection_rate,10,0.5177892813075855,0.01638488866979212,0.4976688508467401,0.5080970847805446,0.5145257790359181,0.5241648394605511,0.5506351506911283
unadjusted_reported_income_50000,logistic_regression,isotonic,id_test,0.5,survey_weighted,selective_risk,10,0.06783419800372578,0.004522067130014787,0.06255296412728786,0.06516075388673975,0.06665047648909073,0.06973675433084324,0.07560717863162641
unadjusted_reported_income_50000,logistic_regression,isotonic,id_test,0.5,survey_weighted,selective_accuracy,10,0.9321658019962742,0.0045220671300147675,0.9243928213683736,0.9302632456691567,0.9333495235109093,0.9348392461132602,0.9374470358727122
unadjusted_reported_income_50000,logistic_regression,isotonic,id_test,0.7,survey_weighted,selection_rate,10,0.7272100383183037,0.023838009235359687,0.6986337802092892,0.7099619245779238,0.7223398706142221,0.7377679067180223,0.7681493438932573
unadjusted_reported_income_50000,logistic_regression,isotonic,id_test,0.7,survey_weighted,selective_risk,10,0.11323821901689228,0.006739998452471275,0.10400651195420212,0.11033557725219013,0.1114644863963013,0.11817326150171996,0.125545791484873
unadjusted_reported_income_50000,logistic_regression,isotonic,id_test,0.7,survey_weighted,selective_accuracy,10,0.8867617809831078,0.0067399984524712875,0.874454208515127,0.8818267384982801,0.8885355136036988,0.8896644227478099,0.8959934880457979
unadjusted_reported_income_50000,logistic_regression,isotonic,id_test,0.8,survey_weighted,selection_rate,10,0.8128219483868702,0.01102191696605576,0.8016454022462549,0.8052129441384764,0.8073393338136385,0.8211315436395401,0.8336414461757452
unadjusted_reported_income_50000,logistic_regression,isotonic,id_test,0.8,survey_weighted,selective_risk,10,0.1349349883979984,0.004225961067367339,0.1291005562927109,0.13264153354067593,0.13485442134967507,0.13725509084194368,0.1428583519990028
unadjusted_reported_income_50000,logistic_regression,isotonic,id_test,0.8,survey_weighted,selective_accuracy,10,0.8650650116020016,0.004225961067367324,0.8571416480009972,0.8627449091580564,0.8651455786503249,0.8673584664593241,0.8708994437072891
unadjusted_reported_income_50000,logistic_regression,isotonic,id_test,0.9,survey_weighted,selection_rate,10,0.915827690811178,0.014656882431329852,0.9022087269169933,0.9045996531300929,0.9120887574348626,0.9191935425089413,0.9467361770748194
unadjusted_reported_income_50000,logistic_regression,isotonic,id_test,0.9,survey_weighted,selective_risk,10,0.1649960454713274,0.00533541279739279,0.15809694491100443,0.1609378169996193,0.16579740877414184,0.16830964383998648,0.17502264965270534
unadjusted_reported_income_50000,logistic_regression,isotonic,id_test,0.9,survey_weighted,selective_accuracy,10,0.8350039545286727,0.005335412797392778,0.8249773503472947,0.8316903561600135,0.8342025912258582,0.8390621830003807,0.8419030550889955
unadjusted_reported_income_50000,logistic_regression,isotonic,id_test,0.95,survey_weighted,selection_rate,10,0.9647884697853444,0.01128784850559679,0.9498280174009686,0.9572027137183801,0.9602318130648942,0.9754130442253691,0.9816619129595162
unadjusted_reported_income_50000,logistic_regression,isotonic,id_test,0.95,survey_weighted,selective_risk,10,0.17938303099766467,0.006012404158049079,0.17199566516698958,0.1751574795487983,0.17903466219593192,0.18260548941692586,0.19019090919679915
unadjusted_reported_income_50000,logistic_regression,isotonic,id_test,0.95,survey_weighted,selective_accuracy,10,0.8206169690023355,0.006012404158049083,0.8098090908032008,0.8173945105830741,0.820965337804068,0.8248425204512018,0.8280043348330104
unadjusted_reported_income_50000,logistic_regression,isotonic,ood_test,0.5,survey_weighted,selection_rate,10,0.4969217623773097,0.015117889777618312,0.4773701398197543,0.4850892395090174,0.49449411815306243,0.5037239548526816,0.5211122465220729
unadjusted_reported_income_50000,logistic_regression,isotonic,ood_test,0.5,survey_weighted,selective_risk,10,0.1042081143394219,0.004326688675565683,0.09712849198646825,0.10092214017172504,0.1040009782884686,0.10774468174805406,0.11048266219114275
unadjusted_reported_income_50000,logistic_regression,isotonic,ood_test,0.5,survey_weighted,selective_accuracy,10,0.8957918856605783,0.0043266886755656975,0.8895173378088572,0.8922553182519459,0.8959990217115315,0.8990778598282749,0.9028715080135318
unadjusted_reported_income_50000,logistic_regression,isotonic,ood_test,0.7,survey_weighted,selection_rate,10,0.7143531768800099,0.02433715876232043,0.6889557160134497,0.6957204932732006,0.7070014777291008,0.7290149402050466,0.7546823407559037
unadjusted_reported_income_50000,logistic_regression,isotonic,ood_test,0.7,survey_weighted,selective_risk,10,0.15211342158464744,0.010028332493856828,0.13898699806066492,0.14557650017800539,0.14770629409614708,0.15853344376458245,0.16869404871170704
unadjusted_reported_income_50000,logistic_regression,isotonic,ood_test,0.7,survey_weighted,selective_accuracy,10,0.8478865784153525,0.01002833249385682,0.831305951288293,0.8414665562354176,0.8522937059038529,0.8544234998219946,0.861013001939335
unadjusted_reported_income_50000,logistic_regression,isotonic,ood_test,0.8,survey_weighted,selection_rate,10,0.8026920450813027,0.01072886417840907,0.7913088673873477,0.7950324471501484,0.8014671765721861,0.8078758997624805,0.8259177855493622
unadjusted_reported_income_50000,logistic_regression,isotonic,ood_test,0.8,survey_weighted,selective_risk,10,0.17831957612868457,0.007187997656349724,0.1703233264453113,0.17196515102693505,0.17694397529612388,0.1848959710305523,0.18987719654925347
unadjusted_reported_income_50000,logistic_regression,isotonic,ood_test,0.8,survey_weighted,selective_accuracy,10,0.8216804238713153,0.007187997656349711,0.8101228034507465,0.8151040289694478,0.8230560247038761,0.8280348489730649,0.8296766735546887
unadjusted_reported_income_50000,logistic_regression,isotonic,ood_test,0.9,survey_weighted,selection_rate,10,0.9100034470760056,0.015336852982717902,0.8963785447087759,0.8991385810824919,0.9053653856805437,0.9129505782823208,0.9416376399194657
unadjusted_reported_income_50000,logistic_regression,isotonic,ood_test,0.9,survey_weighted,selective_risk,10,0.20191533576377604,0.0080255026536014,0.19333546894623638,0.19470833595816478,0.2010391389488766,0.20981881606729746,0.21152268038682887
unadjusted_reported_income_50000,logistic_regression,isotonic,ood_test,0.9,survey_weighted,selective_accuracy,10,0.798084664236224,0.008025502653601418,0.7884773196131711,0.7901811839327025,0.7989608610511234,0.8052916640418353,0.8066645310537637
unadjusted_reported_income_50000,logistic_regression,isotonic,ood_test,0.95,survey_weighted,selection_rate,10,0.962092891509128,0.011956637779842225,0.9506452983796242,0.9526521855299577,0.9559685114545573,0.9736861632968801,0.980700875447279
unadjusted_reported_income_50000,logistic_regression,isotonic,ood_test,0.95,survey_weighted,selective_risk,10,0.21622257611034174,0.0068749788717377075,0.20726687634816013,0.21157420320399412,0.21514818939603286,0.21708577212745495,0.22852363423663266
unadjusted_reported_income_50000,logistic_regression,isotonic,ood_test,0.95,survey_weighted,selective_accuracy,10,0.7837774238896581,0.006874978871737721,0.7714763657633673,0.7829142278725449,0.784851810603967,0.7884257967960059,0.7927331236518399
unadjusted_reported_income_50000,logistic_regression,platt,id_test,0.5,survey_weighted,selection_rate,10,0.5004312018827229,0.008502200029829255,0.4876553470496841,0.49605126429863156,0.4984671069183376,0.5088084807892186,0.511509828724063
unadjusted_reported_income_50000,logistic_regression,platt,id_test,0.5,survey_weighted,selective_risk,10,0.06456864031087559,0.004144336507580924,0.05727441451191204,0.06203476731637762,0.06420561132201602,0.06679901028486858,0.0719479181048936
unadjusted_reported_income_50000,logistic_regression,platt,id_test,0.5,survey_weighted,selective_accuracy,10,0.9354313596891245,0.004144336507580931,0.9280520818951064,0.9332009897151314,0.935794388677984,0.9379652326836223,0.9427255854880879
unadjusted_reported_income_50000,logistic_regression,platt,id_test,0.7,survey_weighted,selection_rate,10,0.7018555684026593,0.007106032552470367,0.6930654673943123,0.6968645407137093,0.7022204530378342,0.7055953447175942,0.7163639572559775
unadjusted_reported_income_50000,logistic_regression,platt,id_test,0.7,survey_weighted,selective_risk,10,0.10595793886912357,0.0027174544634805207,0.10196361766314288,0.10397290663262423,0.10619736899949599,0.10836279477761049,0.10933371337198254
unadjusted_reported_income_50000,logistic_regression,platt,id_test,0.7,survey_weighted,selective_accuracy,10,0.8940420611308765,0.002717454463480519,0.8906662866280175,0.8916372052223895,0.893802631000504,0.8960270933673757,0.8980363823368571
unadjusted_reported_income_50000,logistic_regression,platt,id_test,0.8,survey_weighted,selection_rate,10,0.8001361011879384,0.006039734722006415,0.7910920952707082,0.795737884859094,0.800380995351794,0.8018908246507463,0.8102039811461798
unadjusted_reported_income_50000,logistic_regression,platt,id_test,0.8,survey_weighted,selective_risk,10,0.13084863907754635,0.0035202710234096633,0.12643830919637128,0.12814901532025508,0.13021395547135495,0.1340663011234187,0.1358323221496149
unadjusted_reported_income_50000,logistic_regression,platt,id_test,0.8,survey_weighted,selective_accuracy,10,0.8691513609224536,0.0035202710234096776,0.8641676778503851,0.8659336988765813,0.869786044528645,0.8718509846797449,0.8735616908036288
unadjusted_reported_income_50000,logistic_regression,platt,id_test,0.9,survey_weighted,selection_rate,10,0.8998871768830063,0.0042189977511645745,0.8928204532043109,0.8975506694070128,0.9004060831243749,0.9022371805884795,0.9067905944371228
unadjusted_reported_income_50000,logistic_regression,platt,id_test,0.9,survey_weighted,selective_risk,10,0.15935292943562007,0.0028885333557218903,0.15589578338306265,0.15665146776259264,0.15921475188748765,0.16155728550488352,0.16360813099943536
unadjusted_reported_income_50000,logistic_regression,platt,id_test,0.9,survey_weighted,selective_accuracy,10,0.84064707056438,0.00288853335572188,0.8363918690005646,0.8384427144951165,0.8407852481125123,0.8433485322374074,0.8441042166169374
unadjusted_reported_income_50000,logistic_regression,platt,id_test,0.95,survey_weighted,selection_rate,10,0.9493366251508009,0.0040389905194024075,0.9409568264325797,0.9474118319362517,0.949943530027537,0.9508085683926307,0.9553910471854565
unadjusted_reported_income_50000,logistic_regression,platt,id_test,0.95,survey_weighted,selective_risk,10,0.17437957239905,0.004177388131507529,0.16840951788800543,0.17143957776005456,0.17375279970115845,0.17840596869542177,0.17977624221132263
unadjusted_reported_income_50000,logistic_regression,platt,id_test,0.95,survey_weighted,selective_accuracy,10,0.82562042760095,0.004177388131507521,0.8202237577886774,0.8215940313045782,0.8262472002988415,0.8285604222399454,0.8315904821119946
unadjusted_reported_income_50000,logistic_regression,platt,ood_test,0.5,survey_weighted,selection_rate,10,0.47774084114906035,0.008241623866714794,0.46732235711982484,0.4712927460242661,0.47741002437709135,0.4801519001490732,0.4948036923347757
unadjusted_reported_income_50000,logistic_regression,platt,ood_test,0.5,survey_weighted,selective_risk,10,0.10450463672112198,0.001688757509424296,0.10208409862473623,0.10329232402184615,0.1042208912396208,0.10571795630507709,0.10696753818906522
unadjusted_reported_income_50000,logistic_regression,platt,ood_test,0.5,survey_weighted,selective_accuracy,10,0.8954953632788779,0.0016887575094242878,0.8930324618109348,0.8942820436949229,0.8957791087603793,0.8967076759781538,0.8979159013752638
unadjusted_reported_income_50000,logistic_regression,platt,ood_test,0.7,survey_weighted,selection_rate,10,0.6869969341403435,0.0073964150774622,0.677549607824775,0.6810126564077917,0.6865151937032912,0.6907076983322129,0.7007167842594282
unadjusted_reported_income_50000,logistic_regression,platt,ood_test,0.7,survey_weighted,selective_risk,10,0.14953609005214458,0.001984568025821958,0.14683809065299278,0.1482677524764933,0.14951686641579615,0.15022811879652642,0.15336510247054497
unadjusted_reported_income_50000,logistic_regression,platt,ood_test,0.7,survey_weighted,selective_accuracy,10,0.8504639099478555,0.0019845680258219404,0.8466348975294551,0.8497718812034736,0.8504831335842038,0.8517322475235067,0.8531619093470072
unadjusted_reported_income_50000,logistic_regression,platt,ood_test,0.8,survey_weighted,selection_rate,10,0.7897517942737029,0.007014079968132716,0.7813516063786785,0.7836120542885089,0.79030293884172,0.793986383987263,0.8032623567422343
unadjusted_reported_income_50000,logistic_regression,platt,ood_test,0.8,survey_weighted,selective_risk,10,0.17383178684797468,0.00224074931238944,0.17014828867108722,0.17255560524141592,0.1739815084181871,0.1748007704877602,0.17835621090879544
unadjusted_reported_income_50000,logistic_regression,platt,ood_test,0.8,survey_weighted,selective_accuracy,10,0.8261682131520253,0.002240749312389454,0.8216437890912045,0.8251992295122398,0.826018491581813,0.8274443947585841,0.8298517113289128
unadjusted_reported_income_50000,logistic_regression,platt,ood_test,0.9,survey_weighted,selection_rate,10,0.8935099698265196,0.0047621573894084295,0.8866723438603975,0.8905659018542318,0.8933443801470928,0.8969592151019188,0.9018923659581928
unadjusted_reported_income_50000,logistic_regression,platt,ood_test,0.9,survey_weighted,selective_risk,10,0.19961461551176485,0.0018280519301309478,0.19640454679350264,0.19857535268838758,0.19968784978359114,0.20035929892842275,0.20313249905384553
unadjusted_reported_income_50000,logistic_regression,platt,ood_test,0.9,survey_weighted,selective_accuracy,10,0.8003853844882352,0.0018280519301309506,0.7968675009461544,0.7996407010715773,0.8003121502164089,0.8014246473116124,0.8035954532064974
unadjusted_reported_income_50000,logistic_regression,platt,ood_test,0.95,survey_weighted,selection_rate,10,0.9460648382868746,0.003631803710718156,0.9412026606875673,0.9420898732858861,0.9479825978300049,0.9485233836658109,0.9505002636256713
unadjusted_reported_income_50000,logistic_regression,platt,ood_test,0.95,survey_weighted,selective_risk,10,0.21304001122840752,0.001198312620359082,0.21058216478960634,0.21274426246302983,0.213311640047821,0.21369893019524291,0.21458466620851346
unadjusted_reported_income_50000,logistic_regression,platt,ood_test,0.95,survey_weighted,selective_accuracy,10,0.7869599887715925,0.001198312620359078,0.7854153337914865,0.7863010698047571,0.786688359952179,0.7872557375369702,0.7894178352103937
unadjusted_reported_income_50000,logistic_regression,raw,id_test,0.5,survey_weighted,selection_rate,10,0.49980008836074197,0.008601986783211108,0.4866624055278554,0.495564595939272,0.49832252694663437,0.5083339496405798,0.5107272017495941
unadjusted_reported_income_50000,logistic_regression,raw,id_test,0.5,survey_weighted,selective_risk,10,0.06419824348076658,0.003923991192602677,0.05685635218726415,0.06205057274724635,0.0641270301490749,0.06643822080003448,0.0707261869591176
unadjusted_reported_income_50000,logistic_regression,raw,id_test,0.5,survey_weighted,selective_accuracy,10,0.9358017565192334,0.003923991192602681,0.9292738130408824,0.9335617791999655,0.9358729698509252,0.9379494272527537,0.9431436478127359
unadjusted_reported_income_50000,logistic_regression,raw,id_test,0.7,survey_weighted,selection_rate,10,0.7018965372247684,0.007242073195043965,0.692453657774406,0.6965948903984103,0.702550235239299,0.7049789011754695,0.7155908508710396
unadjusted_reported_income_50000,logistic_regression,raw,id_test,0.7,survey_weighted,selective_risk,10,0.10587241559408275,0.0027845037977766653,0.10132121359245123,0.10408931708869482,0.1058012579651044,0.10813673041636865,0.1097572437918987
unadjusted_reported_income_50000,logistic_regression,raw,id_test,0.7,survey_weighted,selective_accuracy,10,0.8941275844059172,0.002784503797776647,0.8902427562081013,0.8918632695836314,0.8941987420348956,0.8959106829113052,0.8986787864075487
unadjusted_reported_income_50000,logistic_regression,raw,id_test,0.8,survey_weighted,selection_rate,10,0.8006937991656349,0.00650720814554159,0.7920334804589916,0.7960471879822393,0.8003408443594449,0.8041641939603079,0.8108901210560544
unadjusted_reported_income_50000,logistic_regression,raw,id_test,0.8,survey_weighted,selective_risk,10,0.13118272913383128,0.0037292652524872996,0.12720702610859838,0.12784012174479817,0.1306310506467889,0.13433802659616845,0.13673459318876138
unadjusted_reported_income_50000,logistic_regression,raw,id_test,0.8,survey_weighted,selective_accuracy,10,0.8688172708661688,0.0037292652524873026,0.8632654068112386,0.8656619734038316,0.8693689493532111,0.8721598782552018,0.8727929738914016
unadjusted_reported_income_50000,logistic_regression,raw,id_test,0.9,survey_weighted,selection_rate,10,0.899494443609885,0.004065891882550258,0.8930801238837636,0.8971690867666833,0.9006010598876616,0.9011914843728466,0.9067407795090392
unadjusted_reported_income_50000,logistic_regression,raw,id_test,0.9,survey_weighted,selective_risk,10,0.15920294496393944,0.002871034492253709,0.15595269761677033,0.15659260628723987,0.15858560371720656,0.16127342878496084,0.16382644180384473
unadjusted_reported_income_50000,logistic_regression,raw,id_test,0.9,survey_weighted,selective_accuracy,10,0.8407970550360606,0.0028710344922537223,0.8361735581961552,0.8387265712150391,0.8414143962827935,0.8434073937127602,0.8440473023832297
unadjusted_reported_income_50000,logistic_regression,raw,id_test,0.95,survey_weighted,selection_rate,10,0.9498420310443443,0.00342189855079538,0.9452707714430487,0.9480676421529993,0.9492998268745575,0.9503413020458965,0.9561452073625203
unadjusted_reported_income_50000,logistic_regression,raw,id_test,0.95,survey_weighted,selective_risk,10,0.1743558374090234,0.004166851522574859,0.16916117265639705,0.17126415039153703,0.1736311999645352,0.1782349137814814,0.1801032132346348
unadjusted_reported_income_50000,logistic_regression,raw,id_test,0.95,survey_weighted,selective_accuracy,10,0.8256441625909767,0.004166851522574848,0.8198967867653653,0.8217650862185186,0.8263688000354648,0.828735849608463,0.8308388273436029
unadjusted_reported_income_50000,logistic_regression,raw,ood_test,0.5,survey_weighted,selection_rate,10,0.4773487096845582,0.008042269683980502,0.4659844115146092,0.47134325812822897,0.4777257875418397,0.47928906839301366,0.4927146917580125
unadjusted_reported_income_50000,logistic_regression,raw,ood_test,0.5,survey_weighted,selective_risk,10,0.10474300079100425,0.002095872404153057,0.10087357545595874,0.10377389847935473,0.10442074967606207,0.10572123277054224,0.10824602178303597
unadjusted_reported_income_50000,logistic_regression,raw,ood_test,0.5,survey_weighted,selective_accuracy,10,0.8952569992089957,0.0020958724041530543,0.891753978216964,0.8942787672294578,0.8955792503239379,0.8962261015206452,0.8991264245440412
unadjusted_reported_income_50000,logistic_regression,raw,ood_test,0.7,survey_weighted,selection_rate,10,0.6867859835913179,0.007456277468546865,0.6774163258870907,0.6808932215382111,0.6865026907072607,0.6911657455917875,0.7001456474007584
unadjusted_reported_income_50000,logistic_regression,raw,ood_test,0.7,survey_weighted,selective_risk,10,0.1498818793153839,0.0016920697851790767,0.14794473374583617,0.1486568562399252,0.14931814019778944,0.15154008726782256,0.15230297291116496
unadjusted_reported_income_50000,logistic_regression,raw,ood_test,0.7,survey_weighted,selective_accuracy,10,0.8501181206846162,0.001692069785179072,0.8476970270888351,0.8484599127321775,0.8506818598022106,0.8513431437600748,0.8520552662541638
unadjusted_reported_income_50000,logistic_regression,raw,ood_test,0.8,survey_weighted,selection_rate,10,0.7897799260147713,0.007282714257380893,0.7807213303487849,0.7833937519778177,0.7903123160887428,0.7937261341248897,0.8036863333376261
unadjusted_reported_income_50000,logistic_regression,raw,ood_test,0.8,survey_weighted,selective_risk,10,0.17415842442590163,0.0018636979981353054,0.17051734116728381,0.17322961641691087,0.17404017588463827,0.17548149367998628,0.17707402826717694
unadjusted_reported_income_50000,logistic_regression,raw,ood_test,0.8,survey_weighted,selective_accuracy,10,0.8258415755740984,0.0018636979981353228,0.822925971732823,0.8245185063200137,0.8259598241153617,0.8267703835830891,0.8294826588327162
unadjusted_reported_income_50000,logistic_regression,raw,ood_test,0.9,survey_weighted,selection_rate,10,0.8931182384578905,0.0045801205337735245,0.886292002721152,0.8909684983264115,0.8930057990145889,0.8960512475301894,0.9007022057660566
unadjusted_reported_income_50000,logistic_regression,raw,ood_test,0.9,survey_weighted,selective_risk,10,0.1998637928520725,0.0016293088043056953,0.19703632729394946,0.19906589033339156,0.19965432726863477,0.20134903890921757,0.20196476527086857
unadjusted_reported_income_50000,logistic_regression,raw,ood_test,0.9,survey_weighted,selective_accuracy,10,0.8001362071479277,0.0016293088043056927,0.7980352347291314,0.7986509610907825,0.8003456727313651,0.8009341096666085,0.8029636727060505
unadjusted_reported_income_50000,logistic_regression,raw,ood_test,0.95,survey_weighted,selection_rate,10,0.945949173070597,0.003423447870538493,0.9413231895693005,0.9427237751846286,0.9470718170841688,0.9485470768432887,0.9506366713123632
unadjusted_reported_income_50000,logistic_regression,raw,ood_test,0.95,survey_weighted,selective_risk,10,0.21332589124691276,0.0011889376519387943,0.2116045314753874,0.21228220046769347,0.21368282782531178,0.21404133732145084,0.21494155795745135
unadjusted_reported_income_50000,logistic_regression,raw,ood_test,0.95,survey_weighted,selective_accuracy,10,0.7866741087530873,0.0011889376519388145,0.7850584420425486,0.7859586626785492,0.7863171721746882,0.7877177995323066,0.7883954685246126
