target_definition,model,mapping,domain,weighting,metric,n_repeats,mean,sd,min,q25,median,q75,max
cpi_constant_2018usd,lightgbm,isotonic,id_test,survey_weighted,prevalence,10,0.3844326127444545,0.0023012165427017802,0.38020031763050915,0.3830921364985438,0.38471791692260326,0.3858026797394271,0.3876497450597845
cpi_constant_2018usd,lightgbm,isotonic,id_test,survey_weighted,auroc,10,0.8871450277673902,0.0021795625435039176,0.8847399645805529,0.8855120505494589,0.8865883635523453,0.8885048488458658,0.8906927156460417
cpi_constant_2018usd,lightgbm,isotonic,id_test,survey_weighted,average_precision,10,0.8178743775336749,0.003517778591484437,0.8110917417481606,0.8171815258167414,0.8178421942631691,0.8190917182617704,0.8250028583406508
cpi_constant_2018usd,lightgbm,isotonic,id_test,survey_weighted,pr_skill,10,0.7041292674559496,0.005860180060781416,0.6931296869574707,0.7016079477192284,0.7041285237450258,0.7061300437765178,0.7158604944563964
cpi_constant_2018usd,lightgbm,isotonic,id_test,survey_weighted,brier,10,0.13219262382145677,0.001404409833892101,0.12988131553721183,0.13151479528949758,0.13232452052003152,0.13313286749739836,0.13418927947909473
cpi_constant_2018usd,lightgbm,isotonic,id_test,survey_weighted,log_loss,10,0.41017662105267877,0.004093246822380366,0.40283361831151676,0.4083846378893962,0.41101824208396076,0.4132074652138872,0.415453185280746
cpi_constant_2018usd,lightgbm,isotonic,id_test,survey_weighted,ece,10,0.015205216165939079,0.0019228738775584635,0.012019924326532854,0.014309926881974891,0.0154606605090057,0.015842316912385922,0.01833581469898221
cpi_constant_2018usd,lightgbm,isotonic,id_test,survey_weighted,calibration_intercept,10,-0.012107530445791301,0.02136245137381827,-0.044793636721215745,-0.0287637301161262,-0.009978563208954334,0.0031282396724010755,0.02266638032628903
cpi_constant_2018usd,lightgbm,isotonic,id_test,survey_weighted,calibration_slope,10,0.9836177960414432,0.0398728873506323,0.9190215798151199,0.9629896985497489,0.978482810847473,0.9999815910377776,1.0705167580631647
cpi_constant_2018usd,lightgbm,isotonic,id_test,survey_weighted,hcep_080,10,0.04577424845489477,0.004131393051037855,0.04065412155274975,0.042420912503349534,0.04491113384824855,0.04949075730771998,0.05215150659838103
cpi_constant_2018usd,lightgbm,isotonic,id_test,survey_weighted,hcep_090,10,0.014033916322439244,0.0037691465446920047,0.008187581456960292,0.011659726865716204,0.013556996619469127,0.017119771491978533,0.019795477882117832
cpi_constant_2018usd,lightgbm,isotonic,id_test,survey_weighted,hcep_095,10,0.004825769381713148,0.001625877187365233,0.002799739195465936,0.0035393726482542127,0.004452601194605981,0.006011010850119454,0.00746932889572734
cpi_constant_2018usd,lightgbm,isotonic,id_test,survey_weighted,aurc,10,0.07377029687208628,0.0016260518594895929,0.07062479132467457,0.07323529260471222,0.07406202331794848,0.07504836774984273,0.07550827682792573
cpi_constant_2018usd,lightgbm,isotonic,id_test,survey_weighted,excess_aurc,10,0.054366858427865275,0.0013103178472934907,0.05221405739761968,0.053768734743482566,0.054163372288841605,0.05551975669954813,0.05615336666749242
cpi_constant_2018usd,lightgbm,isotonic,id_test,unweighted,prevalence,10,0.4119133333333333,0.0010140007548637222,0.4106666666666667,0.4109,0.41223333333333334,0.4126666666666667,0.4132
cpi_constant_2018usd,lightgbm,isotonic,id_test,unweighted,auroc,10,0.8865238770954473,0.0013173292403952294,0.8849923728958313,0.8854581246364651,0.8864564062697289,0.8872243220933478,0.889071261906767
cpi_constant_2018usd,lightgbm,isotonic,id_test,unweighted,average_precision,10,0.8308704884320803,0.002685366762365129,0.8270844395835273,0.829168656418636,0.8306099517872443,0.8324031448012724,0.8362049463426909
cpi_constant_2018usd,lightgbm,isotonic,id_test,unweighted,pr_skill,10,0.7124071748062321,0.004540058416008958,0.706591243637207,0.7089756926764321,0.712182654248364,0.7154623604773455,0.7211840893259606
cpi_constant_2018usd,lightgbm,isotonic,id_test,unweighted,brier,10,0.13469724494515273,0.0009831293102994028,0.13302599882279453,0.1340274920122157,0.13475871901365458,0.13534421615406014,0.1362713896253482
cpi_constant_2018usd,lightgbm,isotonic,id_test,unweighted,log_loss,10,0.4176024380763413,0.0031459426617095284,0.41139544753948065,0.4154143125161809,0.418085278895512,0.4200452573495418,0.42097989357932786
cpi_constant_2018usd,lightgbm,isotonic,id_test,unweighted,ece,10,0.014137882995699324,0.0024228061818554686,0.010808308222229616,0.011872263623769362,0.014815213241442218,0.015366751218190613,0.01737671053354715
cpi_constant_2018usd,lightgbm,isotonic,id_test,unweighted,calibration_intercept,10,-0.02932033290076278,0.022218512759363634,-0.05631893605745338,-0.04924721428577758,-0.031530923490838816,-0.00935610469704192,0.004871340048864218
cpi_constant_2018usd,lightgbm,isotonic,id_test,unweighted,calibration_slope,10,0.9838296681820917,0.03305571294347665,0.9411650911328302,0.966335058319687,0.976527360187643,0.9910178668049467,1.0643137174742932
cpi_constant_2018usd,lightgbm,isotonic,id_test,unweighted,hcep_080,10,0.04464666666666667,0.004894446336233711,0.03866666666666667,0.041183333333333336,0.042866666666666664,0.04936666666666667,0.0518
cpi_constant_2018usd,lightgbm,isotonic,id_test,unweighted,hcep_090,10,0.013319999999999999,0.0032897596444905392,0.008133333333333333,0.011033333333333332,0.013066666666666667,0.015916666666666666,0.018266666666666667
cpi_constant_2018usd,lightgbm,isotonic,id_test,unweighted,hcep_095,10,0.004673333333333333,0.0010613059739633857,0.003533333333333333,0.0037833333333333334,0.004266666666666667,0.005666666666666667,0.0062
cpi_constant_2018usd,lightgbm,isotonic,id_test,unweighted,aurc,10,0.0767878432806277,0.0011874395769628638,0.07437874597291196,0.07607151009644122,0.07718159375121844,0.07767414527512459,0.07803636172871362
cpi_constant_2018usd,lightgbm,isotonic,id_test,unweighted,excess_aurc,10,0.056279237194754826,0.0009877637016816776,0.05482317109108697,0.05546777726578028,0.056366469075410944,0.0570375593444056,0.057694685906790846
cpi_constant_2018usd,lightgbm,isotonic,ood_test,survey_weighted,prevalence,10,0.395810221024213,5.851389114294502e-17,0.3958102210242129,0.3958102210242129,0.3958102210242129,0.3958102210242129,0.3958102210242129
cpi_constant_2018usd,lightgbm,isotonic,ood_test,survey_weighted,auroc,10,0.8761752041191293,0.00038838856450913685,0.8755252488373024,0.8760548550391288,0.876225781143147,0.8762834239576398,0.8767728107586656
cpi_constant_2018usd,lightgbm,isotonic,ood_test,survey_weighted,average_precision,10,0.8084063467129908,0.0011145325339688224,0.8070331799732249,0.8073976900278581,0.8083624270034817,0.8092270780531746,0.8099347740059283
cpi_constant_2018usd,lightgbm,isotonic,ood_test,survey_weighted,pr_skill,10,0.6828916013577794,0.0018446729368016817,0.680618860593952,0.6812221645016269,0.6828189094469965,0.6842500012657933,0.6854213152756948
cpi_constant_2018usd,lightgbm,isotonic,ood_test,survey_weighted,brier,10,0.1398651307447563,0.0002376874868521042,0.13948753477660353,0.13968704146794308,0.13988187064017255,0.1400726604255585,0.14018414293421888
cpi_constant_2018usd,lightgbm,isotonic,ood_test,survey_weighted,log_loss,10,0.4308817030587562,0.0007798326995072674,0.4291023562144476,0.43046766479084486,0.43123516688550967,0.4314210147669601,0.4316384360931822
cpi_constant_2018usd,lightgbm,isotonic,ood_test,survey_weighted,ece,10,0.016247940621567973,0.0032752551765611775,0.013355591400404699,0.013738146872531762,0.014129166881447833,0.01897754343067982,0.02148949890643854
cpi_constant_2018usd,lightgbm,isotonic,ood_test,survey_weighted,calibration_intercept,10,-0.083936337573738,0.019235316077999384,-0.1250821572826964,-0.092779806139943,-0.07941911438019336,-0.07069338026010161,-0.0636891263402635
cpi_constant_2018usd,lightgbm,isotonic,ood_test,survey_weighted,calibration_slope,10,0.9248023107942929,0.023572613893100825,0.8810371450564033,0.913671390922816,0.923670076550432,0.933115896223553,0.9739753815866257
cpi_constant_2018usd,lightgbm,isotonic,ood_test,survey_weighted,hcep_080,10,0.04941597880392089,0.005414110867075686,0.04216685423244545,0.04622585812125231,0.047967369180839964,0.05473692883657247,0.05666670375888822
cpi_constant_2018usd,lightgbm,isotonic,ood_test,survey_weighted,hcep_090,10,0.016293154247086456,0.003344892113537408,0.011660669187854139,0.013807121031377143,0.01663836196748646,0.018993926419618303,0.0203628794549894
cpi_constant_2018usd,lightgbm,isotonic,ood_test,survey_weighted,hcep_095,10,0.006075718394020166,0.0012878330094422247,0.004042343646596316,0.005340248407024533,0.006199298006784875,0.007047188682588065,0.008017171114628343
cpi_constant_2018usd,lightgbm,isotonic,ood_test,survey_weighted,aurc,10,0.08335245301336011,0.00035823732118994017,0.08265849729244391,0.08313209250333423,0.08337335513333383,0.08365712975201352,0.08377313214422959
cpi_constant_2018usd,lightgbm,isotonic,ood_test,survey_weighted,excess_aurc,10,0.06109697073699154,0.0004341657149409014,0.06044196762105082,0.06081480574771428,0.06114246926965418,0.0614587013798254,0.06162536819867051
cpi_constant_2018usd,lightgbm,isotonic,ood_test,unweighted,prevalence,10,0.41701333333333335,0.0,0.41701333333333335,0.41701333333333335,0.41701333333333335,0.41701333333333335,0.41701333333333335
cpi_constant_2018usd,lightgbm,isotonic,ood_test,unweighted,auroc,10,0.8788256628997162,0.0002957188139032239,0.8783051754439528,0.8786612921088717,0.8788822322460592,0.8789540796138666,0.8792918213919589
cpi_constant_2018usd,lightgbm,isotonic,ood_test,unweighted,average_precision,10,0.8231806857406394,0.0009347715093533112,0.8219889406623395,0.822294176478199,0.8232117094538577,0.8241006731769159,0.8243617560394487
cpi_constant_2018usd,lightgbm,isotonic,ood_test,unweighted,pr_skill,10,0.6967009292504792,0.0016034183332151227,0.6946567228450157,0.695180295395319,0.696754144383847,0.698278988387812,0.6987268251522883
cpi_constant_2018usd,lightgbm,isotonic,ood_test,unweighted,brier,10,0.13978575962648843,0.00019501422707344696,0.13949495244038213,0.1396602177643142,0.13978814096506648,0.13995242771432953,0.14004004489035504
cpi_constant_2018usd,lightgbm,isotonic,ood_test,unweighted,log_loss,10,0.4305839321578011,0.0007346843837764621,0.42933271463772255,0.4302886438958652,0.4306006530249742,0.430809205147604,0.43189766179503564
cpi_constant_2018usd,lightgbm,isotonic,ood_test,unweighted,ece,10,0.014226928500894501,0.0031700767860794008,0.010788641722369758,0.011753506291067391,0.012961776854369274,0.01645955623683781,0.01928669965290915
cpi_constant_2018usd,lightgbm,isotonic,ood_test,unweighted,calibration_intercept,10,-0.06691041290017911,0.01870922283012855,-0.10317691757880053,-0.07390888712915276,-0.061501741583294744,-0.054540312678748086,-0.04631964006244742
cpi_constant_2018usd,lightgbm,isotonic,ood_test,unweighted,calibration_slope,10,0.9349809144313523,0.02302479765255395,0.8931855044234578,0.9240899757036918,0.9331518879636835,0.9443417961963381,0.9815454220920967
cpi_constant_2018usd,lightgbm,isotonic,ood_test,unweighted,hcep_080,10,0.048121333333333335,0.005542150761367683,0.04069333333333333,0.044546666666666665,0.04647333333333334,0.05338,0.05566666666666667
cpi_constant_2018usd,lightgbm,isotonic,ood_test,unweighted,hcep_090,10,0.01563866666666667,0.0033164517704436782,0.010933333333333333,0.013316666666666668,0.016193333333333334,0.018243333333333334,0.01988
cpi_constant_2018usd,lightgbm,isotonic,ood_test,unweighted,hcep_095,10,0.005745333333333334,0.0012071793467868155,0.0037866666666666665,0.004953333333333333,0.006053333333333333,0.006486666666666667,0.007533333333333334
cpi_constant_2018usd,lightgbm,isotonic,ood_test,unweighted,aurc,10,0.08305151576295211,0.0003198286208648999,0.0824905675755501,0.08279655960822441,0.08317186347396643,0.08328560372967606,0.0833972641683009
cpi_constant_2018usd,lightgbm,isotonic,ood_test,unweighted,excess_aurc,10,0.060651622125040196,0.0003821214425988578,0.05999446321046706,0.060455322564682785,0.06076916306494902,0.06089718191851587,0.06106307431145169
cpi_constant_2018usd,lightgbm,platt,id_test,survey_weighted,prevalence,10,0.3844326127444545,0.0023012165427017802,0.38020031763050915,0.3830921364985438,0.38471791692260326,0.3858026797394271,0.3876497450597845
cpi_constant_2018usd,lightgbm,platt,id_test,survey_weighted,auroc,10,0.8875499274545909,0.0022432184241231823,0.8851362594308623,0.8859502867766142,0.887065056131601,0.8888106672584974,0.8912831448679799
cpi_constant_2018usd,lightgbm,platt,id_test,survey_weighted,average_precision,10,0.8267373932165285,0.003946089649593173,0.8201860198220782,0.8260275632140051,0.8269762897752764,0.8276695609035407,0.8350191781531349
cpi_constant_2018usd,lightgbm,platt,id_test,survey_weighted,pr_skill,10,0.7185289861980518,0.006460514699795727,0.7079028047939522,0.7160840766146808,0.7188417377789018,0.7207301053552815,0.7321238009990023
cpi_constant_2018usd,lightgbm,platt,id_test,survey_weighted,brier,10,0.13190870377140626,0.0014075595216741141,0.12974017968774182,0.13106002787616372,0.1320596322921602,0.1331200337435874,0.13356443912652316
cpi_constant_2018usd,lightgbm,platt,id_test,survey_weighted,log_loss,10,0.40814689002561755,0.0037532037693749102,0.4019865242670099,0.4064276253842325,0.408543265661732,0.4112298240769231,0.4123262377048079
cpi_constant_2018usd,lightgbm,platt,id_test,survey_weighted,ece,10,0.013180624970620336,0.0012320547628368662,0.012117952003965555,0.012205469578393427,0.012598602659270354,0.014104668340795826,0.0153322826916563
cpi_constant_2018usd,lightgbm,platt,id_test,survey_weighted,calibration_intercept,10,-0.007651954304179901,0.02209662359450187,-0.041336538625536115,-0.026525230574629133,-0.0020185008479632,0.0034320873797885334,0.027962138646671544
cpi_constant_2018usd,lightgbm,platt,id_test,survey_weighted,calibration_slope,10,1.0101731645677907,0.03807090588781822,0.9434357807106316,0.9901964764892672,1.0073873571627048,1.0270740589832692,1.0877670128739088
cpi_constant_2018usd,lightgbm,platt,id_test,survey_weighted,hcep_080,10,0.04812094856687195,0.0031292990022264073,0.0419538250023688,0.04704454402045153,0.04816929819038554,0.05070429437698302,0.05205038748425233
cpi_constant_2018usd,lightgbm,platt,id_test,survey_weighted,hcep_090,10,0.013805421138828091,0.002399819637476156,0.008981992717269283,0.012707827695085444,0.014114655227245459,0.015339511813884335,0.017510395150581493
cpi_constant_2018usd,lightgbm,platt,id_test,survey_weighted,hcep_095,10,0.003526603248431165,0.0009788626846471348,0.0023495108653842516,0.0029792086233362725,0.003465547650160271,0.003697301704672793,0.005659703949122253
cpi_constant_2018usd,lightgbm,platt,id_test,survey_weighted,aurc,10,0.0732896410397145,0.0017915721381962493,0.07033309405826085,0.07279529807557125,0.07355644308309264,0.0747169646986988,0.07529359251498294
cpi_constant_2018usd,lightgbm,platt,id_test,survey_weighted,excess_aurc,10,0.05402460242271575,0.0013377278084835827,0.05179922997884019,0.05347459478730173,0.05408026877214814,0.05485646318671201,0.05579851925632142
cpi_constant_2018usd,lightgbm,platt,id_test,unweighted,prevalence,10,0.4119133333333333,0.0010140007548637222,0.4106666666666667,0.4109,0.41223333333333334,0.4126666666666667,0.4132
cpi_constant_2018usd,lightgbm,platt,id_test,unweighted,auroc,10,0.8869545280424745,0.0013518375068458195,0.8853524043564549,0.8858824803426966,0.8869228511069328,0.8876140702128754,0.8897017194041974
cpi_constant_2018usd,lightgbm,platt,id_test,unweighted,average_precision,10,0.8393428706682714,0.0027534871449981534,0.8357482886225146,0.8377703218619335,0.839163042443346,0.8400451976089651,0.8455015032906945
cpi_constant_2018usd,lightgbm,platt,id_test,unweighted,pr_skill,10,0.7268141475026042,0.004641781544252236,0.7212923449477059,0.723566290010544,0.7267162816206789,0.7285604353224546,0.7370089139083542
cpi_constant_2018usd,lightgbm,platt,id_test,unweighted,brier,10,0.13439898585451268,0.0008720444195979423,0.1327907044549896,0.13383038334871328,0.13438352835149825,0.13506236381461661,0.13547795565418674
cpi_constant_2018usd,lightgbm,platt,id_test,unweighted,log_loss,10,0.4147681485684699,0.0021617525911693295,0.4109930509067555,0.4134063705298304,0.4147252621920048,0.4168408416848875,0.41734490736094526
cpi_constant_2018usd,lightgbm,platt,id_test,unweighted,ece,10,0.012819237843716372,0.0018549501986351877,0.009517752783562835,0.01192661570737148,0.01252575481624529,0.014126041760803799,0.015907084321192002
cpi_constant_2018usd,lightgbm,platt,id_test,unweighted,calibration_intercept,10,-0.0268191875489615,0.02136071644276371,-0.05519245406652929,-0.0450903400580484,-0.02915475757449567,-0.006707758882434998,0.0026126232600220856
cpi_constant_2018usd,lightgbm,platt,id_test,unweighted,calibration_slope,10,1.0149428884009564,0.032814295379931836,0.95912647663817,1.0002561955655955,1.0134217119651934,1.0245015606242998,1.0864332831074968
cpi_constant_2018usd,lightgbm,platt,id_test,unweighted,hcep_080,10,0.046906666666666666,0.0023897311176814045,0.04186666666666667,0.04566666666666666,0.04716666666666666,0.04815,0.05026666666666667
cpi_constant_2018usd,lightgbm,platt,id_test,unweighted,hcep_090,10,0.012733333333333333,0.001750908053652641,0.0094,0.011833333333333333,0.0127,0.013566666666666668,0.016
cpi_constant_2018usd,lightgbm,platt,id_test,unweighted,hcep_095,10,0.0032466666666666672,0.0005778205112401917,0.0024,0.00295,0.0030666666666666668,0.0035166666666666666,0.0044666666666666665
cpi_constant_2018usd,lightgbm,platt,id_test,unweighted,aurc,10,0.0762532726527537,0.001091407994814603,0.07412733709075515,0.07558374633673436,0.07629663815492575,0.0771847692891229,0.07746464078800526
cpi_constant_2018usd,lightgbm,platt,id_test,unweighted,excess_aurc,10,0.05590918265644228,0.0007502836178519587,0.05478326550175795,0.055211776940854114,0.05620162012763727,0.056398092204221956,0.05671635902117168
cpi_constant_2018usd,lightgbm,platt,ood_test,survey_weighted,prevalence,10,0.395810221024213,5.851389114294502e-17,0.3958102210242129,0.3958102210242129,0.3958102210242129,0.3958102210242129,0.3958102210242129
cpi_constant_2018usd,lightgbm,platt,ood_test,survey_weighted,auroc,10,0.8766114466581231,0.000391616072549864,0.8759575912507507,0.8764977182215168,0.8766512078119186,0.8768325689705471,0.8772426524616013
cpi_constant_2018usd,lightgbm,platt,ood_test,survey_weighted,average_precision,10,0.8177477122646281,0.000933558377402617,0.8164186722014676,0.8171245427888831,0.8176295830537936,0.8181550019033917,0.8197704647859465
cpi_constant_2018usd,lightgbm,platt,ood_test,survey_weighted,pr_skill,10,0.6983525804684695,0.0015451409637964497,0.6961528741685492,0.6973211669996728,0.6981570637368977,0.6990266892550401,0.7017004565691665
cpi_constant_2018usd,lightgbm,platt,ood_test,survey_weighted,brier,10,0.13967952405014217,0.000215175951336704,0.13927848998696057,0.13952825227581028,0.13971173537124196,0.13983821644924307,0.13995396842005223
cpi_constant_2018usd,lightgbm,platt,ood_test,survey_weighted,log_loss,10,0.42889579431514147,0.0006511201422018218,0.4274973264512833,0.42860239922578597,0.4289590550738931,0.42938927747804245,0.42961923781452455
cpi_constant_2018usd,lightgbm,platt,ood_test,survey_weighted,ece,10,0.015243617763539583,0.0020630679939573574,0.012555924638922982,0.013749232218458324,0.015238286825172176,0.01584533536574519,0.01918837592324625
cpi_constant_2018usd,lightgbm,platt,ood_test,survey_weighted,calibration_intercept,10,-0.07986288663881749,0.019814734325319522,-0.12282865428392986,-0.08843172255170126,-0.07680763683149508,-0.06637823047954786,-0.057680578605498176
cpi_constant_2018usd,lightgbm,platt,ood_test,survey_weighted,calibration_slope,10,0.9542598357876857,0.025752709544700172,0.9053241330343564,0.9451367946599537,0.9491199501952361,0.9647376260515459,1.00666259450847
cpi_constant_2018usd,lightgbm,platt,ood_test,survey_weighted,hcep_080,10,0.051821917827059305,0.002497206469849447,0.0470510246017702,0.051146662268946194,0.05201321366632479,0.05276242444595786,0.05684449636244085
cpi_constant_2018usd,lightgbm,platt,ood_test,survey_weighted,hcep_090,10,0.01594030719611187,0.001551857112564771,0.012569511969305645,0.015331955169757553,0.016388364561858135,0.016629578612775087,0.0185129361623279
cpi_constant_2018usd,lightgbm,platt,ood_test,survey_weighted,hcep_095,10,0.004195955455826103,0.0007276208633465296,0.0030144723429351757,0.003968575970016815,0.004101607847780525,0.004434812691991318,0.005841649805334604
cpi_constant_2018usd,lightgbm,platt,ood_test,survey_weighted,aurc,10,0.08286054232629642,0.0003500767870089405,0.0821442790163763,0.082692897789689,0.08285928678909246,0.08305096587836966,0.08333757347775012
cpi_constant_2018usd,lightgbm,platt,ood_test,survey_weighted,excess_aurc,10,0.06065021409532477,0.0003688514401551976,0.05992849668828935,0.06042415734200189,0.060631912432231615,0.06100467700705055,0.06102801548957506
cpi_constant_2018usd,lightgbm,platt,ood_test,unweighted,prevalence,10,0.41701333333333335,0.0,0.41701333333333335,0.41701333333333335,0.41701333333333335,0.41701333333333335,0.41701333333333335
cpi_constant_2018usd,lightgbm,platt,ood_test,unweighted,auroc,10,0.8792653252042374,0.00031730475407454404,0.8787052275607965,0.879107457903779,0.8793225295359495,0.8794644761148331,0.8797672819975559
cpi_constant_2018usd,lightgbm,platt,ood_test,unweighted,average_precision,10,0.8319147972283089,0.0007350073833528982,0.8305621716934547,0.8315604617478276,0.8318095461737913,0.8323911881670308,0.8332320456787341
cpi_constant_2018usd,lightgbm,platt,ood_test,unweighted,pr_skill,10,0.7116825951908143,0.0012607619099685916,0.7093624297184408,0.711074801735593,0.711502057520683,0.7124997509955017,0.7139420781699994
cpi_constant_2018usd,lightgbm,platt,ood_test,unweighted,brier,10,0.13962598850102842,0.00017726032109680178,0.13931001901142973,0.13952040566184468,0.13967817141665945,0.13973654463554647,0.13986738460207954
cpi_constant_2018usd,lightgbm,platt,ood_test,unweighted,log_loss,10,0.4283612656977561,0.0005066574622905599,0.4273406161392177,0.42809789248336183,0.4285024814625661,0.42867847881588755,0.4289509688680317
cpi_constant_2018usd,lightgbm,platt,ood_test,unweighted,ece,10,0.013637146190340862,0.001592670401597801,0.011695137754931778,0.012574813847485397,0.013671830810139507,0.014158540146083611,0.016875710672193643
cpi_constant_2018usd,lightgbm,platt,ood_test,unweighted,calibration_intercept,10,-0.06377804658335888,0.019063700477478292,-0.1017992053507811,-0.07067973977380657,-0.06016969924493029,-0.05141171424462039,-0.04178526568032649
cpi_constant_2018usd,lightgbm,platt,ood_test,unweighted,calibration_slope,10,0.9670295154578374,0.02617558821490627,0.9175948670890186,0.9582259626605371,0.9609737746658676,0.9774393639858229,1.0194084754314758
cpi_constant_2018usd,lightgbm,platt,ood_test,unweighted,hcep_080,10,0.05054666666666666,0.0026070445875514834,0.045426666666666664,0.049640000000000004,0.051006666666666665,0.05154,0.0554
cpi_constant_2018usd,lightgbm,platt,ood_test,unweighted,hcep_090,10,0.014979999999999999,0.001512956389667937,0.011773333333333334,0.014383333333333333,0.015286666666666667,0.01555,0.01776
cpi_constant_2018usd,lightgbm,platt,ood_test,unweighted,hcep_095,10,0.0038866666666666676,0.000624163637929654,0.00284,0.0036133333333333334,0.00384,0.004123333333333333,0.005266666666666667
cpi_constant_2018usd,lightgbm,platt,ood_test,unweighted,aurc,10,0.0825177042210409,0.00028811544242746286,0.08194124263136782,0.08238246099032248,0.08249446708809773,0.0826568024957892,0.08297234072142394
cpi_constant_2018usd,lightgbm,platt,ood_test,unweighted,excess_aurc,10,0.060176735720130436,0.0003008275961435107,0.059538279577817974,0.06002895903684258,0.06020238041514729,0.06035182774376103,0.060621079761466364
cpi_constant_2018usd,lightgbm,raw,id_test,survey_weighted,prevalence,10,0.3844326127444545,0.0023012165427017802,0.38020031763050915,0.3830921364985438,0.38471791692260326,0.3858026797394271,0.3876497450597845
cpi_constant_2018usd,lightgbm,raw,id_test,survey_weighted,auroc,10,0.8875499274545909,0.0022432184241231823,0.8851362594308623,0.8859502867766142,0.887065056131601,0.8888106672584974,0.8912831448679799
cpi_constant_2018usd,lightgbm,raw,id_test,survey_weighted,average_precision,10,0.8267373932165285,0.003946089649593173,0.8201860198220782,0.8260275632140051,0.8269762897752764,0.8276695609035407,0.8350191781531349
cpi_constant_2018usd,lightgbm,raw,id_test,survey_weighted,pr_skill,10,0.7185289861980518,0.006460514699795727,0.7079028047939522,0.7160840766146808,0.7188417377789018,0.7207301053552815,0.7321238009990023
cpi_constant_2018usd,lightgbm,raw,id_test,survey_weighted,brier,10,0.13192713562599329,0.001378124745271351,0.12973427895028986,0.13117061110790934,0.13204862722285868,0.13307534661758127,0.13356239396379438
cpi_constant_2018usd,lightgbm,raw,id_test,survey_weighted,log_loss,10,0.40853393825813555,0.003712867431886213,0.4025016006898401,0.40715221897041115,0.4089704181018717,0.41158325131183604,0.4123814687061702
cpi_constant_2018usd,lightgbm,raw,id_test,survey_weighted,ece,10,0.014849078976203139,0.0010758282537728066,0.013403761436285863,0.014095269303650154,0.014728018777198768,0.015794056267450805,0.016413547314744502
cpi_constant_2018usd,lightgbm,raw,id_test,survey_weighted,calibration_intercept,10,0.018364788788003218,0.027501053519998004,-0.02806242186810381,-0.002931089857663548,0.03298159776462534,0.03899907936962963,0.04695337308825292
cpi_constant_2018usd,lightgbm,raw,id_test,survey_weighted,calibration_slope,10,1.067400728654532,0.01314904410809616,1.0436742305719018,1.0576743002234816,1.0686687901656797,1.0787853680704385,1.0824715435305086
cpi_constant_2018usd,lightgbm,raw,id_test,survey_weighted,hcep_080,10,0.04360080302721007,0.0016244671644233656,0.04061337817774218,0.04266181456111634,0.04367204321213727,0.04478232113183542,0.04613356044514252
cpi_constant_2018usd,lightgbm,raw,id_test,survey_weighted,hcep_090,10,0.011231288179960967,0.001203685487140284,0.009489010330483869,0.010658567143622769,0.011350889394044026,0.01142697565216447,0.013984752848594148
cpi_constant_2018usd,lightgbm,raw,id_test,survey_weighted,hcep_095,10,0.0026073743564494793,0.0005247980231070468,0.0020789955242007186,0.0021968918700420044,0.0024304173638118824,0.0030078084935499265,0.0035992861962203713
cpi_constant_2018usd,lightgbm,raw,id_test,survey_weighted,aurc,10,0.0733369950525319,0.0017737661739644585,0.07032811279698326,0.07288620837202492,0.07364120450102515,0.07473017786591005,0.07528343243386872
cpi_constant_2018usd,lightgbm,raw,id_test,survey_weighted,excess_aurc,10,0.054065307170310425,0.001385896104001686,0.051617612268991656,0.05350148362082492,0.054116476883042226,0.05501085076061283,0.05581578081314548
cpi_constant_2018usd,lightgbm,raw,id_test,unweighted,prevalence,10,0.4119133333333333,0.0010140007548637222,0.4106666666666667,0.4109,0.41223333333333334,0.4126666666666667,0.4132
cpi_constant_2018usd,lightgbm,raw,id_test,unweighted,auroc,10,0.8869545280424745,0.0013518375068458195,0.8853524043564549,0.8858824803426966,0.8869228511069328,0.8876140702128754,0.8897017194041974
cpi_constant_2018usd,lightgbm,raw,id_test,unweighted,average_precision,10,0.8393428706682714,0.0027534871449981534,0.8357482886225146,0.8377703218619335,0.839163042443346,0.8400451976089651,0.8455015032906945
cpi_constant_2018usd,lightgbm,raw,id_test,unweighted,pr_skill,10,0.7268141475026042,0.004641781544252236,0.7212923449477059,0.723566290010544,0.7267162816206789,0.7285604353224546,0.7370089139083542
cpi_constant_2018usd,lightgbm,raw,id_test,unweighted,brier,10,0.1344065428947518,0.0008445910693198187,0.1327894112915736,0.1338608361872043,0.13439659822689298,0.13509979041036493,0.13544046169410723
cpi_constant_2018usd,lightgbm,raw,id_test,unweighted,log_loss,10,0.41520296308240995,0.00215515091433301,0.41094972060033286,0.4141210949094925,0.41522994350935416,0.4171969617532517,0.41747317632737807
cpi_constant_2018usd,lightgbm,raw,id_test,unweighted,ece,10,0.013731877427988343,0.0012848453719939187,0.011126769907320228,0.01339292333114668,0.013821847412953718,0.014327846359242002,0.016021463758862896
cpi_constant_2018usd,lightgbm,raw,id_test,unweighted,calibration_intercept,10,-0.0006892413792674721,0.021638211498099497,-0.03442084067433393,-0.017091613496897726,-0.0008422021860134028,0.010418050992467396,0.037648552767843874
cpi_constant_2018usd,lightgbm,raw,id_test,unweighted,calibration_slope,10,1.07261242113194,0.012251211076257556,1.0512765501816004,1.0687444477212742,1.0759359085590632,1.0812256183264313,1.0877331312284229
cpi_constant_2018usd,lightgbm,raw,id_test,unweighted,hcep_080,10,0.04198,0.001222848324483195,0.038933333333333334,0.04176666666666667,0.0421,0.04243333333333334,0.043666666666666666
cpi_constant_2018usd,lightgbm,raw,id_test,unweighted,hcep_090,10,0.010126666666666666,0.0007739269752134002,0.009266666666666666,0.009816666666666666,0.009966666666666667,0.01025,0.012133333333333333
cpi_constant_2018usd,lightgbm,raw,id_test,unweighted,hcep_095,10,0.0025,0.00033591592128513276,0.0019333333333333333,0.0023166666666666665,0.0024999999999999996,0.0027333333333333333,0.003
cpi_constant_2018usd,lightgbm,raw,id_test,unweighted,aurc,10,0.07626404257610644,0.0010747180617122307,0.07421988522566315,0.07557854741047865,0.0762974857185954,0.07719410133180218,0.07746010457671276
cpi_constant_2018usd,lightgbm,raw,id_test,unweighted,excess_aurc,10,0.055960569673988436,0.0007584195945891833,0.054889869936337585,0.0552331069074204,0.05616362748631171,0.05639102052344405,0.057078157388400434
cpi_constant_2018usd,lightgbm,raw,ood_test,survey_weighted,prevalence,10,0.395810221024213,5.851389114294502e-17,0.3958102210242129,0.3958102210242129,0.3958102210242129,0.3958102210242129,0.3958102210242129
cpi_constant_2018usd,lightgbm,raw,ood_test,survey_weighted,auroc,10,0.8766114466581231,0.000391616072549864,0.8759575912507507,0.8764977182215168,0.8766512078119186,0.8768325689705471,0.8772426524616013
cpi_constant_2018usd,lightgbm,raw,ood_test,survey_weighted,average_precision,10,0.8177477122646281,0.000933558377402617,0.8164186722014676,0.8171245427888831,0.8176295830537936,0.8181550019033917,0.8197704647859465
cpi_constant_2018usd,lightgbm,raw,ood_test,survey_weighted,pr_skill,10,0.6983525804684695,0.0015451409637964497,0.6961528741685492,0.6973211669996728,0.6981570637368977,0.6990266892550401,0.7017004565691665
cpi_constant_2018usd,lightgbm,raw,ood_test,survey_weighted,brier,10,0.13943411718455556,0.00022974191916229513,0.13915507852731873,0.13928355578356763,0.1393536054612421,0.13954699718992655,0.13980877317968204
cpi_constant_2018usd,lightgbm,raw,ood_test,survey_weighted,log_loss,10,0.42834857841667284,0.0006540470171812834,0.4272110559069737,0.42809291716274583,0.4283329889070998,0.42843928203475956,0.42942897304797534
cpi_constant_2018usd,lightgbm,raw,ood_test,survey_weighted,ece,10,0.011575966149347985,0.0012266955280069783,0.009938308185232503,0.010491588599911419,0.011393760830048342,0.012469295210520611,0.013556360583405161
cpi_constant_2018usd,lightgbm,raw,ood_test,survey_weighted,calibration_intercept,10,-0.05524243287337384,0.008641470192370772,-0.0705622920845834,-0.06039540828045399,-0.05320598439207097,-0.048553001468358184,-0.04506937823056766
cpi_constant_2018usd,lightgbm,raw,ood_test,survey_weighted,calibration_slope,10,1.008584396886396,0.007212702639551204,0.999251474045446,1.002674031411884,1.0066755613095348,1.0148875320721575,1.0186964647341152
cpi_constant_2018usd,lightgbm,raw,ood_test,survey_weighted,hcep_080,10,0.04631944929803804,0.0010280608738053398,0.044919888928384465,0.04570560845642637,0.04623958015939569,0.047056025800182366,0.04815716466058179
cpi_constant_2018usd,lightgbm,raw,ood_test,survey_weighted,hcep_090,10,0.012967444823965942,0.0005305458707580101,0.011886848386044506,0.012716359657682972,0.013021120185924552,0.013309064184505212,0.01377867671540793
cpi_constant_2018usd,lightgbm,raw,ood_test,survey_weighted,hcep_095,10,0.002975888097185288,0.00021333896806342704,0.002613626290199789,0.0028456506390343787,0.002943642870422825,0.003145253681413409,0.00332142089548208
cpi_constant_2018usd,lightgbm,raw,ood_test,survey_weighted,aurc,10,0.08276992889648813,0.0003663220470224011,0.0820682405633468,0.08261965085873024,0.08273436771099771,0.08287023728433474,0.08333062387999658
cpi_constant_2018usd,lightgbm,raw,ood_test,survey_weighted,excess_aurc,10,0.06057741549073812,0.0003674985017341973,0.05982054394063096,0.06040962632809643,0.060512769252694915,0.0608871442065336,0.06100430079780725
cpi_constant_2018usd,lightgbm,raw,ood_test,unweighted,prevalence,10,0.41701333333333335,0.0,0.41701333333333335,0.41701333333333335,0.41701333333333335,0.41701333333333335,0.41701333333333335
cpi_constant_2018usd,lightgbm,raw,ood_test,unweighted,auroc,10,0.8792653252042374,0.00031730475407454404,0.8787052275607965,0.879107457903779,0.8793225295359495,0.8794644761148331,0.8797672819975559
cpi_constant_2018usd,lightgbm,raw,ood_test,unweighted,average_precision,10,0.8319147972283089,0.0007350073833528982,0.8305621716934547,0.8315604617478276,0.8318095461737913,0.8323911881670308,0.8332320456787341
cpi_constant_2018usd,lightgbm,raw,ood_test,unweighted,pr_skill,10,0.7116825951908143,0.0012607619099685916,0.7093624297184408,0.711074801735593,0.711502057520683,0.7124997509955017,0.7139420781699994
cpi_constant_2018usd,lightgbm,raw,ood_test,unweighted,brier,10,0.13942125711292178,0.00018197941366790142,0.13921387604425697,0.13925858802456356,0.13938648011517324,0.13952238091426214,0.1397148763311857
cpi_constant_2018usd,lightgbm,raw,ood_test,unweighted,log_loss,10,0.42801570489320256,0.0005265358299565453,0.4271155981215408,0.42775142400631494,0.42796341165208973,0.4282328042056206,0.4288566346423578
cpi_constant_2018usd,lightgbm,raw,ood_test,unweighted,ece,10,0.010973834416955727,0.0008721291328697019,0.009560473747161454,0.010267371578966693,0.011176485151362967,0.011405553444316131,0.01215737087562378
cpi_constant_2018usd,lightgbm,raw,ood_test,unweighted,calibration_intercept,10,-0.03884783838583733,0.008970318984464943,-0.05333194488467367,-0.04534856371617518,-0.03779509050062705,-0.03150944928535608,-0.028021789320212733
cpi_constant_2018usd,lightgbm,raw,ood_test,unweighted,calibration_slope,10,1.0220774791146041,0.007079762510045021,1.013385590671755,1.0162709226637885,1.020353767627305,1.0283331925226888,1.0318357969255418
cpi_constant_2018usd,lightgbm,raw,ood_test,unweighted,hcep_080,10,0.04496533333333333,0.0008140057936518423,0.04368,0.04436333333333333,0.04504,0.04549666666666667,0.04633333333333333
cpi_constant_2018usd,lightgbm,raw,ood_test,unweighted,hcep_090,10,0.012116,0.00045930919680712347,0.011346666666666666,0.011786666666666668,0.012193333333333334,0.012396666666666667,0.01284
cpi_constant_2018usd,lightgbm,raw,ood_test,unweighted,hcep_095,10,0.0027866666666666665,0.00018517925916444137,0.0026133333333333334,0.0026166666666666664,0.0027600000000000003,0.0029366666666666664,0.00312
cpi_constant_2018usd,lightgbm,raw,ood_test,unweighted,aurc,10,0.08245623964231141,0.0002973232381381365,0.0819015189921356,0.08233093140252332,0.08238642249547222,0.08256274172241118,0.08296151661008942
cpi_constant_2018usd,lightgbm,raw,ood_test,unweighted,excess_aurc,10,0.06014865504447835,0.00031090014141664805,0.05950464188784085,0.06003082283088341,0.06012056691723548,0.060270274993836595,0.060664928706118254
cpi_constant_2018usd,logistic_regression,isotonic,id_test,survey_weighted,prevalence,10,0.3844326127444545,0.0023012165427017802,0.38020031763050915,0.3830921364985438,0.38471791692260326,0.3858026797394271,0.3876497450597845
cpi_constant_2018usd,logistic_regression,isotonic,id_test,survey_weighted,auroc,10,0.8827656593512753,0.003517421142565648,0.8778215752725603,0.8803708693780187,0.88249756880483,0.8848710130106568,0.8882814812093444
cpi_constant_2018usd,logistic_regression,isotonic,id_test,survey_weighted,average_precision,10,0.8066957902995068,0.0060864511414747795,0.797463813126568,0.8015907990717885,0.8065550633152916,0.8127610408989303,0.8132122604934995
cpi_constant_2018usd,logistic_regression,isotonic,id_test,survey_weighted,pr_skill,10,0.6859704914982515,0.009929225192812677,0.6718727753627306,0.6774517244337157,0.6851457080301716,0.6952809093783161,0.6983522630742157
cpi_constant_2018usd,logistic_regression,isotonic,id_test,survey_weighted,brier,10,0.1345014707511935,0.00216101971975618,0.1311360325629631,0.13323234916032922,0.13457527815035236,0.1362708302073785,0.1372296430373475
cpi_constant_2018usd,logistic_regression,isotonic,id_test,survey_weighted,log_loss,10,0.4182587397081595,0.005442281729903847,0.4106431445664223,0.4145655813484356,0.41869239183436896,0.42224009180527017,0.4271880884601567
cpi_constant_2018usd,logistic_regression,isotonic,id_test,survey_weighted,ece,10,0.015703271473430973,0.0030204534406413964,0.01232949541908414,0.013482245122548775,0.015346535660321424,0.017077713061348535,0.022490762820944598
cpi_constant_2018usd,logistic_regression,isotonic,id_test,survey_weighted,calibration_intercept,10,-0.008396539361030754,0.01835203809730634,-0.033391461556434375,-0.026068787270890282,-0.005308355104356133,0.004908807379912101,0.01555321689196414
cpi_constant_2018usd,logistic_regression,isotonic,id_test,survey_weighted,calibration_slope,10,0.9797569893271534,0.05000850830479777,0.8967642729332463,0.9560846110651111,0.9716351421048186,0.9889266458719976,1.0827332281474213
cpi_constant_2018usd,logistic_regression,isotonic,id_test,survey_weighted,hcep_080,10,0.0428863447843924,0.005317547891290299,0.036489080427547546,0.039034996689828454,0.04156754243141496,0.0460225874779228,0.0516222028465478
cpi_constant_2018usd,logistic_regression,isotonic,id_test,survey_weighted,hcep_090,10,0.016678208630400128,0.00409247802257181,0.010781294196282046,0.014795224688012018,0.015616311115088561,0.01967488372418784,0.02265888789295049
cpi_constant_2018usd,logistic_regression,isotonic,id_test,survey_weighted,hcep_095,10,0.005111475052571377,0.0028763918035145213,0.002632688969925866,0.003704413669139082,0.004151459219404824,0.0049700557162407405,0.0126730199033654
cpi_constant_2018usd,logistic_regression,isotonic,id_test,survey_weighted,aurc,10,0.07830537980074069,0.0022233082049971744,0.07478807922271484,0.07673603629408907,0.0781360545407008,0.08003025413880105,0.0818348315994348
cpi_constant_2018usd,logistic_regression,isotonic,id_test,survey_weighted,excess_aurc,10,0.05855451639842789,0.0016384526563990773,0.05626233460039399,0.05749729769964191,0.0581892729802047,0.059708393107737644,0.06143841347131338
cpi_constant_2018usd,logistic_regression,isotonic,id_test,unweighted,prevalence,10,0.4119133333333333,0.0010140007548637222,0.4106666666666667,0.4109,0.41223333333333334,0.4126666666666667,0.4132
cpi_constant_2018usd,logistic_regression,isotonic,id_test,unweighted,auroc,10,0.8816812373740858,0.0021751962157263403,0.8787342874944382,0.8800682023144833,0.8819373962434625,0.882687013936996,0.8859794472102888
cpi_constant_2018usd,logistic_regression,isotonic,id_test,unweighted,average_precision,10,0.819008703530197,0.004505040733005805,0.8125887411470665,0.8147911318138126,0.8195814279161124,0.8227551224474725,0.8252354480542561
cpi_constant_2018usd,logistic_regression,isotonic,id_test,unweighted,pr_skill,10,0.6922368201454299,0.007652285401713441,0.6809115910562994,0.6856511994830701,0.692676759586436,0.6988267770895374,0.7025115434423334
cpi_constant_2018usd,logistic_regression,isotonic,id_test,unweighted,brier,10,0.13735035765134662,0.001404938125487982,0.13468664540988368,0.13674471124782683,0.1370837157335606,0.13818889635728385,0.13951452493026947
cpi_constant_2018usd,logistic_regression,isotonic,id_test,unweighted,log_loss,10,0.4262447602371549,0.003795331028271969,0.42018640182469763,0.4241070929500488,0.42547168744097874,0.4289943873438631,0.4321794847053456
cpi_constant_2018usd,logistic_regression,isotonic,id_test,unweighted,ece,10,0.014296940412289438,0.002862060673064857,0.011347246477256387,0.012458763476641476,0.013645508351090966,0.014827431506589847,0.020843988397776854
cpi_constant_2018usd,logistic_regression,isotonic,id_test,unweighted,calibration_intercept,10,-0.03573288602629583,0.014401086472143752,-0.05535846184375044,-0.047648127774324006,-0.034291473041104636,-0.02524494465606695,-0.011635962336752521
cpi_constant_2018usd,logistic_regression,isotonic,id_test,unweighted,calibration_slope,10,0.9853177494628756,0.04377259456440627,0.9166023768540308,0.9600093385993654,0.9794433064731488,1.0087941860597753,1.0778582039015363
cpi_constant_2018usd,logistic_regression,isotonic,id_test,unweighted,hcep_080,10,0.04139333333333333,0.004926266209354921,0.034466666666666666,0.03758333333333334,0.040466666666666665,0.045116666666666666,0.0494
cpi_constant_2018usd,logistic_regression,isotonic,id_test,unweighted,hcep_090,10,0.015446666666666668,0.0033522500275059413,0.011133333333333334,0.01355,0.014333333333333333,0.018166666666666668,0.0204
cpi_constant_2018usd,logistic_regression,isotonic,id_test,unweighted,hcep_095,10,0.004666666666666666,0.0021908902300206644,0.0029333333333333334,0.0032833333333333334,0.003966666666666667,0.005183333333333333,0.010266666666666667
cpi_constant_2018usd,logistic_regression,isotonic,id_test,unweighted,aurc,10,0.0819420807673676,0.0017762520822935317,0.07884362324916507,0.0809009119737317,0.0816139909639518,0.08331267571206841,0.08475817536095318
cpi_constant_2018usd,logistic_regression,isotonic,id_test,unweighted,excess_aurc,10,0.06101155087241825,0.0013941064346454988,0.05903261236796628,0.06015899585931922,0.06085110462829392,0.06185847353393713,0.06374621423368802
cpi_constant_2018usd,logistic_regression,isotonic,ood_test,survey_weighted,prevalence,10,0.395810221024213,5.851389114294502e-17,0.3958102210242129,0.3958102210242129,0.3958102210242129,0.3958102210242129,0.3958102210242129
cpi_constant_2018usd,logistic_regression,isotonic,ood_test,survey_weighted,auroc,10,0.8742258496115485,0.00043672695537649424,0.8735901827539952,0.8739149089567794,0.8742101055575549,0.8746140226040479,0.8748064387116395
cpi_constant_2018usd,logistic_regression,isotonic,ood_test,survey_weighted,average_precision,10,0.7987287347834343,0.0013371174634170494,0.7968072024322488,0.7977759803627937,0.7985561363303588,0.7997258057971359,0.8011453018060348
cpi_constant_2018usd,logistic_regression,isotonic,ood_test,survey_weighted,pr_skill,10,0.6668740978078815,0.002213075278571764,0.6636937521316557,0.6652971852982795,0.6665884285379247,0.6685243591138439,0.6708737798725087
cpi_constant_2018usd,logistic_regression,isotonic,ood_test,survey_weighted,brier,10,0.14063040324726364,0.00025577462517608,0.14019517397690878,0.14041261109238734,0.1407035258737471,0.14083279088138473,0.14090176096781337
cpi_constant_2018usd,logistic_regression,isotonic,ood_test,survey_weighted,log_loss,10,0.43550805404940346,0.0013066843524894955,0.43348271490677126,0.4346072482768831,0.43541238548357547,0.4361233859345355,0.4378398191837426
cpi_constant_2018usd,logistic_regression,isotonic,ood_test,survey_weighted,ece,10,0.017121495588594632,0.0024280183022337195,0.013524034821211594,0.015140661228120867,0.01695629812625221,0.019126208299968105,0.020951380328569934
cpi_constant_2018usd,logistic_regression,isotonic,ood_test,survey_weighted,calibration_intercept,10,-0.0937653415276396,0.014001864096255676,-0.119359195479794,-0.09958074216159529,-0.09138013782255805,-0.0835689524113182,-0.07690290257003479
cpi_constant_2018usd,logistic_regression,isotonic,ood_test,survey_weighted,calibration_slope,10,0.9412319576792226,0.032371532727074895,0.8873227257638228,0.9266628576982875,0.9346421741917683,0.9613101645708682,1.0036937736604639
cpi_constant_2018usd,logistic_regression,isotonic,ood_test,survey_weighted,hcep_080,10,0.04481897724742292,0.004104190562800086,0.03870239906237532,0.04155923988285693,0.045774281162123474,0.04671881999724184,0.052196757648051414
cpi_constant_2018usd,logistic_regression,isotonic,ood_test,survey_weighted,hcep_090,10,0.017978733153932013,0.003141710957275328,0.014054117717958167,0.015944852035168926,0.017569022477011052,0.02061450225010168,0.022945873404914652
cpi_constant_2018usd,logistic_regression,isotonic,ood_test,survey_weighted,hcep_095,10,0.005369586687209923,0.002502621322679666,0.0032752848401298162,0.0038315118760332946,0.004542713547733876,0.005860216754439783,0.011859591854698181
cpi_constant_2018usd,logistic_regression,isotonic,ood_test,survey_weighted,aurc,10,0.08685408564033001,0.0005949678155887645,0.08586856847295495,0.08649310865979981,0.08674788993700086,0.08724521509254082,0.08799471232520467
cpi_constant_2018usd,logistic_regression,isotonic,ood_test,survey_weighted,excess_aurc,10,0.06492591175742106,0.0006430954938223166,0.0641207356610656,0.06464442682672274,0.06491199186964977,0.06507503197202369,0.06632430621150456
cpi_constant_2018usd,logistic_regression,isotonic,ood_test,unweighted,prevalence,10,0.41701333333333335,0.0,0.41701333333333335,0.41701333333333335,0.41701333333333335,0.41701333333333335,0.41701333333333335
cpi_constant_2018usd,logistic_regression,isotonic,ood_test,unweighted,auroc,10,0.8767885708972122,0.00047919974505304745,0.8762837611121087,0.8763381182289509,0.8766829101289,0.8771388904641748,0.8776091931619013
cpi_constant_2018usd,logistic_regression,isotonic,ood_test,unweighted,average_precision,10,0.814585363421898,0.0013901500525914832,0.8128597307563196,0.8136962000232707,0.8142770948240045,0.8153300493019466,0.8171807152267385
cpi_constant_2018usd,logistic_regression,isotonic,ood_test,unweighted,pr_skill,10,0.6819573290788206,0.002384531468858338,0.6789973425744206,0.6804321425703344,0.6814285543820404,0.6832346925634891,0.6864091492545373
cpi_constant_2018usd,logistic_regression,isotonic,ood_test,unweighted,brier,10,0.14065437493957525,0.00025546162503924607,0.14021407139631745,0.14042152544155773,0.14081652168692857,0.14083610538806002,0.14089373575702438
cpi_constant_2018usd,logistic_regression,isotonic,ood_test,unweighted,log_loss,10,0.43555507042158037,0.0013608854832055529,0.43321406706438825,0.43466356218292423,0.43556126772765325,0.4363640517915583,0.43767350135223404
cpi_constant_2018usd,logistic_regression,isotonic,ood_test,unweighted,ece,10,0.016155692749218166,0.0021170279349080204,0.012977630904189174,0.014667594907536803,0.015966270084898017,0.01730886057914378,0.020138530898036206
cpi_constant_2018usd,logistic_regression,isotonic,ood_test,unweighted,calibration_intercept,10,-0.08484673799549988,0.013007979730468959,-0.10577906286119435,-0.09425420874552073,-0.08213290985565913,-0.07596127557580012,-0.0692281223445341
cpi_constant_2018usd,logistic_regression,isotonic,ood_test,unweighted,calibration_slope,10,0.9498029639060453,0.03185983091371518,0.896481442316729,0.9350673354380201,0.9450066439691216,0.967269768545548,1.0093800926180523
cpi_constant_2018usd,logistic_regression,isotonic,ood_test,unweighted,hcep_080,10,0.044144,0.004195940660291964,0.03745333333333333,0.04106666666666667,0.04510666666666667,0.046079999999999996,0.05173333333333333
cpi_constant_2018usd,logistic_regression,isotonic,ood_test,unweighted,hcep_090,10,0.017176,0.0029377461756578955,0.0134,0.0154,0.016460000000000002,0.019513333333333334,0.021813333333333334
cpi_constant_2018usd,logistic_regression,isotonic,ood_test,unweighted,hcep_095,10,0.005149333333333334,0.002338502633716976,0.0033466666666666666,0.0037133333333333332,0.00434,0.005553333333333334,0.011253333333333334
cpi_constant_2018usd,logistic_regression,isotonic,ood_test,unweighted,aurc,10,0.08671787236327785,0.0006613085806264143,0.0856399502789021,0.08635691027823975,0.08661491281142535,0.08695107943536651,0.08809993503178287
cpi_constant_2018usd,logistic_regression,isotonic,ood_test,unweighted,excess_aurc,10,0.06460694936826378,0.0007147366843018742,0.06371846633865255,0.06437464472723134,0.06452964718563464,0.06465725068399072,0.06627715346993325
cpi_constant_2018usd,logistic_regression,platt,id_test,survey_weighted,prevalence,10,0.3844326127444545,0.0023012165427017802,0.38020031763050915,0.3830921364985438,0.38471791692260326,0.3858026797394271,0.3876497450597845
cpi_constant_2018usd,logistic_regression,platt,id_test,survey_weighted,auroc,10,0.8831883832913151,0.0034729683708649354,0.8782459426129786,0.8807256590200008,0.8829060064893014,0.8851309487992649,0.8886304558915097
cpi_constant_2018usd,logistic_regression,platt,id_test,survey_weighted,average_precision,10,0.8152001694907771,0.00567023781523546,0.8066751933490157,0.811481481815361,0.8147890004990426,0.8203080603232253,0.8219511823956966
cpi_constant_2018usd,logistic_regression,platt,id_test,survey_weighted,pr_skill,10,0.6997819281696429,0.009405843036778015,0.6867960573407764,0.6934504529104673,0.699286266034604,0.7075621025941753,0.712141049787222
cpi_constant_2018usd,logistic_regression,platt,id_test,survey_weighted,brier,10,0.13415944371105384,0.0020614527052400114,0.13111266307507796,0.13296411796238028,0.13430281155237278,0.13598979577159992,0.13661950836360148
cpi_constant_2018usd,logistic_regression,platt,id_test,survey_weighted,log_loss,10,0.4166031294879275,0.005700027579281266,0.4081081133584,0.4134604375215018,0.4170742049113556,0.42097767671621716,0.425369538867377
cpi_constant_2018usd,logistic_regression,platt,id_test,survey_weighted,ece,10,0.013442125824723008,0.0030991027030304193,0.009616096110426086,0.012205897106987768,0.012877350635740524,0.014510657001366735,0.020648404033412036
cpi_constant_2018usd,logistic_regression,platt,id_test,survey_weighted,calibration_intercept,10,-0.004198282753838598,0.018962863355320495,-0.03174082296206293,-0.021166639813836492,0.0006118554946607133,0.009573632762166913,0.02058219338764637
cpi_constant_2018usd,logistic_regression,platt,id_test,survey_weighted,calibration_slope,10,1.003794624849099,0.05386121932720991,0.917691502292104,0.9780361767972234,0.9938671361812166,1.0123480477243478,1.1147652872696443
cpi_constant_2018usd,logistic_regression,platt,id_test,survey_weighted,hcep_080,10,0.047427897784155806,0.004683356180470152,0.03851765117815708,0.04563496090532608,0.04811251433366913,0.05077999220095944,0.05345262012992919
cpi_constant_2018usd,logistic_regression,platt,id_test,survey_weighted,hcep_090,10,0.0160680578452299,0.0029094735812307715,0.010283421590792862,0.01581689382082133,0.016426608844925153,0.016560923815957834,0.021933156155265192
cpi_constant_2018usd,logistic_regression,platt,id_test,survey_weighted,hcep_095,10,0.00499578743759181,0.0012932653825495444,0.0032579646631313484,0.004292539821734066,0.005005804207738785,0.00541809949757629,0.007982421861523861
cpi_constant_2018usd,logistic_regression,platt,id_test,survey_weighted,aurc,10,0.07796411497097917,0.0028116277216392424,0.07387807965830874,0.07658671567873256,0.0779692619247405,0.08000876121733023,0.08243711780320123
cpi_constant_2018usd,logistic_regression,platt,id_test,survey_weighted,excess_aurc,10,0.058329582971580154,0.00208904894048621,0.05533465774262824,0.0573463467921317,0.058045856911173394,0.059811959908822675,0.06194476399599343
cpi_constant_2018usd,logistic_regression,platt,id_test,unweighted,prevalence,10,0.4119133333333333,0.0010140007548637222,0.4106666666666667,0.4109,0.41223333333333334,0.4126666666666667,0.4132
cpi_constant_2018usd,logistic_regression,platt,id_test,unweighted,auroc,10,0.8821321496131127,0.002163926514260956,0.8792297207592514,0.8803412823367507,0.8824660587574189,0.8831079578202733,0.8862976835519291
cpi_constant_2018usd,logistic_regression,platt,id_test,unweighted,average_precision,10,0.8272538032189821,0.004016568669952377,0.819791671553082,0.8245570980165401,0.828162554919305,0.8300906793664562,0.8326802232594858
cpi_constant_2018usd,logistic_regression,platt,id_test,unweighted,pr_skill,10,0.7062549382558475,0.006924181579745182,0.6931753772186413,0.7019066535882067,0.7078605646940066,0.7114465571867818,0.7151842202555931
cpi_constant_2018usd,logistic_regression,platt,id_test,unweighted,brier,10,0.13694016638187262,0.001237125905523665,0.1347020942880493,0.13638371158460078,0.13667716615399475,0.13794124005749053,0.13863817334063724
cpi_constant_2018usd,logistic_regression,platt,id_test,unweighted,log_loss,10,0.4239866710367678,0.0034649316699257087,0.4182957833942331,0.4219838260819452,0.42275480208321914,0.427166353692486,0.42887549656647633
cpi_constant_2018usd,logistic_regression,platt,id_test,unweighted,ece,10,0.01149638426321935,0.003010233730240043,0.008066719897602031,0.009365832120263286,0.011456363380228558,0.012213220092770692,0.01866122848283086
cpi_constant_2018usd,logistic_regression,platt,id_test,unweighted,calibration_intercept,10,-0.032573900726119556,0.015008274920131797,-0.05256487672254571,-0.044546117862868315,-0.031669691022509175,-0.02145746890112901,-0.007582646073532452
cpi_constant_2018usd,logistic_regression,platt,id_test,unweighted,calibration_slope,10,1.0091108897744783,0.04748260595726109,0.9363706700220822,0.9836444225652591,0.9986362677061387,1.0256605234271539,1.1107205988305844
cpi_constant_2018usd,logistic_regression,platt,id_test,unweighted,hcep_080,10,0.04565999999999999,0.003830540045089862,0.0378,0.04396666666666667,0.04633333333333334,0.04845,0.0508
cpi_constant_2018usd,logistic_regression,platt,id_test,unweighted,hcep_090,10,0.014906666666666669,0.0023175551187393714,0.010533333333333334,0.014100000000000001,0.015233333333333335,0.015733333333333335,0.0194
cpi_constant_2018usd,logistic_regression,platt,id_test,unweighted,hcep_095,10,0.0047933333333333335,0.0008649270289637727,0.0034666666666666665,0.0044,0.0048000000000000004,0.005166666666666667,0.006666666666666667
cpi_constant_2018usd,logistic_regression,platt,id_test,unweighted,aurc,10,0.08148052027000344,0.0018745439162830663,0.07819356793988122,0.08046545858284282,0.08089048342361438,0.08297083898781163,0.08428582574661173
cpi_constant_2018usd,logistic_regression,platt,id_test,unweighted,excess_aurc,10,0.06070604425073388,0.0014623509984722596,0.058196966837525774,0.059851927496257215,0.060597160156893703,0.0615215525277506,0.06317083797519074
cpi_constant_2018usd,logistic_regression,platt,ood_test,survey_weighted,prevalence,10,0.395810221024213,5.851389114294502e-17,0.3958102210242129,0.3958102210242129,0.3958102210242129,0.3958102210242129,0.3958102210242129
cpi_constant_2018usd,logistic_regression,platt,ood_test,survey_weighted,auroc,10,0.874670689850546,0.0003910406906892571,0.8741675860867679,0.8743408995072641,0.8747008869610324,0.8750339140661929,0.8751674565352235
cpi_constant_2018usd,logistic_regression,platt,ood_test,survey_weighted,average_precision,10,0.8073332179105673,0.0007187701529085808,0.8063969976410388,0.8068244293328022,0.8072161712116972,0.8079065104323224,0.8084638605933703
cpi_constant_2018usd,logistic_regression,platt,ood_test,survey_weighted,pr_skill,10,0.6811154561137424,0.0011896430193291873,0.6795659094280708,0.68027335550981,0.680921731057571,0.6820643177822183,0.6829867931044469
cpi_constant_2018usd,logistic_regression,platt,ood_test,survey_weighted,brier,10,0.14026553591163282,0.00020971800635088365,0.14001995048330343,0.14006586671595633,0.14025872903635336,0.14043770952425072,0.14055824992643529
cpi_constant_2018usd,logistic_regression,platt,ood_test,survey_weighted,log_loss,10,0.4335705514432462,0.0006384410204941152,0.43273915420597403,0.4331261479008549,0.4334800125805006,0.4341902750657085,0.4343640748397057
cpi_constant_2018usd,logistic_regression,platt,ood_test,survey_weighted,ece,10,0.013614352366603768,0.002170530774024812,0.010558049754427245,0.011566657550578101,0.014024153587521382,0.015342809941072705,0.016544887391389304
cpi_constant_2018usd,logistic_regression,platt,ood_test,survey_weighted,calibration_intercept,10,-0.09231126664948862,0.014984102097869233,-0.11788372489786045,-0.0992199470400923,-0.08957049690159223,-0.08121632745015736,-0.07146857640689598
cpi_constant_2018usd,logistic_regression,platt,ood_test,survey_weighted,calibration_slope,10,0.9623134494889862,0.03388539578632719,0.9088016125572355,0.9495639502426741,0.9543614073870916,0.9793505147859106,1.0294488254011942
cpi_constant_2018usd,logistic_regression,platt,ood_test,survey_weighted,hcep_080,10,0.04907452198233002,0.002814064335794358,0.043907396309840745,0.04741211112712884,0.04956956560715861,0.050010890109542495,0.053865157438351165
cpi_constant_2018usd,logistic_regression,platt,ood_test,survey_weighted,hcep_090,10,0.01779190088424939,0.0019139268295756992,0.013996103816377,0.016767767976401345,0.018263751451441552,0.018810382437891682,0.02050891444862475
cpi_constant_2018usd,logistic_regression,platt,ood_test,survey_weighted,hcep_095,10,0.005579849571453559,0.0009099569732333698,0.003827542174793635,0.005255728153858869,0.005614157792561043,0.005857341065352785,0.0072218555371330855
cpi_constant_2018usd,logistic_regression,platt,ood_test,survey_weighted,aurc,10,0.08636052296582258,0.00024747614182544733,0.08600620123652393,0.08619991660550298,0.08637160253096476,0.08656080928270048,0.0867038119344338
cpi_constant_2018usd,logistic_regression,platt,ood_test,survey_weighted,excess_aurc,10,0.06445564277038848,0.00019531985409746366,0.06416710967678443,0.06435369973513763,0.06443635007616469,0.06461276828903062,0.06474755426131991
cpi_constant_2018usd,logistic_regression,platt,ood_test,unweighted,prevalence,10,0.41701333333333335,0.0,0.41701333333333335,0.41701333333333335,0.41701333333333335,0.41701333333333335,0.41701333333333335
cpi_constant_2018usd,logistic_regression,platt,ood_test,unweighted,auroc,10,0.8772492686688462,0.00043449406436984247,0.8767195957349178,0.8768955662426506,0.8771467693722843,0.8776065887968512,0.8779556859612205
cpi_constant_2018usd,logistic_regression,platt,ood_test,unweighted,average_precision,10,0.8227264688433322,0.0006742652616605127,0.8219829916320068,0.822187889493895,0.8224554914545528,0.8233475211127799,0.8237280646178576
cpi_constant_2018usd,logistic_regression,platt,ood_test,unweighted,pr_skill,10,0.6959218086920209,0.0011565706391121352,0.6946465184429721,0.6949979807895463,0.6954569997962552,0.6969871028144381,0.6976398510277954
cpi_constant_2018usd,logistic_regression,platt,ood_test,unweighted,brier,10,0.14025804303601103,0.0002520902231671641,0.13986212511497637,0.14005117371173068,0.1403131828556759,0.14048877754523,0.14050813031117754
cpi_constant_2018usd,logistic_regression,platt,ood_test,unweighted,log_loss,10,0.43329091379149115,0.0007008557680033257,0.4324167322213385,0.4326086248505979,0.43331206770037856,0.4338075049330354,0.43428846199202664
cpi_constant_2018usd,logistic_regression,platt,ood_test,unweighted,ece,10,0.013036932135072555,0.0020885777961602843,0.009855560388891405,0.011127907413850089,0.013582709825595222,0.014511796871148801,0.01566424071980505
cpi_constant_2018usd,logistic_regression,platt,ood_test,unweighted,calibration_intercept,10,-0.08440297891477586,0.013913997517391297,-0.10566715358004747,-0.09309018763519901,-0.08184385208045714,-0.07445328513026661,-0.06457500206652508
cpi_constant_2018usd,logistic_regression,platt,ood_test,unweighted,calibration_slope,10,0.9705096213592382,0.03419611523984619,0.9155387882342148,0.9579854965499833,0.9628908741577522,0.9880889549496727,1.0373000272131983
cpi_constant_2018usd,logistic_regression,platt,ood_test,unweighted,hcep_080,10,0.04834133333333333,0.0028988627825578027,0.04305333333333333,0.04639,0.04885333333333333,0.049319999999999996,0.05324
cpi_constant_2018usd,logistic_regression,platt,ood_test,unweighted,hcep_090,10,0.017022666666666665,0.0017803764340480306,0.013533333333333333,0.01619,0.017346666666666666,0.017843333333333333,0.019786666666666668
cpi_constant_2018usd,logistic_regression,platt,ood_test,unweighted,hcep_095,10,0.005426666666666667,0.000807079784022483,0.004066666666666666,0.005050000000000001,0.005553333333333334,0.0056500000000000005,0.00692
cpi_constant_2018usd,logistic_regression,platt,ood_test,unweighted,aurc,10,0.08612856521017194,0.00026777892566071104,0.08574108482414072,0.08587200313095994,0.08619231742538844,0.08637445030966692,0.08643635246071728
cpi_constant_2018usd,logistic_regression,platt,ood_test,unweighted,excess_aurc,10,0.06404995700136895,0.00015920709910420108,0.06380306758704328,0.06392775340085054,0.06406043919948975,0.06417033189612845,0.06430267402623971
cpi_constant_2018usd,logistic_regression,raw,id_test,survey_weighted,prevalence,10,0.3844326127444545,0.0023012165427017802,0.38020031763050915,0.3830921364985438,0.38471791692260326,0.3858026797394271,0.3876497450597845
cpi_constant_2018usd,logistic_regression,raw,id_test,survey_weighted,auroc,10,0.8831883832913151,0.0034729683708649354,0.8782459426129786,0.8807256590200008,0.8829060064893014,0.8851309487992649,0.8886304558915097
cpi_constant_2018usd,logistic_regression,raw,id_test,survey_weighted,average_precision,10,0.8152001694907771,0.00567023781523546,0.8066751933490157,0.811481481815361,0.8147890004990426,0.8203080603232253,0.8219511823956966
cpi_constant_2018usd,logistic_regression,raw,id_test,survey_weighted,pr_skill,10,0.6997819281696429,0.009405843036778015,0.6867960573407764,0.6934504529104673,0.699286266034604,0.7075621025941753,0.712141049787222
cpi_constant_2018usd,logistic_regression,raw,id_test,survey_weighted,brier,10,0.13412451188269933,0.0021335462571393992,0.13088139493556458,0.1329755934490722,0.13428770645609844,0.1360397638208023,0.13655109174467203
cpi_constant_2018usd,logistic_regression,raw,id_test,survey_weighted,log_loss,10,0.416439328034315,0.0059804341751341986,0.40745847890403675,0.41350611101387236,0.4172576837434143,0.4211630399821813,0.4247465229719108
cpi_constant_2018usd,logistic_regression,raw,id_test,survey_weighted,ece,10,0.012336762358710405,0.0020064477217934793,0.009251313794935438,0.010818531682772504,0.012926852328929149,0.013566301478821628,0.01535218453879626
cpi_constant_2018usd,logistic_regression,raw,id_test,survey_weighted,calibration_intercept,10,-0.0009848870140365244,0.023860887357424924,-0.038721565836745186,-0.020603998641561806,0.0024102461274915603,0.01598434244075117,0.03249617304591994
cpi_constant_2018usd,logistic_regression,raw,id_test,survey_weighted,calibration_slope,10,0.9743745728754961,0.020687554086810455,0.9474698337462631,0.9550853252504798,0.9744178538757189,0.9912087965345742,1.0040682806520256
cpi_constant_2018usd,logistic_regression,raw,id_test,survey_weighted,hcep_080,10,0.04974647725848019,0.00234128368765613,0.045995946777675656,0.04860093973842641,0.05046523744920582,0.05132651455324008,0.05278075898155073
cpi_constant_2018usd,logistic_regression,raw,id_test,survey_weighted,hcep_090,10,0.017430737901203867,0.0010407054664498328,0.01615365645666223,0.016629635479920624,0.017437877501932826,0.01784815610806387,0.019584093616257896
cpi_constant_2018usd,logistic_regression,raw,id_test,survey_weighted,hcep_095,10,0.005641865986720762,0.00045882298281850513,0.0050560452208963085,0.00542745048235045,0.005521356836274915,0.005759644184129815,0.006496907254730561
cpi_constant_2018usd,logistic_regression,raw,id_test,survey_weighted,aurc,10,0.07797055876832053,0.0028206786472208117,0.07387196379765246,0.0765954649202924,0.07795065451902566,0.08003850473062707,0.08246585055307439
cpi_constant_2018usd,logistic_regression,raw,id_test,survey_weighted,excess_aurc,10,0.05836805626159656,0.0021121585550719292,0.05541687656374817,0.057279320631629514,0.058119452367560734,0.059859313046018096,0.062026536628037074
cpi_constant_2018usd,logistic_regression,raw,id_test,unweighted,prevalence,10,0.4119133333333333,0.0010140007548637222,0.4106666666666667,0.4109,0.41223333333333334,0.4126666666666667,0.4132
cpi_constant_2018usd,logistic_regression,raw,id_test,unweighted,auroc,10,0.8821321496131127,0.002163926514260956,0.8792297207592514,0.8803412823367507,0.8824660587574189,0.8831079578202733,0.8862976835519291
cpi_constant_2018usd,logistic_regression,raw,id_test,unweighted,average_precision,10,0.8272538032189821,0.004016568669952377,0.819791671553082,0.8245570980165401,0.828162554919305,0.8300906793664562,0.8326802232594858
cpi_constant_2018usd,logistic_regression,raw,id_test,unweighted,pr_skill,10,0.7062549382558475,0.006924181579745182,0.6931753772186413,0.7019066535882067,0.7078605646940066,0.7114465571867818,0.7151842202555931
cpi_constant_2018usd,logistic_regression,raw,id_test,unweighted,brier,10,0.13688130804971219,0.001311043531779103,0.1343783757340399,0.1363627710607708,0.1366806477305067,0.1379341802894259,0.13863714894685863
cpi_constant_2018usd,logistic_regression,raw,id_test,unweighted,log_loss,10,0.4238012971786763,0.0037548918697109996,0.4169380628889423,0.4218242102224267,0.4227893115767395,0.4272253575610041,0.4287027605208224
cpi_constant_2018usd,logistic_regression,raw,id_test,unweighted,ece,10,0.009831613567312542,0.0012146580530594208,0.008236419168800461,0.00895805279990506,0.009529595853315679,0.01075491106562888,0.011961858734524683
cpi_constant_2018usd,logistic_regression,raw,id_test,unweighted,calibration_intercept,10,-0.029429460318851818,0.014733560043510138,-0.05195946076555521,-0.03940936712695144,-0.026804846588393556,-0.021321051768816573,-0.0008126943846810581
cpi_constant_2018usd,logistic_regression,raw,id_test,unweighted,calibration_slope,10,0.979740707200904,0.015847809378151445,0.9526791149540491,0.9754535592439358,0.982917885332012,0.9898176338660599,1.0004252391669635
cpi_constant_2018usd,logistic_regression,raw,id_test,unweighted,hcep_080,10,0.04802,0.0016366330991503782,0.04493333333333333,0.047516666666666665,0.04796666666666667,0.0491,0.0502
cpi_constant_2018usd,logistic_regression,raw,id_test,unweighted,hcep_090,10,0.016246666666666666,0.001039966761102263,0.015,0.015516666666666668,0.016166666666666666,0.01685,0.018333333333333333
cpi_constant_2018usd,logistic_regression,raw,id_test,unweighted,hcep_095,10,0.005266666666666668,0.0004499657051403686,0.0044666666666666665,0.004983333333333333,0.005366666666666667,0.005600000000000001,0.0058
cpi_constant_2018usd,logistic_regression,raw,id_test,unweighted,aurc,10,0.08147442443550092,0.0018821043279354554,0.07818819676685673,0.0804140424674759,0.08091093708342013,0.0829139086022634,0.08429965122888364
cpi_constant_2018usd,logistic_regression,raw,id_test,unweighted,excess_aurc,10,0.06072822672662764,0.0015067157174000125,0.05824879945869525,0.05987060902418513,0.06053877167881065,0.06164707052703906,0.06325828162838433
cpi_constant_2018usd,logistic_regression,raw,ood_test,survey_weighted,prevalence,10,0.395810221024213,5.851389114294502e-17,0.3958102210242129,0.3958102210242129,0.3958102210242129,0.3958102210242129,0.3958102210242129
cpi_constant_2018usd,logistic_regression,raw,ood_test,survey_weighted,auroc,10,0.874670689850546,0.0003910406906892571,0.8741675860867679,0.8743408995072641,0.8747008869610324,0.8750339140661929,0.8751674565352235
cpi_constant_2018usd,logistic_regression,raw,ood_test,survey_weighted,average_precision,10,0.8073332179105673,0.0007187701529085808,0.8063969976410388,0.8068244293328022,0.8072161712116972,0.8079065104323224,0.8084638605933703
cpi_constant_2018usd,logistic_regression,raw,ood_test,survey_weighted,pr_skill,10,0.6811154561137424,0.0011896430193291873,0.6795659094280708,0.68027335550981,0.680921731057571,0.6820643177822183,0.6829867931044469
cpi_constant_2018usd,logistic_regression,raw,ood_test,survey_weighted,brier,10,0.14026540607971416,0.00023371339416931782,0.1399272584393637,0.1400657930909918,0.1402549811038959,0.14046793159835655,0.14057280954783566
cpi_constant_2018usd,logistic_regression,raw,ood_test,survey_weighted,log_loss,10,0.43373760481636986,0.0005706418998826827,0.432846634865295,0.43325831157433775,0.4337594272325739,0.43418817579469093,0.43454756607440914
cpi_constant_2018usd,logistic_regression,raw,ood_test,survey_weighted,ece,10,0.013850429087885353,0.0007468314720202017,0.012378971858305434,0.013420735012858835,0.013787377614230918,0.014556590332923135,0.014653651613714864
cpi_constant_2018usd,logistic_regression,raw,ood_test,survey_weighted,calibration_intercept,10,-0.08929882184060903,0.008975713638418042,-0.1071024975631479,-0.09140121215814911,-0.08729072576345387,-0.08425493880049069,-0.07826305755952359
cpi_constant_2018usd,logistic_regression,raw,ood_test,survey_weighted,calibration_slope,10,0.9346142615594124,0.00707213261658957,0.9272238070651075,0.9292027922248481,0.9330148427479066,0.9382011027938029,0.9459465807245163
cpi_constant_2018usd,logistic_regression,raw,ood_test,survey_weighted,hcep_080,10,0.051487950300090665,0.0007306364518211505,0.05043295999803953,0.05090097839694837,0.05160073982728111,0.05196373305953439,0.05263098670018803
cpi_constant_2018usd,logistic_regression,raw,ood_test,survey_weighted,hcep_090,10,0.019234296518303197,0.0003056285154311169,0.01855657161847408,0.019094387992722756,0.019322505155297837,0.019412464211736737,0.019616950711814317
cpi_constant_2018usd,logistic_regression,raw,ood_test,survey_weighted,hcep_095,10,0.00643251639174037,0.00046385927596493467,0.005800890038275421,0.006224554058766332,0.006336393358258472,0.006734113661986253,0.007239359731575678
cpi_constant_2018usd,logistic_regression,raw,ood_test,survey_weighted,aurc,10,0.08633440033773888,0.0002746174652181524,0.08596405089971199,0.08605788891394531,0.08640874647380811,0.08654600644169351,0.08669281248689488
cpi_constant_2018usd,logistic_regression,raw,ood_test,survey_weighted,excess_aurc,10,0.06442972918393239,0.000248722619563435,0.06394093312540267,0.06427598998552292,0.06449477490772351,0.06459562778199311,0.06471236505748608
cpi_constant_2018usd,logistic_regression,raw,ood_test,unweighted,prevalence,10,0.41701333333333335,0.0,0.41701333333333335,0.41701333333333335,0.41701333333333335,0.41701333333333335,0.41701333333333335
cpi_constant_2018usd,logistic_regression,raw,ood_test,unweighted,auroc,10,0.8772492686688462,0.00043449406436984247,0.8767195957349178,0.8768955662426506,0.8771467693722843,0.8776065887968512,0.8779556859612205
cpi_constant_2018usd,logistic_regression,raw,ood_test,unweighted,average_precision,10,0.8227264688433322,0.0006742652616605127,0.8219829916320068,0.822187889493895,0.8224554914545528,0.8233475211127799,0.8237280646178576
cpi_constant_2018usd,logistic_regression,raw,ood_test,unweighted,pr_skill,10,0.6959218086920209,0.0011565706391121352,0.6946465184429721,0.6949979807895463,0.6954569997962552,0.6969871028144381,0.6976398510277954
cpi_constant_2018usd,logistic_regression,raw,ood_test,unweighted,brier,10,0.14025301441174345,0.00028478899900675797,0.1397564096244446,0.1400323526423415,0.14032839837565575,0.1404749271169177,0.14057824032197458
cpi_constant_2018usd,logistic_regression,raw,ood_test,unweighted,log_loss,10,0.43342494278630384,0.0006490581107674985,0.4322457609904607,0.4329237550913747,0.43365047689843,0.4339233066813334,0.4342131048984351
cpi_constant_2018usd,logistic_regression,raw,ood_test,unweighted,ece,10,0.01316738245798601,0.000607375321342169,0.0120866725915568,0.012789287824895761,0.013184500289920478,0.013557454664390269,0.014130594797544298
cpi_constant_2018usd,logistic_regression,raw,ood_test,unweighted,calibration_intercept,10,-0.08136380205828626,0.008910255407055067,-0.09761112323441583,-0.0829968053523112,-0.08185600636716814,-0.07485332717732644,-0.06983545755750695
cpi_constant_2018usd,logistic_regression,raw,ood_test,unweighted,calibration_slope,10,0.9425742658365813,0.007312043274311494,0.9342953819178964,0.9371031681123005,0.9416491118980407,0.9456253529587251,0.9551795447074359
cpi_constant_2018usd,logistic_regression,raw,ood_test,unweighted,hcep_080,10,0.050692,0.0007270831290459234,0.04972,0.05011666666666667,0.0507,0.051223333333333336,0.051666666666666666
cpi_constant_2018usd,logistic_regression,raw,ood_test,unweighted,hcep_090,10,0.01850533333333333,0.000351951175064993,0.018026666666666667,0.018216666666666666,0.018466666666666666,0.018783333333333332,0.019066666666666666
cpi_constant_2018usd,logistic_regression,raw,ood_test,unweighted,hcep_095,10,0.006173333333333334,0.00034501028791245064,0.005546666666666667,0.006006666666666667,0.0061600000000000005,0.006386666666666667,0.006706666666666666
cpi_constant_2018usd,logistic_regression,raw,ood_test,unweighted,aurc,10,0.08610640192971146,0.00029875384271832006,0.08567995641697931,0.0858172363204224,0.08623165978042491,0.08633046342530301,0.08644387149269886
cpi_constant_2018usd,logistic_regression,raw,ood_test,unweighted,excess_aurc,10,0.0640326893551433,0.00020009930422693422,0.0636587188522939,0.06388960419303086,0.06409069637006326,0.06416949723157427,0.06428062439957617
survey_year_adjusted_50000,lightgbm,isotonic,id_test,survey_weighted,prevalence,10,0.3844326127444545,0.0023012165427017802,0.38020031763050915,0.3830921364985438,0.38471791692260326,0.3858026797394271,0.3876497450597845
survey_year_adjusted_50000,lightgbm,isotonic,id_test,survey_weighted,auroc,10,0.8871450277673902,0.0021795625435039176,0.8847399645805529,0.8855120505494589,0.8865883635523453,0.8885048488458658,0.8906927156460417
survey_year_adjusted_50000,lightgbm,isotonic,id_test,survey_weighted,average_precision,10,0.8178743775336749,0.003517778591484437,0.8110917417481606,0.8171815258167414,0.8178421942631691,0.8190917182617704,0.8250028583406508
survey_year_adjusted_50000,lightgbm,isotonic,id_test,survey_weighted,pr_skill,10,0.7041292674559496,0.005860180060781416,0.6931296869574707,0.7016079477192284,0.7041285237450258,0.7061300437765178,0.7158604944563964
survey_year_adjusted_50000,lightgbm,isotonic,id_test,survey_weighted,brier,10,0.13219262382145677,0.001404409833892101,0.12988131553721183,0.13151479528949758,0.13232452052003152,0.13313286749739836,0.13418927947909473
survey_year_adjusted_50000,lightgbm,isotonic,id_test,survey_weighted,log_loss,10,0.41017662105267877,0.004093246822380366,0.40283361831151676,0.4083846378893962,0.41101824208396076,0.4132074652138872,0.415453185280746
survey_year_adjusted_50000,lightgbm,isotonic,id_test,survey_weighted,ece,10,0.015205216165939079,0.0019228738775584635,0.012019924326532854,0.014309926881974891,0.0154606605090057,0.015842316912385922,0.01833581469898221
survey_year_adjusted_50000,lightgbm,isotonic,id_test,survey_weighted,calibration_intercept,10,-0.012107530445791301,0.02136245137381827,-0.044793636721215745,-0.0287637301161262,-0.009978563208954334,0.0031282396724010755,0.02266638032628903
survey_year_adjusted_50000,lightgbm,isotonic,id_test,survey_weighted,calibration_slope,10,0.9836177960414432,0.0398728873506323,0.9190215798151199,0.9629896985497489,0.978482810847473,0.9999815910377776,1.0705167580631647
survey_year_adjusted_50000,lightgbm,isotonic,id_test,survey_weighted,hcep_080,10,0.04577424845489477,0.004131393051037855,0.04065412155274975,0.042420912503349534,0.04491113384824855,0.04949075730771998,0.05215150659838103
survey_year_adjusted_50000,lightgbm,isotonic,id_test,survey_weighted,hcep_090,10,0.014033916322439244,0.0037691465446920047,0.008187581456960292,0.011659726865716204,0.013556996619469127,0.017119771491978533,0.019795477882117832
survey_year_adjusted_50000,lightgbm,isotonic,id_test,survey_weighted,hcep_095,10,0.004825769381713148,0.001625877187365233,0.002799739195465936,0.0035393726482542127,0.004452601194605981,0.006011010850119454,0.00746932889572734
survey_year_adjusted_50000,lightgbm,isotonic,id_test,survey_weighted,aurc,10,0.07377029687208628,0.0016260518594895929,0.07062479132467457,0.07323529260471222,0.07406202331794848,0.07504836774984273,0.07550827682792573
survey_year_adjusted_50000,lightgbm,isotonic,id_test,survey_weighted,excess_aurc,10,0.054366858427865275,0.0013103178472934907,0.05221405739761968,0.053768734743482566,0.054163372288841605,0.05551975669954813,0.05615336666749242
survey_year_adjusted_50000,lightgbm,isotonic,id_test,unweighted,prevalence,10,0.4119133333333333,0.0010140007548637222,0.4106666666666667,0.4109,0.41223333333333334,0.4126666666666667,0.4132
survey_year_adjusted_50000,lightgbm,isotonic,id_test,unweighted,auroc,10,0.8865238770954473,0.0013173292403952294,0.8849923728958313,0.8854581246364651,0.8864564062697289,0.8872243220933478,0.889071261906767
survey_year_adjusted_50000,lightgbm,isotonic,id_test,unweighted,average_precision,10,0.8308704884320803,0.002685366762365129,0.8270844395835273,0.829168656418636,0.8306099517872443,0.8324031448012724,0.8362049463426909
survey_year_adjusted_50000,lightgbm,isotonic,id_test,unweighted,pr_skill,10,0.7124071748062321,0.004540058416008958,0.706591243637207,0.7089756926764321,0.712182654248364,0.7154623604773455,0.7211840893259606
survey_year_adjusted_50000,lightgbm,isotonic,id_test,unweighted,brier,10,0.13469724494515273,0.0009831293102994028,0.13302599882279453,0.1340274920122157,0.13475871901365458,0.13534421615406014,0.1362713896253482
survey_year_adjusted_50000,lightgbm,isotonic,id_test,unweighted,log_loss,10,0.4176024380763413,0.0031459426617095284,0.41139544753948065,0.4154143125161809,0.418085278895512,0.4200452573495418,0.42097989357932786
survey_year_adjusted_50000,lightgbm,isotonic,id_test,unweighted,ece,10,0.014137882995699324,0.0024228061818554686,0.010808308222229616,0.011872263623769362,0.014815213241442218,0.015366751218190613,0.01737671053354715
survey_year_adjusted_50000,lightgbm,isotonic,id_test,unweighted,calibration_intercept,10,-0.02932033290076278,0.022218512759363634,-0.05631893605745338,-0.04924721428577758,-0.031530923490838816,-0.00935610469704192,0.004871340048864218
survey_year_adjusted_50000,lightgbm,isotonic,id_test,unweighted,calibration_slope,10,0.9838296681820917,0.03305571294347665,0.9411650911328302,0.966335058319687,0.976527360187643,0.9910178668049467,1.0643137174742932
survey_year_adjusted_50000,lightgbm,isotonic,id_test,unweighted,hcep_080,10,0.04464666666666667,0.004894446336233711,0.03866666666666667,0.041183333333333336,0.042866666666666664,0.04936666666666667,0.0518
survey_year_adjusted_50000,lightgbm,isotonic,id_test,unweighted,hcep_090,10,0.013319999999999999,0.0032897596444905392,0.008133333333333333,0.011033333333333332,0.013066666666666667,0.015916666666666666,0.018266666666666667
survey_year_adjusted_50000,lightgbm,isotonic,id_test,unweighted,hcep_095,10,0.004673333333333333,0.0010613059739633857,0.003533333333333333,0.0037833333333333334,0.004266666666666667,0.005666666666666667,0.0062
survey_year_adjusted_50000,lightgbm,isotonic,id_test,unweighted,aurc,10,0.0767878432806277,0.0011874395769628638,0.07437874597291196,0.07607151009644122,0.07718159375121844,0.07767414527512459,0.07803636172871362
survey_year_adjusted_50000,lightgbm,isotonic,id_test,unweighted,excess_aurc,10,0.056279237194754826,0.0009877637016816776,0.05482317109108697,0.05546777726578028,0.056366469075410944,0.0570375593444056,0.057694685906790846
survey_year_adjusted_50000,lightgbm,isotonic,ood_test,survey_weighted,prevalence,10,0.5095089660859984,0.0,0.5095089660859984,0.5095089660859984,0.5095089660859984,0.5095089660859984,0.5095089660859984
survey_year_adjusted_50000,lightgbm,isotonic,ood_test,survey_weighted,auroc,10,0.876516625871622,0.0003666008484863112,0.8757465215115441,0.8763188239375208,0.8765690230850092,0.8768086924155305,0.8769370363511019
survey_year_adjusted_50000,lightgbm,isotonic,ood_test,survey_weighted,average_precision,10,0.8663773488358839,0.0006576106470046122,0.8656326830113992,0.8658684220586892,0.866254892152903,0.866671179898206,0.8677765945556961
survey_year_adjusted_50000,lightgbm,isotonic,ood_test,survey_weighted,pr_skill,10,0.727573713024193,0.0013407189969550446,0.7260555082599948,0.7265361267239224,0.7273240516144751,0.7281727679344884,0.7304264577698952
survey_year_adjusted_50000,lightgbm,isotonic,ood_test,survey_weighted,brier,10,0.15670278221702286,0.0011376811756544905,0.15454764740814272,0.15587358779910374,0.15698225179389458,0.1574247261169246,0.15804825773837103
survey_year_adjusted_50000,lightgbm,isotonic,ood_test,survey_weighted,log_loss,10,0.4819199244701359,0.003003357143686675,0.4769305200111634,0.4798245051775743,0.48214767944757336,0.48437100439674596,0.4859870936061405
survey_year_adjusted_50000,lightgbm,isotonic,ood_test,survey_weighted,ece,10,0.10358722322997442,0.002938063044308373,0.09741782217091517,0.10184352766616986,0.10454552448116797,0.10566717177479207,0.10681624231730313
survey_year_adjusted_50000,lightgbm,isotonic,ood_test,survey_weighted,calibration_intercept,10,0.6978664131678356,0.017674126484670254,0.6610302969149426,0.6871807298441045,0.7032632067787121,0.7081150622013819,0.7198036068633348
survey_year_adjusted_50000,lightgbm,isotonic,ood_test,survey_weighted,calibration_slope,10,0.8913058970072788,0.02796999056285799,0.8399093325939241,0.8798211877926603,0.892519873862722,0.9034684361145355,0.9457946474729091
survey_year_adjusted_50000,lightgbm,isotonic,ood_test,survey_weighted,hcep_080,10,0.06586078188986036,0.004785553369045366,0.05540715193878333,0.06387502480281837,0.06687721295215365,0.06915432110419459,0.07151701226406378
survey_year_adjusted_50000,lightgbm,isotonic,ood_test,survey_weighted,hcep_090,10,0.025076909054332148,0.004799635507305262,0.019109329072979114,0.020257072851081942,0.0269050096129285,0.028586850123960953,0.030857644263006523
survey_year_adjusted_50000,lightgbm,isotonic,ood_test,survey_weighted,hcep_095,10,0.011140169463107596,0.0027663079514857088,0.007522677621625082,0.008597153842989626,0.011649353976446605,0.013153714458827195,0.015564729698353968
survey_year_adjusted_50000,lightgbm,isotonic,ood_test,survey_weighted,aurc,10,0.10733888133372085,0.0006540960894060858,0.10614377978088713,0.10696759075196224,0.1073555679833614,0.10754508820041471,0.10851193318197894
survey_year_adjusted_50000,lightgbm,isotonic,ood_test,survey_weighted,excess_aurc,10,0.07914230057227042,0.0021875146762325476,0.07520485828623583,0.07804213699593526,0.07931923288353668,0.08025057141962381,0.08234870860955565
survey_year_adjusted_50000,lightgbm,isotonic,ood_test,unweighted,prevalence,10,0.5263600000000002,1.1702778228589004e-16,0.52636,0.52636,0.52636,0.52636,0.52636
survey_year_adjusted_50000,lightgbm,isotonic,ood_test,unweighted,auroc,10,0.8809183371144845,0.0002618397870682566,0.8803684616269899,0.8807719311183373,0.8809696482975935,0.8811309536962271,0.8812086817334093
survey_year_adjusted_50000,lightgbm,isotonic,ood_test,unweighted,average_precision,10,0.8770156237869067,0.0004650844331589202,0.8765105167647036,0.8766514232447603,0.8769205881207324,0.8772614312774295,0.877913808323533
survey_year_adjusted_50000,lightgbm,isotonic,ood_test,unweighted,pr_skill,10,0.7403420821444697,0.0009819365618590702,0.7392756455635157,0.7395731425655778,0.7401414325663633,0.7408610575066074,0.742238426491709
survey_year_adjusted_50000,lightgbm,isotonic,ood_test,unweighted,brier,10,0.15307260781907175,0.0010173965134657136,0.15123781766492653,0.15238752800192576,0.15327093967005026,0.15361006761598844,0.15433879856247198
survey_year_adjusted_50000,lightgbm,isotonic,ood_test,unweighted,log_loss,10,0.4707525932086415,0.0024060535326575704,0.46718782565050854,0.4686779186747463,0.4708668352855368,0.4727130367110721,0.4737695257764109
survey_year_adjusted_50000,lightgbm,isotonic,ood_test,unweighted,ece,10,0.10071168475495533,0.0028355159061048503,0.09524618860476715,0.09953676248299065,0.10124220042894785,0.10287705359836417,0.10383916534145393
survey_year_adjusted_50000,lightgbm,isotonic,ood_test,unweighted,calibration_intercept,10,0.6970482618253759,0.01760187009633908,0.6632250093587555,0.6884315707639757,0.7032788868974484,0.7074500207269561,0.7193563927650113
survey_year_adjusted_50000,lightgbm,isotonic,ood_test,unweighted,calibration_slope,10,0.9065009431592687,0.027748358201742825,0.8564209336482246,0.8942278001993638,0.9073728160388237,0.9186690339128385,0.9596260277338529
survey_year_adjusted_50000,lightgbm,isotonic,ood_test,unweighted,hcep_080,10,0.06169333333333332,0.0046612497661803155,0.051706666666666665,0.05969,0.06231333333333333,0.06462666666666667,0.06733333333333333
survey_year_adjusted_50000,lightgbm,isotonic,ood_test,unweighted,hcep_090,10,0.02220133333333333,0.004424811972011276,0.01684,0.01751,0.023746666666666666,0.025083333333333332,0.027973333333333333
survey_year_adjusted_50000,lightgbm,isotonic,ood_test,unweighted,hcep_095,10,0.009490666666666668,0.0022713137548210963,0.0064533333333333335,0.00757,0.00986,0.011026666666666667,0.013253333333333334
survey_year_adjusted_50000,lightgbm,isotonic,ood_test,unweighted,aurc,10,0.10205647620695599,0.0005513654866731837,0.1013027648744464,0.10178659349829774,0.10194587035303959,0.10231333735063078,0.10301514732423694
survey_year_adjusted_50000,lightgbm,isotonic,ood_test,unweighted,excess_aurc,10,0.07508425820385212,0.0021524269110975683,0.07107789346198772,0.07406248193191643,0.0751316787665377,0.07629542570165374,0.07828957909622847
survey_year_adjusted_50000,lightgbm,platt,id_test,survey_weighted,prevalence,10,0.3844326127444545,0.0023012165427017802,0.38020031763050915,0.3830921364985438,0.38471791692260326,0.3858026797394271,0.3876497450597845
survey_year_adjusted_50000,lightgbm,platt,id_test,survey_weighted,auroc,10,0.8875499274545909,0.0022432184241231823,0.8851362594308623,0.8859502867766142,0.887065056131601,0.8888106672584974,0.8912831448679799
survey_year_adjusted_50000,lightgbm,platt,id_test,survey_weighted,average_precision,10,0.8267373932165285,0.003946089649593173,0.8201860198220782,0.8260275632140051,0.8269762897752764,0.8276695609035407,0.8350191781531349
survey_year_adjusted_50000,lightgbm,platt,id_test,survey_weighted,pr_skill,10,0.7185289861980518,0.006460514699795727,0.7079028047939522,0.7160840766146808,0.7188417377789018,0.7207301053552815,0.7321238009990023
survey_year_adjusted_50000,lightgbm,platt,id_test,survey_weighted,brier,10,0.13190870377140626,0.0014075595216741141,0.12974017968774182,0.13106002787616372,0.1320596322921602,0.1331200337435874,0.13356443912652316
survey_year_adjusted_50000,lightgbm,platt,id_test,survey_weighted,log_loss,10,0.40814689002561755,0.0037532037693749102,0.4019865242670099,0.4064276253842325,0.408543265661732,0.4112298240769231,0.4123262377048079
survey_year_adjusted_50000,lightgbm,platt,id_test,survey_weighted,ece,10,0.013180624970620336,0.0012320547628368662,0.012117952003965555,0.012205469578393427,0.012598602659270354,0.014104668340795826,0.0153322826916563
survey_year_adjusted_50000,lightgbm,platt,id_test,survey_weighted,calibration_intercept,10,-0.007651954304179901,0.02209662359450187,-0.041336538625536115,-0.026525230574629133,-0.0020185008479632,0.0034320873797885334,0.027962138646671544
survey_year_adjusted_50000,lightgbm,platt,id_test,survey_weighted,calibration_slope,10,1.0101731645677907,0.03807090588781822,0.9434357807106316,0.9901964764892672,1.0073873571627048,1.0270740589832692,1.0877670128739088
survey_year_adjusted_50000,lightgbm,platt,id_test,survey_weighted,hcep_080,10,0.04812094856687195,0.0031292990022264073,0.0419538250023688,0.04704454402045153,0.04816929819038554,0.05070429437698302,0.05205038748425233
survey_year_adjusted_50000,lightgbm,platt,id_test,survey_weighted,hcep_090,10,0.013805421138828091,0.002399819637476156,0.008981992717269283,0.012707827695085444,0.014114655227245459,0.015339511813884335,0.017510395150581493
survey_year_adjusted_50000,lightgbm,platt,id_test,survey_weighted,hcep_095,10,0.003526603248431165,0.0009788626846471348,0.0023495108653842516,0.0029792086233362725,0.003465547650160271,0.003697301704672793,0.005659703949122253
survey_year_adjusted_50000,lightgbm,platt,id_test,survey_weighted,aurc,10,0.0732896410397145,0.0017915721381962493,0.07033309405826085,0.07279529807557125,0.07355644308309264,0.0747169646986988,0.07529359251498294
survey_year_adjusted_50000,lightgbm,platt,id_test,survey_weighted,excess_aurc,10,0.05402460242271575,0.0013377278084835827,0.05179922997884019,0.05347459478730173,0.05408026877214814,0.05485646318671201,0.05579851925632142
survey_year_adjusted_50000,lightgbm,platt,id_test,unweighted,prevalence,10,0.4119133333333333,0.0010140007548637222,0.4106666666666667,0.4109,0.41223333333333334,0.4126666666666667,0.4132
survey_year_adjusted_50000,lightgbm,platt,id_test,unweighted,auroc,10,0.8869545280424745,0.0013518375068458195,0.8853524043564549,0.8858824803426966,0.8869228511069328,0.8876140702128754,0.8897017194041974
survey_year_adjusted_50000,lightgbm,platt,id_test,unweighted,average_precision,10,0.8393428706682714,0.0027534871449981534,0.8357482886225146,0.8377703218619335,0.839163042443346,0.8400451976089651,0.8455015032906945
survey_year_adjusted_50000,lightgbm,platt,id_test,unweighted,pr_skill,10,0.7268141475026042,0.004641781544252236,0.7212923449477059,0.723566290010544,0.7267162816206789,0.7285604353224546,0.7370089139083542
survey_year_adjusted_50000,lightgbm,platt,id_test,unweighted,brier,10,0.13439898585451268,0.0008720444195979423,0.1327907044549896,0.13383038334871328,0.13438352835149825,0.13506236381461661,0.13547795565418674
survey_year_adjusted_50000,lightgbm,platt,id_test,unweighted,log_loss,10,0.4147681485684699,0.0021617525911693295,0.4109930509067555,0.4134063705298304,0.4147252621920048,0.4168408416848875,0.41734490736094526
survey_year_adjusted_50000,lightgbm,platt,id_test,unweighted,ece,10,0.012819237843716372,0.0018549501986351877,0.009517752783562835,0.01192661570737148,0.01252575481624529,0.014126041760803799,0.015907084321192002
survey_year_adjusted_50000,lightgbm,platt,id_test,unweighted,calibration_intercept,10,-0.0268191875489615,0.02136071644276371,-0.05519245406652929,-0.0450903400580484,-0.02915475757449567,-0.006707758882434998,0.0026126232600220856
survey_year_adjusted_50000,lightgbm,platt,id_test,unweighted,calibration_slope,10,1.0149428884009564,0.032814295379931836,0.95912647663817,1.0002561955655955,1.0134217119651934,1.0245015606242998,1.0864332831074968
survey_year_adjusted_50000,lightgbm,platt,id_test,unweighted,hcep_080,10,0.046906666666666666,0.0023897311176814045,0.04186666666666667,0.04566666666666666,0.04716666666666666,0.04815,0.05026666666666667
survey_year_adjusted_50000,lightgbm,platt,id_test,unweighted,hcep_090,10,0.012733333333333333,0.001750908053652641,0.0094,0.011833333333333333,0.0127,0.013566666666666668,0.016
survey_year_adjusted_50000,lightgbm,platt,id_test,unweighted,hcep_095,10,0.0032466666666666672,0.0005778205112401917,0.0024,0.00295,0.0030666666666666668,0.0035166666666666666,0.0044666666666666665
survey_year_adjusted_50000,lightgbm,platt,id_test,unweighted,aurc,10,0.0762532726527537,0.001091407994814603,0.07412733709075515,0.07558374633673436,0.07629663815492575,0.0771847692891229,0.07746464078800526
survey_year_adjusted_50000,lightgbm,platt,id_test,unweighted,excess_aurc,10,0.05590918265644228,0.0007502836178519587,0.05478326550175795,0.055211776940854114,0.05620162012763727,0.056398092204221956,0.05671635902117168
survey_year_adjusted_50000,lightgbm,platt,ood_test,survey_weighted,prevalence,10,0.5095089660859984,0.0,0.5095089660859984,0.5095089660859984,0.5095089660859984,0.5095089660859984,0.5095089660859984
survey_year_adjusted_50000,lightgbm,platt,ood_test,survey_weighted,auroc,10,0.8769568207310312,0.00038798349472436434,0.8761889251912013,0.8767197089862435,0.8770344458253607,0.8772503687594266,0.8774021865060251
survey_year_adjusted_50000,lightgbm,platt,ood_test,survey_weighted,average_precision,10,0.8727972378674533,0.0005502849236455998,0.8716430640199831,0.8725787789685697,0.8727371818953177,0.8730426512715077,0.8735524667320659
survey_year_adjusted_50000,lightgbm,platt,ood_test,survey_weighted,pr_skill,10,0.7406624110587735,0.0011219061829825115,0.7383093122910748,0.740217022899197,0.7405399705491957,0.7411627533424965,0.7422021514666376
survey_year_adjusted_50000,lightgbm,platt,ood_test,survey_weighted,brier,10,0.15634720229915697,0.0008524846431642668,0.1545999292112042,0.15585024760251143,0.1566220177690939,0.15705583948462132,0.157209345713225
survey_year_adjusted_50000,lightgbm,platt,ood_test,survey_weighted,log_loss,10,0.478896349908425,0.002653113879763587,0.47417595096652426,0.47744635395273005,0.47944594215910236,0.48092135383314055,0.48237566032061596
survey_year_adjusted_50000,lightgbm,platt,ood_test,survey_weighted,ece,10,0.10341607868107816,0.002732301478264786,0.09744743304696785,0.10218329338676416,0.10430807917500953,0.10539642120214124,0.10638326014867132
survey_year_adjusted_50000,lightgbm,platt,ood_test,survey_weighted,calibration_intercept,10,0.7170723583498553,0.018725274625059796,0.6762118287021851,0.7103938805338021,0.7200050651380137,0.7312725919520482,0.7372637964942973
survey_year_adjusted_50000,lightgbm,platt,ood_test,survey_weighted,calibration_slope,10,0.9278145230683205,0.024060762488982958,0.8808110096396192,0.9192467574549877,0.9229793257953929,0.9393013850931482,0.9754579258832391
survey_year_adjusted_50000,lightgbm,platt,ood_test,survey_weighted,hcep_080,10,0.06897661602161417,0.0021581617685965935,0.06452758742313627,0.06834922193230553,0.0690407313852582,0.06948180582772145,0.07304362807937852
survey_year_adjusted_50000,lightgbm,platt,ood_test,survey_weighted,hcep_090,10,0.02732867363341941,0.0017641875723082142,0.02354051589612161,0.026728373536508684,0.027190890617164138,0.028080853874609703,0.03043479293725759
survey_year_adjusted_50000,lightgbm,platt,ood_test,survey_weighted,hcep_095,10,0.009209069223212612,0.0012243678757684346,0.007076695753219865,0.008574460905194408,0.009223022566782566,0.009644592335438379,0.011760443096176921
survey_year_adjusted_50000,lightgbm,platt,ood_test,survey_weighted,aurc,10,0.10827333978299455,0.00120869042235387,0.10597258496040893,0.10754066550471006,0.10824948357733617,0.108933202253685,0.1099464539141887
survey_year_adjusted_50000,lightgbm,platt,ood_test,survey_weighted,excess_aurc,10,0.08054646423709548,0.0009670120030755921,0.07898399808142686,0.07984113152066719,0.08054354999636566,0.08114973218773193,0.08195704408080079
survey_year_adjusted_50000,lightgbm,platt,ood_test,unweighted,prevalence,10,0.5263600000000002,1.1702778228589004e-16,0.52636,0.52636,0.52636,0.52636,0.52636
survey_year_adjusted_50000,lightgbm,platt,ood_test,unweighted,auroc,10,0.8813371646697883,0.0003015554881856266,0.8807667629762337,0.8811527473361015,0.8813910959351496,0.8816080100258263,0.8816592613625985
survey_year_adjusted_50000,lightgbm,platt,ood_test,unweighted,average_precision,10,0.8829663546558187,0.0004582819919664003,0.8818556576215508,0.8828464572409097,0.882967829673964,0.883285128710029,0.8834565746214554
survey_year_adjusted_50000,lightgbm,platt,ood_test,unweighted,pr_skill,10,0.7529059088248854,0.0009675745122168821,0.7505608851058838,0.7526527684336408,0.7529090230427414,0.7535789390888206,0.7539409142417351
survey_year_adjusted_50000,lightgbm,platt,ood_test,unweighted,brier,10,0.15268986098823129,0.0007435014263415614,0.1512902271270226,0.152177476575451,0.1528309601012096,0.15337194040137,0.15350097171736377
survey_year_adjusted_50000,lightgbm,platt,ood_test,unweighted,log_loss,10,0.4677763023600453,0.002243294533488528,0.46399243423553094,0.46599346308062295,0.4680547588855653,0.4695722866319258,0.47080271689411796
survey_year_adjusted_50000,lightgbm,platt,ood_test,unweighted,ece,10,0.1007663157733382,0.0026246762407187915,0.0954959367080915,0.09984206488848082,0.10141880511648155,0.10252195095657698,0.10376276560322664
survey_year_adjusted_50000,lightgbm,platt,ood_test,unweighted,calibration_intercept,10,0.7146072359982182,0.018355336901801567,0.6779045430262004,0.7090691302754808,0.7179869810400392,0.7278476531380689,0.7349561449949906
survey_year_adjusted_50000,lightgbm,platt,ood_test,unweighted,calibration_slope,10,0.9432117748434836,0.024654647503405593,0.895019737124774,0.9343613991001506,0.9373171218444631,0.9543879239135938,0.99086089497132
survey_year_adjusted_50000,lightgbm,platt,ood_test,unweighted,hcep_080,10,0.06472666666666667,0.0022138709744151815,0.06008,0.06412666666666667,0.06457333333333333,0.06558333333333333,0.06886666666666667
survey_year_adjusted_50000,lightgbm,platt,ood_test,unweighted,hcep_090,10,0.02400666666666667,0.0017213517513430697,0.02052,0.023386666666666667,0.02394,0.024689999999999997,0.027413333333333335
survey_year_adjusted_50000,lightgbm,platt,ood_test,unweighted,hcep_095,10,0.007774666666666668,0.0009723983332557285,0.006013333333333333,0.00727,0.00782,0.008143333333333334,0.009813333333333334
survey_year_adjusted_50000,lightgbm,platt,ood_test,unweighted,aurc,10,0.10289465885377769,0.0010927445205041104,0.10095124294654906,0.10232960659291501,0.10295803679626189,0.10338836030973794,0.10443374172705223
survey_year_adjusted_50000,lightgbm,platt,ood_test,unweighted,excess_aurc,10,0.07635123286704151,0.0009023471095316166,0.07495276121407574,0.07572475934542539,0.07638867323069659,0.0768882499212133,0.07775753672415053
survey_year_adjusted_50000,lightgbm,raw,id_test,survey_weighted,prevalence,10,0.3844326127444545,0.0023012165427017802,0.38020031763050915,0.3830921364985438,0.38471791692260326,0.3858026797394271,0.3876497450597845
survey_year_adjusted_50000,lightgbm,raw,id_test,survey_weighted,auroc,10,0.8875499274545909,0.0022432184241231823,0.8851362594308623,0.8859502867766142,0.887065056131601,0.8888106672584974,0.8912831448679799
survey_year_adjusted_50000,lightgbm,raw,id_test,survey_weighted,average_precision,10,0.8267373932165285,0.003946089649593173,0.8201860198220782,0.8260275632140051,0.8269762897752764,0.8276695609035407,0.8350191781531349
survey_year_adjusted_50000,lightgbm,raw,id_test,survey_weighted,pr_skill,10,0.7185289861980518,0.006460514699795727,0.7079028047939522,0.7160840766146808,0.7188417377789018,0.7207301053552815,0.7321238009990023
survey_year_adjusted_50000,lightgbm,raw,id_test,survey_weighted,brier,10,0.13192713562599329,0.001378124745271351,0.12973427895028986,0.13117061110790934,0.13204862722285868,0.13307534661758127,0.13356239396379438
survey_year_adjusted_50000,lightgbm,raw,id_test,survey_weighted,log_loss,10,0.40853393825813555,0.003712867431886213,0.4025016006898401,0.40715221897041115,0.4089704181018717,0.41158325131183604,0.4123814687061702
survey_year_adjusted_50000,lightgbm,raw,id_test,survey_weighted,ece,10,0.014849078976203139,0.0010758282537728066,0.013403761436285863,0.014095269303650154,0.014728018777198768,0.015794056267450805,0.016413547314744502
survey_year_adjusted_50000,lightgbm,raw,id_test,survey_weighted,calibration_intercept,10,0.018364788788003218,0.027501053519998004,-0.02806242186810381,-0.002931089857663548,0.03298159776462534,0.03899907936962963,0.04695337308825292
survey_year_adjusted_50000,lightgbm,raw,id_test,survey_weighted,calibration_slope,10,1.067400728654532,0.01314904410809616,1.0436742305719018,1.0576743002234816,1.0686687901656797,1.0787853680704385,1.0824715435305086
survey_year_adjusted_50000,lightgbm,raw,id_test,survey_weighted,hcep_080,10,0.04360080302721007,0.0016244671644233656,0.04061337817774218,0.04266181456111634,0.04367204321213727,0.04478232113183542,0.04613356044514252
survey_year_adjusted_50000,lightgbm,raw,id_test,survey_weighted,hcep_090,10,0.011231288179960967,0.001203685487140284,0.009489010330483869,0.010658567143622769,0.011350889394044026,0.01142697565216447,0.013984752848594148
survey_year_adjusted_50000,lightgbm,raw,id_test,survey_weighted,hcep_095,10,0.0026073743564494793,0.0005247980231070468,0.0020789955242007186,0.0021968918700420044,0.0024304173638118824,0.0030078084935499265,0.0035992861962203713
survey_year_adjusted_50000,lightgbm,raw,id_test,survey_weighted,aurc,10,0.0733369950525319,0.0017737661739644585,0.07032811279698326,0.07288620837202492,0.07364120450102515,0.07473017786591005,0.07528343243386872
survey_year_adjusted_50000,lightgbm,raw,id_test,survey_weighted,excess_aurc,10,0.054065307170310425,0.001385896104001686,0.051617612268991656,0.05350148362082492,0.054116476883042226,0.05501085076061283,0.05581578081314548
survey_year_adjusted_50000,lightgbm,raw,id_test,unweighted,prevalence,10,0.4119133333333333,0.0010140007548637222,0.4106666666666667,0.4109,0.41223333333333334,0.4126666666666667,0.4132
survey_year_adjusted_50000,lightgbm,raw,id_test,unweighted,auroc,10,0.8869545280424745,0.0013518375068458195,0.8853524043564549,0.8858824803426966,0.8869228511069328,0.8876140702128754,0.8897017194041974
survey_year_adjusted_50000,lightgbm,raw,id_test,unweighted,average_precision,10,0.8393428706682714,0.0027534871449981534,0.8357482886225146,0.8377703218619335,0.839163042443346,0.8400451976089651,0.8455015032906945
survey_year_adjusted_50000,lightgbm,raw,id_test,unweighted,pr_skill,10,0.7268141475026042,0.004641781544252236,0.7212923449477059,0.723566290010544,0.7267162816206789,0.7285604353224546,0.7370089139083542
survey_year_adjusted_50000,lightgbm,raw,id_test,unweighted,brier,10,0.1344065428947518,0.0008445910693198187,0.1327894112915736,0.1338608361872043,0.13439659822689298,0.13509979041036493,0.13544046169410723
survey_year_adjusted_50000,lightgbm,raw,id_test,unweighted,log_loss,10,0.41520296308240995,0.00215515091433301,0.41094972060033286,0.4141210949094925,0.41522994350935416,0.4171969617532517,0.41747317632737807
survey_year_adjusted_50000,lightgbm,raw,id_test,unweighted,ece,10,0.013731877427988343,0.0012848453719939187,0.011126769907320228,0.01339292333114668,0.013821847412953718,0.014327846359242002,0.016021463758862896
survey_year_adjusted_50000,lightgbm,raw,id_test,unweighted,calibration_intercept,10,-0.0006892413792674721,0.021638211498099497,-0.03442084067433393,-0.017091613496897726,-0.0008422021860134028,0.010418050992467396,0.037648552767843874
survey_year_adjusted_50000,lightgbm,raw,id_test,unweighted,calibration_slope,10,1.07261242113194,0.012251211076257556,1.0512765501816004,1.0687444477212742,1.0759359085590632,1.0812256183264313,1.0877331312284229
survey_year_adjusted_50000,lightgbm,raw,id_test,unweighted,hcep_080,10,0.04198,0.001222848324483195,0.038933333333333334,0.04176666666666667,0.0421,0.04243333333333334,0.043666666666666666
survey_year_adjusted_50000,lightgbm,raw,id_test,unweighted,hcep_090,10,0.010126666666666666,0.0007739269752134002,0.009266666666666666,0.009816666666666666,0.009966666666666667,0.01025,0.012133333333333333
survey_year_adjusted_50000,lightgbm,raw,id_test,unweighted,hcep_095,10,0.0025,0.00033591592128513276,0.0019333333333333333,0.0023166666666666665,0.0024999999999999996,0.0027333333333333333,0.003
survey_year_adjusted_50000,lightgbm,raw,id_test,unweighted,aurc,10,0.07626404257610644,0.0010747180617122307,0.07421988522566315,0.07557854741047865,0.0762974857185954,0.07719410133180218,0.07746010457671276
survey_year_adjusted_50000,lightgbm,raw,id_test,unweighted,excess_aurc,10,0.055960569673988436,0.0007584195945891833,0.054889869936337585,0.0552331069074204,0.05616362748631171,0.05639102052344405,0.057078157388400434
survey_year_adjusted_50000,lightgbm,raw,ood_test,survey_weighted,prevalence,10,0.5095089660859984,0.0,0.5095089660859984,0.5095089660859984,0.5095089660859984,0.5095089660859984,0.5095089660859984
survey_year_adjusted_50000,lightgbm,raw,ood_test,survey_weighted,auroc,10,0.8769568207310312,0.00038798349472436434,0.8761889251912013,0.8767197089862435,0.8770344458253607,0.8772503687594266,0.8774021865060251
survey_year_adjusted_50000,lightgbm,raw,ood_test,survey_weighted,average_precision,10,0.8727972378674533,0.0005502849236455998,0.8716430640199831,0.8725787789685697,0.8727371818953177,0.8730426512715077,0.8735524667320659
survey_year_adjusted_50000,lightgbm,raw,ood_test,survey_weighted,pr_skill,10,0.7406624110587735,0.0011219061829825115,0.7383093122910748,0.740217022899197,0.7405399705491957,0.7411627533424965,0.7422021514666376
survey_year_adjusted_50000,lightgbm,raw,ood_test,survey_weighted,brier,10,0.15668393906143685,0.00036410932551715744,0.1560684127259985,0.15648281790207869,0.15669645564854764,0.15697174987036908,0.15718734079354793
survey_year_adjusted_50000,lightgbm,raw,ood_test,survey_weighted,log_loss,10,0.4784194187138489,0.0011839478485639891,0.4760323124212028,0.47765033912821375,0.47875267133357136,0.4791333242666781,0.4801862469975191
survey_year_adjusted_50000,lightgbm,raw,ood_test,survey_weighted,ece,10,0.1058623400862611,0.0012486545284408521,0.10354381147629861,0.10517086954393155,0.10605919390724192,0.10680352951937157,0.1074294926450594
survey_year_adjusted_50000,lightgbm,raw,ood_test,survey_weighted,calibration_intercept,10,0.7410163345749233,0.008916565389080136,0.7251729273901204,0.7370918527843677,0.744057040763384,0.7466042613011297,0.7521605444818774
survey_year_adjusted_50000,lightgbm,raw,ood_test,survey_weighted,calibration_slope,10,0.9806652656492878,0.008142610435049926,0.9707091999275856,0.9737061262507645,0.9791308254698152,0.9852691928056546,0.9950840632020614
survey_year_adjusted_50000,lightgbm,raw,ood_test,survey_weighted,hcep_080,10,0.06422235178104553,0.0014131811117319853,0.061690907683753717,0.06336337094776337,0.06411480100919183,0.06520174896909672,0.0662039891308955
survey_year_adjusted_50000,lightgbm,raw,ood_test,survey_weighted,hcep_090,10,0.023920594472450464,0.0007723442760737177,0.0221241765057952,0.023703054844517117,0.02405832747672161,0.024366245011460872,0.024766059567023747
survey_year_adjusted_50000,lightgbm,raw,ood_test,survey_weighted,hcep_095,10,0.007119405987659794,0.00043661200185910295,0.006649968498701501,0.006749586119573903,0.006955666751645363,0.007498453066816136,0.007846755278733667
survey_year_adjusted_50000,lightgbm,raw,ood_test,survey_weighted,aurc,10,0.109500665570654,0.0005811350369205556,0.10822575720342736,0.1092357438521424,0.10956616877729716,0.10978975872440801,0.11037640702871844
survey_year_adjusted_50000,lightgbm,raw,ood_test,survey_weighted,excess_aurc,10,0.08138865465662097,0.0006221069663311619,0.07986954683860031,0.081279026703166,0.08144578578771554,0.08163523499645929,0.08229969964043599
survey_year_adjusted_50000,lightgbm,raw,ood_test,unweighted,prevalence,10,0.5263600000000002,1.1702778228589004e-16,0.52636,0.52636,0.52636,0.52636,0.52636
survey_year_adjusted_50000,lightgbm,raw,ood_test,unweighted,auroc,10,0.8813371646697883,0.0003015554881856266,0.8807667629762337,0.8811527473361015,0.8813910959351496,0.8816080100258263,0.8816592613625985
survey_year_adjusted_50000,lightgbm,raw,ood_test,unweighted,average_precision,10,0.8829663546558187,0.0004582819919664003,0.8818556576215508,0.8828464572409097,0.882967829673964,0.883285128710029,0.8834565746214554
survey_year_adjusted_50000,lightgbm,raw,ood_test,unweighted,pr_skill,10,0.7529059088248854,0.0009675745122168821,0.7505608851058838,0.7526527684336408,0.7529090230427414,0.7535789390888206,0.7539409142417351
survey_year_adjusted_50000,lightgbm,raw,ood_test,unweighted,brier,10,0.15313887828105013,0.0003354813959484539,0.15262058234931417,0.15295718401844138,0.15316847832150415,0.15340968314558714,0.15355776997435236
survey_year_adjusted_50000,lightgbm,raw,ood_test,unweighted,log_loss,10,0.4679683136250924,0.00109545209517105,0.46597172061484576,0.46741302412625774,0.46799375949467104,0.4688336661388232,0.469461319877733
survey_year_adjusted_50000,lightgbm,raw,ood_test,unweighted,ece,10,0.10374671811979878,0.0012693602312779666,0.10163895751575058,0.10287803664795138,0.10380963317429462,0.10476055937642595,0.1053424394380436
survey_year_adjusted_50000,lightgbm,raw,ood_test,unweighted,calibration_intercept,10,0.7389251395941405,0.009176848344222109,0.7234924586315137,0.7337641087404815,0.7405124764061362,0.7452497928290607,0.7503962045655537
survey_year_adjusted_50000,lightgbm,raw,ood_test,unweighted,calibration_slope,10,0.9969302303112932,0.007674642473003857,0.986037184255894,0.9911202789991744,0.9955101431336334,1.002274436291207,1.0092072912684433
survey_year_adjusted_50000,lightgbm,raw,ood_test,unweighted,hcep_080,10,0.059995999999999994,0.0012287108571060843,0.057626666666666666,0.059226666666666664,0.05996666666666667,0.061059999999999996,0.06161333333333333
survey_year_adjusted_50000,lightgbm,raw,ood_test,unweighted,hcep_090,10,0.020705333333333333,0.0007484489311029417,0.019173333333333334,0.020383333333333333,0.02072,0.021163333333333333,0.02176
survey_year_adjusted_50000,lightgbm,raw,ood_test,unweighted,hcep_095,10,0.0060093333333333335,0.00034843140565173574,0.005693333333333333,0.00576,0.005873333333333333,0.006306666666666667,0.006546666666666667
survey_year_adjusted_50000,lightgbm,raw,ood_test,unweighted,aurc,10,0.10414820003165168,0.0005701769380397504,0.1029810672653841,0.1038383330573604,0.1041660567807898,0.1045544691591809,0.10494167702366093
survey_year_adjusted_50000,lightgbm,raw,ood_test,unweighted,excess_aurc,10,0.07725035057545641,0.0005974169518260735,0.07583088070132567,0.07713792445232041,0.07728721207198255,0.07755718058636026,0.07813817989987165
survey_year_adjusted_50000,logistic_regression,isotonic,id_test,survey_weighted,prevalence,10,0.3844326127444545,0.0023012165427017802,0.38020031763050915,0.3830921364985438,0.38471791692260326,0.3858026797394271,0.3876497450597845
survey_year_adjusted_50000,logistic_regression,isotonic,id_test,survey_weighted,auroc,10,0.8827656593512753,0.003517421142565648,0.8778215752725603,0.8803708693780187,0.88249756880483,0.8848710130106568,0.8882814812093444
survey_year_adjusted_50000,logistic_regression,isotonic,id_test,survey_weighted,average_precision,10,0.8066957902995068,0.0060864511414747795,0.797463813126568,0.8015907990717885,0.8065550633152916,0.8127610408989303,0.8132122604934995
survey_year_adjusted_50000,logistic_regression,isotonic,id_test,survey_weighted,pr_skill,10,0.6859704914982515,0.009929225192812677,0.6718727753627306,0.6774517244337157,0.6851457080301716,0.6952809093783161,0.6983522630742157
survey_year_adjusted_50000,logistic_regression,isotonic,id_test,survey_weighted,brier,10,0.1345014707511935,0.00216101971975618,0.1311360325629631,0.13323234916032922,0.13457527815035236,0.1362708302073785,0.1372296430373475
survey_year_adjusted_50000,logistic_regression,isotonic,id_test,survey_weighted,log_loss,10,0.4182587397081595,0.005442281729903847,0.4106431445664223,0.4145655813484356,0.41869239183436896,0.42224009180527017,0.4271880884601567
survey_year_adjusted_50000,logistic_regression,isotonic,id_test,survey_weighted,ece,10,0.015703271473430973,0.0030204534406413964,0.01232949541908414,0.013482245122548775,0.015346535660321424,0.017077713061348535,0.022490762820944598
survey_year_adjusted_50000,logistic_regression,isotonic,id_test,survey_weighted,calibration_intercept,10,-0.008396539361030754,0.01835203809730634,-0.033391461556434375,-0.026068787270890282,-0.005308355104356133,0.004908807379912101,0.01555321689196414
survey_year_adjusted_50000,logistic_regression,isotonic,id_test,survey_weighted,calibration_slope,10,0.9797569893271534,0.05000850830479777,0.8967642729332463,0.9560846110651111,0.9716351421048186,0.9889266458719976,1.0827332281474213
survey_year_adjusted_50000,logistic_regression,isotonic,id_test,survey_weighted,hcep_080,10,0.0428863447843924,0.005317547891290299,0.036489080427547546,0.039034996689828454,0.04156754243141496,0.0460225874779228,0.0516222028465478
survey_year_adjusted_50000,logistic_regression,isotonic,id_test,survey_weighted,hcep_090,10,0.016678208630400128,0.00409247802257181,0.010781294196282046,0.014795224688012018,0.015616311115088561,0.01967488372418784,0.02265888789295049
survey_year_adjusted_50000,logistic_regression,isotonic,id_test,survey_weighted,hcep_095,10,0.005111475052571377,0.0028763918035145213,0.002632688969925866,0.003704413669139082,0.004151459219404824,0.0049700557162407405,0.0126730199033654
survey_year_adjusted_50000,logistic_regression,isotonic,id_test,survey_weighted,aurc,10,0.07830537980074069,0.0022233082049971744,0.07478807922271484,0.07673603629408907,0.0781360545407008,0.08003025413880105,0.0818348315994348
survey_year_adjusted_50000,logistic_regression,isotonic,id_test,survey_weighted,excess_aurc,10,0.05855451639842789,0.0016384526563990773,0.05626233460039399,0.05749729769964191,0.0581892729802047,0.059708393107737644,0.06143841347131338
survey_year_adjusted_50000,logistic_regression,isotonic,id_test,unweighted,prevalence,10,0.4119133333333333,0.0010140007548637222,0.4106666666666667,0.4109,0.41223333333333334,0.4126666666666667,0.4132
survey_year_adjusted_50000,logistic_regression,isotonic,id_test,unweighted,auroc,10,0.8816812373740858,0.0021751962157263403,0.8787342874944382,0.8800682023144833,0.8819373962434625,0.882687013936996,0.8859794472102888
survey_year_adjusted_50000,logistic_regression,isotonic,id_test,unweighted,average_precision,10,0.819008703530197,0.004505040733005805,0.8125887411470665,0.8147911318138126,0.8195814279161124,0.8227551224474725,0.8252354480542561
survey_year_adjusted_50000,logistic_regression,isotonic,id_test,unweighted,pr_skill,10,0.6922368201454299,0.007652285401713441,0.6809115910562994,0.6856511994830701,0.692676759586436,0.6988267770895374,0.7025115434423334
survey_year_adjusted_50000,logistic_regression,isotonic,id_test,unweighted,brier,10,0.13735035765134662,0.001404938125487982,0.13468664540988368,0.13674471124782683,0.1370837157335606,0.13818889635728385,0.13951452493026947
survey_year_adjusted_50000,logistic_regression,isotonic,id_test,unweighted,log_loss,10,0.4262447602371549,0.003795331028271969,0.42018640182469763,0.4241070929500488,0.42547168744097874,0.4289943873438631,0.4321794847053456
survey_year_adjusted_50000,logistic_regression,isotonic,id_test,unweighted,ece,10,0.014296940412289438,0.002862060673064857,0.011347246477256387,0.012458763476641476,0.013645508351090966,0.014827431506589847,0.020843988397776854
survey_year_adjusted_50000,logistic_regression,isotonic,id_test,unweighted,calibration_intercept,10,-0.03573288602629583,0.014401086472143752,-0.05535846184375044,-0.047648127774324006,-0.034291473041104636,-0.02524494465606695,-0.011635962336752521
survey_year_adjusted_50000,logistic_regression,isotonic,id_test,unweighted,calibration_slope,10,0.9853177494628756,0.04377259456440627,0.9166023768540308,0.9600093385993654,0.9794433064731488,1.0087941860597753,1.0778582039015363
survey_year_adjusted_50000,logistic_regression,isotonic,id_test,unweighted,hcep_080,10,0.04139333333333333,0.004926266209354921,0.034466666666666666,0.03758333333333334,0.040466666666666665,0.045116666666666666,0.0494
survey_year_adjusted_50000,logistic_regression,isotonic,id_test,unweighted,hcep_090,10,0.015446666666666668,0.0033522500275059413,0.011133333333333334,0.01355,0.014333333333333333,0.018166666666666668,0.0204
survey_year_adjusted_50000,logistic_regression,isotonic,id_test,unweighted,hcep_095,10,0.004666666666666666,0.0021908902300206644,0.0029333333333333334,0.0032833333333333334,0.003966666666666667,0.005183333333333333,0.010266666666666667
survey_year_adjusted_50000,logistic_regression,isotonic,id_test,unweighted,aurc,10,0.0819420807673676,0.0017762520822935317,0.07884362324916507,0.0809009119737317,0.0816139909639518,0.08331267571206841,0.08475817536095318
survey_year_adjusted_50000,logistic_regression,isotonic,id_test,unweighted,excess_aurc,10,0.06101155087241825,0.0013941064346454988,0.05903261236796628,0.06015899585931922,0.06085110462829392,0.06185847353393713,0.06374621423368802
survey_year_adjusted_50000,logistic_regression,isotonic,ood_test,survey_weighted,prevalence,10,0.5095089660859984,0.0,0.5095089660859984,0.5095089660859984,0.5095089660859984,0.5095089660859984,0.5095089660859984
survey_year_adjusted_50000,logistic_regression,isotonic,ood_test,survey_weighted,auroc,10,0.8718909608988319,0.00035295339661055834,0.8714743899963635,0.8715819506064661,0.8718189630134496,0.8721674936067991,0.8724028344891475
survey_year_adjusted_50000,logistic_regression,isotonic,ood_test,survey_weighted,average_precision,10,0.8589158994501631,0.0007947621460894298,0.857961154643869,0.8585259843365423,0.8586400065285251,0.859556979118921,0.8601745432878043
survey_year_adjusted_50000,logistic_regression,isotonic,ood_test,survey_weighted,pr_skill,10,0.7123615095998405,0.0016203398046798522,0.710415001426846,0.7115665610958699,0.7117990264909517,0.7136685256805264,0.7149275989890745
survey_year_adjusted_50000,logistic_regression,isotonic,ood_test,survey_weighted,brier,10,0.15815897638205048,0.0007182083422222517,0.15675677404517852,0.15783760808436878,0.15824815617122867,0.15868531082608023,0.15909286737382589
survey_year_adjusted_50000,logistic_regression,isotonic,ood_test,survey_weighted,log_loss,10,0.48787763085042457,0.002818006301571549,0.4840238275580565,0.48563769825684566,0.4879460931944359,0.48987642586670455,0.49288979920197235
survey_year_adjusted_50000,logistic_regression,isotonic,ood_test,survey_weighted,ece,10,0.1013883791852976,0.0019681849730514896,0.09788217394702915,0.10083230003366307,0.10156086536657716,0.1028093737709043,0.10399466231106264
survey_year_adjusted_50000,logistic_regression,isotonic,ood_test,survey_weighted,calibration_intercept,10,0.6775429732748861,0.012948712120786406,0.6590689576574619,0.668571496662892,0.6805099528683984,0.686420098289736,0.6932799305264192
survey_year_adjusted_50000,logistic_regression,isotonic,ood_test,survey_weighted,calibration_slope,10,0.8959158856553037,0.03621827503913941,0.834421592892383,0.8786050598815209,0.8930095992649841,0.9043741187516497,0.9708199383983545
survey_year_adjusted_50000,logistic_regression,isotonic,ood_test,survey_weighted,hcep_080,10,0.06089921797510728,0.00545246023770296,0.05482963855213806,0.05672971885888156,0.05909341025843318,0.06573381396517142,0.07012305323663183
survey_year_adjusted_50000,logistic_regression,isotonic,ood_test,survey_weighted,hcep_090,10,0.02898089454685579,0.005943801926015442,0.018516061911335504,0.025536556697398613,0.028422248181220425,0.032828710329712754,0.03830730438781393
survey_year_adjusted_50000,logistic_regression,isotonic,ood_test,survey_weighted,hcep_095,10,0.010599164824871159,0.004002458947351376,0.007279369318873035,0.008657074451465432,0.009405753853767209,0.011129104311620671,0.021273347625924862
survey_year_adjusted_50000,logistic_regression,isotonic,ood_test,survey_weighted,aurc,10,0.11333792281022659,0.0007638986082276263,0.11148008937625001,0.11318342081930807,0.1134808389150406,0.11391009067406868,0.11401385781627998
survey_year_adjusted_50000,logistic_regression,isotonic,ood_test,survey_weighted,excess_aurc,10,0.08468047737716877,0.002096378209746178,0.08058517477391867,0.08339037465703988,0.08481832433429881,0.08597610202952072,0.08749140581139367
survey_year_adjusted_50000,logistic_regression,isotonic,ood_test,unweighted,prevalence,10,0.5263600000000002,1.1702778228589004e-16,0.52636,0.52636,0.52636,0.52636,0.52636
survey_year_adjusted_50000,logistic_regression,isotonic,ood_test,unweighted,auroc,10,0.8760478925107679,0.000385666995107464,0.8755744299028864,0.8757394064829737,0.8759136875015798,0.8764060705190397,0.8766391987419161
survey_year_adjusted_50000,logistic_regression,isotonic,ood_test,unweighted,average_precision,10,0.8698793291728926,0.0008723440944096536,0.8686975744339729,0.8693042401504961,0.8697678243236835,0.8704028927627447,0.8713695945426597
survey_year_adjusted_50000,logistic_regression,isotonic,ood_test,unweighted,pr_skill,10,0.7252751650470664,0.0018417872105600409,0.722780116615938,0.7240609748975932,0.7250397439483225,0.7263805691300244,0.7284215744925676
survey_year_adjusted_50000,logistic_regression,isotonic,ood_test,unweighted,brier,10,0.1543244527274611,0.0006610550503113414,0.15286833757013585,0.15416883757816283,0.1544067942653017,0.15470348521385557,0.15508333230580415
survey_year_adjusted_50000,logistic_regression,isotonic,ood_test,unweighted,log_loss,10,0.47710577695156536,0.002313656634441079,0.4742722558146874,0.47540206884896025,0.4767135933112772,0.47863519889830775,0.48136349636438575
survey_year_adjusted_50000,logistic_regression,isotonic,ood_test,unweighted,ece,10,0.09758767454074763,0.0018336740218578152,0.09471322707458006,0.09648877767295637,0.09783771111923287,0.09897622333381786,0.09992991747281275
survey_year_adjusted_50000,logistic_regression,isotonic,ood_test,unweighted,calibration_intercept,10,0.6676190904363031,0.01225383945617708,0.6517660587938089,0.6561929264345179,0.6684982069359177,0.6778923502189358,0.6825503941047574
survey_year_adjusted_50000,logistic_regression,isotonic,ood_test,unweighted,calibration_slope,10,0.9038370617911282,0.035089760001689264,0.8432446577324688,0.8876019282737455,0.9008376065422199,0.9165741648289688,0.975229061258598
survey_year_adjusted_50000,logistic_regression,isotonic,ood_test,unweighted,hcep_080,10,0.05709333333333333,0.005320387992906319,0.05116,0.053250000000000006,0.05538666666666667,0.06158333333333333,0.06632
survey_year_adjusted_50000,logistic_regression,isotonic,ood_test,unweighted,hcep_090,10,0.026126666666666666,0.005466046035230519,0.01688,0.022856666666666664,0.025133333333333334,0.02994,0.035
survey_year_adjusted_50000,logistic_regression,isotonic,ood_test,unweighted,hcep_095,10,0.009397333333333334,0.0036077655613522084,0.006506666666666667,0.0077599999999999995,0.008266666666666667,0.009763333333333332,0.019106666666666668
survey_year_adjusted_50000,logistic_regression,isotonic,ood_test,unweighted,aurc,10,0.10807817961098228,0.0007074590410659831,0.1065627418873579,0.10771312089620064,0.10824923656040752,0.10840132691128837,0.10893288612755075
survey_year_adjusted_50000,logistic_regression,isotonic,ood_test,unweighted,excess_aurc,10,0.08084358776411053,0.0020127921196202735,0.07726011736350416,0.07947118885880583,0.0809105691551041,0.08226467880917467,0.08355672157692522
survey_year_adjusted_50000,logistic_regression,platt,id_test,survey_weighted,prevalence,10,0.3844326127444545,0.0023012165427017802,0.38020031763050915,0.3830921364985438,0.38471791692260326,0.3858026797394271,0.3876497450597845
survey_year_adjusted_50000,logistic_regression,platt,id_test,survey_weighted,auroc,10,0.8831883832913151,0.0034729683708649354,0.8782459426129786,0.8807256590200008,0.8829060064893014,0.8851309487992649,0.8886304558915097
survey_year_adjusted_50000,logistic_regression,platt,id_test,survey_weighted,average_precision,10,0.8152001694907771,0.00567023781523546,0.8066751933490157,0.811481481815361,0.8147890004990426,0.8203080603232253,0.8219511823956966
survey_year_adjusted_50000,logistic_regression,platt,id_test,survey_weighted,pr_skill,10,0.6997819281696429,0.009405843036778015,0.6867960573407764,0.6934504529104673,0.699286266034604,0.7075621025941753,0.712141049787222
survey_year_adjusted_50000,logistic_regression,platt,id_test,survey_weighted,brier,10,0.13415944371105384,0.0020614527052400114,0.13111266307507796,0.13296411796238028,0.13430281155237278,0.13598979577159992,0.13661950836360148
survey_year_adjusted_50000,logistic_regression,platt,id_test,survey_weighted,log_loss,10,0.4166031294879275,0.005700027579281266,0.4081081133584,0.4134604375215018,0.4170742049113556,0.42097767671621716,0.425369538867377
survey_year_adjusted_50000,logistic_regression,platt,id_test,survey_weighted,ece,10,0.013442125824723008,0.0030991027030304193,0.009616096110426086,0.012205897106987768,0.012877350635740524,0.014510657001366735,0.020648404033412036
survey_year_adjusted_50000,logistic_regression,platt,id_test,survey_weighted,calibration_intercept,10,-0.004198282753838598,0.018962863355320495,-0.03174082296206293,-0.021166639813836492,0.0006118554946607133,0.009573632762166913,0.02058219338764637
survey_year_adjusted_50000,logistic_regression,platt,id_test,survey_weighted,calibration_slope,10,1.003794624849099,0.05386121932720991,0.917691502292104,0.9780361767972234,0.9938671361812166,1.0123480477243478,1.1147652872696443
survey_year_adjusted_50000,logistic_regression,platt,id_test,survey_weighted,hcep_080,10,0.047427897784155806,0.004683356180470152,0.03851765117815708,0.04563496090532608,0.04811251433366913,0.05077999220095944,0.05345262012992919
survey_year_adjusted_50000,logistic_regression,platt,id_test,survey_weighted,hcep_090,10,0.0160680578452299,0.0029094735812307715,0.010283421590792862,0.01581689382082133,0.016426608844925153,0.016560923815957834,0.021933156155265192
survey_year_adjusted_50000,logistic_regression,platt,id_test,survey_weighted,hcep_095,10,0.00499578743759181,0.0012932653825495444,0.0032579646631313484,0.004292539821734066,0.005005804207738785,0.00541809949757629,0.007982421861523861
survey_year_adjusted_50000,logistic_regression,platt,id_test,survey_weighted,aurc,10,0.07796411497097917,0.0028116277216392424,0.07387807965830874,0.07658671567873256,0.0779692619247405,0.08000876121733023,0.08243711780320123
survey_year_adjusted_50000,logistic_regression,platt,id_test,survey_weighted,excess_aurc,10,0.058329582971580154,0.00208904894048621,0.05533465774262824,0.0573463467921317,0.058045856911173394,0.059811959908822675,0.06194476399599343
survey_year_adjusted_50000,logistic_regression,platt,id_test,unweighted,prevalence,10,0.4119133333333333,0.0010140007548637222,0.4106666666666667,0.4109,0.41223333333333334,0.4126666666666667,0.4132
survey_year_adjusted_50000,logistic_regression,platt,id_test,unweighted,auroc,10,0.8821321496131127,0.002163926514260956,0.8792297207592514,0.8803412823367507,0.8824660587574189,0.8831079578202733,0.8862976835519291
survey_year_adjusted_50000,logistic_regression,platt,id_test,unweighted,average_precision,10,0.8272538032189821,0.004016568669952377,0.819791671553082,0.8245570980165401,0.828162554919305,0.8300906793664562,0.8326802232594858
survey_year_adjusted_50000,logistic_regression,platt,id_test,unweighted,pr_skill,10,0.7062549382558475,0.006924181579745182,0.6931753772186413,0.7019066535882067,0.7078605646940066,0.7114465571867818,0.7151842202555931
survey_year_adjusted_50000,logistic_regression,platt,id_test,unweighted,brier,10,0.13694016638187262,0.001237125905523665,0.1347020942880493,0.13638371158460078,0.13667716615399475,0.13794124005749053,0.13863817334063724
survey_year_adjusted_50000,logistic_regression,platt,id_test,unweighted,log_loss,10,0.4239866710367678,0.0034649316699257087,0.4182957833942331,0.4219838260819452,0.42275480208321914,0.427166353692486,0.42887549656647633
survey_year_adjusted_50000,logistic_regression,platt,id_test,unweighted,ece,10,0.01149638426321935,0.003010233730240043,0.008066719897602031,0.009365832120263286,0.011456363380228558,0.012213220092770692,0.01866122848283086
survey_year_adjusted_50000,logistic_regression,platt,id_test,unweighted,calibration_intercept,10,-0.032573900726119556,0.015008274920131797,-0.05256487672254571,-0.044546117862868315,-0.031669691022509175,-0.02145746890112901,-0.007582646073532452
survey_year_adjusted_50000,logistic_regression,platt,id_test,unweighted,calibration_slope,10,1.0091108897744783,0.04748260595726109,0.9363706700220822,0.9836444225652591,0.9986362677061387,1.0256605234271539,1.1107205988305844
survey_year_adjusted_50000,logistic_regression,platt,id_test,unweighted,hcep_080,10,0.04565999999999999,0.003830540045089862,0.0378,0.04396666666666667,0.04633333333333334,0.04845,0.0508
survey_year_adjusted_50000,logistic_regression,platt,id_test,unweighted,hcep_090,10,0.014906666666666669,0.0023175551187393714,0.010533333333333334,0.014100000000000001,0.015233333333333335,0.015733333333333335,0.0194
survey_year_adjusted_50000,logistic_regression,platt,id_test,unweighted,hcep_095,10,0.0047933333333333335,0.0008649270289637727,0.0034666666666666665,0.0044,0.0048000000000000004,0.005166666666666667,0.006666666666666667
survey_year_adjusted_50000,logistic_regression,platt,id_test,unweighted,aurc,10,0.08148052027000344,0.0018745439162830663,0.07819356793988122,0.08046545858284282,0.08089048342361438,0.08297083898781163,0.08428582574661173
survey_year_adjusted_50000,logistic_regression,platt,id_test,unweighted,excess_aurc,10,0.06070604425073388,0.0014623509984722596,0.058196966837525774,0.059851927496257215,0.060597160156893703,0.0615215525277506,0.06317083797519074
survey_year_adjusted_50000,logistic_regression,platt,ood_test,survey_weighted,prevalence,10,0.5095089660859984,0.0,0.5095089660859984,0.5095089660859984,0.5095089660859984,0.5095089660859984,0.5095089660859984
survey_year_adjusted_50000,logistic_regression,platt,ood_test,survey_weighted,auroc,10,0.8723444445948358,0.0003104153161730932,0.8720531024381534,0.8720969862470971,0.8721947984197329,0.8725838915131265,0.872810680860347
survey_year_adjusted_50000,logistic_regression,platt,ood_test,survey_weighted,average_precision,10,0.8652660027685778,0.0004504865445494576,0.8648736614001692,0.8649807602761106,0.865066796632747,0.8655259792876407,0.8662808430008533
survey_year_adjusted_50000,logistic_regression,platt,ood_test,survey_weighted,pr_skill,10,0.7253079303891101,0.0009184399171472672,0.7245080353017774,0.7247263856253028,0.7249017942478619,0.7258379635621703,0.7273769595091276
survey_year_adjusted_50000,logistic_regression,platt,ood_test,survey_weighted,brier,10,0.15818311034281024,0.0007361776508604256,0.1569832768727938,0.15781873220759518,0.15828233585459933,0.15877165551115524,0.15914135485048025
survey_year_adjusted_50000,logistic_regression,platt,ood_test,survey_weighted,log_loss,10,0.4853047906309704,0.002495116412286579,0.4822445565300677,0.4831660517043761,0.48512342695760646,0.48772619757798485,0.48857621245967814
survey_year_adjusted_50000,logistic_regression,platt,ood_test,survey_weighted,ece,10,0.1016641194756123,0.002109420636219625,0.09817395117387474,0.10101971257758594,0.10164177321696304,0.10307840597601252,0.10504474076004133
survey_year_adjusted_50000,logistic_regression,platt,ood_test,survey_weighted,calibration_intercept,10,0.686041972122654,0.013894096495931872,0.662701970053249,0.6791660590611922,0.688204248598403,0.6967581055905179,0.7050772972375331
survey_year_adjusted_50000,logistic_regression,platt,ood_test,survey_weighted,calibration_slope,10,0.9279151553033615,0.03205543580058347,0.8777095880912396,0.914283373151936,0.920892213044199,0.9443177078719249,0.9912565787418716
survey_year_adjusted_50000,logistic_regression,platt,ood_test,survey_weighted,hcep_080,10,0.06677813921160858,0.0031164709836885283,0.0613922111085869,0.06488370400757282,0.06704356531433844,0.0682427276636164,0.0721136552346356
survey_year_adjusted_50000,logistic_regression,platt,ood_test,survey_weighted,hcep_090,10,0.02817558907553222,0.0023739638868117085,0.023256697886230988,0.027009409629782537,0.028497078612462513,0.029415079838506303,0.03135363811553343
survey_year_adjusted_50000,logistic_regression,platt,ood_test,survey_weighted,hcep_095,10,0.010081703328160012,0.0014179218169767462,0.007232983203600163,0.009542442857869817,0.010052346293480575,0.011059618911181592,0.012318826898895649
survey_year_adjusted_50000,logistic_regression,platt,ood_test,survey_weighted,aurc,10,0.11270361983656738,0.0008893339470805476,0.11113272876982237,0.11239549257181691,0.11289431714810469,0.11316991196290246,0.11399438737709013
survey_year_adjusted_50000,logistic_regression,platt,ood_test,survey_weighted,excess_aurc,10,0.08452037579360008,0.0007096457304414544,0.08332573522223283,0.08418943933921244,0.08460982893126706,0.08494062385278749,0.08566376084698926
survey_year_adjusted_50000,logistic_regression,platt,ood_test,unweighted,prevalence,10,0.5263600000000002,1.1702778228589004e-16,0.52636,0.52636,0.52636,0.52636,0.52636
survey_year_adjusted_50000,logistic_regression,platt,ood_test,unweighted,auroc,10,0.8764986722695302,0.00033216415336512125,0.8761557594270133,0.876257292293968,0.8762954326122185,0.8767423583524615,0.8770239203030743
survey_year_adjusted_50000,logistic_regression,platt,ood_test,unweighted,average_precision,10,0.8758618967759334,0.00043631060128206524,0.8753897857213164,0.8755785391224988,0.8756915063400295,0.876067354215887,0.8767375843063185
survey_year_adjusted_50000,logistic_regression,platt,ood_test,unweighted,pr_skill,10,0.737906208884244,0.0009211861356347965,0.7369094369591175,0.7373079535564963,0.73754646216542,0.7383399928550947,0.7397550551184835
survey_year_adjusted_50000,logistic_regression,platt,ood_test,unweighted,brier,10,0.15433744788470066,0.0006630495042734201,0.15327660142799274,0.1540860458307732,0.15439602453864185,0.15481352878094817,0.15520506096780504
survey_year_adjusted_50000,logistic_regression,platt,ood_test,unweighted,log_loss,10,0.4744384755960449,0.002128354025542447,0.4718941560727452,0.47255190606962805,0.47406917760422373,0.4766343983262007,0.47721413189766393
survey_year_adjusted_50000,logistic_regression,platt,ood_test,unweighted,ece,10,0.09778897821719354,0.0019078939245341594,0.09483923004130279,0.09664913741309454,0.09799701557846102,0.0991623354085792,0.10070492645762547
survey_year_adjusted_50000,logistic_regression,platt,ood_test,unweighted,calibration_intercept,10,0.6744242212304654,0.013115954581151331,0.6553045571742625,0.6653245370375853,0.6762309845020702,0.6841347902965889,0.692996117198077
survey_year_adjusted_50000,logistic_regression,platt,ood_test,unweighted,calibration_slope,10,0.9352650521379706,0.032364481465023597,0.8839205047957941,0.922072530582353,0.9282168413705246,0.9529509952180266,0.9980407328424242
survey_year_adjusted_50000,logistic_regression,platt,ood_test,unweighted,hcep_080,10,0.06278933333333334,0.0030850002701242442,0.05726666666666667,0.06093666666666667,0.06292666666666666,0.06424666666666666,0.06785333333333333
survey_year_adjusted_50000,logistic_regression,platt,ood_test,unweighted,hcep_090,10,0.02528666666666667,0.002267165522447102,0.0208,0.02416,0.025566666666666668,0.02632666666666667,0.02864
survey_year_adjusted_50000,logistic_regression,platt,ood_test,unweighted,hcep_095,10,0.008990666666666668,0.0012249754847635137,0.0068,0.008453333333333334,0.00902,0.009640000000000001,0.011173333333333334
survey_year_adjusted_50000,logistic_regression,platt,ood_test,unweighted,aurc,10,0.10729481763641732,0.0007581511476631788,0.10594972414690387,0.10703688141060479,0.10749539021630489,0.10780397618427438,0.10834578756046026
survey_year_adjusted_50000,logistic_regression,platt,ood_test,unweighted,excess_aurc,10,0.08051167929530852,0.0005394163116546105,0.07958698262446151,0.08018388486314205,0.08054787640029602,0.08092183023601525,0.08132715735523928
survey_year_adjusted_50000,logistic_regression,raw,id_test,survey_weighted,prevalence,10,0.3844326127444545,0.0023012165427017802,0.38020031763050915,0.3830921364985438,0.38471791692260326,0.3858026797394271,0.3876497450597845
survey_year_adjusted_50000,logistic_regression,raw,id_test,survey_weighted,auroc,10,0.8831883832913151,0.0034729683708649354,0.8782459426129786,0.8807256590200008,0.8829060064893014,0.8851309487992649,0.8886304558915097
survey_year_adjusted_50000,logistic_regression,raw,id_test,survey_weighted,average_precision,10,0.8152001694907771,0.00567023781523546,0.8066751933490157,0.811481481815361,0.8147890004990426,0.8203080603232253,0.8219511823956966
survey_year_adjusted_50000,logistic_regression,raw,id_test,survey_weighted,pr_skill,10,0.6997819281696429,0.009405843036778015,0.6867960573407764,0.6934504529104673,0.699286266034604,0.7075621025941753,0.712141049787222
survey_year_adjusted_50000,logistic_regression,raw,id_test,survey_weighted,brier,10,0.13412451188269933,0.0021335462571393992,0.13088139493556458,0.1329755934490722,0.13428770645609844,0.1360397638208023,0.13655109174467203
survey_year_adjusted_50000,logistic_regression,raw,id_test,survey_weighted,log_loss,10,0.416439328034315,0.0059804341751341986,0.40745847890403675,0.41350611101387236,0.4172576837434143,0.4211630399821813,0.4247465229719108
survey_year_adjusted_50000,logistic_regression,raw,id_test,survey_weighted,ece,10,0.012336762358710405,0.0020064477217934793,0.009251313794935438,0.010818531682772504,0.012926852328929149,0.013566301478821628,0.01535218453879626
survey_year_adjusted_50000,logistic_regression,raw,id_test,survey_weighted,calibration_intercept,10,-0.0009848870140365244,0.023860887357424924,-0.038721565836745186,-0.020603998641561806,0.0024102461274915603,0.01598434244075117,0.03249617304591994
survey_year_adjusted_50000,logistic_regression,raw,id_test,survey_weighted,calibration_slope,10,0.9743745728754961,0.020687554086810455,0.9474698337462631,0.9550853252504798,0.9744178538757189,0.9912087965345742,1.0040682806520256
survey_year_adjusted_50000,logistic_regression,raw,id_test,survey_weighted,hcep_080,10,0.04974647725848019,0.00234128368765613,0.045995946777675656,0.04860093973842641,0.05046523744920582,0.05132651455324008,0.05278075898155073
survey_year_adjusted_50000,logistic_regression,raw,id_test,survey_weighted,hcep_090,10,0.017430737901203867,0.0010407054664498328,0.01615365645666223,0.016629635479920624,0.017437877501932826,0.01784815610806387,0.019584093616257896
survey_year_adjusted_50000,logistic_regression,raw,id_test,survey_weighted,hcep_095,10,0.005641865986720762,0.00045882298281850513,0.0050560452208963085,0.00542745048235045,0.005521356836274915,0.005759644184129815,0.006496907254730561
survey_year_adjusted_50000,logistic_regression,raw,id_test,survey_weighted,aurc,10,0.07797055876832053,0.0028206786472208117,0.07387196379765246,0.0765954649202924,0.07795065451902566,0.08003850473062707,0.08246585055307439
survey_year_adjusted_50000,logistic_regression,raw,id_test,survey_weighted,excess_aurc,10,0.05836805626159656,0.0021121585550719292,0.05541687656374817,0.057279320631629514,0.058119452367560734,0.059859313046018096,0.062026536628037074
survey_year_adjusted_50000,logistic_regression,raw,id_test,unweighted,prevalence,10,0.4119133333333333,0.0010140007548637222,0.4106666666666667,0.4109,0.41223333333333334,0.4126666666666667,0.4132
survey_year_adjusted_50000,logistic_regression,raw,id_test,unweighted,auroc,10,0.8821321496131127,0.002163926514260956,0.8792297207592514,0.8803412823367507,0.8824660587574189,0.8831079578202733,0.8862976835519291
survey_year_adjusted_50000,logistic_regression,raw,id_test,unweighted,average_precision,10,0.8272538032189821,0.004016568669952377,0.819791671553082,0.8245570980165401,0.828162554919305,0.8300906793664562,0.8326802232594858
survey_year_adjusted_50000,logistic_regression,raw,id_test,unweighted,pr_skill,10,0.7062549382558475,0.006924181579745182,0.6931753772186413,0.7019066535882067,0.7078605646940066,0.7114465571867818,0.7151842202555931
survey_year_adjusted_50000,logistic_regression,raw,id_test,unweighted,brier,10,0.13688130804971219,0.001311043531779103,0.1343783757340399,0.1363627710607708,0.1366806477305067,0.1379341802894259,0.13863714894685863
survey_year_adjusted_50000,logistic_regression,raw,id_test,unweighted,log_loss,10,0.4238012971786763,0.0037548918697109996,0.4169380628889423,0.4218242102224267,0.4227893115767395,0.4272253575610041,0.4287027605208224
survey_year_adjusted_50000,logistic_regression,raw,id_test,unweighted,ece,10,0.009831613567312542,0.0012146580530594208,0.008236419168800461,0.00895805279990506,0.009529595853315679,0.01075491106562888,0.011961858734524683
survey_year_adjusted_50000,logistic_regression,raw,id_test,unweighted,calibration_intercept,10,-0.029429460318851818,0.014733560043510138,-0.05195946076555521,-0.03940936712695144,-0.026804846588393556,-0.021321051768816573,-0.0008126943846810581
survey_year_adjusted_50000,logistic_regression,raw,id_test,unweighted,calibration_slope,10,0.979740707200904,0.015847809378151445,0.9526791149540491,0.9754535592439358,0.982917885332012,0.9898176338660599,1.0004252391669635
survey_year_adjusted_50000,logistic_regression,raw,id_test,unweighted,hcep_080,10,0.04802,0.0016366330991503782,0.04493333333333333,0.047516666666666665,0.04796666666666667,0.0491,0.0502
survey_year_adjusted_50000,logistic_regression,raw,id_test,unweighted,hcep_090,10,0.016246666666666666,0.001039966761102263,0.015,0.015516666666666668,0.016166666666666666,0.01685,0.018333333333333333
survey_year_adjusted_50000,logistic_regression,raw,id_test,unweighted,hcep_095,10,0.005266666666666668,0.0004499657051403686,0.0044666666666666665,0.004983333333333333,0.005366666666666667,0.005600000000000001,0.0058
survey_year_adjusted_50000,logistic_regression,raw,id_test,unweighted,aurc,10,0.08147442443550092,0.0018821043279354554,0.07818819676685673,0.0804140424674759,0.08091093708342013,0.0829139086022634,0.08429965122888364
survey_year_adjusted_50000,logistic_regression,raw,id_test,unweighted,excess_aurc,10,0.06072822672662764,0.0015067157174000125,0.05824879945869525,0.05987060902418513,0.06053877167881065,0.06164707052703906,0.06325828162838433
survey_year_adjusted_50000,logistic_regression,raw,ood_test,survey_weighted,prevalence,10,0.5095089660859984,0.0,0.5095089660859984,0.5095089660859984,0.5095089660859984,0.5095089660859984,0.5095089660859984
survey_year_adjusted_50000,logistic_regression,raw,ood_test,survey_weighted,auroc,10,0.8723444445948358,0.0003104153161730932,0.8720531024381534,0.8720969862470971,0.8721947984197329,0.8725838915131265,0.872810680860347
survey_year_adjusted_50000,logistic_regression,raw,ood_test,survey_weighted,average_precision,10,0.8652660027685778,0.0004504865445494576,0.8648736614001692,0.8649807602761106,0.865066796632747,0.8655259792876407,0.8662808430008533
survey_year_adjusted_50000,logistic_regression,raw,ood_test,survey_weighted,pr_skill,10,0.7253079303891101,0.0009184399171472672,0.7245080353017774,0.7247263856253028,0.7249017942478619,0.7258379635621703,0.7273769595091276
survey_year_adjusted_50000,logistic_regression,raw,ood_test,survey_weighted,brier,10,0.15857625056223437,0.00044754573541706534,0.1579665409151294,0.15811702464426908,0.15867811665844117,0.15897218058613607,0.15905384459644736
survey_year_adjusted_50000,logistic_regression,raw,ood_test,survey_weighted,log_loss,10,0.4873396464952517,0.001442439915557562,0.48484909759247596,0.4861223972961647,0.48793637902848364,0.4882841618107681,0.488876456156015
survey_year_adjusted_50000,logistic_regression,raw,ood_test,survey_weighted,ece,10,0.10287622388558426,0.0014462702992843782,0.09991002582622764,0.10215333501184265,0.10331976234748479,0.10356474981440675,0.10506491357524728
survey_year_adjusted_50000,logistic_regression,raw,ood_test,survey_weighted,calibration_intercept,10,0.6889456697321744,0.008708156217423614,0.671663885929847,0.6873367197900108,0.6910680650027488,0.6936890659069153,0.7000911863999094
survey_year_adjusted_50000,logistic_regression,raw,ood_test,survey_weighted,calibration_slope,10,0.9012263602340804,0.007055129657421171,0.8928240769016208,0.8953728025136298,0.90058666751306,0.9053901774168125,0.9129639592011686
survey_year_adjusted_50000,logistic_regression,raw,ood_test,survey_weighted,hcep_080,10,0.06973917374950973,0.0010773251204614746,0.06822659879873715,0.06890991878928988,0.06968707376505096,0.0703877416625959,0.07139898398153657
survey_year_adjusted_50000,logistic_regression,raw,ood_test,survey_weighted,hcep_090,10,0.030284494421975866,0.0006849777845181267,0.02861360653546606,0.03013075133128776,0.03039053233130989,0.030787252395355236,0.03087052234891786
survey_year_adjusted_50000,logistic_regression,raw,ood_test,survey_weighted,hcep_095,10,0.011400394319488806,0.0007039602977734276,0.010123050736032622,0.011028423936085685,0.01148719011793201,0.01194748791679206,0.012323453007426904
survey_year_adjusted_50000,logistic_regression,raw,ood_test,survey_weighted,aurc,10,0.1128434073051687,0.0005714401417486185,0.11192709467358608,0.11245459819204831,0.1131181507676231,0.11324957839017474,0.11349773173439051
survey_year_adjusted_50000,logistic_regression,raw,ood_test,survey_weighted,excess_aurc,10,0.08460647870781415,0.0005422180268538088,0.08361280406905806,0.0842778954800455,0.084837380985767,0.08501046120406501,0.08515131005782617
survey_year_adjusted_50000,logistic_regression,raw,ood_test,unweighted,prevalence,10,0.5263600000000002,1.1702778228589004e-16,0.52636,0.52636,0.52636,0.52636,0.52636
survey_year_adjusted_50000,logistic_regression,raw,ood_test,unweighted,auroc,10,0.8764986722695302,0.00033216415336512125,0.8761557594270133,0.876257292293968,0.8762954326122185,0.8767423583524615,0.8770239203030743
survey_year_adjusted_50000,logistic_regression,raw,ood_test,unweighted,average_precision,10,0.8758618967759334,0.00043631060128206524,0.8753897857213164,0.8755785391224988,0.8756915063400295,0.876067354215887,0.8767375843063185
survey_year_adjusted_50000,logistic_regression,raw,ood_test,unweighted,pr_skill,10,0.737906208884244,0.0009211861356347965,0.7369094369591175,0.7373079535564963,0.73754646216542,0.7383399928550947,0.7397550551184835
survey_year_adjusted_50000,logistic_regression,raw,ood_test,unweighted,brier,10,0.15466181202521037,0.00038396974709676527,0.15410940314295896,0.15431012433357316,0.15476131748192254,0.15495466599346375,0.15511143591941523
survey_year_adjusted_50000,logistic_regression,raw,ood_test,unweighted,log_loss,10,0.476121430541652,0.0012298658737999266,0.4741789385264173,0.4751971980043756,0.47650440512145387,0.4769166986720925,0.47755389368467016
survey_year_adjusted_50000,logistic_regression,raw,ood_test,unweighted,ece,10,0.09861159569504344,0.001321970383642047,0.09609635955983832,0.09823132226800317,0.0985012503620055,0.09950339725612863,0.10070655805073235
survey_year_adjusted_50000,logistic_regression,raw,ood_test,unweighted,calibration_intercept,10,0.6773440541381198,0.008857799530077738,0.6610075543076406,0.6751982118594235,0.6769816119512859,0.6846361649267757,0.6891898530761931
survey_year_adjusted_50000,logistic_regression,raw,ood_test,unweighted,calibration_slope,10,0.9083616381201777,0.006984067769159062,0.8989345623990246,0.9026088017646542,0.9087639684348447,0.9120430919934772,0.9194243456315859
survey_year_adjusted_50000,logistic_regression,raw,ood_test,unweighted,hcep_080,10,0.06555866666666667,0.0009476458160054295,0.06412,0.06482,0.06572666666666666,0.06632,0.06668
survey_year_adjusted_50000,logistic_regression,raw,ood_test,unweighted,hcep_090,10,0.027323999999999998,0.0006173795679030832,0.026146666666666665,0.02700333333333333,0.027213333333333332,0.027733333333333332,0.0282
survey_year_adjusted_50000,logistic_regression,raw,ood_test,unweighted,hcep_095,10,0.010152,0.000527493958774136,0.009173333333333334,0.00984,0.0101,0.010583333333333333,0.010813333333333333
survey_year_adjusted_50000,logistic_regression,raw,ood_test,unweighted,aurc,10,0.10743544699862054,0.0005040973621901837,0.106488714768177,0.10726629349183696,0.10750878263314785,0.10774349703706318,0.10818475566127803
survey_year_adjusted_50000,logistic_regression,raw,ood_test,unweighted,excess_aurc,10,0.08061729904203466,0.0004634768844986877,0.07966844410827964,0.08061218704779573,0.0806978017554078,0.08082316403506912,0.08117959872841937
unadjusted_reported_income_50000,lightgbm,isotonic,id_test,survey_weighted,prevalence,10,0.35622530997097845,0.0022285961099173988,0.35325594153366924,0.35527135551426514,0.35575865932046874,0.35751116684851947,0.36012023744815125
unadjusted_reported_income_50000,lightgbm,isotonic,id_test,survey_weighted,auroc,10,0.8867490238280565,0.0014912681370446218,0.8843866059064394,0.8857995544147552,0.886900736947094,0.8880518958275587,0.8885078328931346
unadjusted_reported_income_50000,lightgbm,isotonic,id_test,survey_weighted,average_precision,10,0.799998257236128,0.003321076192213018,0.7954169646299063,0.7986218815352916,0.7991267374057003,0.8020013907708015,0.8053015012495544
unadjusted_reported_income_50000,lightgbm,isotonic,id_test,survey_weighted,pr_skill,10,0.6893339020481777,0.004746620990067189,0.6822407164408981,0.6868698792444472,0.6890858493103866,0.6911499480043478,0.6973957875639957
unadjusted_reported_income_50000,lightgbm,isotonic,id_test,survey_weighted,brier,10,0.12977197737876023,0.0009561890009350177,0.12888188964284134,0.1290131205645701,0.12937840679063378,0.1306684960908416,0.13121454735658225
unadjusted_reported_income_50000,lightgbm,isotonic,id_test,survey_weighted,log_loss,10,0.4030106376693956,0.00275572446252242,0.3992337700885112,0.40120865047522764,0.4026836208522315,0.4039552542725872,0.408210268559042
unadjusted_reported_income_50000,lightgbm,isotonic,id_test,survey_weighted,ece,10,0.013790022225112017,0.0027973541674432135,0.01025903173982613,0.011049518551025723,0.01429263143843066,0.015688579974084155,0.017669349191060495
unadjusted_reported_income_50000,lightgbm,isotonic,id_test,survey_weighted,calibration_intercept,10,-0.01906458908522249,0.01923614108708086,-0.04020725448290356,-0.03178353653648818,-0.023759642336677326,-0.013330975916240629,0.024225467517548355
unadjusted_reported_income_50000,lightgbm,isotonic,id_test,survey_weighted,calibration_slope,10,0.9781683675838506,0.028939762135455835,0.9373068943979451,0.9606093929494721,0.9719250790237439,0.9934365227221027,1.0382462763389606
unadjusted_reported_income_50000,lightgbm,isotonic,id_test,survey_weighted,hcep_080,10,0.04036226795875934,0.005269924395099244,0.03248877552241777,0.035977319286898124,0.0414003046218529,0.04427890486929029,0.04712123507561437
unadjusted_reported_income_50000,lightgbm,isotonic,id_test,survey_weighted,hcep_090,10,0.016258724921857478,0.0042551994002234415,0.009492629245167613,0.013050756359198652,0.01759514594329339,0.019425316427477947,0.02214526433441939
unadjusted_reported_income_50000,lightgbm,isotonic,id_test,survey_weighted,hcep_095,10,0.004768846133641461,0.001938478434384411,0.001993868318933173,0.003351307542483528,0.004543705291311465,0.005961630092612159,0.008626610707334406
unadjusted_reported_income_50000,lightgbm,isotonic,id_test,survey_weighted,aurc,10,0.07052683168479279,0.000940161404183816,0.06901822459603305,0.0698174102096614,0.0705775213301155,0.07095861762088602,0.07190700570319702
unadjusted_reported_income_50000,lightgbm,isotonic,id_test,survey_weighted,excess_aurc,10,0.051818586881271736,0.0009871073811977744,0.0505075942509535,0.050980401035364595,0.05182902358023675,0.05250866069433073,0.05316494299607757
unadjusted_reported_income_50000,lightgbm,isotonic,id_test,unweighted,prevalence,10,0.38500666666666666,4.919098582483604e-05,0.38493333333333335,0.385,0.385,0.38505,0.38506666666666667
unadjusted_reported_income_50000,lightgbm,isotonic,id_test,unweighted,auroc,10,0.8860659804894189,0.001326075304507119,0.8836375618493729,0.8851737836427956,0.8861678635922206,0.8868787613719921,0.8882798061920013
unadjusted_reported_income_50000,lightgbm,isotonic,id_test,unweighted,average_precision,10,0.8146343351331128,0.002339196610732186,0.8115593149857565,0.8132716390900976,0.8138275421557598,0.8153425212941496,0.8195742882287385
unadjusted_reported_income_50000,lightgbm,isotonic,id_test,unweighted,pr_skill,10,0.6985891542934837,0.003802970699296983,0.693592382090661,0.696351956635227,0.6972805465523,0.6997520744563577,0.7066248589085178
unadjusted_reported_income_50000,lightgbm,isotonic,id_test,unweighted,brier,10,0.13316321257189828,0.0007402997852336096,0.13178350906796799,0.13278542983493258,0.13313114530897663,0.1336518173614704,0.13435810024586023
unadjusted_reported_income_50000,lightgbm,isotonic,id_test,unweighted,log_loss,10,0.4126532562500941,0.0025472675704072186,0.4079804778817488,0.4117795582811085,0.4130763440321152,0.4145218411200653,0.41560735152433703
unadjusted_reported_income_50000,lightgbm,isotonic,id_test,unweighted,ece,10,0.013385271040233643,0.0025361084452829655,0.00956963201037707,0.012142511907203515,0.012440453008399677,0.015495241488119127,0.01706056010089949
unadjusted_reported_income_50000,lightgbm,isotonic,id_test,unweighted,calibration_intercept,10,-0.02857305821514563,0.013277092991889722,-0.055342335377040336,-0.0367664447059462,-0.026889756418731467,-0.018014078247933024,-0.011144782768668537
unadjusted_reported_income_50000,lightgbm,isotonic,id_test,unweighted,calibration_slope,10,0.9834506467166702,0.027918471747113215,0.9506719244916856,0.9681677390969723,0.9723644721604547,0.9993386569649418,1.045986718972062
unadjusted_reported_income_50000,lightgbm,isotonic,id_test,unweighted,hcep_080,10,0.038553333333333335,0.005098443238557249,0.03206666666666667,0.03376666666666667,0.038733333333333335,0.04331666666666667,0.04493333333333333
unadjusted_reported_income_50000,lightgbm,isotonic,id_test,unweighted,hcep_090,10,0.014866666666666667,0.0035971181881138212,0.009666666666666667,0.0118,0.016033333333333333,0.017666666666666667,0.019933333333333334
unadjusted_reported_income_50000,lightgbm,isotonic,id_test,unweighted,hcep_095,10,0.004346666666666666,0.0014004584787194812,0.0024,0.0034000000000000002,0.0043,0.0050999999999999995,0.007066666666666666
unadjusted_reported_income_50000,lightgbm,isotonic,id_test,unweighted,aurc,10,0.07445762786953107,0.001148529645809551,0.07257652591686437,0.07380293799854656,0.07452485956751814,0.07491357332234272,0.07628728098007168
unadjusted_reported_income_50000,lightgbm,isotonic,id_test,unweighted,excess_aurc,10,0.054443505323095734,0.0010436679527549705,0.05299566030890902,0.053499303556923936,0.05467453488390789,0.05502627779151275,0.05584435976058544
unadjusted_reported_income_50000,lightgbm,isotonic,ood_test,survey_weighted,prevalence,10,0.4794467624304473,5.851389114294502e-17,0.47944676243044737,0.47944676243044737,0.47944676243044737,0.47944676243044737,0.47944676243044737
unadjusted_reported_income_50000,lightgbm,isotonic,ood_test,survey_weighted,auroc,10,0.875936573492744,0.000390292161475484,0.8753815762936964,0.8756297427105424,0.8759065520057807,0.8761741704446389,0.8766482094128698
unadjusted_reported_income_50000,lightgbm,isotonic,ood_test,survey_weighted,average_precision,10,0.8524886506487548,0.0006917760831425098,0.8515181936291354,0.8520290252086165,0.8523763411412942,0.8528811656807347,0.8537388016669989
unadjusted_reported_income_50000,lightgbm,isotonic,ood_test,survey_weighted,pr_skill,10,0.7166258151808422,0.0013289247539260455,0.7147615351234358,0.715742859496455,0.7164100648994978,0.7173798495497623,0.7190273966676488
unadjusted_reported_income_50000,lightgbm,isotonic,ood_test,survey_weighted,brier,10,0.15682237170981012,0.0009274006146490054,0.15512293884268075,0.15636505953184152,0.1567348557267669,0.1572860053152409,0.1584002039820092
unadjusted_reported_income_50000,lightgbm,isotonic,ood_test,survey_weighted,log_loss,10,0.4810656204898425,0.0028112454485108244,0.4760741614767222,0.47967954013357056,0.4812756816833418,0.4834788835923617,0.484572482563302
unadjusted_reported_income_50000,lightgbm,isotonic,ood_test,survey_weighted,ece,10,0.10150224764999624,0.0024960895193033954,0.09784391591655515,0.09945438637280146,0.10158595253032593,0.10296977940216578,0.10604007799303959
unadjusted_reported_income_50000,lightgbm,isotonic,ood_test,survey_weighted,calibration_intercept,10,0.6810304309466517,0.01535633424960185,0.6521429819789656,0.6797900378522194,0.6816972478646305,0.6860980878880565,0.7115100613787785
unadjusted_reported_income_50000,lightgbm,isotonic,ood_test,survey_weighted,calibration_slope,10,0.8952124069478824,0.02407553540376177,0.8505290639975587,0.8876813913537194,0.8919652991137201,0.898884827706586,0.9483708369193882
unadjusted_reported_income_50000,lightgbm,isotonic,ood_test,survey_weighted,hcep_080,10,0.06396016395428754,0.007698224585102412,0.05486102107217442,0.05662006758369474,0.06464630337044514,0.06956160619988565,0.07465576438754136
unadjusted_reported_income_50000,lightgbm,isotonic,ood_test,survey_weighted,hcep_090,10,0.029060351086629133,0.005062135152830052,0.022264210061335946,0.024520125635105312,0.029915731057054546,0.03316891685170059,0.03560628215536148
unadjusted_reported_income_50000,lightgbm,isotonic,ood_test,survey_weighted,hcep_095,10,0.010116574184088864,0.003986469715919376,0.004480573657462669,0.00741021317233142,0.00857467970762494,0.013651177413387684,0.01676264174802887
unadjusted_reported_income_50000,lightgbm,isotonic,ood_test,survey_weighted,aurc,10,0.10606501514769544,0.0009439659384992391,0.10453330146149822,0.10543393599458849,0.10596083792373967,0.10669870492927738,0.10779414560878284
unadjusted_reported_income_50000,lightgbm,isotonic,ood_test,survey_weighted,excess_aurc,10,0.07778885989589118,0.001385415024908545,0.07441248361448134,0.07742012210776852,0.07791433657966115,0.07883282612089279,0.07910937088337446
unadjusted_reported_income_50000,lightgbm,isotonic,ood_test,unweighted,prevalence,10,0.4984,0.0,0.4984,0.4984,0.4984,0.4984,0.4984
unadjusted_reported_income_50000,lightgbm,isotonic,ood_test,unweighted,auroc,10,0.8802813014049707,0.000303488184091717,0.879813099597251,0.8800677181156558,0.880218681883747,0.8804764191007537,0.8808334933349717
unadjusted_reported_income_50000,lightgbm,isotonic,ood_test,unweighted,average_precision,10,0.8646143470145207,0.0007046610826041522,0.863684915353881,0.8641707219587298,0.8644307524805019,0.8651224034834657,0.8657096264821007
unadjusted_reported_income_50000,lightgbm,isotonic,ood_test,unweighted,pr_skill,10,0.7300923983543074,0.0014048267197052514,0.7282394644216128,0.7292079783866222,0.7297263805432653,0.731105270102603,0.7322759698606472
unadjusted_reported_income_50000,lightgbm,isotonic,ood_test,unweighted,brier,10,0.15393609170574762,0.0008294097599395672,0.1524610013590742,0.1535039227311233,0.15387674051152717,0.15434888135099448,0.15530578389468458
unadjusted_reported_income_50000,lightgbm,isotonic,ood_test,unweighted,log_loss,10,0.4717694804379485,0.0023042272759908836,0.46778283772913926,0.47024080295733667,0.4718189338278157,0.4738710580342862,0.47456439151996516
unadjusted_reported_income_50000,lightgbm,isotonic,ood_test,unweighted,ece,10,0.0997311308229976,0.00236543868687812,0.09634509904072949,0.09794940623636778,0.09997665605523712,0.10119012085155225,0.10357424254228594
unadjusted_reported_income_50000,lightgbm,isotonic,ood_test,unweighted,calibration_intercept,10,0.6858534507900094,0.01568974084970359,0.6598128338143135,0.6837403196581153,0.6870304598337471,0.6924513803416138,0.7135506466168609
unadjusted_reported_income_50000,lightgbm,isotonic,ood_test,unweighted,calibration_slope,10,0.9126996513631201,0.02316482320253941,0.8700272621495251,0.9046084702425459,0.9120246978410544,0.9154976798861485,0.9631595587045699
unadjusted_reported_income_50000,lightgbm,isotonic,ood_test,unweighted,hcep_080,10,0.05919733333333334,0.007420238723656359,0.050333333333333334,0.05247333333333334,0.060039999999999996,0.06483,0.06905333333333333
unadjusted_reported_income_50000,lightgbm,isotonic,ood_test,unweighted,hcep_090,10,0.026138666666666664,0.0048280669137302544,0.019613333333333333,0.02189666666666667,0.026926666666666668,0.030330000000000003,0.032306666666666664
unadjusted_reported_income_50000,lightgbm,isotonic,ood_test,unweighted,hcep_095,10,0.008609333333333333,0.0033094376084088087,0.0038266666666666666,0.00631,0.0075,0.011273333333333333,0.014453333333333334
unadjusted_reported_income_50000,lightgbm,isotonic,ood_test,unweighted,aurc,10,0.10218048260252435,0.0008823158428089943,0.10089580708886894,0.10151590007449718,0.10203389088745357,0.10277277188036005,0.10372161384754305
unadjusted_reported_income_50000,lightgbm,isotonic,ood_test,unweighted,excess_aurc,10,0.07486555345234557,0.0014211896645027339,0.0713243542018768,0.07462191102557315,0.07505730093859511,0.07583219443087325,0.07620910035591992
unadjusted_reported_income_50000,lightgbm,platt,id_test,survey_weighted,prevalence,10,0.35622530997097845,0.0022285961099173988,0.35325594153366924,0.35527135551426514,0.35575865932046874,0.35751116684851947,0.36012023744815125
unadjusted_reported_income_50000,lightgbm,platt,id_test,survey_weighted,auroc,10,0.8872044232777615,0.0014739134673018388,0.8848967327433687,0.8863856412868424,0.8872903927872648,0.8885084386487857,0.8888257504192534
unadjusted_reported_income_50000,lightgbm,platt,id_test,survey_weighted,average_precision,10,0.8096430340500609,0.004093596118208331,0.8035412539678651,0.8076769238652636,0.8088866367690716,0.8120443203763247,0.8168399291941312
unadjusted_reported_income_50000,lightgbm,platt,id_test,survey_weighted,pr_skill,10,0.704316468783039,0.005998794237859495,0.6948593988980557,0.7011982898407584,0.703766505868151,0.7070511065554052,0.7153290378115673
unadjusted_reported_income_50000,lightgbm,platt,id_test,survey_weighted,brier,10,0.1295157732943957,0.0008826292026397788,0.1284047638500957,0.12888844366791355,0.1292403726862847,0.1302152674748165,0.13089368701053877
unadjusted_reported_income_50000,lightgbm,platt,id_test,survey_weighted,log_loss,10,0.40107906023304646,0.002158613564634714,0.3985228388364567,0.39937489316789454,0.40094573326033545,0.40182209810514485,0.4046569420715443
unadjusted_reported_income_50000,lightgbm,platt,id_test,survey_weighted,ece,10,0.013258992492861199,0.0025203403682760284,0.009802381602714875,0.01095158105971758,0.013860608666521224,0.014492434968714264,0.01746735029643579
unadjusted_reported_income_50000,lightgbm,platt,id_test,survey_weighted,calibration_intercept,10,-0.010481442312246302,0.019404130085618997,-0.029244781412944197,-0.02619646211346498,-0.013295590424501083,-0.00492187672015725,0.03042882281629604
unadjusted_reported_income_50000,lightgbm,platt,id_test,survey_weighted,calibration_slope,10,1.0059854837374487,0.027429243210923816,0.9630054646292553,0.9922605831055984,1.0022767723838473,1.0196566424858777,1.0598151370320845
unadjusted_reported_income_50000,lightgbm,platt,id_test,survey_weighted,hcep_080,10,0.04651164966191258,0.002850066241654896,0.04129369810991615,0.045290319940213715,0.04735530416332489,0.04847904010069952,0.049860564981800394
unadjusted_reported_income_50000,lightgbm,platt,id_test,survey_weighted,hcep_090,10,0.014376233369938787,0.002124059263760042,0.01107595035996368,0.01289531091657083,0.014666284361272514,0.015816192152288952,0.01709085056629734
unadjusted_reported_income_50000,lightgbm,platt,id_test,survey_weighted,hcep_095,10,0.004137303004389347,0.0010204945619047435,0.002666688526492217,0.003648590054966747,0.004077313090022031,0.004364909492058082,0.006145825035298663
unadjusted_reported_income_50000,lightgbm,platt,id_test,survey_weighted,aurc,10,0.07011249506260281,0.0009880211974935362,0.06882510168934516,0.06943671523911699,0.07005242178117271,0.07058444848897906,0.07164853995901974
unadjusted_reported_income_50000,lightgbm,platt,id_test,survey_weighted,excess_aurc,10,0.05143238034340575,0.0009357583539014143,0.049953407472593254,0.050588367107147564,0.05170056391830595,0.05210964006898975,0.05260353467482464
unadjusted_reported_income_50000,lightgbm,platt,id_test,unweighted,prevalence,10,0.38500666666666666,4.919098582483604e-05,0.38493333333333335,0.385,0.385,0.38505,0.38506666666666667
unadjusted_reported_income_50000,lightgbm,platt,id_test,unweighted,auroc,10,0.8865489258587148,0.0013185775584712018,0.8843621503761115,0.8857318933266941,0.8865568295289248,0.8873861185011467,0.8888892736892737
unadjusted_reported_income_50000,lightgbm,platt,id_test,unweighted,average_precision,10,0.8238974388460371,0.002920283505218807,0.8209125364919069,0.82170584855855,0.823189148740898,0.8252920671266056,0.8305125929783821
unadjusted_reported_income_50000,lightgbm,platt,id_test,unweighted,pr_skill,10,0.7136512776824087,0.004747729179864157,0.708800872344564,0.7100672181206427,0.7124871685738425,0.7159451400903402,0.7244107202900522
unadjusted_reported_income_50000,lightgbm,platt,id_test,unweighted,brier,10,0.13284603857851326,0.0007168043061376245,0.13156529410890674,0.13249712370989733,0.13280105210245247,0.13336978268528388,0.13396248128318478
unadjusted_reported_income_50000,lightgbm,platt,id_test,unweighted,log_loss,10,0.40988657391453354,0.002055131227435246,0.4065378021108054,0.4084637964438332,0.4099972665786158,0.41107805619379273,0.413361448325471
unadjusted_reported_income_50000,lightgbm,platt,id_test,unweighted,ece,10,0.011640860931012059,0.0019220371343116594,0.009229997285230586,0.010283060385093917,0.011431607706286352,0.01270823538868695,0.014910028462002846
unadjusted_reported_income_50000,lightgbm,platt,id_test,unweighted,calibration_intercept,10,-0.022258002376766707,0.014226942328321886,-0.05057007900699997,-0.03012393221852125,-0.022971458837253017,-0.009754213265072692,-0.0047139324358067315
unadjusted_reported_income_50000,lightgbm,platt,id_test,unweighted,calibration_slope,10,1.0161383498190981,0.02909922931463894,0.9711330551980434,0.9997411538659823,1.0120527556581036,1.0280254514015315,1.0775202960775512
unadjusted_reported_income_50000,lightgbm,platt,id_test,unweighted,hcep_080,10,0.04491333333333333,0.002484728665913016,0.039266666666666665,0.04428333333333333,0.0458,0.046299999999999994,0.0474
unadjusted_reported_income_50000,lightgbm,platt,id_test,unweighted,hcep_090,10,0.012879999999999999,0.001680035272998314,0.01,0.0119,0.013033333333333334,0.014083333333333333,0.015533333333333333
unadjusted_reported_income_50000,lightgbm,platt,id_test,unweighted,hcep_095,10,0.0035266666666666667,0.0006405630239518364,0.0026666666666666666,0.0030166666666666666,0.0034666666666666665,0.004016666666666667,0.0046
unadjusted_reported_income_50000,lightgbm,platt,id_test,unweighted,aurc,10,0.07390825856201562,0.0011081754493925335,0.07196274142443357,0.07326213640100879,0.07405129322339153,0.07442021620103265,0.0757058600417339
unadjusted_reported_income_50000,lightgbm,platt,id_test,unweighted,excess_aurc,10,0.0539099802599878,0.0009687135201918263,0.05259072603662974,0.052938125471950204,0.05430534707262457,0.05443130546056631,0.055233961866755076
unadjusted_reported_income_50000,lightgbm,platt,ood_test,survey_weighted,prevalence,10,0.4794467624304473,5.851389114294502e-17,0.47944676243044737,0.47944676243044737,0.47944676243044737,0.47944676243044737,0.47944676243044737
unadjusted_reported_income_50000,lightgbm,platt,ood_test,survey_weighted,auroc,10,0.8764490273489713,0.0003819087307955188,0.875901744624777,0.8761956835203046,0.8764724520147537,0.8767007239730954,0.877087649502174
unadjusted_reported_income_50000,lightgbm,platt,ood_test,survey_weighted,average_precision,10,0.8598514466122797,0.000554628180650317,0.8589288143209262,0.8596832597433018,0.8598300197706494,0.860290196642933,0.8606012543776969
unadjusted_reported_income_50000,lightgbm,platt,ood_test,survey_weighted,pr_skill,10,0.7307699899397999,0.0010654590935594943,0.7289975827684197,0.7304468973974059,0.7307288282677868,0.7316128432715782,0.7322103954762597
unadjusted_reported_income_50000,lightgbm,platt,ood_test,survey_weighted,brier,10,0.15635223715987356,0.0008391392310846385,0.15499436604059202,0.15599265329189402,0.15620360514545484,0.1570306569413144,0.1576504380314699
unadjusted_reported_income_50000,lightgbm,platt,ood_test,survey_weighted,log_loss,10,0.47838516646607526,0.0026673179395811817,0.4743606984346162,0.47760638060435173,0.47788031418556975,0.48023280890543874,0.48255437954014396
unadjusted_reported_income_50000,lightgbm,platt,ood_test,survey_weighted,ece,10,0.1014216108597322,0.002543564933042147,0.09732748283594819,0.09959352699621196,0.10138223602974714,0.10282326076002778,0.10600372411524547
unadjusted_reported_income_50000,lightgbm,platt,ood_test,survey_weighted,calibration_intercept,10,0.7031000206719371,0.016618857828579345,0.6761234894735293,0.6963436734458668,0.7040367196829664,0.7070204419898244,0.7339826757941016
unadjusted_reported_income_50000,lightgbm,platt,ood_test,survey_weighted,calibration_slope,10,0.9292467657962016,0.019306495514743796,0.8942365509730901,0.9224913926077216,0.9286182871071095,0.9366225709407878,0.9685470589648033
unadjusted_reported_income_50000,lightgbm,platt,ood_test,survey_weighted,hcep_080,10,0.07039581859803157,0.0026261298168118166,0.06482403345901762,0.06971095448746906,0.0702355176859255,0.07226325358213963,0.07430380504928494
unadjusted_reported_income_50000,lightgbm,platt,ood_test,survey_weighted,hcep_090,10,0.027692260757984127,0.0017070725043079821,0.02388109750799035,0.027053107600908868,0.027708014532982467,0.02872507074507729,0.02982564697065534
unadjusted_reported_income_50000,lightgbm,platt,ood_test,survey_weighted,hcep_095,10,0.00990147264038145,0.0008887834359680679,0.008088438192001758,0.009636590417978909,0.009946320887142581,0.010287402618852543,0.011438741008314117
unadjusted_reported_income_50000,lightgbm,platt,ood_test,survey_weighted,aurc,10,0.10668326376434507,0.0009824631815238585,0.10515354417636268,0.10612711226042612,0.1064841686950261,0.10689757754653827,0.10843071736522117
unadjusted_reported_income_50000,lightgbm,platt,ood_test,survey_weighted,excess_aurc,10,0.07899053268876928,0.0007741296305625437,0.07790600748875393,0.0783583293900754,0.07906812567146806,0.07927637811022675,0.080299754551924
unadjusted_reported_income_50000,lightgbm,platt,ood_test,unweighted,prevalence,10,0.4984,0.0,0.4984,0.4984,0.4984,0.4984,0.4984
unadjusted_reported_income_50000,lightgbm,platt,ood_test,unweighted,auroc,10,0.8807614250769926,0.0002864552368524907,0.8803649886263724,0.8805599572895182,0.8807905200949258,0.8809450006990294,0.8812389723315212
unadjusted_reported_income_50000,lightgbm,platt,ood_test,unweighted,average_precision,10,0.871461877904995,0.0004479825866413444,0.870507054841143,0.8714065430010566,0.8716182609783945,0.8717705150248499,0.8718716092059321
unadjusted_reported_income_50000,lightgbm,platt,ood_test,unweighted,pr_skill,10,0.743743775727661,0.000893107230146231,0.7418402209751653,0.7436334589335258,0.7440555442152998,0.7443590809905302,0.7445606244137402
unadjusted_reported_income_50000,lightgbm,platt,ood_test,unweighted,brier,10,0.15341156612786352,0.0007455020712898757,0.15232904656429694,0.15293462919700412,0.15327821740224384,0.15409550292663501,0.15453108781176966
unadjusted_reported_income_50000,lightgbm,platt,ood_test,unweighted,log_loss,10,0.469159507194826,0.0022977843120301476,0.4659720362347089,0.46778460999929355,0.4687700040636642,0.471012390084247,0.4728075668969826
unadjusted_reported_income_50000,lightgbm,platt,ood_test,unweighted,ece,10,0.09983896624942096,0.002475020361895302,0.09628335499895785,0.09836722756157439,0.09994183278315236,0.1010975348603335,0.10402673069943785
unadjusted_reported_income_50000,lightgbm,platt,ood_test,unweighted,calibration_intercept,10,0.7061837830116777,0.016935496734128547,0.6810077755848011,0.6993489533918686,0.7077387353492233,0.7115317227947017,0.7348277067491269
unadjusted_reported_income_50000,lightgbm,platt,ood_test,unweighted,calibration_slope,10,0.9468541560242469,0.01961809115866624,0.9112217819412218,0.9399135468293321,0.9458050397673509,0.9546418733867155,0.9860593113469945
unadjusted_reported_income_50000,lightgbm,platt,ood_test,unweighted,hcep_080,10,0.065576,0.002488855555332338,0.06029333333333333,0.06494666666666667,0.06544666666666667,0.06707666666666666,0.06970666666666667
unadjusted_reported_income_50000,lightgbm,platt,ood_test,unweighted,hcep_090,10,0.024689333333333334,0.0015399220759505987,0.02132,0.024113333333333334,0.02466,0.0257,0.026653333333333334
unadjusted_reported_income_50000,lightgbm,platt,ood_test,unweighted,hcep_095,10,0.008091999999999998,0.0007477624234844303,0.006586666666666667,0.00793,0.008033333333333333,0.008406666666666666,0.009453333333333333
unadjusted_reported_income_50000,lightgbm,platt,ood_test,unweighted,aurc,10,0.10275823522238234,0.0009586667334679532,0.10145612977734544,0.10226465299067444,0.10261007979658796,0.10295137398339452,0.10443761200683452
unadjusted_reported_income_50000,lightgbm,platt,ood_test,unweighted,excess_aurc,10,0.07600158047400958,0.0007554794292880538,0.07507567361400957,0.07534893072352637,0.07603743277968499,0.07632181702252708,0.07726715508946029
unadjusted_reported_income_50000,lightgbm,raw,id_test,survey_weighted,prevalence,10,0.35622530997097845,0.0022285961099173988,0.35325594153366924,0.35527135551426514,0.35575865932046874,0.35751116684851947,0.36012023744815125
unadjusted_reported_income_50000,lightgbm,raw,id_test,survey_weighted,auroc,10,0.8872044232777615,0.0014739134673018388,0.8848967327433687,0.8863856412868424,0.8872903927872648,0.8885084386487857,0.8888257504192534
unadjusted_reported_income_50000,lightgbm,raw,id_test,survey_weighted,average_precision,10,0.8096430340500609,0.004093596118208331,0.8035412539678651,0.8076769238652636,0.8088866367690716,0.8120443203763247,0.8168399291941312
unadjusted_reported_income_50000,lightgbm,raw,id_test,survey_weighted,pr_skill,10,0.704316468783039,0.005998794237859495,0.6948593988980557,0.7011982898407584,0.703766505868151,0.7070511065554052,0.7153290378115673
unadjusted_reported_income_50000,lightgbm,raw,id_test,survey_weighted,brier,10,0.12954061006738926,0.0008517523435917583,0.12850991450303492,0.1289174022057681,0.12928486526436117,0.130227194817948,0.1308700292116375
unadjusted_reported_income_50000,lightgbm,raw,id_test,survey_weighted,log_loss,10,0.40148707316574483,0.0020830177254853427,0.3990327623708608,0.39997344943671836,0.40144550491027764,0.4022602666989541,0.4049227062500126
unadjusted_reported_income_50000,lightgbm,raw,id_test,survey_weighted,ece,10,0.014680603750096752,0.0025362466901366733,0.010555653455563467,0.013497293934401765,0.015155288577318876,0.01637890675957631,0.01832744995755628
unadjusted_reported_income_50000,lightgbm,raw,id_test,survey_weighted,calibration_intercept,10,0.02316945286872304,0.029330233461305626,-0.012373339195319705,-0.005243326615327136,0.026477621208780174,0.046431655844431416,0.06598646959422325
unadjusted_reported_income_50000,lightgbm,raw,id_test,survey_weighted,calibration_slope,10,1.063181673019452,0.012081558087713802,1.0417160090298772,1.0548207490336872,1.0658026845258055,1.0714503455939082,1.0760267467165827
unadjusted_reported_income_50000,lightgbm,raw,id_test,survey_weighted,hcep_080,10,0.04218415220099843,0.0016760306471257796,0.039245339353289596,0.04131668929307673,0.04239902143108214,0.04290034493739134,0.04493936641235922
unadjusted_reported_income_50000,lightgbm,raw,id_test,survey_weighted,hcep_090,10,0.012367554791535848,0.0012173657743104296,0.010096086544730877,0.011616356005755495,0.01252986523318685,0.012930761267790096,0.014055660922170012
unadjusted_reported_income_50000,lightgbm,raw,id_test,survey_weighted,hcep_095,10,0.003007145404439947,0.0004895257890085537,0.002532737311325529,0.002799743393263205,0.0028598703855330174,0.003050500472102634,0.004230485474849767
unadjusted_reported_income_50000,lightgbm,raw,id_test,survey_weighted,aurc,10,0.07016743623411202,0.000963456615995717,0.0688856363254449,0.06953780757084801,0.07010647073386665,0.0706331999751135,0.07165354143418831
unadjusted_reported_income_50000,lightgbm,raw,id_test,survey_weighted,excess_aurc,10,0.051545448060484035,0.0008988050905980098,0.05019517799921444,0.05086814342733316,0.05174118754510383,0.05209706615504512,0.05288510026358005
unadjusted_reported_income_50000,lightgbm,raw,id_test,unweighted,prevalence,10,0.38500666666666666,4.919098582483604e-05,0.38493333333333335,0.385,0.385,0.38505,0.38506666666666667
unadjusted_reported_income_50000,lightgbm,raw,id_test,unweighted,auroc,10,0.8865489258587148,0.0013185775584712018,0.8843621503761115,0.8857318933266941,0.8865568295289248,0.8873861185011467,0.8888892736892737
unadjusted_reported_income_50000,lightgbm,raw,id_test,unweighted,average_precision,10,0.8238974388460371,0.002920283505218807,0.8209125364919069,0.82170584855855,0.823189148740898,0.8252920671266056,0.8305125929783821
unadjusted_reported_income_50000,lightgbm,raw,id_test,unweighted,pr_skill,10,0.7136512776824087,0.004747729179864157,0.708800872344564,0.7100672181206427,0.7124871685738425,0.7159451400903402,0.7244107202900522
unadjusted_reported_income_50000,lightgbm,raw,id_test,unweighted,brier,10,0.132870067738104,0.0006933428396441375,0.13159292917514176,0.13252361301437476,0.13282428101844393,0.13335327039916967,0.13391600078279756
unadjusted_reported_income_50000,lightgbm,raw,id_test,unweighted,log_loss,10,0.41036789569996845,0.0020321078388286433,0.4066852030843625,0.4089669549311724,0.41052073092630414,0.4115148818198082,0.4135893889427076
unadjusted_reported_income_50000,lightgbm,raw,id_test,unweighted,ece,10,0.013343041378810414,0.0017018100751890065,0.010900632549684477,0.01190347274655991,0.013746017630715068,0.014446377461349965,0.015942660451978334
unadjusted_reported_income_50000,lightgbm,raw,id_test,unweighted,calibration_intercept,10,0.01180063787262661,0.0187690557325368,-0.009266498235249079,-0.0035826125330028604,0.009580986359415105,0.02143548291900585,0.05116395956918964
unadjusted_reported_income_50000,lightgbm,raw,id_test,unweighted,calibration_slope,10,1.0738749461241022,0.012042477714700949,1.0485535240604493,1.0685055465504805,1.076408217960235,1.0815161422039106,1.0891302811671217
unadjusted_reported_income_50000,lightgbm,raw,id_test,unweighted,hcep_080,10,0.04012,0.001181252735315928,0.03726666666666666,0.03966666666666666,0.04053333333333333,0.040933333333333335,0.041133333333333334
unadjusted_reported_income_50000,lightgbm,raw,id_test,unweighted,hcep_090,10,0.010686666666666667,0.0007981769351171998,0.0094,0.010416666666666666,0.0106,0.010983333333333335,0.012266666666666667
unadjusted_reported_income_50000,lightgbm,raw,id_test,unweighted,hcep_095,10,0.0026866666666666666,0.00033414715469034644,0.002266666666666667,0.002533333333333333,0.0026,0.0028333333333333335,0.0034666666666666665
unadjusted_reported_income_50000,lightgbm,raw,id_test,unweighted,aurc,10,0.07393537815013616,0.0010796310118096196,0.07211685274108193,0.07330859697024456,0.07404388123871505,0.074394485389789,0.07577199083825492
unadjusted_reported_income_50000,lightgbm,raw,id_test,unweighted,excess_aurc,10,0.05396423469465067,0.0009155707655668958,0.05270917340601584,0.05310646217550267,0.05411054428516437,0.05444713575733191,0.055358024482747105
unadjusted_reported_income_50000,lightgbm,raw,ood_test,survey_weighted,prevalence,10,0.4794467624304473,5.851389114294502e-17,0.47944676243044737,0.47944676243044737,0.47944676243044737,0.47944676243044737,0.47944676243044737
unadjusted_reported_income_50000,lightgbm,raw,ood_test,survey_weighted,auroc,10,0.8764490273489713,0.0003819087307955188,0.875901744624777,0.8761956835203046,0.8764724520147537,0.8767007239730954,0.877087649502174
unadjusted_reported_income_50000,lightgbm,raw,ood_test,survey_weighted,average_precision,10,0.8598514466122797,0.000554628180650317,0.8589288143209262,0.8596832597433018,0.8598300197706494,0.860290196642933,0.8606012543776969
unadjusted_reported_income_50000,lightgbm,raw,ood_test,survey_weighted,pr_skill,10,0.7307699899397999,0.0010654590935594943,0.7289975827684197,0.7304468973974059,0.7307288282677868,0.7316128432715782,0.7322103954762597
unadjusted_reported_income_50000,lightgbm,raw,ood_test,survey_weighted,brier,10,0.1568673982464453,0.00041260695546746273,0.15636016156252328,0.15650411687052612,0.15681325927518333,0.15729538195236661,0.1573654145263212
unadjusted_reported_income_50000,lightgbm,raw,ood_test,survey_weighted,log_loss,10,0.47831056805694755,0.0013078434807544527,0.47569968175470323,0.4775268081026476,0.47841843196115025,0.47937632308229283,0.47991509294885876
unadjusted_reported_income_50000,lightgbm,raw,ood_test,survey_weighted,ece,10,0.10426443604733697,0.0013578210150185974,0.10196561318551958,0.10373210572510795,0.10434832761872762,0.10538785721641633,0.10610792282710972
unadjusted_reported_income_50000,lightgbm,raw,ood_test,survey_weighted,calibration_intercept,10,0.7342935116455113,0.008935649778703706,0.7177227481430151,0.7312182827017674,0.7356778087584075,0.740752999932879,0.7451584561769683
unadjusted_reported_income_50000,lightgbm,raw,ood_test,survey_weighted,calibration_slope,10,0.9821909156864181,0.008425851867976565,0.9727292150217418,0.9767461702801356,0.979963611962086,0.9832057632963029,0.9991869018905083
unadjusted_reported_income_50000,lightgbm,raw,ood_test,survey_weighted,hcep_080,10,0.0661077910794374,0.0013365908892573612,0.06331529692802638,0.06553126542947854,0.06639097143653047,0.06696773464341393,0.06784588256961074
unadjusted_reported_income_50000,lightgbm,raw,ood_test,survey_weighted,hcep_090,10,0.024527089803894262,0.0009304299187139535,0.022213447897452426,0.024508279046366484,0.024622337627654027,0.02506509997458141,0.025522740886784995
unadjusted_reported_income_50000,lightgbm,raw,ood_test,survey_weighted,hcep_095,10,0.007900305610731972,0.0004475067105948155,0.0070666933563955266,0.007601196436696143,0.00795659409886094,0.008196964197545838,0.008482157536999803
unadjusted_reported_income_50000,lightgbm,raw,ood_test,survey_weighted,aurc,10,0.10815278110804147,0.0005839686180915935,0.10690879549239671,0.10788197227850815,0.10824767357167481,0.10854322768618771,0.10890069670632813
unadjusted_reported_income_50000,lightgbm,raw,ood_test,survey_weighted,excess_aurc,10,0.07996491947746068,0.0006530089711416204,0.07831912394939333,0.07988517855474768,0.07994895015034764,0.08027577597044608,0.08081289113779178
unadjusted_reported_income_50000,lightgbm,raw,ood_test,unweighted,prevalence,10,0.4984,0.0,0.4984,0.4984,0.4984,0.4984,0.4984
unadjusted_reported_income_50000,lightgbm,raw,ood_test,unweighted,auroc,10,0.8807614250769926,0.0002864552368524907,0.8803649886263724,0.8805599572895182,0.8807905200949258,0.8809450006990294,0.8812389723315212
unadjusted_reported_income_50000,lightgbm,raw,ood_test,unweighted,average_precision,10,0.871461877904995,0.0004479825866413444,0.870507054841143,0.8714065430010566,0.8716182609783945,0.8717705150248499,0.8718716092059321
unadjusted_reported_income_50000,lightgbm,raw,ood_test,unweighted,pr_skill,10,0.743743775727661,0.000893107230146231,0.7418402209751653,0.7436334589335258,0.7440555442152998,0.7443590809905302,0.7445606244137402
unadjusted_reported_income_50000,lightgbm,raw,ood_test,unweighted,brier,10,0.15406358864728348,0.00032252219831538993,0.15363266593702124,0.15381614169275315,0.15398193012215383,0.1543540852951581,0.1545252808211316
unadjusted_reported_income_50000,lightgbm,raw,ood_test,unweighted,log_loss,10,0.4698025023671625,0.0011023676073792926,0.4674973316423296,0.4692950929495278,0.4697776124409391,0.4706752387324154,0.47116805359553005
unadjusted_reported_income_50000,lightgbm,raw,ood_test,unweighted,ece,10,0.10326242681512929,0.001221060410095442,0.10134493475223773,0.10290823557256125,0.10322088157492285,0.10417711485848909,0.10515867230743059
unadjusted_reported_income_50000,lightgbm,raw,ood_test,unweighted,calibration_intercept,10,0.737958179895221,0.008165359609873768,0.7236861355325366,0.7344679497663298,0.7380907875434358,0.7443602385413569,0.7493151432945206
unadjusted_reported_income_50000,lightgbm,raw,ood_test,unweighted,calibration_slope,10,1.000801703591369,0.00848433889977399,0.9903170847931093,0.9964997420126231,0.9978834934365263,1.0019175852043185,1.0181655720001956
unadjusted_reported_income_50000,lightgbm,raw,ood_test,unweighted,hcep_080,10,0.061277333333333336,0.0010947921613453442,0.05872,0.061016666666666663,0.0615,0.06188,0.06274666666666667
unadjusted_reported_income_50000,lightgbm,raw,ood_test,unweighted,hcep_090,10,0.02160533333333333,0.000782025227719748,0.019746666666666666,0.02155,0.02166,0.022176666666666667,0.022386666666666666
unadjusted_reported_income_50000,lightgbm,raw,ood_test,unweighted,hcep_095,10,0.006429333333333334,0.00039875361370706657,0.00556,0.006229999999999999,0.00648,0.006716666666666667,0.00696
unadjusted_reported_income_50000,lightgbm,raw,ood_test,unweighted,aurc,10,0.10430426960355496,0.0005612447079247908,0.1030369956701877,0.10410659767393607,0.10431851863593974,0.1046793236146346,0.10504534205037985
unadjusted_reported_income_50000,lightgbm,raw,ood_test,unweighted,excess_aurc,10,0.07709738418273349,0.0006276524374591581,0.07559887639121136,0.07697827920968736,0.07709971144458208,0.07741412829990413,0.07802671184515887
unadjusted_reported_income_50000,logistic_regression,isotonic,id_test,survey_weighted,prevalence,10,0.35622530997097845,0.0022285961099173988,0.35325594153366924,0.35527135551426514,0.35575865932046874,0.35751116684851947,0.36012023744815125
unadjusted_reported_income_50000,logistic_regression,isotonic,id_test,survey_weighted,auroc,10,0.8827614800849231,0.0023918687674213757,0.8791409473057067,0.8809994278057182,0.8822969853690245,0.8848202213336489,0.8863306647973731
unadjusted_reported_income_50000,logistic_regression,isotonic,id_test,survey_weighted,average_precision,10,0.7872805401253224,0.00504606846690268,0.7813417058886591,0.7837317992051918,0.7849603038711148,0.7920281486962903,0.7955131998858719
unadjusted_reported_income_50000,logistic_regression,isotonic,id_test,survey_weighted,pr_skill,10,0.6695711266024114,0.007916306422705724,0.6608050550482429,0.6643601139586923,0.6666527624087055,0.6757119705819192,0.6837466096786545
unadjusted_reported_income_50000,logistic_regression,isotonic,id_test,survey_weighted,brier,10,0.1319738270367837,0.001542529531765724,0.12967739819830737,0.13087135288054083,0.1319382116834552,0.13290946602424503,0.13447794957130757
unadjusted_reported_income_50000,logistic_regression,isotonic,id_test,survey_weighted,log_loss,10,0.41058855423245816,0.003618861762126202,0.40554994191326216,0.40774656202580356,0.410722180351617,0.4128611272057633,0.41667820457944726
unadjusted_reported_income_50000,logistic_regression,isotonic,id_test,survey_weighted,ece,10,0.01562981798490439,0.00291715403553274,0.011033554285598775,0.014099346731369845,0.015739252686385638,0.01753072840542613,0.020683932308170474
unadjusted_reported_income_50000,logistic_regression,isotonic,id_test,survey_weighted,calibration_intercept,10,-0.015832464792726916,0.016682635386325258,-0.03386446859833901,-0.02698937386899332,-0.020076134427867414,-0.009634237082894164,0.022725576304965755
unadjusted_reported_income_50000,logistic_regression,isotonic,id_test,survey_weighted,calibration_slope,10,0.97470127859931,0.03452226025882586,0.928502248103799,0.9583957903940012,0.9675478024856652,0.983426489315331,1.0542264223898645
unadjusted_reported_income_50000,logistic_regression,isotonic,id_test,survey_weighted,hcep_080,10,0.046332101640897266,0.005120798205774236,0.03985109991678366,0.04248819640387629,0.04557118099770156,0.04933110489115925,0.054139190139762414
unadjusted_reported_income_50000,logistic_regression,isotonic,id_test,survey_weighted,hcep_090,10,0.01644775321094638,0.0033294526337712734,0.011268191163109832,0.014807820736651923,0.01574702399294062,0.019368933942634912,0.02107695579058029
unadjusted_reported_income_50000,logistic_regression,isotonic,id_test,survey_weighted,hcep_095,10,0.005313992848579701,0.0021782219413382163,0.0024094030406023193,0.0038770544958962143,0.005152145933840634,0.005975710687681659,0.009448939409240567
unadjusted_reported_income_50000,logistic_regression,isotonic,id_test,survey_weighted,aurc,10,0.07450865446260072,0.0014793854351569365,0.07253295349526957,0.07344923742985487,0.07449167339363062,0.07549062935206072,0.07664263917507061
unadjusted_reported_income_50000,logistic_regression,isotonic,id_test,survey_weighted,excess_aurc,10,0.05510222224179423,0.0009065457469866698,0.053777402311708924,0.054411027289707495,0.05518103638647616,0.05571889222824096,0.056454216144484703
unadjusted_reported_income_50000,logistic_regression,isotonic,id_test,unweighted,prevalence,10,0.38500666666666666,4.919098582483604e-05,0.38493333333333335,0.385,0.385,0.38505,0.38506666666666667
unadjusted_reported_income_50000,logistic_regression,isotonic,id_test,unweighted,auroc,10,0.8815245635984089,0.0018296532895919792,0.8781035238976728,0.8809393326929154,0.8817208679853946,0.882554733805242,0.8846219594317155
unadjusted_reported_income_50000,logistic_regression,isotonic,id_test,unweighted,average_precision,10,0.8020654646326886,0.004249641510809554,0.7972128276060642,0.7989973517155504,0.8014617198126308,0.8024243326367531,0.8097850229257403
unadjusted_reported_income_50000,logistic_regression,isotonic,id_test,unweighted,pr_skill,10,0.6781516798144727,0.0069130121867600185,0.6702290128025762,0.6731576261184985,0.6771735281506193,0.6787561306548853,0.6907073543507972
unadjusted_reported_income_50000,logistic_regression,isotonic,id_test,unweighted,brier,10,0.13564933765273055,0.0010719825272265254,0.13394763734747375,0.13498053889318046,0.1355040299469445,0.13608225108594366,0.13772356257399884
unadjusted_reported_income_50000,logistic_regression,isotonic,id_test,unweighted,log_loss,10,0.42076168856779345,0.002761833669510419,0.4155802779951749,0.41895771738549553,0.42111827628138354,0.42287161743984647,0.4244534267880841
unadjusted_reported_income_50000,logistic_regression,isotonic,id_test,unweighted,ece,10,0.013663583591332587,0.001921256719510496,0.010623287699265772,0.012479340803256,0.013416267967798486,0.015514088462716184,0.01599420860419896
unadjusted_reported_income_50000,logistic_regression,isotonic,id_test,unweighted,calibration_intercept,10,-0.03340454177897791,0.009815064559389918,-0.052342042270767906,-0.038692885181886315,-0.0320474355759177,-0.029829859306292644,-0.01861766832855561
unadjusted_reported_income_50000,logistic_regression,isotonic,id_test,unweighted,calibration_slope,10,0.9851255305681301,0.03460486637908248,0.9388546717834093,0.9666749454294807,0.9773649339741429,0.9926200612085384,1.066174619097223
unadjusted_reported_income_50000,logistic_regression,isotonic,id_test,unweighted,hcep_080,10,0.04492666666666666,0.005898436704378167,0.037,0.04035,0.0442,0.0495,0.053533333333333336
unadjusted_reported_income_50000,logistic_regression,isotonic,id_test,unweighted,hcep_090,10,0.014766666666666668,0.0030899678371413353,0.009866666666666666,0.014016666666666667,0.014066666666666667,0.017016666666666666,0.0196
unadjusted_reported_income_50000,logistic_regression,isotonic,id_test,unweighted,hcep_095,10,0.004506666666666667,0.0017130436417437,0.002266666666666667,0.00335,0.004166666666666667,0.005816666666666666,0.007533333333333334
unadjusted_reported_income_50000,logistic_regression,isotonic,id_test,unweighted,aurc,10,0.07891565944447657,0.001347788621244615,0.07622061285599782,0.07813771489809898,0.07901789972872571,0.07990802564356474,0.08088661040049838
unadjusted_reported_income_50000,logistic_regression,isotonic,id_test,unweighted,excess_aurc,10,0.05826340053879384,0.0010049864346770563,0.05633833123145004,0.057794053028126215,0.05793392867427592,0.05920756249941476,0.05960518911891804
unadjusted_reported_income_50000,logistic_regression,isotonic,ood_test,survey_weighted,prevalence,10,0.4794467624304473,5.851389114294502e-17,0.47944676243044737,0.47944676243044737,0.47944676243044737,0.47944676243044737,0.47944676243044737
unadjusted_reported_income_50000,logistic_regression,isotonic,ood_test,survey_weighted,auroc,10,0.8720099149176808,0.0002496502706849325,0.8714890403973465,0.8719307625705411,0.8719888706852852,0.8721953372325477,0.8723727319369313
unadjusted_reported_income_50000,logistic_regression,isotonic,ood_test,survey_weighted,average_precision,10,0.8445600347646318,0.0007692524075541877,0.8432658604419183,0.8442327008434728,0.8446315454995946,0.8449371320955374,0.8460406492158679
unadjusted_reported_income_50000,logistic_regression,isotonic,ood_test,survey_weighted,pr_skill,10,0.7013946816254324,0.0014777593376343247,0.6989085299135422,0.700765862327934,0.7015320561143448,0.7021190980802531,0.704238990995496
unadjusted_reported_income_50000,logistic_regression,isotonic,ood_test,survey_weighted,brier,10,0.15776764896485723,0.0005498003028200807,0.1569208405303009,0.1574696402597158,0.15779622166865429,0.15815144253065694,0.15848645819410234
unadjusted_reported_income_50000,logistic_regression,isotonic,ood_test,survey_weighted,log_loss,10,0.48651751741465,0.0026225473151157493,0.4820686756804185,0.48497946979640216,0.48707018509922523,0.48762726724771954,0.49089441853219246
unadjusted_reported_income_50000,logistic_regression,isotonic,ood_test,survey_weighted,ece,10,0.09912793604753493,0.0016121771902773744,0.09679671802374358,0.09767621271328997,0.0995167800922328,0.10000393048182879,0.10193976675230697
unadjusted_reported_income_50000,logistic_regression,isotonic,ood_test,survey_weighted,calibration_intercept,10,0.659240633110661,0.009350581333689498,0.6481164429780335,0.6525728707829479,0.6600677853753767,0.661163644941364,0.6810516925990127
unadjusted_reported_income_50000,logistic_regression,isotonic,ood_test,survey_weighted,calibration_slope,10,0.8960081424160282,0.030627367843385427,0.8489979196169078,0.8879415892708344,0.8919213128988301,0.9059262617613337,0.9638333267614332
unadjusted_reported_income_50000,logistic_regression,isotonic,ood_test,survey_weighted,hcep_080,10,0.06760880075888184,0.009204888236324127,0.05487452430788728,0.060867616652640386,0.06692641224153337,0.07506964481363847,0.08121746173426807
unadjusted_reported_income_50000,logistic_regression,isotonic,ood_test,survey_weighted,hcep_090,10,0.029188269239016396,0.0032430978297619257,0.02325232183762034,0.026793201570926434,0.029787450317782398,0.03163136091485922,0.03339612754706346
unadjusted_reported_income_50000,logistic_regression,isotonic,ood_test,survey_weighted,hcep_095,10,0.011075228901725577,0.003549591557128198,0.006906404947285494,0.009153193333952649,0.009748711034881733,0.011757504892109772,0.01823887048934101
unadjusted_reported_income_50000,logistic_regression,isotonic,ood_test,survey_weighted,aurc,10,0.11043307332494293,0.0006852982802345036,0.10955237739785911,0.11005072199096856,0.1103968326810941,0.11066057858192688,0.11191023510832471
unadjusted_reported_income_50000,logistic_regression,isotonic,ood_test,survey_weighted,excess_aurc,10,0.08240571881146146,0.001160348472158304,0.0806476358888187,0.08175494885399792,0.0822209446324155,0.0832853283116742,0.08428084293222907
unadjusted_reported_income_50000,logistic_regression,isotonic,ood_test,unweighted,prevalence,10,0.4984,0.0,0.4984,0.4984,0.4984,0.4984,0.4984
unadjusted_reported_income_50000,logistic_regression,isotonic,ood_test,unweighted,auroc,10,0.8760870505269528,0.0002791295959999291,0.8755634230138962,0.87597909971487,0.8761144039448298,0.8761381232099371,0.8764968647501172
unadjusted_reported_income_50000,logistic_regression,isotonic,ood_test,unweighted,average_precision,10,0.85741245386016,0.0007655862427984132,0.8559844665885918,0.8572136427847474,0.8575794866514433,0.8578250004364802,0.8586145454223688
unadjusted_reported_income_50000,logistic_regression,isotonic,ood_test,unweighted,pr_skill,10,0.71573455713748,0.0015262883628357614,0.7128876925609884,0.7153382033188744,0.7160675571201023,0.7165570184140356,0.7181310714162057
unadjusted_reported_income_50000,logistic_regression,isotonic,ood_test,unweighted,brier,10,0.15473411793501635,0.0005173159197737375,0.15383901436902622,0.15452786938998597,0.15471235173759362,0.15514890677845983,0.15549566036933654
unadjusted_reported_income_50000,logistic_regression,isotonic,ood_test,unweighted,log_loss,10,0.4778286119773589,0.002392546317451724,0.4745426910636506,0.4761457829608361,0.4778699058550252,0.4789978445476697,0.48184933504946764
unadjusted_reported_income_50000,logistic_regression,isotonic,ood_test,unweighted,ece,10,0.09660758672879727,0.0014719147969836578,0.09453017790873333,0.09553403592693248,0.09656691667487119,0.09763514118813918,0.09915157866545359
unadjusted_reported_income_50000,logistic_regression,isotonic,ood_test,unweighted,calibration_intercept,10,0.6557251235047186,0.008703389858190401,0.6428703122391797,0.6491904602296175,0.6566038755907939,0.6592965793567309,0.6733985694619138
unadjusted_reported_income_50000,logistic_regression,isotonic,ood_test,unweighted,calibration_slope,10,0.9063394700567647,0.029383752372628698,0.8599498841017781,0.8994797287845561,0.9060202603354143,0.9161329943128113,0.9689641119346684
unadjusted_reported_income_50000,logistic_regression,isotonic,ood_test,unweighted,hcep_080,10,0.06341733333333333,0.008695612175753419,0.051346666666666665,0.057056666666666665,0.06277333333333333,0.07029666666666667,0.07658666666666666
unadjusted_reported_income_50000,logistic_regression,isotonic,ood_test,unweighted,hcep_090,10,0.026412,0.0030585234878820083,0.020586666666666666,0.024146666666666667,0.026926666666666668,0.028963333333333334,0.029946666666666667
unadjusted_reported_income_50000,logistic_regression,isotonic,ood_test,unweighted,hcep_095,10,0.009753333333333333,0.0031611546569935644,0.006093333333333333,0.007893333333333334,0.008806666666666668,0.010236666666666666,0.015986666666666666
unadjusted_reported_income_50000,logistic_regression,isotonic,ood_test,unweighted,aurc,10,0.10662191616230923,0.0008511323661670808,0.10551226677071839,0.10601498451912209,0.10673628299541672,0.10699482954791341,0.10833603455248605
unadjusted_reported_income_50000,logistic_regression,isotonic,ood_test,unweighted,excess_aurc,10,0.07969756268685194,0.0012603804622490504,0.07755472109209026,0.07882908735827644,0.07962861040827666,0.08070679256755366,0.08143019626379155
unadjusted_reported_income_50000,logistic_regression,platt,id_test,survey_weighted,prevalence,10,0.35622530997097845,0.0022285961099173988,0.35325594153366924,0.35527135551426514,0.35575865932046874,0.35751116684851947,0.36012023744815125
unadjusted_reported_income_50000,logistic_regression,platt,id_test,survey_weighted,auroc,10,0.8833398341568023,0.002312375775350192,0.8798852885319627,0.8815574282502066,0.8828734956473616,0.8855025712243807,0.8866236088932057
unadjusted_reported_income_50000,logistic_regression,platt,id_test,survey_weighted,average_precision,10,0.7974212279616093,0.004599564327311456,0.7922747788019755,0.793546827871027,0.7963399039483694,0.8012299192515714,0.805137275735431
unadjusted_reported_income_50000,logistic_regression,platt,id_test,survey_weighted,pr_skill,10,0.6853249119502913,0.007150015734736085,0.6768869361891486,0.6790272002799271,0.6845887612009112,0.6909181320251211,0.6960139350411405
unadjusted_reported_income_50000,logistic_regression,platt,id_test,survey_weighted,brier,10,0.13154145986545013,0.0014440501081941005,0.129285469900359,0.1305374778214431,0.1315923211857014,0.1323826851697527,0.133765700504694
unadjusted_reported_income_50000,logistic_regression,platt,id_test,survey_weighted,log_loss,10,0.40846954013340453,0.0036101674168761717,0.4021425540860139,0.40555785415248846,0.4092564949842052,0.41135586073372377,0.41311518568862166
unadjusted_reported_income_50000,logistic_regression,platt,id_test,survey_weighted,ece,10,0.012640240018336432,0.0029570789505562454,0.008173566335761499,0.010779713668249279,0.013386550240785689,0.014858504402475728,0.016311598850289023
unadjusted_reported_income_50000,logistic_regression,platt,id_test,survey_weighted,calibration_intercept,10,-0.008745226366266623,0.017073744887290368,-0.02436899867105189,-0.02226469074882992,-0.013540561238896682,-8.955043126691181e-05,0.029473974866470222
unadjusted_reported_income_50000,logistic_regression,platt,id_test,survey_weighted,calibration_slope,10,1.000917877655889,0.03518757806695431,0.9524229323619726,0.9816166358959393,0.9944403922758533,1.0084315581032508,1.0812777195567214
unadjusted_reported_income_50000,logistic_regression,platt,id_test,survey_weighted,hcep_080,10,0.0451201447037558,0.0028934625390707536,0.03870276280674409,0.044663219175059214,0.04564319957408439,0.046740815944821025,0.0488405293288969
unadjusted_reported_income_50000,logistic_regression,platt,id_test,survey_weighted,hcep_090,10,0.01596030527336447,0.0020217614955525,0.011383423912531932,0.015552498344270254,0.01604008916083783,0.016853836142895512,0.019327547133359636
unadjusted_reported_income_50000,logistic_regression,platt,id_test,survey_weighted,hcep_095,10,0.005205111121220609,0.0009926894785470593,0.003896756656018042,0.0046678624900753345,0.004898769788144911,0.00564876011290843,0.007418521401559226
unadjusted_reported_income_50000,logistic_regression,platt,id_test,survey_weighted,aurc,10,0.07395481051809938,0.0016154640299763155,0.07115790624357118,0.0729018247522401,0.07424352059075638,0.07537438378574328,0.07592256852771787
unadjusted_reported_income_50000,logistic_regression,platt,id_test,survey_weighted,excess_aurc,10,0.05470240560761599,0.0012696675335009332,0.05217636004017864,0.05408289736231821,0.05489489883159346,0.05546173356347823,0.056422686364333736
unadjusted_reported_income_50000,logistic_regression,platt,id_test,unweighted,prevalence,10,0.38500666666666666,4.919098582483604e-05,0.38493333333333335,0.385,0.385,0.38505,0.38506666666666667
unadjusted_reported_income_50000,logistic_regression,platt,id_test,unweighted,auroc,10,0.8821346442218436,0.0017798085203221158,0.87884102586472,0.881686214758758,0.8823776753254453,0.8830054130077136,0.8852516054857519
unadjusted_reported_income_50000,logistic_regression,platt,id_test,unweighted,average_precision,10,0.8121337125968336,0.0035601353288283533,0.8075089413069649,0.8092223245900207,0.8118484868767524,0.8150925340334119,0.8179846872842875
unadjusted_reported_income_50000,logistic_regression,platt,id_test,unweighted,pr_skill,10,0.6945229532255206,0.0057944588228205345,0.6870064086292113,0.6898093003680608,0.6940625802874023,0.6993535487265707,0.7040401419256708
unadjusted_reported_income_50000,logistic_regression,platt,id_test,unweighted,brier,10,0.13520182592974123,0.0010091777236781027,0.13358007338380082,0.1346707794994313,0.13506142231743024,0.13547250976416447,0.13713854816784224
unadjusted_reported_income_50000,logistic_regression,platt,id_test,unweighted,log_loss,10,0.41809602443248195,0.002687679943196577,0.41379972692155276,0.41652068681656945,0.4176642209292629,0.4189653215461045,0.42301091135818353
unadjusted_reported_income_50000,logistic_regression,platt,id_test,unweighted,ece,10,0.011310699271217342,0.002461595029265945,0.006599974627907185,0.009552573355791325,0.011930343500281798,0.013065248530499833,0.014360730262746398
unadjusted_reported_income_50000,logistic_regression,platt,id_test,unweighted,calibration_intercept,10,-0.027843654781627918,0.01015157263248027,-0.045308788706869565,-0.032273857777042586,-0.026512652618156475,-0.0251255950421207,-0.012157882105992437
unadjusted_reported_income_50000,logistic_regression,platt,id_test,unweighted,calibration_slope,10,1.0117184760925204,0.0363120125614258,0.9624086317627045,0.9896807560855879,1.0076805760876892,1.02468813342394,1.09668510213043
unadjusted_reported_income_50000,logistic_regression,platt,id_test,unweighted,hcep_080,10,0.04358,0.002886845431125449,0.03673333333333333,0.042833333333333334,0.043533333333333334,0.04583333333333333,0.0466
unadjusted_reported_income_50000,logistic_regression,platt,id_test,unweighted,hcep_090,10,0.01441333333333333,0.0018445247639807582,0.010133333333333333,0.01385,0.014433333333333333,0.0154,0.017133333333333334
unadjusted_reported_income_50000,logistic_regression,platt,id_test,unweighted,hcep_095,10,0.0045066666666666675,0.0006785605679999719,0.0034,0.004216666666666666,0.004399999999999999,0.004716666666666667,0.006066666666666666
unadjusted_reported_income_50000,logistic_regression,platt,id_test,unweighted,aurc,10,0.07830119366680707,0.0014031585836858176,0.0757634215090403,0.07755986832490974,0.07821328265394506,0.0790708465732001,0.08055361747907211
unadjusted_reported_income_50000,logistic_regression,platt,id_test,unweighted,excess_aurc,10,0.05776532858078326,0.0010705437056756461,0.05582402420087881,0.05724726898244598,0.05750799780680184,0.05877042322242167,0.05908167270939593
unadjusted_reported_income_50000,logistic_regression,platt,ood_test,survey_weighted,prevalence,10,0.4794467624304473,5.851389114294502e-17,0.47944676243044737,0.47944676243044737,0.47944676243044737,0.47944676243044737,0.47944676243044737
unadjusted_reported_income_50000,logistic_regression,platt,ood_test,survey_weighted,auroc,10,0.8725520200410634,0.00026835563962293596,0.8722294503254011,0.8724035683960315,0.872548389027772,0.8726720106249618,0.87313519598273
unadjusted_reported_income_50000,logistic_regression,platt,ood_test,survey_weighted,average_precision,10,0.8523366527894496,0.0004496028420325906,0.8519111628773189,0.8519542176653127,0.8522199671106045,0.8526126347805921,0.8532485437173547
unadjusted_reported_income_50000,logistic_regression,platt,ood_test,survey_weighted,pr_skill,10,0.7163338222618953,0.0008637019416722412,0.7155164420567176,0.7155991517295932,0.7161096652104675,0.7168639928020523,0.7180855949185458
unadjusted_reported_income_50000,logistic_regression,platt,ood_test,survey_weighted,brier,10,0.15771035575456235,0.0005350383451295987,0.15698270012981497,0.15720089290919953,0.15785622619788042,0.15810538624887657,0.15835646730583985
unadjusted_reported_income_50000,logistic_regression,platt,ood_test,survey_weighted,log_loss,10,0.48333940316652135,0.001992343925974241,0.4794616530196285,0.4823062739619816,0.48344437777750726,0.4848375326960817,0.4859786962892303
unadjusted_reported_income_50000,logistic_regression,platt,ood_test,survey_weighted,ece,10,0.0992672317593296,0.0015911773505615796,0.09684958192167575,0.09794928849358496,0.09948112755209015,0.10038413128996734,0.10198185311765608
unadjusted_reported_income_50000,logistic_regression,platt,ood_test,survey_weighted,calibration_intercept,10,0.6722536567529009,0.009201957648090411,0.6625230613235139,0.6656497789197097,0.671976523432084,0.6738641598929046,0.6932904297070467
unadjusted_reported_income_50000,logistic_regression,platt,ood_test,survey_weighted,calibration_slope,10,0.9299336625816215,0.02375743786530054,0.898117999190516,0.9211359361565533,0.9298065924410568,0.9370130982668714,0.9846385043847737
unadjusted_reported_income_50000,logistic_regression,platt,ood_test,survey_weighted,hcep_080,10,0.06765409911350007,0.0025000561506473545,0.062492599789224494,0.06701280794410361,0.06753699605267913,0.06791574305993074,0.07159478089937302
unadjusted_reported_income_50000,logistic_regression,platt,ood_test,survey_weighted,hcep_090,10,0.027948347122679275,0.0019284311245234198,0.0233868540749077,0.027567793432501264,0.02800139733483636,0.02844394087933321,0.03051593738149504
unadjusted_reported_income_50000,logistic_regression,platt,ood_test,survey_weighted,hcep_095,10,0.010375673770827334,0.001111347804456695,0.007975661167807336,0.00999877095549021,0.01017993936797105,0.011066089211627337,0.011852590176921144
unadjusted_reported_income_50000,logistic_regression,platt,ood_test,survey_weighted,aurc,10,0.11026787122937436,0.0005120801359570848,0.10939912283740008,0.11000634085171483,0.11025763644345435,0.11039669517203854,0.11137988295698047
unadjusted_reported_income_50000,logistic_regression,platt,ood_test,survey_weighted,excess_aurc,10,0.08213478901472879,0.00043647254420675364,0.08127384322424405,0.08205438156936028,0.08210906329815892,0.08220491613721415,0.08303875204411493
unadjusted_reported_income_50000,logistic_regression,platt,ood_test,unweighted,prevalence,10,0.4984,0.0,0.4984,0.4984,0.4984,0.4984,0.4984
unadjusted_reported_income_50000,logistic_regression,platt,ood_test,unweighted,auroc,10,0.8766465059624433,0.00029863089002384133,0.8762902617456138,0.8764416558292223,0.8765447589294426,0.876796111014399,0.8771662237821316
unadjusted_reported_income_50000,logistic_regression,platt,ood_test,unweighted,average_precision,10,0.8646390813804633,0.0004602951214524214,0.8640933463473014,0.8642997762465116,0.8644893764738543,0.8649439372512242,0.8654394402520077
unadjusted_reported_income_50000,logistic_regression,platt,ood_test,unweighted,pr_skill,10,0.7301417092911943,0.0009176537509019497,0.7290537207880808,0.729465263649345,0.7298432545332022,0.7307494761786766,0.7317373210765703
unadjusted_reported_income_50000,logistic_regression,platt,ood_test,unweighted,brier,10,0.15464495018396557,0.000515818972558948,0.15394150461685735,0.1541728441140952,0.1547093886576929,0.15501380445577606,0.15533932402015949
unadjusted_reported_income_50000,logistic_regression,platt,ood_test,unweighted,log_loss,10,0.4744495084523792,0.0017660998472034085,0.4714106774601063,0.47325876897780345,0.47427407073204064,0.47583100750557916,0.4771194040793481
unadjusted_reported_income_50000,logistic_regression,platt,ood_test,unweighted,ece,10,0.09679337466269025,0.0014203938402810336,0.09497262796202033,0.09590027610174114,0.09663395407205395,0.09778306250545099,0.09936577287157615
unadjusted_reported_income_50000,logistic_regression,platt,ood_test,unweighted,calibration_intercept,10,0.6674337015527734,0.008986912123951335,0.6547841256001269,0.6618933104333902,0.6656840393917964,0.6694546224514549,0.6863808207205505
unadjusted_reported_income_50000,logistic_regression,platt,ood_test,unweighted,calibration_slope,10,0.9404814852938047,0.023948263269375162,0.9071015712102867,0.9330313441012675,0.9403572871411343,0.9480221749636373,0.9937762989359081
unadjusted_reported_income_50000,logistic_regression,platt,ood_test,unweighted,hcep_080,10,0.063248,0.002544305284889383,0.05809333333333333,0.06251,0.06288666666666667,0.06348999999999999,0.06733333333333333
unadjusted_reported_income_50000,logistic_regression,platt,ood_test,unweighted,hcep_090,10,0.025324000000000003,0.0018414170603433262,0.021173333333333332,0.02493333333333333,0.025233333333333333,0.025736666666666665,0.027813333333333332
unadjusted_reported_income_50000,logistic_regression,platt,ood_test,unweighted,hcep_095,10,0.009227999999999998,0.0009166002669554028,0.00732,0.008903333333333333,0.009139999999999999,0.009600000000000001,0.010586666666666666
unadjusted_reported_income_50000,logistic_regression,platt,ood_test,unweighted,aurc,10,0.10631536235766652,0.0004651251759804614,0.10566850917902175,0.10603331875040511,0.10629599352231921,0.10648560951710438,0.10736613876946385
unadjusted_reported_income_50000,logistic_regression,platt,ood_test,unweighted,excess_aurc,10,0.07930633456156032,0.0003488277301662078,0.07863303223354583,0.07918296006617681,0.07928964727390198,0.07939547932001054,0.08002983190473067
unadjusted_reported_income_50000,logistic_regression,raw,id_test,survey_weighted,prevalence,10,0.35622530997097845,0.0022285961099173988,0.35325594153366924,0.35527135551426514,0.35575865932046874,0.35751116684851947,0.36012023744815125
unadjusted_reported_income_50000,logistic_regression,raw,id_test,survey_weighted,auroc,10,0.8833398341568023,0.002312375775350192,0.8798852885319627,0.8815574282502066,0.8828734956473616,0.8855025712243807,0.8866236088932057
unadjusted_reported_income_50000,logistic_regression,raw,id_test,survey_weighted,average_precision,10,0.7974212279616093,0.004599564327311456,0.7922747788019755,0.793546827871027,0.7963399039483694,0.8012299192515714,0.805137275735431
unadjusted_reported_income_50000,logistic_regression,raw,id_test,survey_weighted,pr_skill,10,0.6853249119502913,0.007150015734736085,0.6768869361891486,0.6790272002799271,0.6845887612009112,0.6909181320251211,0.6960139350411405
unadjusted_reported_income_50000,logistic_regression,raw,id_test,survey_weighted,brier,10,0.13155597317899534,0.0014808422646886978,0.12926996713965305,0.1304766121801021,0.13159232245605407,0.1324351651603785,0.1338257256384621
unadjusted_reported_income_50000,logistic_regression,raw,id_test,survey_weighted,log_loss,10,0.40848886087984215,0.0037558752804407983,0.4020595430097242,0.40555715061291525,0.40939216485804847,0.41131166983186235,0.4133087086686093
unadjusted_reported_income_50000,logistic_regression,raw,id_test,survey_weighted,ece,10,0.012013927277092018,0.0024366323359593612,0.009091789651573671,0.010292426844508432,0.011605046801343333,0.012994717890019422,0.016728382309231488
unadjusted_reported_income_50000,logistic_regression,raw,id_test,survey_weighted,calibration_intercept,10,-0.003031945812414366,0.026087326305456064,-0.04121973137910714,-0.01814315106082326,-0.007850973856788334,0.015851984555667182,0.04233681073604441
unadjusted_reported_income_50000,logistic_regression,raw,id_test,survey_weighted,calibration_slope,10,0.9717498373937857,0.014188978124832755,0.9508234188268512,0.9599892251184817,0.9732808307214693,0.984303786532602,0.989332178585764
unadjusted_reported_income_50000,logistic_regression,raw,id_test,survey_weighted,hcep_080,10,0.04728824835065824,0.0017440744477971626,0.04426479120613288,0.045699400716720934,0.048124153835920815,0.04854691493800309,0.049271062945858556
unadjusted_reported_income_50000,logistic_regression,raw,id_test,survey_weighted,hcep_090,10,0.01739607498873914,0.0008114780328764008,0.016054511923385122,0.016746911794221317,0.01742657060127005,0.018124138731634376,0.018451600279060072
unadjusted_reported_income_50000,logistic_regression,raw,id_test,survey_weighted,hcep_095,10,0.005983025807435258,0.0005351163336118493,0.005164495207119761,0.00561141560453529,0.00586782470568512,0.0064611575593085425,0.006712887721966783
unadjusted_reported_income_50000,logistic_regression,raw,id_test,survey_weighted,aurc,10,0.07396162830732532,0.001615655246762825,0.07117778908458003,0.07289711522708546,0.07423610853411824,0.07537430607582474,0.07595344399793662
unadjusted_reported_income_50000,logistic_regression,raw,id_test,survey_weighted,excess_aurc,10,0.05470723584503655,0.0012559164825951467,0.05231715524032503,0.05409943246554809,0.05474582173342857,0.05558709827172574,0.05646073502142443
unadjusted_reported_income_50000,logistic_regression,raw,id_test,unweighted,prevalence,10,0.38500666666666666,4.919098582483604e-05,0.38493333333333335,0.385,0.385,0.38505,0.38506666666666667
unadjusted_reported_income_50000,logistic_regression,raw,id_test,unweighted,auroc,10,0.8821346442218436,0.0017798085203221158,0.87884102586472,0.881686214758758,0.8823776753254453,0.8830054130077136,0.8852516054857519
unadjusted_reported_income_50000,logistic_regression,raw,id_test,unweighted,average_precision,10,0.8121337125968336,0.0035601353288283533,0.8075089413069649,0.8092223245900207,0.8118484868767524,0.8150925340334119,0.8179846872842875
unadjusted_reported_income_50000,logistic_regression,raw,id_test,unweighted,pr_skill,10,0.6945229532255206,0.0057944588228205345,0.6870064086292113,0.6898093003680608,0.6940625802874023,0.6993535487265707,0.7040401419256708
unadjusted_reported_income_50000,logistic_regression,raw,id_test,unweighted,brier,10,0.13517186203140344,0.0010586195098431954,0.13337513590912484,0.13463136682585852,0.13504240131713025,0.1354833969079236,0.13717311012649744
unadjusted_reported_income_50000,logistic_regression,raw,id_test,unweighted,log_loss,10,0.4179788130146699,0.0029284840041859032,0.4127391851521125,0.41645100742657404,0.4176562131269804,0.4189471711942248,0.4232192350155117
unadjusted_reported_income_50000,logistic_regression,raw,id_test,unweighted,ece,10,0.00970446340855268,0.0024518077067993103,0.005515651630746384,0.008076741199599594,0.010206800311143288,0.0117740169285472,0.012378301123841516
unadjusted_reported_income_50000,logistic_regression,raw,id_test,unweighted,calibration_intercept,10,-0.022060488324064036,0.013750179871337174,-0.04566134335232004,-0.027919405886281484,-0.021634990048733697,-0.017625638898641768,0.005949166369842368
unadjusted_reported_income_50000,logistic_regression,raw,id_test,unweighted,calibration_slope,10,0.9821993580031678,0.013167277752010388,0.9533341972485858,0.9799954184318069,0.982211488815294,0.992525238298392,0.9956513553475752
unadjusted_reported_income_50000,logistic_regression,raw,id_test,unweighted,hcep_080,10,0.04585333333333333,0.001305562647734875,0.04413333333333333,0.04505,0.04583333333333334,0.046233333333333335,0.04886666666666667
unadjusted_reported_income_50000,logistic_regression,raw,id_test,unweighted,hcep_090,10,0.015793333333333333,0.0010557075913900204,0.0142,0.015283333333333333,0.0158,0.016116666666666668,0.017533333333333335
unadjusted_reported_income_50000,logistic_regression,raw,id_test,unweighted,hcep_095,10,0.005233333333333334,0.0004716663394842472,0.0046,0.004750000000000001,0.0054,0.0056500000000000005,0.005733333333333333
unadjusted_reported_income_50000,logistic_regression,raw,id_test,unweighted,aurc,10,0.0782929398253229,0.001404256830267697,0.07575218144177065,0.07752875318811467,0.07825554115377108,0.07900625038203758,0.08053570973071862
unadjusted_reported_income_50000,logistic_regression,raw,id_test,unweighted,excess_aurc,10,0.05774295150762061,0.0011042552594768386,0.05584135298741914,0.05704318203082635,0.05753687178233548,0.058803016290514536,0.05912508774809367
unadjusted_reported_income_50000,logistic_regression,raw,ood_test,survey_weighted,prevalence,10,0.4794467624304473,5.851389114294502e-17,0.47944676243044737,0.47944676243044737,0.47944676243044737,0.47944676243044737,0.47944676243044737
unadjusted_reported_income_50000,logistic_regression,raw,ood_test,survey_weighted,auroc,10,0.8725520200410634,0.00026835563962293596,0.8722294503254011,0.8724035683960315,0.872548389027772,0.8726720106249618,0.87313519598273
unadjusted_reported_income_50000,logistic_regression,raw,ood_test,survey_weighted,average_precision,10,0.8523366527894496,0.0004496028420325906,0.8519111628773189,0.8519542176653127,0.8522199671106045,0.8526126347805921,0.8532485437173547
unadjusted_reported_income_50000,logistic_regression,raw,ood_test,survey_weighted,pr_skill,10,0.7163338222618953,0.0008637019416722412,0.7155164420567176,0.7155991517295932,0.7161096652104675,0.7168639928020523,0.7180855949185458
unadjusted_reported_income_50000,logistic_regression,raw,ood_test,survey_weighted,brier,10,0.15823941746893183,0.00048181106698158777,0.15760940534635953,0.1577632399857383,0.15838741488885458,0.15860660432674167,0.1589126825439107
unadjusted_reported_income_50000,logistic_regression,raw,ood_test,survey_weighted,log_loss,10,0.4858658363077198,0.001519236894888295,0.48363721619466177,0.4847185301720163,0.486492163921009,0.4869584567725397,0.48781785935135974
unadjusted_reported_income_50000,logistic_regression,raw,ood_test,survey_weighted,ece,10,0.10098651026597998,0.001397677976991301,0.09845022845613234,0.1002847631221129,0.10149087293742251,0.10198552399545441,0.1026659591864914
unadjusted_reported_income_50000,logistic_regression,raw,ood_test,survey_weighted,calibration_intercept,10,0.6775718852619074,0.008773956444579739,0.6628021559401825,0.6740589505969907,0.6806258645307353,0.6834636986365088,0.6870730866326016
unadjusted_reported_income_50000,logistic_regression,raw,ood_test,survey_weighted,calibration_slope,10,0.902998568384105,0.00658208568787229,0.8939272134735504,0.8982691426536392,0.9015285553891915,0.9081383641167105,0.9144729486669149
unadjusted_reported_income_50000,logistic_regression,raw,ood_test,survey_weighted,hcep_080,10,0.07078513688842689,0.0010887739492345901,0.06899440778496548,0.07007619825900781,0.07090186485936692,0.07142861608212868,0.07238171946952789
unadjusted_reported_income_50000,logistic_regression,raw,ood_test,survey_weighted,hcep_090,10,0.030339607628477972,0.0007308169894007585,0.028935558683249474,0.02995577190184198,0.030582390805396743,0.03089058965754669,0.03108382346119689
unadjusted_reported_income_50000,logistic_regression,raw,ood_test,survey_weighted,hcep_095,10,0.011715144741558697,0.0006513573060754986,0.010547652481225814,0.011436302924088185,0.011740688362448851,0.012208581731397387,0.012527251842722813
unadjusted_reported_income_50000,logistic_regression,raw,ood_test,survey_weighted,aurc,10,0.11050817674793081,0.0005535539971599495,0.10959689254925473,0.11003185371930949,0.11073930595883874,0.11085971273471185,0.11119586151975588
unadjusted_reported_income_50000,logistic_regression,raw,ood_test,survey_weighted,excess_aurc,10,0.08231183209812763,0.0004495953907847134,0.08154580552736998,0.08203671716592055,0.08246108488776603,0.08258714251676516,0.08281415205494772
unadjusted_reported_income_50000,logistic_regression,raw,ood_test,unweighted,prevalence,10,0.4984,0.0,0.4984,0.4984,0.4984,0.4984,0.4984
unadjusted_reported_income_50000,logistic_regression,raw,ood_test,unweighted,auroc,10,0.8766465059624433,0.00029863089002384133,0.8762902617456138,0.8764416558292223,0.8765447589294426,0.876796111014399,0.8771662237821316
unadjusted_reported_income_50000,logistic_regression,raw,ood_test,unweighted,average_precision,10,0.8646390813804633,0.0004602951214524214,0.8640933463473014,0.8642997762465116,0.8644893764738543,0.8649439372512242,0.8654394402520077
unadjusted_reported_income_50000,logistic_regression,raw,ood_test,unweighted,pr_skill,10,0.7301417092911943,0.0009176537509019497,0.7290537207880808,0.729465263649345,0.7298432545332022,0.7307494761786766,0.7317373210765703
unadjusted_reported_income_50000,logistic_regression,raw,ood_test,unweighted,brier,10,0.15510039557551542,0.00041587396599574795,0.15451152064541857,0.1547400408393628,0.1552681033091668,0.1553979088052295,0.15566052703564778
unadjusted_reported_income_50000,logistic_regression,raw,ood_test,unweighted,log_loss,10,0.47659592683241847,0.0012689314791204881,0.4744648148309007,0.4756512166526378,0.4769936260498841,0.4774725828485029,0.47811609022759505
unadjusted_reported_income_50000,logistic_regression,raw,ood_test,unweighted,ece,10,0.09813992791652344,0.0011480465633583348,0.09620595549035166,0.0979213006028486,0.09814452169444274,0.09915668810207455,0.09931388887675004
unadjusted_reported_income_50000,logistic_regression,raw,ood_test,unweighted,calibration_intercept,10,0.6728092809789386,0.007502226117461634,0.6596491967765473,0.6719920281530694,0.6731450695642502,0.6787957867061352,0.6812548312416487
unadjusted_reported_income_50000,logistic_regression,raw,ood_test,unweighted,calibration_slope,10,0.9132421110460335,0.006713083661478605,0.9022231749918599,0.9088021163972491,0.9117593798283405,0.9190892011504577,0.9236201137925106
unadjusted_reported_income_50000,logistic_regression,raw,ood_test,unweighted,hcep_080,10,0.06625466666666667,0.0009591858687784118,0.06468,0.06549666666666666,0.06634000000000001,0.06691666666666667,0.06789333333333333
unadjusted_reported_income_50000,logistic_regression,raw,ood_test,unweighted,hcep_090,10,0.02750933333333333,0.0006504942090821273,0.0264,0.02712,0.027653333333333335,0.028013333333333335,0.02828
unadjusted_reported_income_50000,logistic_regression,raw,ood_test,unweighted,hcep_095,10,0.010370666666666667,0.00043667882369280106,0.009653333333333333,0.01012,0.010386666666666666,0.010636666666666666,0.011106666666666667
unadjusted_reported_income_50000,logistic_regression,raw,ood_test,unweighted,aurc,10,0.10656406906113873,0.0004864574402543117,0.10561258317009381,0.10621809157235854,0.10670083726696863,0.10689216250229566,0.10712855129988928
unadjusted_reported_income_50000,logistic_regression,raw,ood_test,unweighted,excess_aurc,10,0.0794780133451433,0.00040558958631979787,0.07870835907714813,0.07927677285707041,0.07960152291515343,0.0797722493873278,0.07990061693157292
