heldout_site,mapping,missing_indicators,domain,metric,n_repeats,mean,sd,min,q25,median,q75,max
Cleveland,isotonic,False,id_test,prevalence,10,0.6129032258064517,1.1702778228589004e-16,0.6129032258064516,0.6129032258064516,0.6129032258064516,0.6129032258064516,0.6129032258064516
Cleveland,isotonic,False,id_test,auroc,10,0.8886939571150096,0.024563530648320918,0.8555068226120857,0.8746345029239766,0.8817007797270955,0.9096003898635476,0.9305555555555556
Cleveland,isotonic,False,id_test,average_precision,10,0.8976108363685895,0.027789352110063784,0.8541292737904294,0.8822843202510414,0.8950371311280348,0.9128694881474371,0.9513466461286493
Cleveland,isotonic,False,id_test,pr_skill,10,0.7354946606188564,0.07178915961766476,0.6231672906252759,0.6959011606485236,0.7288459220807566,0.7749128443808793,0.8743121691656773
Cleveland,isotonic,False,id_test,brier,10,0.12471512159621685,0.015273925803834996,0.09987104402467163,0.11301437275586212,0.12874083881582582,0.13245610243107814,0.1462450830056875
Cleveland,isotonic,False,id_test,log_loss,10,0.6568509606372015,0.22322558098998013,0.3430194682994133,0.4942825747345875,0.6563971162195674,0.7996119180965665,1.0270096691821295
Cleveland,isotonic,False,id_test,ece,10,0.0777588891300437,0.030354536603426914,0.03024425403761994,0.05751342317536641,0.09064311908894648,0.09277525613372996,0.12193143323108013
Cleveland,isotonic,False,id_test,calibration_intercept,10,0.41386670839875694,0.40311984155490016,-0.22436612969368508,0.17736777682665228,0.5070285633527665,0.6857185569420136,1.0098377452246936
Cleveland,isotonic,False,id_test,calibration_slope,10,0.37548406344990165,0.29605438906725734,0.15636627348738122,0.19287120954353465,0.2564677691964223,0.37122132082406917,1.014960394015957
Cleveland,isotonic,False,id_test,hcep_090,10,0.03870967741935484,0.02544550444343921,0.010752688172043012,0.013440860215053765,0.03763440860215054,0.053763440860215055,0.07526881720430108
Cleveland,isotonic,False,id_test,aurc,10,0.0733851924412568,0.021761000278026597,0.050005211623739505,0.05500605640898061,0.07126577774390093,0.08153981159609372,0.11601580585119446
Cleveland,isotonic,False,id_test,excess_aurc,10,0.05703655624491673,0.020486948908864672,0.03427923134987759,0.04034939808706453,0.05475707984344544,0.06489160997230899,0.09594851492745146
Cleveland,isotonic,False,ood_test,prevalence,10,0.45874587458745875,0.0,0.45874587458745875,0.45874587458745875,0.45874587458745875,0.45874587458745875,0.45874587458745875
Cleveland,isotonic,False,ood_test,auroc,10,0.7345894016494121,0.13796072535888104,0.49122653097034563,0.6208655027197754,0.776638445341288,0.8523150991402001,0.8583084751710826
Cleveland,isotonic,False,ood_test,average_precision,10,0.6921216276008627,0.13687634777972812,0.4590592844424036,0.571828084022184,0.7267998222328521,0.8137395896508879,0.8260605724853755
Cleveland,isotonic,False,ood_test,pr_skill,10,0.43117593392110615,0.25288739864181475,0.0005790438173676736,0.2089262771873277,0.49524601302776944,0.6558725345379208,0.6786363016040778
Cleveland,isotonic,False,ood_test,brier,10,0.24354784083881692,0.09752484997499845,0.1607841788929578,0.1700020954940052,0.213551206645193,0.2941818215824816,0.46640758517090997
Cleveland,isotonic,False,ood_test,log_loss,10,1.7661748796453878,0.8439889298628882,0.9419945766241984,1.158868682465254,1.3981499285980177,2.082422199092225,3.600019579490859
Cleveland,isotonic,False,ood_test,ece,10,0.20625936848108029,0.11037918398187888,0.11759667577214691,0.13526344806140894,0.159445950220714,0.24730866495867168,0.47496508043330665
Cleveland,isotonic,False,ood_test,calibration_intercept,10,0.12525676557150717,0.4540112252760492,-0.5953871749440584,-0.13511873684218761,0.0833713485675632,0.3447064199893111,1.1075283320638225
Cleveland,isotonic,False,ood_test,calibration_slope,10,0.08928530479865718,0.06848913717316873,-0.032624531520327925,0.038681979318694895,0.10709322421226106,0.13190240274487167,0.17541486102821288
Cleveland,isotonic,False,ood_test,hcep_090,10,0.13267326732673268,0.09840666988419441,0.056105610561056105,0.06353135313531352,0.10066006600660066,0.1716171617161716,0.37293729372937295
Cleveland,isotonic,False,ood_test,aurc,10,0.19618123619220956,0.1573907459683772,0.045968618310697144,0.08928578165531889,0.12978185617954266,0.2785368727817026,0.5512908760145717
Cleveland,isotonic,False,ood_test,excess_aurc,10,0.1208040531320499,0.10215255167079076,-0.002149704039326246,0.06069751003641233,0.0774865167237993,0.18697800477470022,0.3320148371434234
Cleveland,isotonic,True,id_test,prevalence,10,0.6129032258064517,1.1702778228589004e-16,0.6129032258064516,0.6129032258064516,0.6129032258064516,0.6129032258064516,0.6129032258064516
Cleveland,isotonic,True,id_test,auroc,10,0.8927144249512668,0.02071390563064207,0.8696393762183237,0.8790813840155944,0.8859649122807017,0.901011208576998,0.9385964912280701
Cleveland,isotonic,True,id_test,average_precision,10,0.9013055868729525,0.024305470681748955,0.86646469260556,0.8869949869057856,0.8990336093904849,0.9148570006996437,0.9477431559668402
Cleveland,isotonic,True,id_test,pr_skill,10,0.7450394327551276,0.06278913259451817,0.6550337892310301,0.7080703828399462,0.7391701575920862,0.7800472518074131,0.8650031529143373
Cleveland,isotonic,True,id_test,brier,10,0.1171891023372327,0.010386000067743165,0.09752306942482945,0.10863058156983658,0.12196734155791157,0.12478190047219136,0.12776513822742666
Cleveland,isotonic,True,id_test,log_loss,10,0.504774278659914,0.17560261288389767,0.30432424438558775,0.37112647988228065,0.4601589121492127,0.6540827930288168,0.7698798652136166
Cleveland,isotonic,True,id_test,ece,10,0.0747906864551332,0.02558926407374222,0.03550172468227166,0.06199011687972843,0.07064602030409259,0.0930336827849394,0.12053440505767755
Cleveland,isotonic,True,id_test,calibration_intercept,10,0.32098711755409165,0.43914719399964974,-0.5036667595175874,0.1049822320189963,0.37465935934426314,0.5963677197897306,0.9464396582013194
Cleveland,isotonic,True,id_test,calibration_slope,10,0.6052731276746893,0.39023104182920637,0.19389644728357283,0.22970242478983985,0.6004366743868919,0.9340772131619993,1.1671681762742194
Cleveland,isotonic,True,id_test,hcep_090,10,0.03118279569892473,0.029751263038633884,0.0,0.002688172043010753,0.026881720430107527,0.051075268817204304,0.07526881720430108
Cleveland,isotonic,True,id_test,aurc,10,0.06401998173290202,0.01692893808948162,0.034626438175929725,0.055543184252101516,0.06488554582584392,0.06879604146261281,0.09683844867852962
Cleveland,isotonic,True,id_test,excess_aurc,10,0.05008217752339966,0.01777794990587976,0.02734048489649237,0.03873187631576933,0.04362587196704057,0.061155301717629555,0.08658145443803313
Cleveland,isotonic,True,ood_test,prevalence,10,0.45874587458745875,0.0,0.45874587458745875,0.45874587458745875,0.45874587458745875,0.45874587458745875,0.45874587458745875
Cleveland,isotonic,True,ood_test,auroc,10,0.7688410247411827,0.13274934659196785,0.43009738550622917,0.7382654851728373,0.8133883137392525,0.8491018161080891,0.8849140200035094
Cleveland,isotonic,True,ood_test,average_precision,10,0.727314415389492,0.126853522432588,0.42397681834968887,0.6783824782008115,0.7693291851003187,0.8038342671609124,0.8597598584006331
Cleveland,isotonic,True,ood_test,pr_skill,10,0.496196755262293,0.23436961766508635,-0.06423795146368459,0.4057920176514994,0.5738216041792473,0.6375718472546126,0.7408977871670233
Cleveland,isotonic,True,ood_test,brier,10,0.24110980135306873,0.09976689253862837,0.1517281382452774,0.1791022534264844,0.21738841950996746,0.2549350551264413,0.4980512698177432
Cleveland,isotonic,True,ood_test,log_loss,10,2.069216476833774,0.9708583589235532,0.6913498978695944,1.4953945762744478,1.907230261765459,2.6208647625281536,3.7197384098293225
Cleveland,isotonic,True,ood_test,ece,10,0.2257473112972291,0.10809794718689414,0.11015440993288367,0.15855218000872248,0.18367488019858091,0.2674364576822276,0.48277398101212654
Cleveland,isotonic,True,ood_test,calibration_intercept,10,0.6266237266484386,0.6576714285695047,-0.3651617075057947,0.19460227816323442,0.7436329516377436,1.0096750320044159,1.8262438130549832
Cleveland,isotonic,True,ood_test,calibration_slope,10,0.14228576249752706,0.11756603322019048,-0.0483973816450535,0.10303813913790476,0.12857274908482347,0.1493743140049179,0.42383713900078424
Cleveland,isotonic,True,ood_test,hcep_090,10,0.14323432343234324,0.11102066922219042,0.06930693069306931,0.08415841584158415,0.10231023102310231,0.15264026402640266,0.4389438943894389
Cleveland,isotonic,True,ood_test,aurc,10,0.1604962458836947,0.14418003053422415,0.05994912191660027,0.09467227502523089,0.11549724529123095,0.141301926858452,0.557208178870296
Cleveland,isotonic,True,ood_test,excess_aurc,10,0.09993201025758078,0.09238812037813317,0.016455805747900135,0.06712296414177951,0.07312309959580918,0.08737621325019149,0.34650276846836076
Cleveland,platt,False,id_test,prevalence,10,0.6129032258064517,1.1702778228589004e-16,0.6129032258064516,0.6129032258064516,0.6129032258064516,0.6129032258064516,0.6129032258064516
Cleveland,platt,False,id_test,auroc,10,0.8941520467836257,0.025484218080669356,0.8625730994152045,0.8730506822612085,0.8898635477582846,0.9142300194931774,0.9376218323586745
Cleveland,platt,False,id_test,average_precision,10,0.9133222799062686,0.031233347281954583,0.8654764860484321,0.8924541126874752,0.9207852143046356,0.9311025660917853,0.9578735975256529
Cleveland,platt,False,id_test,pr_skill,10,0.7760825564245275,0.08068614714504933,0.6524809222917829,0.7221731244426441,0.7953618036203085,0.8220149624037789,0.8911734602746034
Cleveland,platt,False,id_test,brier,10,0.12070012910921415,0.013201504975820547,0.09769429190984172,0.1105977972562057,0.1260766286911043,0.12998712822289707,0.1373587670777955
Cleveland,platt,False,id_test,log_loss,10,0.39784207373029645,0.04289311776663605,0.3185971077434388,0.37159358549272004,0.4101541227196102,0.4316889576068367,0.44225960366968964
Cleveland,platt,False,id_test,ece,10,0.11143209590439693,0.018928236609994126,0.08554229611393395,0.0958333323728728,0.11336642312375382,0.1187480746451365,0.14411052418823195
Cleveland,platt,False,id_test,calibration_intercept,10,0.037071868377904015,0.34044717814454,-0.3984861366488417,-0.2473746271989901,0.06550881141082998,0.13890750172951027,0.6222236843920872
Cleveland,platt,False,id_test,calibration_slope,10,1.0893297059176565,0.24086834192180992,0.748515323674123,0.8886118848189217,1.1158361919929187,1.2479992510069913,1.5190140840536475
Cleveland,platt,False,id_test,hcep_090,10,0.022580645161290325,0.021772534119695253,0.0,0.010752688172043012,0.021505376344086023,0.02956989247311828,0.07526881720430108
Cleveland,platt,False,id_test,aurc,10,0.0798281436192114,0.02794331972249938,0.04206558015935791,0.057991108986070156,0.07537270736016803,0.10436284892616743,0.11843332340459503
Cleveland,platt,False,id_test,excess_aurc,10,0.06588355157030859,0.027541314417714312,0.030122282217835365,0.041647787656074825,0.06160699574075813,0.0875520003493778,0.10972822426297406
Cleveland,platt,False,ood_test,prevalence,10,0.45874587458745875,0.0,0.45874587458745875,0.45874587458745875,0.45874587458745875,0.45874587458745875,0.45874587458745875
Cleveland,platt,False,ood_test,auroc,10,0.7509957887348657,0.14070704869471112,0.5232496929285839,0.6163800666783646,0.8191788032988243,0.8637589928057554,0.868880505351816
Cleveland,platt,False,ood_test,average_precision,10,0.7357068450143,0.13538141117933672,0.5487658890123059,0.5941394902325441,0.7915624064648599,0.85121183633571,0.8548788437728725
Cleveland,platt,False,ood_test,pr_skill,10,0.5117022807276395,0.2501254121179209,0.166317465675175,0.25014796061256633,0.6148988363344666,0.7251047951812202,0.7318798150193925
Cleveland,platt,False,ood_test,brier,10,0.23004310083527585,0.0893849466632526,0.15293879573316968,0.16135013563645711,0.19958308445885597,0.2751357173514167,0.42722672994509614
Cleveland,platt,False,ood_test,log_loss,10,0.7624119271319997,0.3100919380592619,0.47967164922550865,0.531017639318775,0.6015059470253115,0.9956816900901151,1.387855062877816
Cleveland,platt,False,ood_test,ece,10,0.17599532695370265,0.11102062249744542,0.06869432615473106,0.1070106502954763,0.13275329831492697,0.21987023058677896,0.4338942688502881
Cleveland,platt,False,ood_test,calibration_intercept,10,-0.013154569401538307,0.5553979891896057,-0.8867499373100602,-0.2206276974423103,-0.1606675130237985,0.07934672657526598,1.1995703643974183
Cleveland,platt,False,ood_test,calibration_slope,10,0.48469469287579453,0.2949256621419925,0.031064832250188985,0.19985217980394882,0.6264835284918889,0.6932764545040633,0.7990022956484284
Cleveland,platt,False,ood_test,hcep_090,10,0.09603960396039604,0.07863208975525068,0.0231023102310231,0.04372937293729373,0.0594059405940594,0.13036303630363036,0.26732673267326734
Cleveland,platt,False,ood_test,aurc,10,0.23616465370813522,0.14797538556187942,0.09352962598057345,0.12074848645207834,0.1704079178927643,0.3743391333953452,0.4761596791172322
Cleveland,platt,False,ood_test,excess_aurc,10,0.16960124720325687,0.09658228039510207,0.06786810107371202,0.09535941142058847,0.12687429912523043,0.2490354954139216,0.3284491055735177
Cleveland,platt,True,id_test,prevalence,10,0.6129032258064517,1.1702778228589004e-16,0.6129032258064516,0.6129032258064516,0.6129032258064516,0.6129032258064516,0.6129032258064516
Cleveland,platt,True,id_test,auroc,10,0.9034600389863547,0.022348127098134957,0.8737816764132553,0.8901072124756335,0.9030214424951267,0.9137426900584795,0.9488304093567251
Cleveland,platt,True,id_test,average_precision,10,0.9228331551782697,0.029675690001416566,0.8758661421000526,0.9102869363947396,0.9285539152676778,0.9421454344950617,0.96930512956265
Cleveland,platt,True,id_test,pr_skill,10,0.8006523175438633,0.07666219917032611,0.6793208670918026,0.7682412523530772,0.8154309477748344,0.8505423724455761,0.9207049180368458
Cleveland,platt,True,id_test,brier,10,0.11470618804764784,0.009357358691572873,0.09394416389184872,0.11015147782964119,0.11656721908210241,0.12242531199991015,0.12324219248267917
Cleveland,platt,True,id_test,log_loss,10,0.3754181620285071,0.03470887432717327,0.305390780561245,0.35343756488991784,0.3832136911249899,0.395140563263228,0.4225848936945853
Cleveland,platt,True,id_test,ece,10,0.09858941514065024,0.017235677249994225,0.07055665960234347,0.08930978720493556,0.10260074162966462,0.11024459802866744,0.12012808018530315
Cleveland,platt,True,id_test,calibration_intercept,10,-0.001715616066785064,0.29756393702592276,-0.3604533710102201,-0.19628630057100196,-0.05536948673766366,0.1162897403642986,0.5323549332126879
Cleveland,platt,True,id_test,calibration_slope,10,1.1198445456128405,0.17468202865903876,0.8179236363302912,0.9990409170521212,1.1926385478261197,1.234607971849281,1.3075066778637134
Cleveland,platt,True,id_test,hcep_090,10,0.022580645161290325,0.01992393134005347,0.0,0.010752688172043012,0.021505376344086023,0.02956989247311828,0.06451612903225806
Cleveland,platt,True,id_test,aurc,10,0.06629728824634847,0.024648863040661963,0.03379733010744392,0.04858279503388872,0.061080884568832094,0.07486064775345387,0.11084946819858381
Cleveland,platt,True,id_test,excess_aurc,10,0.05462983842738919,0.024651509689325585,0.02651137682800657,0.038492781397730796,0.04633503862219619,0.06372689951190671,0.10356351491914645
Cleveland,platt,True,ood_test,prevalence,10,0.45874587458745875,0.0,0.45874587458745875,0.45874587458745875,0.45874587458745875,0.45874587458745875,0.45874587458745875
Cleveland,platt,True,ood_test,auroc,10,0.8040752763642744,0.12531576647585113,0.48131251096683625,0.7715937006492366,0.8556983681347605,0.875164502544306,0.894718371644148
Cleveland,platt,True,ood_test,average_precision,10,0.7868928694359838,0.11111671410775947,0.533247770536845,0.7288148854923501,0.8313575490104168,0.8583894245632827,0.8861250886338534
Cleveland,platt,True,ood_test,pr_skill,10,0.6062715819457506,0.2052949047234824,0.13764679556502465,0.49896896526940293,0.688422788720465,0.7383658270894797,0.7896091576588877
Cleveland,platt,True,ood_test,brier,10,0.22825910045500047,0.09287097472357336,0.14929717865239805,0.17050354087999953,0.20473046815253348,0.24562309918316325,0.4674582421131651
Cleveland,platt,True,ood_test,log_loss,10,0.7404480071269524,0.3247667641021674,0.515001971885122,0.5390800544407199,0.6270133618223748,0.8085502232453827,1.5929829364251127
Cleveland,platt,True,ood_test,ece,10,0.2120118996403461,0.10441492815272807,0.12077085212440072,0.1515461263672004,0.16406399769971605,0.25504288837533934,0.46195273040296814
Cleveland,platt,True,ood_test,calibration_intercept,10,0.691076499457701,0.9270424372089647,-1.0484047407815567,0.09995996667943188,0.8913875961406857,1.1389935984590314,2.194532311831068
Cleveland,platt,True,ood_test,calibration_slope,10,0.6875894317171721,0.3230984885099402,-0.0432368558791776,0.535606566051571,0.7456014311714901,0.8954102239973496,1.1225300660538904
Cleveland,platt,True,ood_test,hcep_090,10,0.10066006600660067,0.0897281179258651,0.026402640264026403,0.04702970297029703,0.06930693069306931,0.11716171617161716,0.3333333333333333
Cleveland,platt,True,ood_test,aurc,10,0.20292602998266224,0.11595664337646232,0.10108316180972737,0.13929660782206574,0.17127670929332367,0.22447259391268048,0.4984124091705541
Cleveland,platt,True,ood_test,excess_aurc,10,0.1404299396184191,0.06308665215159065,0.07930274562717946,0.09857008741827773,0.12453071228932265,0.169012782742266,0.28770699876861894
Cleveland,raw,False,id_test,prevalence,10,0.6129032258064517,1.1702778228589004e-16,0.6129032258064516,0.6129032258064516,0.6129032258064516,0.6129032258064516,0.6129032258064516
Cleveland,raw,False,id_test,auroc,10,0.8941520467836257,0.025484218080669356,0.8625730994152045,0.8730506822612085,0.8898635477582846,0.9142300194931774,0.9376218323586745
Cleveland,raw,False,id_test,average_precision,10,0.9133222799062686,0.031233347281954583,0.8654764860484321,0.8924541126874752,0.9207852143046356,0.9311025660917853,0.9578735975256529
Cleveland,raw,False,id_test,pr_skill,10,0.7760825564245275,0.08068614714504933,0.6524809222917829,0.7221731244426441,0.7953618036203085,0.8220149624037789,0.8911734602746034
Cleveland,raw,False,id_test,brier,10,0.11987988004906647,0.013332921054444065,0.09795664626713664,0.10919160503346469,0.12095004758325306,0.1308017880977725,0.1366719420611014
Cleveland,raw,False,id_test,log_loss,10,0.39079401484424425,0.039727305136223835,0.3249231108933386,0.3575255095983038,0.3964585753842476,0.41855472682070294,0.43802920709944343
Cleveland,raw,False,id_test,ece,10,0.1085530724893918,0.01404955846484783,0.08006206783722314,0.10383807777002405,0.11068344390664323,0.11627577454167044,0.12588007952397406
Cleveland,raw,False,id_test,calibration_intercept,10,0.07939270874566291,0.2166370626945208,-0.4148600986725284,0.039586340218808566,0.09576749894448386,0.15681040114686887,0.38894758822708064
Cleveland,raw,False,id_test,calibration_slope,10,1.0604823933266072,0.19311801069212625,0.8697635664945147,0.918924511188079,0.9926162760730122,1.1709037762930645,1.4059306914422194
Cleveland,raw,False,id_test,hcep_090,10,0.022580645161290325,0.012873322577826505,0.0,0.013440860215053765,0.021505376344086023,0.03225806451612903,0.043010752688172046
Cleveland,raw,False,id_test,aurc,10,0.07739540547072545,0.0266264508547023,0.03836051728536162,0.056342757309367,0.07915458684030942,0.09507558756150163,0.1156312447653307
Cleveland,raw,False,id_test,excess_aurc,10,0.06336681893100257,0.025879285416857488,0.028103523044865127,0.0425770456899571,0.061045702633672615,0.07826473898471199,0.10507202596064268
Cleveland,raw,False,ood_test,prevalence,10,0.45874587458745875,0.0,0.45874587458745875,0.45874587458745875,0.45874587458745875,0.45874587458745875,0.45874587458745875
Cleveland,raw,False,ood_test,auroc,10,0.7509957887348657,0.14070704869471112,0.5232496929285839,0.6163800666783646,0.8191788032988243,0.8637589928057554,0.868880505351816
Cleveland,raw,False,ood_test,average_precision,10,0.7357068450143,0.13538141117933672,0.5487658890123059,0.5941394902325441,0.7915624064648599,0.85121183633571,0.8548788437728725
Cleveland,raw,False,ood_test,pr_skill,10,0.5117022807276395,0.2501254121179209,0.166317465675175,0.25014796061256633,0.6148988363344666,0.7251047951812202,0.7318798150193925
Cleveland,raw,False,ood_test,brier,10,0.22712392311414636,0.08905703868072266,0.149829961970455,0.15831684839314442,0.19723696012234537,0.2781643923136932,0.4228503185095038
Cleveland,raw,False,ood_test,log_loss,10,0.7390747017320354,0.3014386035335883,0.47636826643663754,0.5092790808088404,0.6281104087288892,0.8894925832681069,1.3818022874343434
Cleveland,raw,False,ood_test,ece,10,0.1747958043437994,0.10424232472217317,0.0825072419773792,0.10248389618126547,0.14117296075713118,0.21662896908707785,0.4230294825779807
Cleveland,raw,False,ood_test,calibration_intercept,10,-0.019270715380148063,0.47611742213245434,-0.89494908854391,-0.21051078696408035,-0.07368880288866718,0.09432408806543936,0.9499835392018964
Cleveland,raw,False,ood_test,calibration_slope,10,0.47465663321721097,0.28408952193563464,0.028953476677802098,0.21849963051458612,0.5736392706877751,0.6671657542749989,0.8344592450472808
Cleveland,raw,False,ood_test,hcep_090,10,0.09603960396039604,0.07248130555802429,0.039603960396039604,0.04702970297029703,0.057755775577557754,0.1254125412541254,0.2607260726072607
Cleveland,raw,False,ood_test,aurc,10,0.23471320636321108,0.14957793169751493,0.09368900498898826,0.11638519529039937,0.16633048423188446,0.3767635667253539,0.47539776585647586
Cleveland,raw,False,ood_test,excess_aurc,10,0.16955479495609196,0.10004942290791854,0.06802748008212683,0.09353016998972817,0.12361454959011767,0.2557338859599475,0.3332073563183735
Cleveland,raw,True,id_test,prevalence,10,0.6129032258064517,1.1702778228589004e-16,0.6129032258064516,0.6129032258064516,0.6129032258064516,0.6129032258064516,0.6129032258064516
Cleveland,raw,True,id_test,auroc,10,0.9034600389863547,0.022348127098134957,0.8737816764132553,0.8901072124756335,0.9030214424951267,0.9137426900584795,0.9488304093567251
Cleveland,raw,True,id_test,average_precision,10,0.9228331551782697,0.029675690001416566,0.8758661421000526,0.9102869363947396,0.9285539152676778,0.9421454344950617,0.96930512956265
Cleveland,raw,True,id_test,pr_skill,10,0.8006523175438633,0.07666219917032611,0.6793208670918026,0.7682412523530772,0.8154309477748344,0.8505423724455761,0.9207049180368458
Cleveland,raw,True,id_test,brier,10,0.11403875455806674,0.00929789843458087,0.094564775604286,0.10961773696082054,0.11558044507626399,0.12081030144095334,0.12667172015516523
Cleveland,raw,True,id_test,log_loss,10,0.37093098306633243,0.03202874536444603,0.31036076402583196,0.34914298483185496,0.3754547284211807,0.394416726832812,0.4090447138947038
Cleveland,raw,True,id_test,ece,10,0.10408935680608986,0.011310382176329679,0.08857655604556953,0.09710989046914112,0.10303271331607601,0.11223969190530074,0.12414819127125867
Cleveland,raw,True,id_test,calibration_intercept,10,0.08817914272765853,0.20609245758385156,-0.28245109392547685,0.003329686015089691,0.03500786798382879,0.24120042424341648,0.3782663947585962
Cleveland,raw,True,id_test,calibration_slope,10,1.0365218882206213,0.14845704849629443,0.8538343977993438,0.954794318698144,0.99209349973772,1.0927790348692321,1.3606957462009999
Cleveland,raw,True,id_test,hcep_090,10,0.024731182795698924,0.01606918406556265,0.0,0.010752688172043012,0.026881720430107527,0.040322580645161296,0.043010752688172046
Cleveland,raw,True,id_test,aurc,10,0.06584494618179758,0.02326570929632952,0.03256328398917623,0.04891676985644161,0.06393601233015322,0.07485624944491807,0.10268467999523477
Cleveland,raw,True,id_test,excess_aurc,10,0.05347540824961422,0.021862534039495264,0.02527733070973888,0.038946517595373396,0.04821003205629131,0.06407728766891682,0.08864783456514469
Cleveland,raw,True,ood_test,prevalence,10,0.45874587458745875,0.0,0.45874587458745875,0.45874587458745875,0.45874587458745875,0.45874587458745875,0.45874587458745875
Cleveland,raw,True,ood_test,auroc,10,0.8040752763642744,0.12531576647585113,0.48131251096683625,0.7715937006492366,0.8556983681347605,0.875164502544306,0.894718371644148
Cleveland,raw,True,ood_test,average_precision,10,0.7868928694359838,0.11111671410775947,0.533247770536845,0.7288148854923501,0.8313575490104168,0.8583894245632827,0.8861250886338534
Cleveland,raw,True,ood_test,pr_skill,10,0.6062715819457506,0.2052949047234824,0.13764679556502465,0.49896896526940293,0.688422788720465,0.7383658270894797,0.7896091576588877
Cleveland,raw,True,ood_test,brier,10,0.22802571152404666,0.094462854539803,0.14944769339133068,0.16373357827820728,0.21037586016235793,0.2358955774857183,0.4665863183419036
Cleveland,raw,True,ood_test,log_loss,10,0.7499135787059801,0.331780420365821,0.5133029272416478,0.5363523949485209,0.6726089548102874,0.7307134288465512,1.6069832524698868
Cleveland,raw,True,ood_test,ece,10,0.21449001663705397,0.10395036502832304,0.12066015034412657,0.1422186442004978,0.17519380363313075,0.2545496578562618,0.4650328218766706
Cleveland,raw,True,ood_test,calibration_intercept,10,0.7196747944737114,0.8258121056721391,-0.7821586441708421,0.17242154905258678,0.8621482069647118,1.1434855561394475,2.0034471979135344
Cleveland,raw,True,ood_test,calibration_slope,10,0.6339428785795423,0.2896513060499327,-0.04093020987319648,0.5213717395567465,0.6667326532938876,0.8410448680361726,0.9282378579503224
Cleveland,raw,True,ood_test,hcep_090,10,0.10759075907590761,0.08330673401944454,0.0462046204620462,0.0594059405940594,0.07755775577557755,0.10643564356435643,0.3201320132013201
Cleveland,raw,True,ood_test,aurc,10,0.202004012328366,0.11880202275480048,0.10117659031166684,0.12504593981115392,0.16888017187082235,0.23594222733156964,0.4986992254932251
Cleveland,raw,True,ood_test,excess_aurc,10,0.14012464009683853,0.06327187980548446,0.07939617412911892,0.09626275262061822,0.12394776104352667,0.1716788080766772,0.2851627904373586
Hungary,isotonic,False,id_test,prevalence,10,0.6526315789473685,0.0,0.6526315789473685,0.6526315789473685,0.6526315789473685,0.6526315789473685,0.6526315789473685
Hungary,isotonic,False,id_test,auroc,10,0.8625366568914956,0.02856468652874133,0.8169599217986314,0.8396871945259042,0.864980449657869,0.8847751710654935,0.9000488758553274
Hungary,isotonic,False,id_test,average_precision,10,0.8926680555656155,0.02713684446256879,0.8464450823922798,0.8745572266623423,0.9018639271576888,0.910993876521484,0.9322530586694702
Hungary,isotonic,False,id_test,pr_skill,10,0.6910140993555597,0.078121218907395,0.5579479644626236,0.6388768646340155,0.7174870630297102,0.7437702505921511,0.8049709264727172
Hungary,isotonic,False,id_test,brier,10,0.13699005787909327,0.01711085930631285,0.1140234512341293,0.12175838399016951,0.13847753209795985,0.1498391046680054,0.16401906653202022
Hungary,isotonic,False,id_test,log_loss,10,0.6713685000622032,0.3053664585446058,0.3753049631268827,0.46888508618406644,0.5713662009195952,0.7504419390963858,1.2783064341656531
Hungary,isotonic,False,id_test,ece,10,0.08109452835968656,0.022984492344707435,0.052951962319811696,0.059103335189937864,0.07960118590951305,0.10227469942501444,0.11071775333609803
Hungary,isotonic,False,id_test,calibration_intercept,10,0.2970131425514977,0.2807405652631743,-0.17678527786312764,0.07738957300833904,0.33253041332587363,0.4380552377898157,0.7061515453740322
Hungary,isotonic,False,id_test,calibration_slope,10,0.4176935896335757,0.3057773568891139,0.12448562929433166,0.18643305768972496,0.346552424368522,0.5091487804433191,1.0953161072539157
Hungary,isotonic,False,id_test,hcep_090,10,0.032631578947368414,0.026928538742947216,0.010526315789473684,0.010526315789473684,0.021052631578947368,0.05526315789473685,0.07368421052631578
Hungary,isotonic,False,id_test,aurc,10,0.08468664974076665,0.020990244900826294,0.057444998158039405,0.06838776261324728,0.08885382598381067,0.09030894793882478,0.12545656295216476
Hungary,isotonic,False,id_test,excess_aurc,10,0.06852365942298284,0.017590534353552702,0.04242327246707833,0.05689179313030336,0.0719207089114226,0.07658108573146766,0.09899883566058565
Hungary,isotonic,False,ood_test,prevalence,10,0.3605442176870749,5.851389114294502e-17,0.36054421768707484,0.36054421768707484,0.36054421768707484,0.36054421768707484,0.36054421768707484
Hungary,isotonic,False,ood_test,auroc,10,0.8578733440385389,0.011732321186302193,0.8349558410276998,0.8506435668406263,0.8592181854676839,0.8667201926936973,0.8733942191890807
Hungary,isotonic,False,ood_test,average_precision,10,0.7580756270145936,0.02816310848843879,0.7079889169179526,0.7403571372912552,0.7596413348031664,0.7821113383111156,0.7948885869162458
Hungary,isotonic,False,ood_test,pr_skill,10,0.6216714592675028,0.04404230795532446,0.5433443700738195,0.5939627572533459,0.6241199597453773,0.6592592205503616,0.6792406625179587
Hungary,isotonic,False,ood_test,brier,10,0.15009150089074774,0.00986455300256823,0.13934060716525795,0.14120205042554523,0.14853680473316544,0.15709158853307112,0.16601998223444317
Hungary,isotonic,False,ood_test,log_loss,10,0.6025851482703722,0.15936991199953549,0.45208466987219226,0.48633381574666634,0.5486054324662335,0.6650252471139382,0.9049144444412832
Hungary,isotonic,False,ood_test,ece,10,0.10185621302816064,0.03286696309157311,0.0626670699285417,0.08180744512885997,0.09532976648534496,0.11516594554651155,0.16509733463803614
Hungary,isotonic,False,ood_test,calibration_intercept,10,-0.43162441263579476,0.31691755617761663,-1.0165934979663074,-0.6005652182588808,-0.4251277741170695,-0.20902265138954076,0.021050078387908424
Hungary,isotonic,False,ood_test,calibration_slope,10,0.6016334700688579,0.3953251001510421,0.14741979663949045,0.27715627589506364,0.5661477735600804,0.8317240976763927,1.3726880244607396
Hungary,isotonic,False,ood_test,hcep_090,10,0.021088435374149662,0.025291326065485144,0.0,0.007653061224489796,0.01020408163265306,0.027210884353741496,0.08163265306122448
Hungary,isotonic,False,ood_test,aurc,10,0.09798315731011864,0.025138248909362598,0.06926906199478944,0.08366176477638612,0.09109871605533536,0.10329920678520305,0.15935714155445818
Hungary,isotonic,False,ood_test,excess_aurc,10,0.07449996114423678,0.020292953220518935,0.052614249086836706,0.0622088144502461,0.06941727072057428,0.07756534123751543,0.12159951777061426
Hungary,isotonic,True,id_test,prevalence,10,0.6526315789473685,0.0,0.6526315789473685,0.6526315789473685,0.6526315789473685,0.6526315789473685,0.6526315789473685
Hungary,isotonic,True,id_test,auroc,10,0.8750488758553274,0.02333876824241625,0.8509286412512219,0.8569770283479962,0.8670576735092863,0.886302541544477,0.913245356793744
Hungary,isotonic,True,id_test,average_precision,10,0.8998424358977009,0.01814697883238507,0.8764834659620824,0.8873386240378541,0.8969993731650034,0.911525396906919,0.9281338718733414
Hungary,isotonic,True,id_test,pr_skill,10,0.7116676184933811,0.05224130269929035,0.6444220989817523,0.6756717964726103,0.7034830439598583,0.7453003850350699,0.7931126614535585
Hungary,isotonic,True,id_test,brier,10,0.12845644885399357,0.018248176042703526,0.09898434721848696,0.12325058254014393,0.13005068921398785,0.13586897024224892,0.1606467991490297
Hungary,isotonic,True,id_test,log_loss,10,0.6106166541283861,0.265648270712893,0.3282255945986394,0.4490962114458828,0.5152854804956781,0.6886049834454955,1.0920736153952808
Hungary,isotonic,True,id_test,ece,10,0.07629829845429557,0.029359698547313053,0.030260031725772893,0.058290899132808424,0.07716107671109493,0.08888727709448584,0.12412829840941925
Hungary,isotonic,True,id_test,calibration_intercept,10,0.3177427920289918,0.27184457324135847,0.00713195869593537,0.1354298072216037,0.2730823705490063,0.487940997731902,0.8340967679084181
Hungary,isotonic,True,id_test,calibration_slope,10,0.44749166502055865,0.30931688351817366,0.13643063032904115,0.20962282853593056,0.3742345501257308,0.5790567335110381,1.0515301073770429
Hungary,isotonic,True,id_test,hcep_090,10,0.037894736842105266,0.024410564394282228,0.010526315789473684,0.013157894736842105,0.042105263157894736,0.049999999999999996,0.07368421052631578
Hungary,isotonic,True,id_test,aurc,10,0.06839757337007203,0.01887486248973926,0.046021943885449196,0.05515432049089302,0.06525593602917745,0.08076320670960124,0.10251992830804711
Hungary,isotonic,True,id_test,excess_aurc,10,0.04986411036788012,0.014696564801358794,0.0336000775985818,0.03852540476481438,0.047927663131267076,0.055868283564992335,0.0833186064471992
Hungary,isotonic,True,ood_test,prevalence,10,0.3605442176870749,5.851389114294502e-17,0.36054421768707484,0.36054421768707484,0.36054421768707484,0.36054421768707484,0.36054421768707484
Hungary,isotonic,True,ood_test,auroc,10,0.8743401244480129,0.024657639094463887,0.8312675632276194,0.8545451124046568,0.8837690686471296,0.891603522681654,0.9011692091529506
Hungary,isotonic,True,ood_test,average_precision,10,0.7713351804542936,0.04684284789784312,0.6969519465021646,0.7325170333065392,0.7832319310113884,0.8025357147977347,0.8324555826233682
Hungary,isotonic,True,ood_test,pr_skill,10,0.6424071439019273,0.0732542408615206,0.5260844269767894,0.5817021691070347,0.6610116367944052,0.6911994688858191,0.7379890494216501
Hungary,isotonic,True,ood_test,brier,10,0.15189577568896204,0.026450656844561632,0.1260644582097846,0.13476543985090864,0.1418618675776392,0.16175188238623298,0.20368524151889536
Hungary,isotonic,True,ood_test,log_loss,10,0.5952175146407571,0.17403387419656405,0.42729242105228477,0.4508219156204585,0.5198578073672928,0.7479001962212215,0.8683243563575005
Hungary,isotonic,True,ood_test,ece,10,0.12397712999525363,0.04367478198673411,0.06379563936484871,0.10433151331476752,0.11023844932492799,0.1546090765081347,0.1995354969935865
Hungary,isotonic,True,ood_test,calibration_intercept,10,-0.6825852101545765,0.4038231038259785,-1.075533801549749,-0.9889366600707995,-0.7656057639956493,-0.5581311419277735,0.15537641115556172
Hungary,isotonic,True,ood_test,calibration_slope,10,0.6261893655954005,0.370302785400147,0.17463601943742507,0.2658611588464969,0.6537726686141245,0.9594435870189346,1.1361146060983416
Hungary,isotonic,True,ood_test,hcep_090,10,0.02857142857142857,0.017505903914393453,0.003401360544217687,0.02040816326530612,0.025510204081632654,0.04166666666666667,0.05782312925170068
Hungary,isotonic,True,ood_test,aurc,10,0.10646284040052152,0.0422562379115051,0.06580327406959322,0.07513391854736573,0.09552884466543428,0.12724315243436715,0.19458950588794796
Hungary,isotonic,True,ood_test,excess_aurc,10,0.07929595359330392,0.03475042899670893,0.04371356943751238,0.05584833793983811,0.0643183833742964,0.10833055409038755,0.13953255323059177
Hungary,platt,False,id_test,prevalence,10,0.6526315789473685,0.0,0.6526315789473685,0.6526315789473685,0.6526315789473685,0.6526315789473685,0.6526315789473685
Hungary,platt,False,id_test,auroc,10,0.873069403714565,0.02666913383565403,0.8377321603128054,0.853128054740958,0.8712121212121212,0.8947947214076246,0.9130009775171065
Hungary,platt,False,id_test,average_precision,10,0.9135318196505162,0.0222850644299684,0.8754573702210608,0.8975825274679612,0.916332191914264,0.9285295572433889,0.9496594879501705
Hungary,platt,False,id_test,pr_skill,10,0.7510764505090619,0.06415397335899994,0.6414681870000236,0.7051618214986761,0.7591381282380326,0.7942517557006651,0.8550803440989757
Hungary,platt,False,id_test,brier,10,0.12963925660986964,0.015043196645349494,0.11048616977497921,0.1158509346773334,0.13140567031137632,0.13984364381671752,0.15386096307318567
Hungary,platt,False,id_test,log_loss,10,0.4177571091301912,0.0483405972662938,0.3456042624297035,0.3817327051045216,0.42118762539361876,0.4465361141038702,0.503808989109798
Hungary,platt,False,id_test,ece,10,0.10555879336702165,0.031130502630822458,0.055891730388817236,0.0883120564306133,0.10747871456980804,0.12091454075243538,0.16601607738218777
Hungary,platt,False,id_test,calibration_intercept,10,-0.020958937464565446,0.2614162111443114,-0.40742833937752565,-0.1961781815079794,-0.021152191015084185,0.11472389004927207,0.5133351143320312
Hungary,platt,False,id_test,calibration_slope,10,1.0563913219953402,0.2500441386320392,0.6173725448819781,0.9507252866676418,1.0229254497374078,1.2031088847386677,1.4942653613542827
Hungary,platt,False,id_test,hcep_090,10,0.02947368421052631,0.02616330088744877,0.010526315789473684,0.010526315789473684,0.021052631578947368,0.039473684210526314,0.09473684210526316
Hungary,platt,False,id_test,aurc,10,0.08593272981308822,0.02201362958815453,0.04860702166910234,0.0691523538158666,0.08662698032987574,0.10294137772562725,0.11701546606688115
Hungary,platt,False,id_test,excess_aurc,10,0.06959507335931767,0.021065827288887277,0.033556700404188726,0.056417781248536525,0.07044356728975237,0.08697852427401388,0.09995712088726624
Hungary,platt,False,ood_test,prevalence,10,0.3605442176870749,5.851389114294502e-17,0.36054421768707484,0.36054421768707484,0.36054421768707484,0.36054421768707484,0.36054421768707484
Hungary,platt,False,ood_test,auroc,10,0.8741368928141309,0.009137374519997753,0.8619028502609394,0.8661431152147732,0.8735196708149338,0.8822887394620634,0.8867924528301887
Hungary,platt,False,ood_test,average_precision,10,0.8267947016768643,0.012664872083085104,0.8017410586969705,0.8219758808773263,0.8273613243656593,0.8316904636638857,0.8464263549725031
Hungary,platt,False,ood_test,pr_skill,10,0.7291363951755216,0.01980570421503735,0.6899567620048368,0.7216005796698614,0.730022496614382,0.7367925336020338,0.759836959371893
Hungary,platt,False,ood_test,brier,10,0.14345024861455974,0.010713695952567343,0.12883257132735065,0.13459324298915964,0.14258293673749944,0.15269189081997703,0.15948094169208912
Hungary,platt,False,ood_test,log_loss,10,0.4502112901802981,0.026729780624328146,0.4144700645301069,0.4271664450114385,0.448319287103747,0.4725323581314495,0.4935063855830245
Hungary,platt,False,ood_test,ece,10,0.11067850887800708,0.03550703704204924,0.06418846463983773,0.08628927358982721,0.09914398713773528,0.139981184184077,0.17363941055892496
Hungary,platt,False,ood_test,calibration_intercept,10,-0.5900637119677459,0.3044129656736566,-0.9974790166292371,-0.8088545864148183,-0.5858750624797389,-0.3739209254472864,-0.14422035372721534
Hungary,platt,False,ood_test,calibration_slope,10,1.2553525245196946,0.2572848870461499,0.8376510927669869,1.1577683114578377,1.255369126903024,1.3013898598689908,1.7077940278450245
Hungary,platt,False,ood_test,hcep_090,10,0.008163265306122448,0.009098595305096997,0.0,0.0008503401360544217,0.006802721088435374,0.00935374149659864,0.027210884353741496
Hungary,platt,False,ood_test,aurc,10,0.09670010977132562,0.013849569194886805,0.07777417730001437,0.08430480398900704,0.09736717402804589,0.10974768096500459,0.11519877901560469
Hungary,platt,False,ood_test,excess_aurc,10,0.07595399676258002,0.01081934429817214,0.06177438610743048,0.06627652388483637,0.07754522835072433,0.08397720651589582,0.09279284394101914
Hungary,platt,True,id_test,prevalence,10,0.6526315789473685,0.0,0.6526315789473685,0.6526315789473685,0.6526315789473685,0.6526315789473685,0.6526315789473685
Hungary,platt,True,id_test,auroc,10,0.8843108504398826,0.024486808938871958,0.8602150537634409,0.8655913978494624,0.8775659824046921,0.8934506353861192,0.9305962854349951
Hungary,platt,True,id_test,average_precision,10,0.9262936083368244,0.01772560325174841,0.9043249317006793,0.9131310755552173,0.9237699784019925,0.9371963426958815,0.9624724248264198
Hungary,platt,True,id_test,pr_skill,10,0.787814933090858,0.05102825178533634,0.724571773077713,0.7499227932650195,0.7805499378239178,0.8192015926093559,0.8919660714699964
Hungary,platt,True,id_test,brier,10,0.1254248494562032,0.015838650239280237,0.09991085123183341,0.11921390190549506,0.128005914401848,0.13271108943794258,0.15292538932039884
Hungary,platt,True,id_test,log_loss,10,0.40243269107056473,0.04407127251362119,0.3229592529703267,0.38039814548357126,0.4111336454222534,0.42142730550663265,0.4618695315000461
Hungary,platt,True,id_test,ece,10,0.11045940804425314,0.02174543858539527,0.07937482938657002,0.10170244132937614,0.1074225261424919,0.11448264082406964,0.15004662036746397
Hungary,platt,True,id_test,calibration_intercept,10,0.009501251317676368,0.22141667303747797,-0.27269089390301565,-0.12512941605713404,0.017378371368441687,0.0634613074175105,0.5105735014101288
Hungary,platt,True,id_test,calibration_slope,10,1.0558793219436464,0.269745108496949,0.6533815942825414,0.8977694558534839,1.0057681486082732,1.1882333295235115,1.5857028327190237
Hungary,platt,True,id_test,hcep_090,10,0.02526315789473684,0.02230210327308169,0.0,0.010526315789473684,0.015789473684210527,0.039473684210526314,0.07368421052631578
Hungary,platt,True,id_test,aurc,10,0.07268101828916888,0.018214870371995342,0.03768554160638368,0.059126645571412985,0.07737608572880955,0.08823332900019723,0.09015313644431353
Hungary,platt,True,id_test,excess_aurc,10,0.05425198736820656,0.01394384288467194,0.029351322406924545,0.04474004386151636,0.058887702981670086,0.06405041361002542,0.07059335282644034
Hungary,platt,True,ood_test,prevalence,10,0.3605442176870749,5.851389114294502e-17,0.36054421768707484,0.36054421768707484,0.36054421768707484,0.36054421768707484,0.36054421768707484
Hungary,platt,True,ood_test,auroc,10,0.8846898835808912,0.01869997418808479,0.8527699718988359,0.8695428542753914,0.8943948213568848,0.8975562023283822,0.9008430349257326
Hungary,platt,True,ood_test,average_precision,10,0.8245848529706674,0.03278638045081992,0.7742078571500461,0.7961230429626729,0.8369073536089654,0.8509236661377538,0.8570888265125977
Hungary,platt,True,ood_test,pr_skill,10,0.7256805679434907,0.05127231836458009,0.646899521287838,0.6811711416543926,0.7449508614948713,0.7668699885345724,0.7765112499718282
Hungary,platt,True,ood_test,brier,10,0.1500755819619303,0.02322459346373206,0.12319933232802222,0.1348568408924596,0.145311689713074,0.16402291332856903,0.19275873979206906
Hungary,platt,True,ood_test,log_loss,10,0.4691850259792437,0.06317360679478005,0.3953954957394709,0.4272182918756636,0.45971236714460706,0.5032938402276321,0.5916428898467514
Hungary,platt,True,ood_test,ece,10,0.13765775419386356,0.04369476462237507,0.07997156941810854,0.10145120459580317,0.14416457102627334,0.16190225947500503,0.21521009896016893
Hungary,platt,True,ood_test,calibration_intercept,10,-0.9293796220801743,0.29736240976202055,-1.4029691319041195,-1.0854450546246508,-0.9610284618082241,-0.7346173328736666,-0.43869117929229123
Hungary,platt,True,ood_test,calibration_slope,10,1.194495717034578,0.25012609463198726,0.9861693827505282,1.0274444693673712,1.1116523108767216,1.2725037415128189,1.8197784989839847
Hungary,platt,True,ood_test,hcep_090,10,0.01598639455782313,0.015045654782343432,0.0,0.01020408163265306,0.01020408163265306,0.01870748299319728,0.05442176870748299
Hungary,platt,True,ood_test,aurc,10,0.11633756328099229,0.04152123998022623,0.07359176241121869,0.0889093239880467,0.10397270835041231,0.1371995679353603,0.19935989961952447
Hungary,platt,True,ood_test,excess_aurc,10,0.09347563633012193,0.03396629640862326,0.058860079910152616,0.07172109314854994,0.08401228228047347,0.105537558143847,0.16262737471977642
Hungary,raw,False,id_test,prevalence,10,0.6526315789473685,0.0,0.6526315789473685,0.6526315789473685,0.6526315789473685,0.6526315789473685,0.6526315789473685
Hungary,raw,False,id_test,auroc,10,0.873069403714565,0.02666913383565403,0.8377321603128054,0.853128054740958,0.8712121212121212,0.8947947214076246,0.9130009775171065
Hungary,raw,False,id_test,average_precision,10,0.9135318196505162,0.0222850644299684,0.8754573702210608,0.8975825274679612,0.916332191914264,0.9285295572433889,0.9496594879501705
Hungary,raw,False,id_test,pr_skill,10,0.7510764505090619,0.06415397335899994,0.6414681870000236,0.7051618214986761,0.7591381282380326,0.7942517557006651,0.8550803440989757
Hungary,raw,False,id_test,brier,10,0.12784856207910747,0.014843780622153184,0.11002260944178412,0.11309665771416241,0.13063481108613698,0.13964848360946525,0.14876672763686238
Hungary,raw,False,id_test,log_loss,10,0.4107877062787105,0.04146302236308584,0.3581406794394721,0.36696108910169933,0.4222623226104023,0.4482856459964205,0.45667055763504966
Hungary,raw,False,id_test,ece,10,0.10892429913809387,0.017906601452356834,0.06652889551284748,0.10373316276152202,0.10924555922187831,0.119892968518516,0.13304773673193587
Hungary,raw,False,id_test,calibration_intercept,10,-0.04173302788209053,0.1714251938408203,-0.2600348140975941,-0.1394763163616912,-0.09985077662727364,0.04770994035905793,0.31331269430789
Hungary,raw,False,id_test,calibration_slope,10,1.0101669112121567,0.1998080324039505,0.7904019126160405,0.8497167285714737,1.0108789566004037,1.0878717817059531,1.4356760811117186
Hungary,raw,False,id_test,hcep_090,10,0.028421052631578948,0.015730885453656064,0.010526315789473684,0.013157894736842105,0.02631578947368421,0.042105263157894736,0.05263157894736842
Hungary,raw,False,id_test,aurc,10,0.08432705433390794,0.021030754936739816,0.0491755214060983,0.06749274382497111,0.0867168231023212,0.09893517555629397,0.11688709636213147
Hungary,raw,False,id_test,excess_aurc,10,0.06862105750085201,0.020281775090067292,0.03412520014118468,0.05532809177791512,0.06844863795509948,0.08303018611574794,0.09982875118251656
Hungary,raw,False,ood_test,prevalence,10,0.3605442176870749,5.851389114294502e-17,0.36054421768707484,0.36054421768707484,0.36054421768707484,0.36054421768707484,0.36054421768707484
Hungary,raw,False,ood_test,auroc,10,0.8741368928141309,0.009137374519997753,0.8619028502609394,0.8661431152147732,0.8735196708149338,0.8822887394620634,0.8867924528301887
Hungary,raw,False,ood_test,average_precision,10,0.8267947016768643,0.012664872083085104,0.8017410586969705,0.8219758808773263,0.8273613243656593,0.8316904636638857,0.8464263549725031
Hungary,raw,False,ood_test,pr_skill,10,0.7291363951755216,0.01980570421503735,0.6899567620048368,0.7216005796698614,0.730022496614382,0.7367925336020338,0.759836959371893
Hungary,raw,False,ood_test,brier,10,0.14266977126280503,0.01127594612663329,0.12703202066915184,0.1368141496035269,0.14036744650419605,0.1474044401210601,0.16808262617845135
Hungary,raw,False,ood_test,log_loss,10,0.44663043643122524,0.028638835449268124,0.40768126311565145,0.4317510187212402,0.44257891150050205,0.45973510055984634,0.5107238021107624
Hungary,raw,False,ood_test,ece,10,0.10702495599110284,0.03317867887650202,0.06078170388163926,0.09442313502543306,0.10503610874758945,0.11314538627323702,0.1823447275770981
Hungary,raw,False,ood_test,calibration_intercept,10,-0.6122100405475133,0.2996754630615374,-1.2605894480082676,-0.672944270961527,-0.5913073612182864,-0.5307862648008577,-0.1341846376270028
Hungary,raw,False,ood_test,calibration_slope,10,1.1934880717121537,0.10550097837971152,1.0313354495117038,1.1490536729663714,1.1706885187357137,1.234640226202019,1.424598853106982
Hungary,raw,False,ood_test,hcep_090,10,0.01020408163265306,0.0027771992548562105,0.006802721088435374,0.007653061224489796,0.01020408163265306,0.012755102040816327,0.013605442176870748
Hungary,raw,False,ood_test,aurc,10,0.09726110246298511,0.017131108124354207,0.07756851250708986,0.08830101257721554,0.09618272685578891,0.10114660701053939,0.13782597478322983
Hungary,raw,False,ood_test,excess_aurc,10,0.07671480425443708,0.014491601909742873,0.059986742628964695,0.06905214003667177,0.07603207438509571,0.0788892686266831,0.1104978429207015
Hungary,raw,True,id_test,prevalence,10,0.6526315789473685,0.0,0.6526315789473685,0.6526315789473685,0.6526315789473685,0.6526315789473685,0.6526315789473685
Hungary,raw,True,id_test,auroc,10,0.8843108504398826,0.024486808938871958,0.8602150537634409,0.8655913978494624,0.8775659824046921,0.8934506353861192,0.9305962854349951
Hungary,raw,True,id_test,average_precision,10,0.9262936083368244,0.01772560325174841,0.9043249317006793,0.9131310755552173,0.9237699784019925,0.9371963426958815,0.9624724248264198
Hungary,raw,True,id_test,pr_skill,10,0.787814933090858,0.05102825178533634,0.724571773077713,0.7499227932650195,0.7805499378239178,0.8192015926093559,0.8919660714699964
Hungary,raw,True,id_test,brier,10,0.1238447240441091,0.015419233406465926,0.09569098347518487,0.11854208546332586,0.12787863719875717,0.13288779947288257,0.14570160042075525
Hungary,raw,True,id_test,log_loss,10,0.3975969838345766,0.041863196826642066,0.3271934746455937,0.37712296593973926,0.41155662195151826,0.4267342127609449,0.44352087317771416
Hungary,raw,True,id_test,ece,10,0.09823044952044514,0.026585603231082455,0.05596844933461256,0.07921694264119958,0.10340770010297987,0.1174127719261022,0.13488340318758887
Hungary,raw,True,id_test,calibration_intercept,10,0.010863251863263368,0.15794980047081278,-0.17811016063140128,-0.1000688725581067,-0.02113130426631347,0.08818936313702652,0.30933618065911045
Hungary,raw,True,id_test,calibration_slope,10,0.9700821431114852,0.20870676636084562,0.7834205351355065,0.8355762017824463,0.8655055909572573,1.0631009203065043,1.4346890936611947
Hungary,raw,True,id_test,hcep_090,10,0.027368421052631577,0.020579478313845868,0.0,0.010526315789473684,0.02631578947368421,0.039473684210526314,0.06315789473684211
Hungary,raw,True,id_test,aurc,10,0.07284280300338328,0.01834487054066232,0.03768554160638368,0.06097930884581021,0.07791634269611002,0.08803987726350117,0.09067978429111173
Hungary,raw,True,id_test,excess_aurc,10,0.055169151009378116,0.013866224764525113,0.029351322406924545,0.0445281234636533,0.06138106780444845,0.0643776123420406,0.07062888027551034
Hungary,raw,True,ood_test,prevalence,10,0.3605442176870749,5.851389114294502e-17,0.36054421768707484,0.36054421768707484,0.36054421768707484,0.36054421768707484,0.36054421768707484
Hungary,raw,True,ood_test,auroc,10,0.8846898835808912,0.01869997418808479,0.8527699718988359,0.8695428542753914,0.8943948213568848,0.8975562023283822,0.9008430349257326
Hungary,raw,True,ood_test,average_precision,10,0.8245848529706674,0.03278638045081992,0.7742078571500461,0.7961230429626729,0.8369073536089654,0.8509236661377538,0.8570888265125977
Hungary,raw,True,ood_test,pr_skill,10,0.7256805679434907,0.05127231836458009,0.646899521287838,0.6811711416543926,0.7449508614948713,0.7668699885345724,0.7765112499718282
Hungary,raw,True,ood_test,brier,10,0.15042393487231154,0.02348023875284298,0.12271558105993237,0.13218680258757906,0.14572122155589742,0.16207446165165484,0.19243508929586955
Hungary,raw,True,ood_test,log_loss,10,0.47175012708303105,0.06819742942413923,0.3928065928410216,0.42028052442412933,0.45793255517985276,0.5023898964397826,0.6008239714219964
Hungary,raw,True,ood_test,ece,10,0.1338259630366901,0.0477486715506248,0.061272445623073026,0.11020963964814746,0.13445829638043516,0.1673640827599398,0.2124976551930522
Hungary,raw,True,ood_test,calibration_intercept,10,-0.9370056050223035,0.31722096898265956,-1.3837036941164118,-1.1442435034808247,-0.9137594879977676,-0.8088126270646712,-0.4443845989149237
Hungary,raw,True,ood_test,calibration_slope,10,1.1149637680466418,0.2536687851809777,0.8475808036578039,0.9068973678444028,1.0417113779466094,1.2736813111627865,1.5804498536953386
Hungary,raw,True,ood_test,hcep_090,10,0.02414965986394558,0.017887261789805344,0.006802721088435374,0.011054421768707481,0.017006802721088437,0.0391156462585034,0.05442176870748299
Hungary,raw,True,ood_test,aurc,10,0.11661761271978754,0.04069717851717256,0.07495112135292771,0.08544147017229017,0.1065215104515381,0.13245975346025357,0.19670440425625374
Hungary,raw,True,ood_test,excess_aurc,10,0.09401577125696896,0.03345072349304459,0.05959235450721793,0.0692674398660591,0.0856105241653278,0.10474689333184287,0.1599718793565057
Switzerland,isotonic,False,id_test,prevalence,10,0.4916666666666666,5.851389114294502e-17,0.49166666666666664,0.49166666666666664,0.49166666666666664,0.49166666666666664,0.49166666666666664
Switzerland,isotonic,False,id_test,auroc,10,0.8803695470964156,0.03624279534193914,0.8192553487079745,0.8520769658238401,0.8826757432620173,0.9014309530425118,0.9305362600722422
Switzerland,isotonic,False,id_test,average_precision,10,0.8457954653520183,0.05226170486007554,0.7724358573025332,0.7996550983838018,0.8503708695918915,0.8783991070819331,0.9231460319090158
Switzerland,isotonic,False,id_test,pr_skill,10,0.6966468170859378,0.10280991120014861,0.5523328340377702,0.6058788820664954,0.7056476123119177,0.7607851286857701,0.848811866050523
Switzerland,isotonic,False,id_test,brier,10,0.13943527242871523,0.024270479751711416,0.10324629229665898,0.12891482009973543,0.14195610110107565,0.15522389808944098,0.17945689869823814
Switzerland,isotonic,False,id_test,log_loss,10,0.6471134993096228,0.26014658128482404,0.32502292749295353,0.4461588490887014,0.573936868372652,0.7848806686766494,1.1031500863883892
Switzerland,isotonic,False,id_test,ece,10,0.08122800796067292,0.019678238155090493,0.039516131707134014,0.07528873237939272,0.08068056045012781,0.08724854636852016,0.11450152931258095
Switzerland,isotonic,False,id_test,calibration_intercept,10,0.031996223362599475,0.26824348329752934,-0.321145846271152,-0.13121241772875197,-0.004805033376629034,0.1629615079189882,0.5235880777780741
Switzerland,isotonic,False,id_test,calibration_slope,10,0.456119885645107,0.33908697402568094,0.14797870567931706,0.21236430605915518,0.32979767893031287,0.6751834616041517,1.1384692991033436
Switzerland,isotonic,False,id_test,hcep_090,10,0.039999999999999994,0.031377824992095425,0.0,0.016666666666666666,0.0375,0.05,0.10833333333333334
Switzerland,isotonic,False,id_test,aurc,10,0.08201379279878558,0.03010837548786397,0.04211981236356985,0.06637661024768647,0.07995265817968703,0.09822341362353804,0.14137034163422435
Switzerland,isotonic,False,id_test,excess_aurc,10,0.058746764790854986,0.022415091052433014,0.030735011040270103,0.045769291112272376,0.05562218915844345,0.07061040815685737,0.1046915872716395
Switzerland,isotonic,False,ood_test,prevalence,10,0.9349593495934959,0.0,0.9349593495934959,0.9349593495934959,0.9349593495934959,0.9349593495934959,0.9349593495934959
Switzerland,isotonic,False,ood_test,auroc,10,0.7147826086956521,0.026315923511968063,0.6673913043478261,0.7038043478260869,0.7255434782608696,0.7324728260869564,0.7429347826086956
Switzerland,isotonic,False,ood_test,average_precision,10,0.9647391423235028,0.0043630939516023535,0.9577009884576675,0.9609160413493476,0.9662247655102836,0.9685527527863207,0.9694357894729879
Switzerland,isotonic,False,ood_test,pr_skill,10,0.4578643132238568,0.06708256950588617,0.34965269753663786,0.3990841357462205,0.4807057697206111,0.5164985740896808,0.5300752631471894
Switzerland,isotonic,False,ood_test,brier,10,0.21543996268761784,0.03243660208499165,0.17251789635280418,0.1897940768858617,0.2110151941391483,0.24269811213434195,0.266671176520976
Switzerland,isotonic,False,ood_test,log_loss,10,1.1200298291286475,0.796375308257576,0.5696756609744352,0.7210141387742386,0.8538336107240424,1.1182538865715412,3.28986005352322
Switzerland,isotonic,False,ood_test,ece,10,0.3180388893064764,0.05120820262384056,0.19826052274856204,0.2985032254154767,0.3274934581872023,0.34870970951686114,0.3751315990785029
Switzerland,isotonic,False,ood_test,calibration_intercept,10,2.7995306453932,0.24036110753917894,2.3405014624736618,2.706854015223064,2.7581859649035305,2.9884275313325337,3.1717484660180526
Switzerland,isotonic,False,ood_test,calibration_slope,10,0.21198904136695576,0.1651747898614881,0.0762667237708723,0.13407780488472765,0.14906192219363024,0.1882083846742833,0.5753232850973928
Switzerland,isotonic,False,ood_test,hcep_090,10,0.04715447154471545,0.044989714838909775,0.0,0.024390243902439025,0.03658536585365854,0.054878048780487805,0.16260162601626016
Switzerland,isotonic,False,ood_test,aurc,10,0.2048880647230039,0.06211526582815339,0.07557404732074019,0.1837150379381534,0.21885632368572716,0.2543387762166174,0.26128995386584314
Switzerland,isotonic,False,ood_test,excess_aurc,10,0.15483905234954856,0.07964637698491074,0.02200352366970465,0.11198151675629414,0.17593229471269295,0.22139124059805876,0.2369504586246001
Switzerland,isotonic,True,id_test,prevalence,10,0.4916666666666666,5.851389114294502e-17,0.49166666666666664,0.49166666666666664,0.49166666666666664,0.49166666666666664,0.49166666666666664
Switzerland,isotonic,True,id_test,auroc,10,0.8919005279244233,0.02610288007551366,0.8417616004445679,0.8785773826062795,0.889899972214504,0.9136218393998333,0.9247013059183107
Switzerland,isotonic,True,id_test,average_precision,10,0.8563891828215073,0.038440979253441504,0.8048098205982117,0.824932030474136,0.8592426684968077,0.889923199388668,0.9020952880640931
Switzerland,isotonic,True,id_test,pr_skill,10,0.717486917025916,0.07562159853136034,0.6160193192095968,0.6556039943753496,0.7231003314691301,0.7834554742072157,0.8074005666834619
Switzerland,isotonic,True,id_test,brier,10,0.13144732966326042,0.019573329673989424,0.10649721399368198,0.11931190688881783,0.12760112420773623,0.1484263387337449,0.16311364553620517
Switzerland,isotonic,True,id_test,log_loss,10,0.6450617269446441,0.21025166958658117,0.340350813905698,0.4908857339466248,0.6535257055313526,0.7443849129725866,1.0602916261587585
Switzerland,isotonic,True,id_test,ece,10,0.07257179150290623,0.040959617112225045,0.024963492102444182,0.05411049141304484,0.06552316174456432,0.08212618210597052,0.168644879096519
Switzerland,isotonic,True,id_test,calibration_intercept,10,0.024063697321851412,0.22532234195229411,-0.3821927166772217,-0.14258894654290447,0.02454809652464945,0.2099931470132872,0.29827976958844765
Switzerland,isotonic,True,id_test,calibration_slope,10,0.35892429261690617,0.2413533103216204,0.14211491796075984,0.21100604564872663,0.29472557453016723,0.4289533205817516,0.9475826273052085
Switzerland,isotonic,True,id_test,hcep_090,10,0.029166666666666667,0.013749298523071758,0.008333333333333333,0.01875,0.025,0.041666666666666664,0.05
Switzerland,isotonic,True,id_test,aurc,10,0.07023555680049867,0.021030404512273886,0.046817193369508674,0.057182007135035705,0.06526130931563467,0.08053928143152475,0.11814120634435588
Switzerland,isotonic,True,id_test,excess_aurc,10,0.05260539677384003,0.018394474733661504,0.033100212727794606,0.038400244807461216,0.0510162734107564,0.05922052343140198,0.09475569201773555
Switzerland,isotonic,True,ood_test,prevalence,10,0.9349593495934959,0.0,0.9349593495934959,0.9349593495934959,0.9349593495934959,0.9349593495934959,0.9349593495934959
Switzerland,isotonic,True,ood_test,auroc,10,0.691195652173913,0.02875451436206631,0.6494565217391305,0.6762228260869565,0.6864130434782609,0.7057065217391305,0.7516304347826087
Switzerland,isotonic,True,ood_test,average_precision,10,0.9593550208500599,0.006174128720646949,0.9513273098937428,0.9545508567816947,0.9595253696383196,0.9628234814416321,0.9710769126160016
Switzerland,isotonic,True,ood_test,pr_skill,10,0.3750834455696685,0.09492722907994681,0.25165738961629597,0.3012194230185573,0.37770255818916376,0.4284110271650937,0.5553075314710247
Switzerland,isotonic,True,ood_test,brier,10,0.18763253430070886,0.03214528338231563,0.1372533697178951,0.16566977069232666,0.17839717398423655,0.21328329266072427,0.24194168131831886
Switzerland,isotonic,True,ood_test,log_loss,10,0.8836553280843322,0.3648354363030522,0.5237969790138989,0.6743014730940031,0.782418165572249,0.9979682184062919,1.7779810719504405
Switzerland,isotonic,True,ood_test,ece,10,0.28738994006462726,0.050408059014770926,0.1857338438318192,0.260788837245267,0.28365374730803417,0.3265231153912725,0.3465164423696126
Switzerland,isotonic,True,ood_test,calibration_intercept,10,2.6016596741056977,0.11750395408234551,2.3061763911580218,2.6131801865551547,2.639790187986648,2.6578598543743728,2.6961612976681595
Switzerland,isotonic,True,ood_test,calibration_slope,10,0.2043282710041065,0.2706604729443145,0.009790969950883351,0.06461421664688016,0.09815579382708381,0.16286479208461677,0.9060225131326926
Switzerland,isotonic,True,ood_test,hcep_090,10,0.046341463414634146,0.03492677207338464,0.0,0.024390243902439025,0.032520325203252036,0.07317073170731707,0.11382113821138211
Switzerland,isotonic,True,ood_test,aurc,10,0.19870520166791988,0.08132389652566539,0.07367227128288167,0.15455539718352573,0.1963376005457791,0.22197736641859228,0.3558697781589724
Switzerland,isotonic,True,ood_test,excess_aurc,10,0.16894604489403087,0.07479498377923313,0.04553863687198595,0.14123866837515622,0.17268843900699865,0.19278551793687682,0.3255932628779475
Switzerland,platt,False,id_test,prevalence,10,0.4916666666666666,5.851389114294502e-17,0.49166666666666664,0.49166666666666664,0.49166666666666664,0.49166666666666664,0.49166666666666664
Switzerland,platt,False,id_test,auroc,10,0.8916921367046402,0.033526501349828715,0.8330091692136704,0.8732286746318422,0.8912197832731314,0.9110169491525424,0.9433175882189496
Switzerland,platt,False,id_test,average_precision,10,0.8813904762893934,0.04390059211159575,0.8098451911490068,0.8567107625692348,0.8867837752094585,0.9076612412436235,0.949643061838874
Switzerland,platt,False,id_test,pr_skill,10,0.7666697894217575,0.0863618205474015,0.6259249661947675,0.7181195329230851,0.777279557789099,0.8183499827743413,0.900937170830572
Switzerland,platt,False,id_test,brier,10,0.1327109805178041,0.021382107610322682,0.09963665096242844,0.12359644983860027,0.1333326141663448,0.14431707672918087,0.16758372482141676
Switzerland,platt,False,id_test,log_loss,10,0.4197451599484586,0.06158593454698604,0.33078670627510487,0.39060274943091544,0.418917858733325,0.4558440005761596,0.5253730350979093
Switzerland,platt,False,id_test,ece,10,0.09434490665241275,0.012502667110048663,0.07198570350401967,0.08936298651129293,0.09526730756164672,0.10390580148815197,0.11192919389267
Switzerland,platt,False,id_test,calibration_intercept,10,-0.021754050524627387,0.16665469794846013,-0.2556263766739828,-0.121128392723172,-0.022421250743254333,0.09632132246725503,0.2474438610477419
Switzerland,platt,False,id_test,calibration_slope,10,1.084033951962758,0.3217910361100885,0.724176269785665,0.781419480455934,1.063079968592323,1.287908997750013,1.5922103953905882
Switzerland,platt,False,id_test,hcep_090,10,0.02333333333333333,0.017916128329552333,0.0,0.010416666666666666,0.020833333333333336,0.03958333333333333,0.05
Switzerland,platt,False,id_test,aurc,10,0.08257110888000306,0.03407669234832829,0.03568717499866244,0.057987288457984155,0.08312933350466158,0.09766041760673527,0.1449537266111474
Switzerland,platt,False,id_test,excess_aurc,10,0.062134637124285165,0.028095328354039148,0.025143647599374732,0.041093474280771564,0.06159776789765505,0.07114253974252568,0.11071865665647357
Switzerland,platt,False,ood_test,prevalence,10,0.9349593495934959,0.0,0.9349593495934959,0.9349593495934959,0.9349593495934959,0.9349593495934959,0.9349593495934959
Switzerland,platt,False,ood_test,auroc,10,0.7418478260869564,0.012522296854192346,0.7217391304347827,0.7350543478260869,0.7385869565217391,0.7491847826086957,0.7673913043478261
Switzerland,platt,False,ood_test,average_precision,10,0.9720101009242811,0.0028287059427508808,0.9675594744557068,0.9710184304333968,0.9717605034400543,0.9730812373158371,0.976904471893498
Switzerland,platt,False,ood_test,pr_skill,10,0.5696553017108188,0.04349135386979478,0.5012269197564919,0.5544083679134748,0.5658177403908353,0.5861240237309941,0.6449062553625327
Switzerland,platt,False,ood_test,brier,10,0.21292816426819372,0.031144172751170346,0.15992495618060426,0.19241985309783172,0.21105309448227022,0.23592023541629023,0.25330647324976463
Switzerland,platt,False,ood_test,log_loss,10,0.6232448994618822,0.08334627759707415,0.49621019249313847,0.5662001780816549,0.6093077495151381,0.6884914995567015,0.7474943936088982
Switzerland,platt,False,ood_test,ece,10,0.33407226021892783,0.04630358484380028,0.2389735988660353,0.3101523799448196,0.3328887001420321,0.37431949903485534,0.38431339973886414
Switzerland,platt,False,ood_test,calibration_intercept,10,2.7637565478449053,0.19307596330441565,2.386305014985958,2.647991173099758,2.786090976587948,2.938904245739325,2.952762614223023
Switzerland,platt,False,ood_test,calibration_slope,10,0.7436019508182301,0.1702102690892622,0.48100285172456236,0.639158152873025,0.7286965077116099,0.8257999784696696,1.0515929052382158
Switzerland,platt,False,ood_test,hcep_090,10,0.024390243902439025,0.02331253459903151,0.0,0.0020325203252032522,0.02032520325203252,0.04065040650406504,0.06504065040650407
Switzerland,platt,False,ood_test,aurc,10,0.21742191010659268,0.06648239378894791,0.11269376651294769,0.16821566253727452,0.21634530931786936,0.27723213071227226,0.295000665344706
Switzerland,platt,False,ood_test,excess_aurc,10,0.15904388936624086,0.049395511155330536,0.08241725123192274,0.12062202612238851,0.15863140085695182,0.20573693539712617,0.21088983710375023
Switzerland,platt,True,id_test,prevalence,10,0.4916666666666666,5.851389114294502e-17,0.49166666666666664,0.49166666666666664,0.49166666666666664,0.49166666666666664,0.49166666666666664
Switzerland,platt,True,id_test,auroc,10,0.8961100305640457,0.029485067961572065,0.8419005279244235,0.8782995276465684,0.8901083634342873,0.9223395387607669,0.9355376493470409
Switzerland,platt,True,id_test,average_precision,10,0.8847483956209421,0.03911450951695011,0.8189177652526439,0.8523231779979222,0.8914291946318637,0.9172538842249676,0.9358075575043683
Switzerland,platt,True,id_test,pr_skill,10,0.7732755323690668,0.07694657609891828,0.6437726529560209,0.7094882190123061,0.7864180878003877,0.8372207558523954,0.8737197852544951
Switzerland,platt,True,id_test,brier,10,0.12888567700970943,0.019314303998964735,0.10262106592398258,0.11497802994070211,0.12970788132655411,0.14263024405730879,0.16066482626323436
Switzerland,platt,True,id_test,log_loss,10,0.41043340958889984,0.0554706557984585,0.3365058279371071,0.37102120877274125,0.41832654480737014,0.43583042539098227,0.5082153038121802
Switzerland,platt,True,id_test,ece,10,0.1001646984559303,0.02811953839771313,0.06931086337215163,0.07779235934376405,0.09353519168361804,0.12123109077852315,0.15112049042272133
Switzerland,platt,True,id_test,calibration_intercept,10,-0.04551816567068952,0.16040514334531664,-0.2779315574309702,-0.1360427952713621,-0.09835552682867685,0.04831339659005323,0.20342128543010454
Switzerland,platt,True,id_test,calibration_slope,10,1.052982137586944,0.2535593082944552,0.7134278873905177,0.8580060526494664,1.074044137296235,1.1719896830598437,1.5084266885662323
Switzerland,platt,True,id_test,hcep_090,10,0.020833333333333336,0.011947673982003647,0.008333333333333333,0.010416666666666666,0.016666666666666666,0.03125,0.041666666666666664
Switzerland,platt,True,id_test,aurc,10,0.07949197081207746,0.029316903228676208,0.04179365827371879,0.053941058938735645,0.08145995265919335,0.09415367706389302,0.13685054407270006
Switzerland,platt,True,id_test,excess_aurc,10,0.061466014738315124,0.026577720200543362,0.03363517689455943,0.03899449581959012,0.054776686175363645,0.07662203120411445,0.11346502974607973
Switzerland,platt,True,ood_test,prevalence,10,0.9349593495934959,0.0,0.9349593495934959,0.9349593495934959,0.9349593495934959,0.9349593495934959,0.9349593495934959
Switzerland,platt,True,ood_test,auroc,10,0.7086956521739131,0.026987281810921863,0.6652173913043478,0.6956521739130435,0.7076086956521739,0.7274456521739132,0.7510869565217391
Switzerland,platt,True,ood_test,average_precision,10,0.9668301362020463,0.008457668506752,0.9465444206172843,0.9645606549473522,0.9682306473224661,0.9722917054950897,0.9752931731786114
Switzerland,platt,True,ood_test,pr_skill,10,0.490013344106463,0.13003665329131198,0.17812046699074602,0.4551200698155396,0.5115462025829166,0.5739849719870043,0.6201325376211506
Switzerland,platt,True,ood_test,brier,10,0.18464496149431703,0.034183798984070736,0.1304758427340244,0.1628336474197315,0.17585102776899672,0.2162249563465077,0.23608087437047529
Switzerland,platt,True,ood_test,log_loss,10,0.5591026396897281,0.09199187133692778,0.41832261578917956,0.4962479796788799,0.5373841478305421,0.6412660248070212,0.6931501140998496
Switzerland,platt,True,ood_test,ece,10,0.2947737600443359,0.04716474989252218,0.18888049472713977,0.27702782799264997,0.2951512156434103,0.3236504755233694,0.35480429734850644
Switzerland,platt,True,ood_test,calibration_intercept,10,2.5054620745649276,0.16910289795335845,2.197363734038959,2.4218997736842036,2.468828729221509,2.620939660528365,2.7775787183460947
Switzerland,platt,True,ood_test,calibration_slope,10,0.6109798865137588,0.202770056908942,0.4443360816872952,0.4715189047802615,0.5759254613941929,0.6171295567093038,1.098432932735549
Switzerland,platt,True,ood_test,hcep_090,10,0.02601626016260163,0.01869722310098682,0.0,0.008130081300813009,0.02845528455284553,0.04065040650406504,0.04878048780487805
Switzerland,platt,True,ood_test,aurc,10,0.1794990824069953,0.07086031099725998,0.08146733885248428,0.12541127970055493,0.16841045782577752,0.244020515169074,0.2747518592336732
Switzerland,platt,True,ood_test,excess_aurc,10,0.13608057799200815,0.05020199440555299,0.06278196851555251,0.09399822381390294,0.14010565432497138,0.17675329550180205,0.1977415337065736
Switzerland,raw,False,id_test,prevalence,10,0.4916666666666666,5.851389114294502e-17,0.49166666666666664,0.49166666666666664,0.49166666666666664,0.49166666666666664,0.49166666666666664
Switzerland,raw,False,id_test,auroc,10,0.8916921367046402,0.033526501349828715,0.8330091692136704,0.8732286746318422,0.8912197832731314,0.9110169491525424,0.9433175882189496
Switzerland,raw,False,id_test,average_precision,10,0.8813904762893934,0.04390059211159575,0.8098451911490068,0.8567107625692348,0.8867837752094585,0.9076612412436235,0.949643061838874
Switzerland,raw,False,id_test,pr_skill,10,0.7666697894217575,0.0863618205474015,0.6259249661947675,0.7181195329230851,0.777279557789099,0.8183499827743413,0.900937170830572
Switzerland,raw,False,id_test,brier,10,0.13191071336699298,0.02233732184761024,0.09561539581116883,0.12042474461049223,0.13458683218184503,0.1435275727420932,0.17016057108221236
Switzerland,raw,False,id_test,log_loss,10,0.4154651303708118,0.0689118686916175,0.3094233429229872,0.37630301944181044,0.41518856022911865,0.45337575133186364,0.5486254591401127
Switzerland,raw,False,id_test,ece,10,0.08890334785263128,0.02274691881925466,0.060938622177132425,0.0747203759658987,0.08884218008719737,0.09418960725030524,0.14186114422487633
Switzerland,raw,False,id_test,calibration_intercept,10,0.01421078841219972,0.17757833861916233,-0.29396271374986854,-0.05713127076004895,0.007986759131567638,0.14328197981682045,0.26588634400759636
Switzerland,raw,False,id_test,calibration_slope,10,0.9895089724906901,0.194451690952394,0.6058351497852432,0.9141726605822661,0.9894162334562282,1.1547690103650974,1.230595049025854
Switzerland,raw,False,id_test,hcep_090,10,0.025,0.017568209223157664,0.008333333333333333,0.016666666666666666,0.020833333333333336,0.025,0.06666666666666667
Switzerland,raw,False,id_test,aurc,10,0.08136450805082111,0.03305747353990656,0.03605483701203377,0.05736630790252117,0.08083197686745108,0.09844348358436197,0.14521687943068573
Switzerland,raw,False,id_test,excess_aurc,10,0.06135870561924085,0.026819905039729246,0.024197816351250474,0.041402272085577826,0.06117570433605262,0.07037875894099788,0.11098180947601191
Switzerland,raw,False,ood_test,prevalence,10,0.9349593495934959,0.0,0.9349593495934959,0.9349593495934959,0.9349593495934959,0.9349593495934959,0.9349593495934959
Switzerland,raw,False,ood_test,auroc,10,0.7418478260869564,0.012522296854192346,0.7217391304347827,0.7350543478260869,0.7385869565217391,0.7491847826086957,0.7673913043478261
Switzerland,raw,False,ood_test,average_precision,10,0.9720101009242811,0.0028287059427508808,0.9675594744557068,0.9710184304333968,0.9717605034400543,0.9730812373158371,0.976904471893498
Switzerland,raw,False,ood_test,pr_skill,10,0.5696553017108188,0.04349135386979478,0.5012269197564919,0.5544083679134748,0.5658177403908353,0.5861240237309941,0.6449062553625327
Switzerland,raw,False,ood_test,brier,10,0.2201978646335505,0.029524584037889552,0.1835301968318017,0.18848196012718987,0.22929313776797272,0.24505807874178193,0.2564859774397275
Switzerland,raw,False,ood_test,log_loss,10,0.6439305067172708,0.07866154252233303,0.543638285008851,0.5589635619107597,0.6675434132178639,0.7124931070725771,0.7385233708286452
Switzerland,raw,False,ood_test,ece,10,0.33663803189511643,0.041350130881609895,0.2791977271605492,0.29306760250958797,0.356272145471324,0.3684142671203774,0.3831376813188719
Switzerland,raw,False,ood_test,calibration_intercept,10,2.7923922215899557,0.1748978158757883,2.5591043322158047,2.6042666578060647,2.888671845436515,2.9233221494994863,2.987923747671172
Switzerland,raw,False,ood_test,calibration_slope,10,0.6782436846393949,0.057376455875654216,0.5574022550380939,0.6550359882774242,0.6769433807667962,0.7151218246788004,0.7536897505062822
Switzerland,raw,False,ood_test,hcep_090,10,0.03414634146341463,0.013711773052220613,0.016260162601626018,0.024390243902439025,0.03658536585365854,0.04065040650406504,0.056910569105691054
Switzerland,raw,False,ood_test,aurc,10,0.22957338975087466,0.06614363736519663,0.14046649174983614,0.1631664757179711,0.25265141843709604,0.28901207354382585,0.3027090106691568
Switzerland,raw,False,ood_test,excess_aurc,10,0.16868420568945958,0.050745102692834256,0.09815931138002545,0.11610667799613057,0.19234107136869788,0.21034289532041017,0.2256986851420572
Switzerland,raw,True,id_test,prevalence,10,0.4916666666666666,5.851389114294502e-17,0.49166666666666664,0.49166666666666664,0.49166666666666664,0.49166666666666664,0.49166666666666664
Switzerland,raw,True,id_test,auroc,10,0.8961100305640457,0.029485067961572065,0.8419005279244235,0.8782995276465684,0.8901083634342873,0.9223395387607669,0.9355376493470409
Switzerland,raw,True,id_test,average_precision,10,0.8847483956209421,0.03911450951695011,0.8189177652526439,0.8523231779979222,0.8914291946318637,0.9172538842249676,0.9358075575043683
Switzerland,raw,True,id_test,pr_skill,10,0.7732755323690668,0.07694657609891828,0.6437726529560209,0.7094882190123061,0.7864180878003877,0.8372207558523954,0.8737197852544951
Switzerland,raw,True,id_test,brier,10,0.12824579294825728,0.020363285713800548,0.10112630237863181,0.1114242300037473,0.1294774822173269,0.14211768486596685,0.1637164609541287
Switzerland,raw,True,id_test,log_loss,10,0.40781343779916196,0.06282753681780981,0.32644886784395816,0.3573424546071351,0.4157609967503646,0.4346877322527613,0.5360877304773818
Switzerland,raw,True,id_test,ece,10,0.0923852351854785,0.024112696188939135,0.051951343864500336,0.07587113503805276,0.08834116710597224,0.1104719131237102,0.12535907894601414
Switzerland,raw,True,id_test,calibration_intercept,10,-0.0017271431314256126,0.16395645370821801,-0.2611743477508297,-0.08559681134447997,-0.012784797609624747,0.10369604085411492,0.22987274470962726
Switzerland,raw,True,id_test,calibration_slope,10,0.9544768235096381,0.14987973900075613,0.6042234172285914,0.9112871268648601,1.009918309390779,1.0445476484449758,1.1134320684797936
Switzerland,raw,True,id_test,hcep_090,10,0.02833333333333334,0.014272480642961253,0.008333333333333333,0.01875,0.025,0.03333333333333333,0.058333333333333334
Switzerland,raw,True,id_test,aurc,10,0.07832027957356334,0.028078525315601188,0.042105967909981445,0.05415376685820803,0.07880402633559927,0.09432951275188885,0.13397621318139993
Switzerland,raw,True,id_test,excess_aurc,10,0.060622107675456574,0.024790078091080095,0.032795027623322016,0.0404088845090274,0.05442317261069799,0.0771338484539321,0.10860002005821771
Switzerland,raw,True,ood_test,prevalence,10,0.9349593495934959,0.0,0.9349593495934959,0.9349593495934959,0.9349593495934959,0.9349593495934959,0.9349593495934959
Switzerland,raw,True,ood_test,auroc,10,0.7086956521739131,0.026987281810921863,0.6652173913043478,0.6956521739130435,0.7076086956521739,0.7274456521739132,0.7510869565217391
Switzerland,raw,True,ood_test,average_precision,10,0.9668301362020463,0.008457668506752,0.9465444206172843,0.9645606549473522,0.9682306473224661,0.9722917054950897,0.9752931731786114
Switzerland,raw,True,ood_test,pr_skill,10,0.490013344106463,0.13003665329131198,0.17812046699074602,0.4551200698155396,0.5115462025829166,0.5739849719870043,0.6201325376211506
Switzerland,raw,True,ood_test,brier,10,0.18974437516161066,0.03211595619530202,0.14763221956131617,0.16053725609604927,0.1888680183518164,0.22126023171541256,0.22836737633215126
Switzerland,raw,True,ood_test,log_loss,10,0.573676348362332,0.0868685363634767,0.46406412294444155,0.4918825448288925,0.5873682217038958,0.6544235702462773,0.6764118464626103
Switzerland,raw,True,ood_test,ece,10,0.2943822097138636,0.04263916544646276,0.23754693505694802,0.25912854565681565,0.2856254030171725,0.33903121813970144,0.34580491093658944
Switzerland,raw,True,ood_test,calibration_intercept,10,2.5348769968991958,0.15455724996445291,2.3095772569144954,2.418180106993766,2.509745912654145,2.690920696646235,2.7355134361152023
Switzerland,raw,True,ood_test,calibration_slope,10,0.5497959390536028,0.11890981415015668,0.3736723358273096,0.4985771554996291,0.5546970069856196,0.5651999453059858,0.8107987377918641
Switzerland,raw,True,ood_test,hcep_090,10,0.03252032520325203,0.016260162601626015,0.008130081300813009,0.01829268292682927,0.032520325203252036,0.0467479674796748,0.056910569105691054
Switzerland,raw,True,ood_test,aurc,10,0.191631994788897,0.06738055028977888,0.10423035935391213,0.12846987661551268,0.20731787020461417,0.25232618316941735,0.26891756673527634
Switzerland,raw,True,ood_test,excess_aurc,10,0.14488918980489546,0.04676794486933546,0.08012663873005844,0.09924340681876072,0.16831927557523865,0.18209464937015904,0.19555824495637014
VA Long Beach,isotonic,False,id_test,prevalence,10,0.5,0.0,0.5,0.5,0.5,0.5,0.5
VA Long Beach,isotonic,False,id_test,auroc,10,0.9018347050754458,0.02506575521249455,0.8566529492455419,0.8859739368998628,0.9060356652949244,0.9212534293552812,0.9300411522633744
VA Long Beach,isotonic,False,id_test,average_precision,10,0.8830194695353362,0.027509152443237067,0.8367218444702422,0.8710286968863794,0.8898589757184634,0.9037719752312598,0.9136432205730451
VA Long Beach,isotonic,False,id_test,pr_skill,10,0.7660389390706722,0.05501830488647413,0.6734436889404845,0.7420573937727587,0.7797179514369268,0.8075439504625197,0.8272864411460903
VA Long Beach,isotonic,False,id_test,brier,10,0.12195696645661722,0.0188304388655898,0.08979029479465703,0.11192315074141364,0.12225320906344005,0.12863110954423887,0.1549867015629945
VA Long Beach,isotonic,False,id_test,log_loss,10,0.640986424872516,0.2499561556870785,0.31036613636279536,0.4837972472555361,0.5806839192054813,0.8117986563061234,1.0586507952420983
VA Long Beach,isotonic,False,id_test,ece,10,0.08017846042392503,0.029500828759947913,0.044097947414103944,0.06173655275601164,0.07720720300326284,0.09642910280397485,0.14248780207248368
VA Long Beach,isotonic,False,id_test,calibration_intercept,10,-0.03722012560687141,0.2693783978286393,-0.5607578971768948,-0.08858534006303033,0.0348544458577736,0.09984703052191535,0.2634075427924829
VA Long Beach,isotonic,False,id_test,calibration_slope,10,0.4247356424241121,0.28790485929348947,0.14813146720471973,0.18932325143086454,0.33671845390299715,0.6202586906714784,0.9503798763738607
VA Long Beach,isotonic,False,id_test,hcep_090,10,0.037037037037037035,0.022256489354715983,0.009259259259259259,0.018518518518518517,0.032407407407407406,0.05324074074074074,0.07407407407407407
VA Long Beach,isotonic,False,id_test,aurc,10,0.06627408892267272,0.014910404344715569,0.044868837856951685,0.05641783424634644,0.06718194851805202,0.07191535521718945,0.09055650533664655
VA Long Beach,isotonic,False,id_test,excess_aurc,10,0.05251977731298678,0.011228547369626071,0.03331117402228712,0.04793852424375533,0.05643785475679498,0.05876044092884335,0.06607660354046099
VA Long Beach,isotonic,False,ood_test,prevalence,10,0.745,0.0,0.745,0.745,0.745,0.745,0.745
VA Long Beach,isotonic,False,ood_test,auroc,10,0.6949730227661535,0.02479866694282694,0.6433741281747599,0.6819647322016055,0.701802868798526,0.70751085669167,0.7302934596657454
VA Long Beach,isotonic,False,ood_test,average_precision,10,0.8388584492428224,0.015596501094664603,0.8081914619540932,0.8295870930204976,0.840831215440462,0.8495715463096248,0.8606521086284871
VA Long Beach,isotonic,False,ood_test,pr_skill,10,0.36807234997185295,0.061162749390841584,0.24780965472193411,0.3317140902764613,0.3758086880018119,0.410084495331862,0.45353768089602775
VA Long Beach,isotonic,False,ood_test,brier,10,0.1976241898901535,0.013425818164398721,0.17490647332591813,0.19083374397962466,0.19436189792779374,0.20257990227285783,0.22019383029401796
VA Long Beach,isotonic,False,ood_test,log_loss,10,0.8933387104198222,0.25249405841309697,0.5964145023011059,0.742542850920341,0.8331890477435404,0.9311222860480156,1.4184438509509667
VA Long Beach,isotonic,False,ood_test,ece,10,0.13630945599254188,0.026767093524907727,0.09029426168382909,0.1242194892918267,0.13947489234937788,0.15350470511213815,0.17648707981107342
VA Long Beach,isotonic,False,ood_test,calibration_intercept,10,0.8213483057738236,0.11027173278028127,0.6186474952070091,0.8251788605443308,0.8429907301033015,0.8909475529898936,0.9321401363948535
VA Long Beach,isotonic,False,ood_test,calibration_slope,10,0.1458049932513156,0.10966104056443578,0.0725388596670928,0.08889973609304472,0.09702879462037181,0.13234850094396916,0.3991575001246844
VA Long Beach,isotonic,False,ood_test,hcep_090,10,0.05900000000000001,0.04501851470969103,0.015,0.026250000000000002,0.055,0.06,0.14
VA Long Beach,isotonic,False,ood_test,aurc,10,0.16790652490339264,0.02735985387473899,0.12359435901165032,0.1448037553578252,0.177668315593992,0.1908086262715949,0.195571336353503
VA Long Beach,isotonic,False,ood_test,excess_aurc,10,0.12923949286053965,0.025843870761228998,0.08935712861982459,0.10724219116720606,0.13456299509439076,0.14905944851378866,0.15889706377805907
VA Long Beach,isotonic,True,id_test,prevalence,10,0.5,0.0,0.5,0.5,0.5,0.5,0.5
VA Long Beach,isotonic,True,id_test,auroc,10,0.9048696844993142,0.024316308133935476,0.8732853223593964,0.8877743484224965,0.9047496570644719,0.9161093964334706,0.9545610425240055
VA Long Beach,isotonic,True,id_test,average_precision,10,0.8843537794302675,0.027334117115966238,0.8355614698056729,0.8746788851012284,0.8825743246835558,0.896129261098209,0.9373035298294827
VA Long Beach,isotonic,True,id_test,pr_skill,10,0.7687075588605348,0.054668234231932476,0.6711229396113458,0.7493577702024566,0.7651486493671117,0.7922585221964179,0.8746070596589655
VA Long Beach,isotonic,True,id_test,brier,10,0.120138294656391,0.018753874108126862,0.0923524937948659,0.10630136392350707,0.12055886135374058,0.12689550323418144,0.15454280413579582
VA Long Beach,isotonic,True,id_test,log_loss,10,0.6887088043593277,0.2727158916172539,0.30151082744951657,0.517332603544224,0.5834978488992415,0.8724661618442557,1.153291570077254
VA Long Beach,isotonic,True,id_test,ece,10,0.08554309638957511,0.021659679652530364,0.055913844022053884,0.06885012093788588,0.09179810903685234,0.09558819177671998,0.12013167378135481
VA Long Beach,isotonic,True,id_test,calibration_intercept,10,-0.0510372888684989,0.44072432868665223,-1.042679162747962,-0.049439041146720174,0.037094918601742105,0.10505380001938928,0.5634428017398069
VA Long Beach,isotonic,True,id_test,calibration_slope,10,0.3979858618896717,0.3353932796734606,0.13776354664548165,0.16565552984931076,0.2890296296821094,0.4799627369695355,1.2149654435081254
VA Long Beach,isotonic,True,id_test,hcep_090,10,0.03425925925925925,0.01854422084666642,0.009259259259259259,0.027777777777777776,0.027777777777777776,0.046296296296296294,0.06481481481481481
VA Long Beach,isotonic,True,id_test,aurc,10,0.06181089190030099,0.019691313921405905,0.031224661755267204,0.05205470524055173,0.06374132414460193,0.07147988701427671,0.09110150754011767
VA Long Beach,isotonic,True,id_test,excess_aurc,10,0.04680873570038669,0.015157611619527247,0.018131996682090538,0.03942327062592878,0.05085966980094743,0.0579780341060345,0.06274174465863719
VA Long Beach,isotonic,True,ood_test,prevalence,10,0.745,0.0,0.745,0.745,0.745,0.745,0.745
VA Long Beach,isotonic,True,ood_test,auroc,10,0.6692920121068562,0.03919837977968017,0.5810632978023424,0.6592150282931964,0.6758455059876299,0.6867021976575864,0.7177918147124621
VA Long Beach,isotonic,True,ood_test,average_precision,10,0.8287795315893666,0.02240626586492848,0.7797486260899256,0.8202755433263347,0.8317544426720532,0.8422735036465122,0.8563885864949807
VA Long Beach,isotonic,True,ood_test,pr_skill,10,0.3285471827033986,0.08786770927422934,0.13626912192127674,0.2951982091228813,0.34021350067471856,0.38146472018240085,0.43681798625482643
VA Long Beach,isotonic,True,ood_test,brier,10,0.20059148489649994,0.017909884051993317,0.18407652559477328,0.1859189733456189,0.1957199777186886,0.21361017062392526,0.23444272253123485
VA Long Beach,isotonic,True,ood_test,log_loss,10,0.9326198150771955,0.4210897745679779,0.5523184417751681,0.7248422013397663,0.7970715642728081,0.986621254650654,2.024968157272287
VA Long Beach,isotonic,True,ood_test,ece,10,0.13039403909507735,0.04238648540812382,0.0725023170235119,0.10919407639110437,0.12117146876680271,0.15976475193142925,0.19543171833674322
VA Long Beach,isotonic,True,ood_test,calibration_intercept,10,0.7782470166191743,0.18155486415264213,0.47280533405859454,0.6361767017514729,0.8420951627591635,0.9181468105430839,0.9892581508857131
VA Long Beach,isotonic,True,ood_test,calibration_slope,10,0.154626720019216,0.1607603296116905,0.025545758547277458,0.06963969002816792,0.09742528049661345,0.12264522857731992,0.5237069774561971
VA Long Beach,isotonic,True,ood_test,hcep_090,10,0.064,0.045570458267024994,0.0,0.01875,0.075,0.10124999999999999,0.13
VA Long Beach,isotonic,True,ood_test,aurc,10,0.1591862870241203,0.03494922966662077,0.10906332467205009,0.13929344190678455,0.15759250894034357,0.16424805408422388,0.22380900198894788
VA Long Beach,isotonic,True,ood_test,excess_aurc,10,0.11523842707260615,0.028616456519450814,0.06721281530112092,0.09903361867812482,0.11650297797356754,0.12350746834563403,0.16490966968544218
VA Long Beach,platt,False,id_test,prevalence,10,0.5,0.0,0.5,0.5,0.5,0.5,0.5
VA Long Beach,platt,False,id_test,auroc,10,0.9079903978052126,0.025626282961096827,0.8638545953360768,0.8894890260631001,0.9113511659807956,0.924982853223594,0.9447873799725651
VA Long Beach,platt,False,id_test,average_precision,10,0.9143095135195335,0.025991463463006664,0.8695429345412455,0.8949483270614736,0.9177808927464444,0.9322521824545538,0.9471825113501694
VA Long Beach,platt,False,id_test,pr_skill,10,0.8286190270390671,0.05198292692601333,0.7390858690824911,0.7898966541229473,0.8355617854928888,0.8645043649091075,0.8943650227003388
VA Long Beach,platt,False,id_test,brier,10,0.11758240490701902,0.016053447572031133,0.09577031985135297,0.10662171974184313,0.11434272548539802,0.12944085101832078,0.14354784284609942
VA Long Beach,platt,False,id_test,log_loss,10,0.38811162705044994,0.04646452632333625,0.3259469559906717,0.35589397089633806,0.37729407059825604,0.4201850972616885,0.47878659122374473
VA Long Beach,platt,False,id_test,ece,10,0.10037902929313744,0.0159974346888598,0.07752581326127184,0.0907185244885652,0.0988235778503375,0.10692271337110737,0.12880973832581435
VA Long Beach,platt,False,id_test,calibration_intercept,10,-0.1889545785019898,0.2384486946641957,-0.7176435199528168,-0.22645360447879814,-0.17510392902388666,-0.02143378049030233,0.09640688350575945
VA Long Beach,platt,False,id_test,calibration_slope,10,1.0395244370436747,0.28550579969701134,0.6749137241098678,0.8537833457246178,0.9922559437737748,1.2337347676624022,1.5795842562815947
VA Long Beach,platt,False,id_test,hcep_090,10,0.032407407407407406,0.01864667588517681,0.009259259259259259,0.018518518518518517,0.027777777777777776,0.04398148148148148,0.06481481481481481
VA Long Beach,platt,False,id_test,aurc,10,0.07045036205784834,0.020976217484114924,0.047135386312684664,0.05566009170764018,0.06646335224121844,0.08334446620060618,0.11378176810164624
VA Long Beach,platt,False,id_test,excess_aurc,10,0.05774999879960535,0.01817120711256899,0.0355777224780201,0.04371507551286735,0.05345800374842844,0.0692407319070144,0.09546905106991999
VA Long Beach,platt,False,ood_test,prevalence,10,0.745,0.0,0.745,0.745,0.745,0.745,0.745
VA Long Beach,platt,False,ood_test,auroc,10,0.7042505592841163,0.013798614027775609,0.6869324911172523,0.6951572575338859,0.7029872351625214,0.7059481510725095,0.7350967232530596
VA Long Beach,platt,False,ood_test,average_precision,10,0.8515978136411316,0.00980406291659498,0.8386943661600014,0.8453033009905834,0.8520203851737007,0.8545145632952674,0.8733181447568026
VA Long Beach,platt,False,ood_test,pr_skill,10,0.4180306417299281,0.038447305555274425,0.3674288869019662,0.3933462783944445,0.41968778499490456,0.4294688756677155,0.5032084108109905
VA Long Beach,platt,False,ood_test,brier,10,0.19014801690273048,0.008921373265705777,0.17305126407855123,0.1862339519943065,0.19251367691021296,0.19356754661937403,0.20468615933498874
VA Long Beach,platt,False,ood_test,log_loss,10,0.5827600741109124,0.03319133827473508,0.5270407453349106,0.5669314197991225,0.5831836480815542,0.5891987550139126,0.6591650721811433
VA Long Beach,platt,False,ood_test,ece,10,0.1385444237535422,0.03633863137353193,0.08165261591236415,0.11102822434294547,0.14456356655510794,0.16511057313336766,0.19151478413403414
VA Long Beach,platt,False,ood_test,calibration_intercept,10,0.660387320028625,0.09266912477585987,0.517324387850414,0.5764107021196228,0.6922356695986671,0.7280012179997131,0.7889431481208556
VA Long Beach,platt,False,ood_test,calibration_slope,10,0.4796031271078208,0.0780985300984877,0.336158556651087,0.4373563706647322,0.4874496160738703,0.5059973688052507,0.6361270058308661
VA Long Beach,platt,False,ood_test,hcep_090,10,0.042499999999999996,0.020982797186690282,0.025,0.026250000000000002,0.035,0.0525,0.09
VA Long Beach,platt,False,ood_test,aurc,10,0.17988977262305422,0.015017965760200043,0.14835517525196384,0.17096296139427072,0.1852170378943414,0.191797958502753,0.19407586685117234
VA Long Beach,platt,False,ood_test,excess_aurc,10,0.1365518877905149,0.011680529711023851,0.11266285972941695,0.1307167263446204,0.1379513250885423,0.1453069051883029,0.15142407072010292
VA Long Beach,platt,True,id_test,prevalence,10,0.5,0.0,0.5,0.5,0.5,0.5,0.5
VA Long Beach,platt,True,id_test,auroc,10,0.9185871056241426,0.024915366859792235,0.8899176954732511,0.8944615912208504,0.9176954732510287,0.9362997256515775,0.958161865569273
VA Long Beach,platt,True,id_test,average_precision,10,0.9231639603690402,0.026960341499363705,0.8827006503132018,0.8983365073358054,0.928804261322239,0.9382265057920472,0.9584478181827158
VA Long Beach,platt,True,id_test,pr_skill,10,0.8463279207380804,0.05392068299872741,0.7654013006264035,0.7966730146716107,0.8576085226444781,0.8764530115840945,0.9168956363654317
VA Long Beach,platt,True,id_test,brier,10,0.11176608095121188,0.0174111839344754,0.08798774778409922,0.09756382415672332,0.11125096437423843,0.12492531694901457,0.1365594330910975
VA Long Beach,platt,True,id_test,log_loss,10,0.36798496487541227,0.047165878931519085,0.29504833049127754,0.3321836784376181,0.3613120121375021,0.41096817205433833,0.4360904878163745
VA Long Beach,platt,True,id_test,ece,10,0.10719817914820022,0.01749912366033321,0.08798514393368514,0.08962645023606947,0.10964198827543026,0.11778001293977325,0.13584575330807763
VA Long Beach,platt,True,id_test,calibration_intercept,10,-0.2117759646055871,0.2987398246430468,-0.920557102050585,-0.2937622463962678,-0.17605134285945237,-0.10734732847198036,0.20996496279671784
VA Long Beach,platt,True,id_test,calibration_slope,10,1.0744504104140515,0.3092546631292076,0.7822993723112986,0.8063274324607406,1.0072647548259581,1.2697918591814217,1.7129320177370015
VA Long Beach,platt,True,id_test,hcep_090,10,0.030555555555555558,0.017486685770636164,0.009259259259259259,0.018518518518518517,0.027777777777777776,0.04398148148148148,0.05555555555555555
VA Long Beach,platt,True,id_test,aurc,10,0.060669395702508046,0.018719786748285273,0.03604660482528374,0.046486041726617966,0.05931689994602931,0.07316055917101708,0.08872648650488628
VA Long Beach,platt,True,id_test,excess_aurc,10,0.049039722508912816,0.015137894044533341,0.028962093965207297,0.039940349749826055,0.04701002167799116,0.060391523612318955,0.07135995705582833
VA Long Beach,platt,True,ood_test,prevalence,10,0.745,0.0,0.745,0.745,0.745,0.745,0.745
VA Long Beach,platt,True,ood_test,auroc,10,0.6850375049348599,0.04203736596283275,0.5858665613896565,0.6786419265692856,0.700750098697197,0.7120015791551519,0.7203579418344519
VA Long Beach,platt,True,ood_test,average_precision,10,0.8514070146386047,0.024151681135295984,0.7902045607295667,0.8529978005129646,0.8629041324899305,0.8638899932156474,0.8672565810698266
VA Long Beach,platt,True,ood_test,pr_skill,10,0.4172824103474696,0.09471247504037641,0.17727278717477132,0.42352078632535156,0.46236914701933496,0.4662352675123428,0.4794375728228495
VA Long Beach,platt,True,ood_test,brier,10,0.19285214608209383,0.01518235402293607,0.17561009086341106,0.1819505021757044,0.1889842857811174,0.20086987508922793,0.21825938961890004
VA Long Beach,platt,True,ood_test,log_loss,10,0.5935999758213202,0.05904453517276506,0.5328386668865752,0.5559148905522114,0.5680586732594182,0.6248525204357199,0.7206359847138059
VA Long Beach,platt,True,ood_test,ece,10,0.12387104951298562,0.033665497503654156,0.08134869427325192,0.09363508904706051,0.11907262498794156,0.15344158148874562,0.16663424093373844
VA Long Beach,platt,True,ood_test,calibration_intercept,10,0.5439314079406858,0.1906698080015747,0.23722916849372436,0.4650536890057787,0.49630581060725854,0.6713329159570713,0.8906069003464739
VA Long Beach,platt,True,ood_test,calibration_slope,10,0.456793180907173,0.13898761057456582,0.17227831729301654,0.4140388866788553,0.4817110760217621,0.5424652975512534,0.6484729285763389
VA Long Beach,platt,True,ood_test,hcep_090,10,0.05000000000000001,0.03291402943021917,0.015,0.0225,0.045,0.0625,0.115
VA Long Beach,platt,True,ood_test,aurc,10,0.1739951953616407,0.02396646588648994,0.15427561538995394,0.15605239505734336,0.16351247031382743,0.18433221714849884,0.22656899610912992
VA Long Beach,platt,True,ood_test,excess_aurc,10,0.1296596033467114,0.02112815491858887,0.10700522810809872,0.11517337898973792,0.12479207984937361,0.13836575313546262,0.17624297471184697
VA Long Beach,raw,False,id_test,prevalence,10,0.5,0.0,0.5,0.5,0.5,0.5,0.5
VA Long Beach,raw,False,id_test,auroc,10,0.9079903978052126,0.025626282961096827,0.8638545953360768,0.8894890260631001,0.9113511659807956,0.924982853223594,0.9447873799725651
VA Long Beach,raw,False,id_test,average_precision,10,0.9143095135195335,0.025991463463006664,0.8695429345412455,0.8949483270614736,0.9177808927464444,0.9322521824545538,0.9471825113501694
VA Long Beach,raw,False,id_test,pr_skill,10,0.8286190270390671,0.05198292692601333,0.7390858690824911,0.7898966541229473,0.8355617854928888,0.8645043649091075,0.8943650227003388
VA Long Beach,raw,False,id_test,brier,10,0.115726558311301,0.017887685067729205,0.08818984337079071,0.10316831603726906,0.11331453458099969,0.12955541546462565,0.14340288122014747
VA Long Beach,raw,False,id_test,log_loss,10,0.38270270253262767,0.055066936543586145,0.30318831594298185,0.3445134109236596,0.37332661661966793,0.42618231560057007,0.4743568379012985
VA Long Beach,raw,False,id_test,ece,10,0.09309793745419175,0.019410346610629084,0.07091522556495752,0.0801185978367136,0.08959912484368464,0.10350040819563316,0.13515297026254397
VA Long Beach,raw,False,id_test,calibration_intercept,10,-0.00750280125744876,0.20581171019784397,-0.3842907290076396,-0.10481488395362538,-0.041641943158198316,0.07482864666804302,0.3639415803338715
VA Long Beach,raw,False,id_test,calibration_slope,10,0.9654656548987317,0.18942092928427515,0.7032458050697568,0.8039311258168241,0.9473416566097033,1.1336723578926415,1.2484136723210695
VA Long Beach,raw,False,id_test,hcep_090,10,0.03611111111111111,0.01874857104751536,0.009259259259259259,0.018518518518518517,0.041666666666666664,0.046296296296296294,0.06481481481481481
VA Long Beach,raw,False,id_test,aurc,10,0.07116729789469597,0.022440077484887758,0.040703546507473945,0.05650166361550106,0.0691107881006177,0.08585582152330437,0.11437775192269617
VA Long Beach,raw,False,id_test,excess_aurc,10,0.05923791183711078,0.019564516830908884,0.03497996790101557,0.04594536096465437,0.05893770041832252,0.07052614913097832,0.09790870351055889
VA Long Beach,raw,False,ood_test,prevalence,10,0.745,0.0,0.745,0.745,0.745,0.745,0.745
VA Long Beach,raw,False,ood_test,auroc,10,0.7042505592841163,0.013798614027775609,0.6869324911172523,0.6951572575338859,0.7029872351625214,0.7059481510725095,0.7350967232530596
VA Long Beach,raw,False,ood_test,average_precision,10,0.8515978136411316,0.00980406291659498,0.8386943661600014,0.8453033009905834,0.8520203851737007,0.8545145632952674,0.8733181447568026
VA Long Beach,raw,False,ood_test,pr_skill,10,0.4180306417299281,0.038447305555274425,0.3674288869019662,0.3933462783944445,0.41968778499490456,0.4294688756677155,0.5032084108109905
VA Long Beach,raw,False,ood_test,brier,10,0.19726837603109135,0.010541300359809866,0.178100120976624,0.19668713876049032,0.19780046901427828,0.20369943767117785,0.2119403290101702
VA Long Beach,raw,False,ood_test,log_loss,10,0.5999024260394934,0.028538275602247667,0.5520067456868019,0.5915605510502345,0.5993225460675571,0.6167625179993064,0.6439813611954784
VA Long Beach,raw,False,ood_test,ece,10,0.15529859551227854,0.03774466614968463,0.09907556902218125,0.13691672942534014,0.15757165842659726,0.17877451279903045,0.22190344145543994
VA Long Beach,raw,False,ood_test,calibration_intercept,10,0.7384717313290416,0.09237085339577066,0.55527442383759,0.7314814635868372,0.7599352913447566,0.7969762833854316,0.8420726437552398
VA Long Beach,raw,False,ood_test,calibration_slope,10,0.4487044607749868,0.040133517891881874,0.3920003438293692,0.4262489741678107,0.44253487971634176,0.48646807526073255,0.5027586538193272
VA Long Beach,raw,False,ood_test,hcep_090,10,0.042499999999999996,0.00754615428178118,0.03,0.036250000000000004,0.045,0.045,0.055
VA Long Beach,raw,False,ood_test,aurc,10,0.19034021779919935,0.019549991620156526,0.15081059921872927,0.1846926987373923,0.1912059700034062,0.20433561665574299,0.21544335469593456
VA Long Beach,raw,False,ood_test,excess_aurc,10,0.1416872055423938,0.011899651212853976,0.11799512062429136,0.1372080687068053,0.14102574067330156,0.1489255906881501,0.1596054308556351
VA Long Beach,raw,True,id_test,prevalence,10,0.5,0.0,0.5,0.5,0.5,0.5,0.5
VA Long Beach,raw,True,id_test,auroc,10,0.9185871056241426,0.024915366859792235,0.8899176954732511,0.8944615912208504,0.9176954732510287,0.9362997256515775,0.958161865569273
VA Long Beach,raw,True,id_test,average_precision,10,0.9231639603690402,0.026960341499363705,0.8827006503132018,0.8983365073358054,0.928804261322239,0.9382265057920472,0.9584478181827158
VA Long Beach,raw,True,id_test,pr_skill,10,0.8463279207380804,0.05392068299872741,0.7654013006264035,0.7966730146716107,0.8576085226444781,0.8764530115840945,0.9168956363654317
VA Long Beach,raw,True,id_test,brier,10,0.10920218779437343,0.01929994887488956,0.07876682759844081,0.09322642275905894,0.11100238459141493,0.12502460151032274,0.1349578539239961
VA Long Beach,raw,True,id_test,log_loss,10,0.36166897066480963,0.05757973891535959,0.2652643851213173,0.3202549055734264,0.36259709624352787,0.4129560503857911,0.4305776091113623
VA Long Beach,raw,True,id_test,ece,10,0.09416909953583016,0.023256167315927497,0.05857764016370679,0.08516930591005242,0.0917852940898301,0.11395259213872819,0.12727957223448763
VA Long Beach,raw,True,id_test,calibration_intercept,10,-0.01486601589812534,0.21227797577314209,-0.25590144905154505,-0.20802748221271009,0.02518823039301661,0.05377188786684575,0.4113897436635893
VA Long Beach,raw,True,id_test,calibration_slope,10,0.9575431165805807,0.18446814626383365,0.7511205148304023,0.7982180082591757,0.915789629117169,1.0739226081145423,1.265247946222195
VA Long Beach,raw,True,id_test,hcep_090,10,0.0324074074074074,0.015888318118807098,0.009259259259259259,0.020833333333333332,0.037037037037037035,0.04398148148148148,0.05555555555555555
VA Long Beach,raw,True,id_test,aurc,10,0.06061333033584361,0.020882918568015,0.02723216541642466,0.04530886303274367,0.06120296028092054,0.08010322321530411,0.08490013598194728
VA Long Beach,raw,True,id_test,excess_aurc,10,0.04937523464977504,0.017342330879505995,0.021861148786933897,0.03992170027429291,0.048910088084919895,0.06401426873390202,0.07031978079061903
VA Long Beach,raw,True,ood_test,prevalence,10,0.745,0.0,0.745,0.745,0.745,0.745,0.745
VA Long Beach,raw,True,ood_test,auroc,10,0.6850375049348599,0.04203736596283275,0.5858665613896565,0.6786419265692856,0.700750098697197,0.7120015791551519,0.7203579418344519
VA Long Beach,raw,True,ood_test,average_precision,10,0.8514070146386047,0.024151681135295984,0.7902045607295667,0.8529978005129646,0.8629041324899305,0.8638899932156474,0.8672565810698266
VA Long Beach,raw,True,ood_test,pr_skill,10,0.4172824103474696,0.09471247504037641,0.17727278717477132,0.42352078632535156,0.46236914701933496,0.4662352675123428,0.4794375728228495
VA Long Beach,raw,True,ood_test,brier,10,0.19792413919448937,0.019931042845276747,0.18091921787998871,0.18675185343503886,0.19014706771467724,0.20088679824757588,0.24178875249010048
VA Long Beach,raw,True,ood_test,log_loss,10,0.6091350915898041,0.06992590980020044,0.5520305450133789,0.5666603409687079,0.5747752143877287,0.6352104909242208,0.7371104396404919
VA Long Beach,raw,True,ood_test,ece,10,0.13065963053964086,0.03970910975502366,0.09232799818307556,0.10609818250186549,0.1172275119499199,0.14695200949277304,0.2201437859561421
VA Long Beach,raw,True,ood_test,calibration_intercept,10,0.6224921836954913,0.15132258583547514,0.4610067757525998,0.544308960840395,0.5828871067175394,0.6366521628210035,0.9480139718352797
VA Long Beach,raw,True,ood_test,calibration_slope,10,0.41072515934862847,0.1126583042385336,0.16450511081689853,0.3527768654768849,0.4546905188375841,0.47510535936013254,0.5315010239555957
VA Long Beach,raw,True,ood_test,hcep_090,10,0.05500000000000001,0.0268741924943285,0.025,0.0325,0.05,0.08,0.095
VA Long Beach,raw,True,ood_test,aurc,10,0.17945648158214692,0.026281414739562935,0.15854735264313036,0.1618188724580218,0.1698935544183275,0.18214804392933856,0.23815044138608385
VA Long Beach,raw,True,ood_test,excess_aurc,10,0.13664160952900134,0.020378879724810426,0.12136639494288243,0.1220025073164356,0.13214552830388995,0.14246003976676094,0.1878244199888009
