heldout_site,mapping,missing_indicators,domain,conformal_method,alpha,metric,n_repeats,mean,sd,min,q25,median,q75,max
Cleveland,isotonic,False,id_test,label_conditional,0.05,coverage,10,0.9849462365591398,0.01770478714728094,0.956989247311828,0.967741935483871,0.9946236559139785,1.0,1.0
Cleveland,isotonic,False,id_test,label_conditional,0.05,avg_set_size,10,1.8107526881720433,0.17843559646419582,1.5376344086021505,1.6720430107526882,1.8763440860215055,1.9516129032258065,2.0
Cleveland,isotonic,False,id_test,label_conditional,0.05,singleton_rate,10,0.18924731182795698,0.1784355964641958,0.0,0.04838709677419355,0.12365591397849462,0.32795698924731187,0.46236559139784944
Cleveland,isotonic,False,id_test,label_conditional,0.05,singleton_accuracy,9,0.9496648803018873,0.05106039563798866,0.8695652173913043,0.9090909090909091,0.9333333333333333,1.0,1.0
Cleveland,isotonic,False,id_test,label_conditional,0.05,class0_coverage,10,0.9888888888888889,0.01942238607722504,0.9444444444444444,0.9791666666666666,1.0,1.0,1.0
Cleveland,isotonic,False,id_test,label_conditional,0.05,class1_coverage,10,0.982456140350877,0.02188103734955523,0.9473684210526315,0.9692982456140351,0.9912280701754386,1.0,1.0
Cleveland,isotonic,False,id_test,label_conditional,0.05,class0_avg_set_size,10,1.7055555555555557,0.28090828578127797,1.3333333333333333,1.4583333333333333,1.6944444444444444,2.0,2.0
Cleveland,isotonic,False,id_test,label_conditional,0.05,class1_avg_set_size,10,1.8771929824561404,0.13863473205999644,1.6491228070175439,1.7763157894736843,1.9385964912280702,1.9780701754385963,2.0
Cleveland,isotonic,False,id_test,label_conditional,0.05,class0_singleton_accuracy,6,0.9669612794612794,0.04381452612301562,0.8888888888888888,0.9554924242424243,0.9791666666666667,1.0,1.0
Cleveland,isotonic,False,id_test,label_conditional,0.05,class1_singleton_accuracy,8,0.7097587719298246,0.44144325198812323,0.0,0.6375,0.9140350877192982,1.0,1.0
Cleveland,isotonic,False,id_test,label_conditional,0.05,empty_rate,10,0.0,0.0,0.0,0.0,0.0,0.0,0.0
Cleveland,isotonic,False,id_test,label_conditional,0.1,coverage,10,0.9537634408602151,0.04535147982189716,0.8709677419354839,0.9139784946236559,0.978494623655914,0.9865591397849462,1.0
Cleveland,isotonic,False,id_test,label_conditional,0.1,avg_set_size,10,1.5870967741935482,0.23597190063389592,1.1397849462365592,1.4327956989247312,1.6559139784946235,1.7688172043010753,1.8387096774193548
Cleveland,isotonic,False,id_test,label_conditional,0.1,singleton_rate,10,0.4129032258064516,0.23597190063389595,0.16129032258064516,0.23118279569892472,0.34408602150537637,0.5672043010752689,0.8602150537634409
Cleveland,isotonic,False,id_test,label_conditional,0.1,singleton_accuracy,10,0.9097931124508964,0.05218394618909455,0.8363636363636363,0.8639551192145862,0.9148550724637681,0.9458333333333333,1.0
Cleveland,isotonic,False,id_test,label_conditional,0.1,class0_coverage,10,0.9666666666666666,0.05037581669902016,0.8611111111111112,0.9722222222222222,0.9861111111111112,1.0,1.0
Cleveland,isotonic,False,id_test,label_conditional,0.1,class1_coverage,10,0.9456140350877194,0.049241016222271075,0.8596491228070176,0.9166666666666666,0.9649122807017544,0.9780701754385964,1.0
Cleveland,isotonic,False,id_test,label_conditional,0.1,class0_avg_set_size,10,1.4666666666666668,0.2711556328551574,1.1388888888888888,1.2430555555555556,1.4722222222222223,1.5902777777777777,1.9722222222222223
Cleveland,isotonic,False,id_test,label_conditional,0.1,class1_avg_set_size,10,1.6631578947368422,0.2597965968632624,1.1403508771929824,1.5745614035087718,1.6403508771929824,1.8771929824561402,1.9824561403508771
Cleveland,isotonic,False,id_test,label_conditional,0.1,class0_singleton_accuracy,10,0.862251920122888,0.3090106987425576,0.0,0.8828571428571428,0.9833333333333334,1.0,1.0
Cleveland,isotonic,False,id_test,label_conditional,0.1,class1_singleton_accuracy,10,0.727536541889483,0.2995789367034073,0.0,0.6699999999999999,0.8312324929971988,0.8961038961038961,1.0
Cleveland,isotonic,False,id_test,label_conditional,0.1,empty_rate,10,0.0,0.0,0.0,0.0,0.0,0.0,0.0
Cleveland,isotonic,False,id_test,label_conditional,0.2,coverage,10,0.9010752688172043,0.04173742402296671,0.8602150537634409,0.8736559139784946,0.8870967741935484,0.9112903225806451,0.978494623655914
Cleveland,isotonic,False,id_test,label_conditional,0.2,avg_set_size,10,1.264516129032258,0.18790388812711975,1.10752688172043,1.1209677419354838,1.1881720430107527,1.3198924731182795,1.5913978494623655
Cleveland,isotonic,False,id_test,label_conditional,0.2,singleton_rate,10,0.7354838709677419,0.18790388812711975,0.40860215053763443,0.6801075268817204,0.8118279569892473,0.8790322580645161,0.8924731182795699
Cleveland,isotonic,False,id_test,label_conditional,0.2,singleton_accuracy,10,0.8715880694355953,0.04179844137001027,0.7936507936507936,0.8558689024390244,0.8703546580688952,0.8761574074074074,0.9473684210526315
Cleveland,isotonic,False,id_test,label_conditional,0.2,class0_coverage,10,0.9027777777777777,0.06313973007863821,0.8055555555555556,0.8680555555555556,0.8888888888888888,0.9583333333333333,1.0
Cleveland,isotonic,False,id_test,label_conditional,0.2,class1_coverage,10,0.9,0.05362927026016548,0.7894736842105263,0.8771929824561403,0.9035087719298245,0.9298245614035088,0.9824561403508771
Cleveland,isotonic,False,id_test,label_conditional,0.2,class0_avg_set_size,10,1.1777777777777778,0.1417604385852195,1.0555555555555556,1.1111111111111112,1.1111111111111112,1.2222222222222223,1.5277777777777777
Cleveland,isotonic,False,id_test,label_conditional,0.2,class1_avg_set_size,10,1.3192982456140352,0.2482178880913648,1.105263157894737,1.1140350877192984,1.192982456140351,1.4824561403508771,1.7719298245614035
Cleveland,isotonic,False,id_test,label_conditional,0.2,class0_singleton_accuracy,10,0.8848310947872143,0.07215437883630606,0.7741935483870968,0.829861111111111,0.8768939393939394,0.9324448529411764,1.0
Cleveland,isotonic,False,id_test,label_conditional,0.2,class1_singleton_accuracy,10,0.8427438093519571,0.10202563181522467,0.5862068965517241,0.8458946078431373,0.8668564199873499,0.8958583433373349,0.9523809523809523
Cleveland,isotonic,False,id_test,label_conditional,0.2,empty_rate,10,0.0,0.0,0.0,0.0,0.0,0.0,0.0
Cleveland,isotonic,False,id_test,marginal,0.05,coverage,10,0.9720430107526882,0.028313143595887453,0.9139784946236559,0.9516129032258065,0.9838709677419355,0.989247311827957,1.0
Cleveland,isotonic,False,id_test,marginal,0.05,avg_set_size,10,1.6494623655913976,0.214707008377247,1.2473118279569892,1.5349462365591398,1.661290322580645,1.7983870967741935,2.0
Cleveland,isotonic,False,id_test,marginal,0.05,singleton_rate,10,0.3505376344086021,0.21470700837724702,0.0,0.20161290322580644,0.3387096774193548,0.46505376344086025,0.7526881720430108
Cleveland,isotonic,False,id_test,marginal,0.05,singleton_accuracy,9,0.9323624180152158,0.03995188250537996,0.8857142857142857,0.9,0.926829268292683,0.9615384615384616,1.0
Cleveland,isotonic,False,id_test,marginal,0.05,class0_coverage,10,0.9583333333333334,0.055940027655530425,0.8611111111111112,0.9097222222222222,0.9861111111111112,1.0,1.0
Cleveland,isotonic,False,id_test,marginal,0.05,class1_coverage,10,0.9807017543859649,0.017446121508978136,0.9473684210526315,0.9692982456140351,0.9824561403508771,0.9956140350877193,1.0
Cleveland,isotonic,False,id_test,marginal,0.05,class0_avg_set_size,10,1.588888888888889,0.2110623725415799,1.3055555555555556,1.4444444444444444,1.5555555555555556,1.7291666666666667,2.0
Cleveland,isotonic,False,id_test,marginal,0.05,class1_avg_set_size,10,1.687719298245614,0.2448889324594601,1.2105263157894737,1.5394736842105263,1.6842105263157894,1.894736842105263,2.0
Cleveland,isotonic,False,id_test,marginal,0.05,class0_singleton_accuracy,9,0.9103815937149271,0.10285223989365605,0.75,0.8,0.9545454545454546,1.0,1.0
Cleveland,isotonic,False,id_test,marginal,0.05,class1_singleton_accuracy,9,0.8901559454191035,0.15874016698870497,0.5,0.8947368421052632,0.9523809523809523,0.9666666666666667,1.0
Cleveland,isotonic,False,id_test,marginal,0.05,empty_rate,10,0.0,0.0,0.0,0.0,0.0,0.0,0.0
Cleveland,isotonic,False,id_test,marginal,0.1,coverage,10,0.9387096774193548,0.0442038812711709,0.8709677419354839,0.9032258064516129,0.9408602150537635,0.9758064516129032,0.989247311827957
Cleveland,isotonic,False,id_test,marginal,0.1,avg_set_size,10,1.4010752688172043,0.2256100870035907,1.118279569892473,1.2016129032258065,1.3978494623655915,1.575268817204301,1.7204301075268817
Cleveland,isotonic,False,id_test,marginal,0.1,singleton_rate,10,0.5989247311827957,0.2256100870035907,0.27956989247311825,0.42473118279569894,0.6021505376344085,0.7983870967741936,0.8817204301075269
Cleveland,isotonic,False,id_test,marginal,0.1,singleton_accuracy,10,0.9102439773328355,0.042271632502585,0.8536585365853658,0.8778409090909091,0.9089026915113871,0.945220193340494,0.9666666666666667
Cleveland,isotonic,False,id_test,marginal,0.1,class0_coverage,10,0.9111111111111111,0.06252571487457084,0.8055555555555556,0.8888888888888888,0.9027777777777777,0.9652777777777778,1.0
Cleveland,isotonic,False,id_test,marginal,0.1,class1_coverage,10,0.956140350877193,0.04072628151223428,0.8771929824561403,0.9254385964912281,0.9736842105263157,0.9824561403508771,1.0
Cleveland,isotonic,False,id_test,marginal,0.1,class0_avg_set_size,10,1.411111111111111,0.18966796487510174,1.1388888888888888,1.2708333333333333,1.4583333333333335,1.5138888888888888,1.75
Cleveland,isotonic,False,id_test,marginal,0.1,class1_avg_set_size,10,1.3947368421052633,0.2620835770794919,1.105263157894737,1.1578947368421053,1.3596491228070176,1.6008771929824561,1.8070175438596492
Cleveland,isotonic,False,id_test,marginal,0.1,class0_singleton_accuracy,10,0.8560106861080594,0.08178973129055314,0.75,0.7833333333333333,0.8611111111111112,0.8986842105263158,1.0
Cleveland,isotonic,False,id_test,marginal,0.1,class1_singleton_accuracy,10,0.9361388138060015,0.04203015185119012,0.86,0.9037433155080214,0.9529346622369879,0.9621031746031746,1.0
Cleveland,isotonic,False,id_test,marginal,0.1,empty_rate,10,0.0,0.0,0.0,0.0,0.0,0.0,0.0
Cleveland,isotonic,False,id_test,marginal,0.2,coverage,10,0.8763440860215054,0.05394235463545668,0.7634408602150538,0.8602150537634409,0.8709677419354839,0.9032258064516129,0.946236559139785
Cleveland,isotonic,False,id_test,marginal,0.2,avg_set_size,10,1.1344086021505375,0.1442847111675294,0.9247311827956989,1.0672043010752688,1.096774193548387,1.2096774193548387,1.4516129032258065
Cleveland,isotonic,False,id_test,marginal,0.2,singleton_rate,10,0.8505376344086022,0.12676725695766008,0.5483870967741935,0.7903225806451613,0.9032258064516129,0.9247311827956989,0.967741935483871
Cleveland,isotonic,False,id_test,marginal,0.2,singleton_accuracy,10,0.8666521928286723,0.03249193653680333,0.8255813953488372,0.8475034199726402,0.8590222960808752,0.8849765258215962,0.9295774647887324
Cleveland,isotonic,False,id_test,marginal,0.2,class0_coverage,10,0.7972222222222222,0.11933313791739751,0.5833333333333334,0.7083333333333333,0.8055555555555556,0.8819444444444444,0.9722222222222222
Cleveland,isotonic,False,id_test,marginal,0.2,class1_coverage,10,0.9263157894736841,0.036800310462110575,0.8596491228070176,0.9166666666666666,0.9298245614035088,0.9429824561403508,0.9824561403508771
Cleveland,isotonic,False,id_test,marginal,0.2,class0_avg_set_size,10,1.1361111111111113,0.1312399973326075,0.8611111111111112,1.1111111111111112,1.125,1.2291666666666667,1.3333333333333333
Cleveland,isotonic,False,id_test,marginal,0.2,class1_avg_set_size,10,1.1333333333333333,0.17371472746651062,0.9649122807017544,1.0394736842105263,1.0789473684210527,1.1578947368421053,1.5789473684210527
Cleveland,isotonic,False,id_test,marginal,0.2,class0_singleton_accuracy,10,0.7794406041986687,0.10334060171326695,0.6451612903225806,0.6939732142857142,0.775,0.8287037037037037,0.9629629629629629
Cleveland,isotonic,False,id_test,marginal,0.2,class1_singleton_accuracy,10,0.9139804806513192,0.04624136894496846,0.8333333333333334,0.9090909090909091,0.9175084175084175,0.9377005347593583,0.9787234042553191
Cleveland,isotonic,False,id_test,marginal,0.2,empty_rate,10,0.007526881720430108,0.02380208991524587,0.0,0.0,0.0,0.0,0.07526881720430108
Cleveland,isotonic,False,ood_test,label_conditional,0.05,coverage,10,0.932013201320132,0.0841307287804238,0.7722772277227723,0.8993399339933993,0.9620462046204621,0.9966996699669967,1.0
Cleveland,isotonic,False,ood_test,label_conditional,0.05,avg_set_size,10,1.7415841584158414,0.2889587160702151,1.1782178217821782,1.5148514851485149,1.8844884488448845,1.9554455445544554,2.0
Cleveland,isotonic,False,ood_test,label_conditional,0.05,singleton_rate,10,0.2584158415841584,0.2889587160702151,0.0,0.04455445544554455,0.11551155115511551,0.4851485148514852,0.8217821782178217
Cleveland,isotonic,False,ood_test,label_conditional,0.05,singleton_accuracy,9,0.7536052039753504,0.21790289738275215,0.375,0.5988372093023255,0.7670682730923695,0.9666666666666667,1.0
Cleveland,isotonic,False,ood_test,label_conditional,0.05,class0_coverage,10,0.9908536585365854,0.011224960383320395,0.9695121951219512,0.9817073170731707,0.9969512195121951,1.0,1.0
Cleveland,isotonic,False,ood_test,label_conditional,0.05,class1_coverage,10,0.8625899280575539,0.17808722471584162,0.5251798561151079,0.7805755395683454,0.9424460431654677,1.0,1.0
Cleveland,isotonic,False,ood_test,label_conditional,0.05,class0_avg_set_size,10,1.7207317073170731,0.3337767227569538,1.0609756097560976,1.4710365853658536,1.850609756097561,1.9908536585365852,2.0
Cleveland,isotonic,False,ood_test,label_conditional,0.05,class1_avg_set_size,10,1.7661870503597121,0.24632044809100845,1.316546762589928,1.566546762589928,1.8237410071942446,1.9802158273381296,2.0
Cleveland,isotonic,False,ood_test,label_conditional,0.05,class0_singleton_accuracy,8,0.7375753331635684,0.45557838537639883,0.0,0.7121212121212122,0.975553857906799,1.0,1.0
Cleveland,isotonic,False,ood_test,label_conditional,0.05,class1_singleton_accuracy,9,0.4734226871526643,0.47115093505090777,0.0,0.0,0.42105263157894735,1.0,1.0
Cleveland,isotonic,False,ood_test,label_conditional,0.05,empty_rate,10,0.0,0.0,0.0,0.0,0.0,0.0,0.0
Cleveland,isotonic,False,ood_test,label_conditional,0.1,coverage,10,0.8597359735973598,0.13319284098319442,0.5643564356435643,0.8061056105610561,0.9108910891089108,0.9422442244224423,0.9900990099009901
Cleveland,isotonic,False,ood_test,label_conditional,0.1,avg_set_size,10,1.503960396039604,0.26109970304321545,1.1518151815181519,1.2458745874587458,1.5957095709570956,1.688943894389439,1.8778877887788779
Cleveland,isotonic,False,ood_test,label_conditional,0.1,singleton_rate,10,0.49603960396039604,0.26109970304321545,0.12211221122112212,0.3110561056105611,0.40429042904290424,0.7541254125412542,0.8481848184818482
Cleveland,isotonic,False,ood_test,label_conditional,0.1,singleton_accuracy,10,0.7508746018070962,0.15876791440850352,0.4430379746835443,0.63417176209005,0.8057384244020189,0.8472119246215631,0.9217391304347826
Cleveland,isotonic,False,ood_test,label_conditional,0.1,class0_coverage,10,0.9164634146341463,0.19207155761356423,0.3719512195121951,0.9573170731707317,0.9817073170731707,0.9817073170731707,1.0
Cleveland,isotonic,False,ood_test,label_conditional,0.1,class1_coverage,10,0.7928057553956834,0.18447467244200438,0.4172661870503597,0.7553956834532374,0.8309352517985611,0.89568345323741,1.0
Cleveland,isotonic,False,ood_test,label_conditional,0.1,class0_avg_set_size,10,1.4743902439024392,0.29197350789851023,1.048780487804878,1.2804878048780488,1.5060975609756098,1.670731707317073,1.9817073170731707
Cleveland,isotonic,False,ood_test,label_conditional,0.1,class1_avg_set_size,10,1.5388489208633094,0.26307839766149266,1.143884892086331,1.302158273381295,1.579136690647482,1.7553956834532374,1.8633093525179856
Cleveland,isotonic,False,ood_test,label_conditional,0.1,class0_singleton_accuracy,10,0.7731557431324242,0.3784656743074795,0.0,0.8510416666666667,0.9507096279248178,0.9792209908735332,1.0
Cleveland,isotonic,False,ood_test,label_conditional,0.1,class1_singleton_accuracy,10,0.5148892289142968,0.3535157651109271,0.0,0.29637832204273057,0.512214342001576,0.7362745098039216,1.0
Cleveland,isotonic,False,ood_test,label_conditional,0.1,empty_rate,10,0.0,0.0,0.0,0.0,0.0,0.0,0.0
Cleveland,isotonic,False,ood_test,label_conditional,0.2,coverage,10,0.7805280528052805,0.12717814157392,0.528052805280528,0.7293729372937293,0.806930693069307,0.8481848184818481,0.9405940594059405
Cleveland,isotonic,False,ood_test,label_conditional,0.2,avg_set_size,10,1.2174917491749178,0.13230120765462905,1.0891089108910892,1.1295379537953796,1.155115511551155,1.2929042904290429,1.495049504950495
Cleveland,isotonic,False,ood_test,label_conditional,0.2,singleton_rate,10,0.7825082508250825,0.13230120765462905,0.504950495049505,0.7070957095709571,0.8448844884488449,0.8704620462046204,0.9108910891089109
Cleveland,isotonic,False,ood_test,label_conditional,0.2,singleton_accuracy,10,0.7267468452687775,0.14585665699136344,0.43700787401574803,0.633427515757444,0.7565301651499832,0.826964974605201,0.8823529411764706
Cleveland,isotonic,False,ood_test,label_conditional,0.2,class0_coverage,10,0.8676829268292682,0.20256081653224495,0.3048780487804878,0.8978658536585367,0.9268292682926829,0.9603658536585366,0.9817073170731707
Cleveland,isotonic,False,ood_test,label_conditional,0.2,class1_coverage,10,0.6776978417266186,0.21611491632251612,0.20863309352517986,0.5881294964028776,0.7733812949640287,0.7967625899280576,0.8920863309352518
Cleveland,isotonic,False,ood_test,label_conditional,0.2,class0_avg_set_size,10,1.1975609756097563,0.11897451085114472,1.0304878048780488,1.0884146341463414,1.1981707317073171,1.3033536585365855,1.3658536585365855
Cleveland,isotonic,False,ood_test,label_conditional,0.2,class1_avg_set_size,10,1.2410071942446042,0.1691030111301174,1.1007194244604317,1.120503597122302,1.1762589928057554,1.29136690647482,1.6474820143884892
Cleveland,isotonic,False,ood_test,label_conditional,0.2,class0_singleton_accuracy,10,0.8313421406262883,0.2587666071886671,0.11627906976744186,0.8778237192416296,0.9118644067796611,0.9539989981632994,0.98
Cleveland,isotonic,False,ood_test,label_conditional,0.2,class1_singleton_accuracy,10,0.5795397622326555,0.26294446722665166,0.03508771929824561,0.516232423490488,0.7098420013166558,0.7429084001688476,0.7931034482758621
Cleveland,isotonic,False,ood_test,label_conditional,0.2,empty_rate,10,0.0,0.0,0.0,0.0,0.0,0.0,0.0
Cleveland,isotonic,False,ood_test,marginal,0.05,coverage,10,0.8881188118811881,0.11762897677387835,0.594059405940594,0.8671617161716172,0.9306930693069306,0.9537953795379538,1.0
Cleveland,isotonic,False,ood_test,marginal,0.05,avg_set_size,10,1.5811881188118813,0.24382989769360044,1.1815181518151816,1.438118811881188,1.6402640264026402,1.698844884488449,2.0
Cleveland,isotonic,False,ood_test,marginal,0.05,singleton_rate,10,0.41881188118811885,0.24382989769360044,0.0,0.30115511551155116,0.35973597359735976,0.5618811881188119,0.8184818481848185
Cleveland,isotonic,False,ood_test,marginal,0.05,singleton_accuracy,9,0.7467918909229663,0.1615516266242193,0.4557522123893805,0.616822429906542,0.7931034482758621,0.873015873015873,0.9298245614035088
Cleveland,isotonic,False,ood_test,marginal,0.05,class0_coverage,10,0.9134146341463414,0.19118228026449177,0.3719512195121951,0.948170731707317,0.9786585365853658,0.9817073170731707,1.0
Cleveland,isotonic,False,ood_test,marginal,0.05,class1_coverage,10,0.8582733812949641,0.11860446772985656,0.6115107913669064,0.7913669064748201,0.89568345323741,0.9100719424460432,1.0
Cleveland,isotonic,False,ood_test,marginal,0.05,class0_avg_set_size,10,1.553048780487805,0.26011575416623706,1.0609756097560976,1.4085365853658538,1.5975609756097562,1.6859756097560976,2.0
Cleveland,isotonic,False,ood_test,marginal,0.05,class1_avg_set_size,10,1.6143884892086333,0.2573042030435258,1.2014388489208634,1.4100719424460433,1.669064748201439,1.7949640287769784,2.0
Cleveland,isotonic,False,ood_test,marginal,0.05,class0_singleton_accuracy,9,0.8334341049069186,0.2786254308164492,0.10434782608695652,0.8409090909090909,0.9354838709677419,0.9620253164556962,0.9857142857142858
Cleveland,isotonic,False,ood_test,marginal,0.05,class1_singleton_accuracy,9,0.5491372784284532,0.29683648121444584,0.10256410256410256,0.37254901960784315,0.44,0.8198198198198198,0.9857142857142858
Cleveland,isotonic,False,ood_test,marginal,0.05,empty_rate,10,0.0,0.0,0.0,0.0,0.0,0.0,0.0
Cleveland,isotonic,False,ood_test,marginal,0.1,coverage,10,0.8485148514851485,0.12167485280826719,0.5313531353135313,0.8473597359735974,0.8828382838283828,0.91996699669967,0.9405940594059405
Cleveland,isotonic,False,ood_test,marginal,0.1,avg_set_size,10,1.4013201320132014,0.22692792411156784,1.0891089108910892,1.2087458745874589,1.4240924092409242,1.5915841584158417,1.7062706270627064
Cleveland,isotonic,False,ood_test,marginal,0.1,singleton_rate,10,0.5986798679867986,0.22692792411156784,0.29372937293729373,0.40841584158415845,0.5759075907590758,0.7912541254125413,0.9108910891089109
Cleveland,isotonic,False,ood_test,marginal,0.1,singleton_accuracy,10,0.7450962775556709,0.1505681349451855,0.43873517786561267,0.6519284166328051,0.8155966840177367,0.8343581081081081,0.8841463414634146
Cleveland,isotonic,False,ood_test,marginal,0.1,class0_coverage,10,0.8792682926829268,0.204201036535314,0.3048780487804878,0.9039634146341464,0.948170731707317,0.961890243902439,0.9817073170731707
Cleveland,isotonic,False,ood_test,marginal,0.1,class1_coverage,10,0.8122302158273381,0.10955060102277396,0.5611510791366906,0.7643884892086331,0.8381294964028777,0.8920863309352518,0.920863309352518
Cleveland,isotonic,False,ood_test,marginal,0.1,class0_avg_set_size,10,1.3969512195121951,0.2287366623534737,1.0304878048780488,1.2515243902439024,1.420731707317073,1.565548780487805,1.6951219512195121
Cleveland,isotonic,False,ood_test,marginal,0.1,class1_avg_set_size,10,1.4064748201438848,0.24380954248677045,1.1079136690647482,1.183453237410072,1.3812949640287768,1.643884892086331,1.7194244604316546
Cleveland,isotonic,False,ood_test,marginal,0.1,class0_singleton_accuracy,10,0.8181522921439026,0.25222787241539824,0.11627906976744186,0.836110088365243,0.8977611940298508,0.9311904761904761,0.9711538461538461
Cleveland,isotonic,False,ood_test,marginal,0.1,class1_singleton_accuracy,10,0.6379652624382088,0.2467700659946587,0.10256410256410256,0.5291871249318058,0.7127924340467895,0.8197619793297839,0.8625
Cleveland,isotonic,False,ood_test,marginal,0.1,empty_rate,10,0.0,0.0,0.0,0.0,0.0,0.0,0.0
Cleveland,isotonic,False,ood_test,marginal,0.2,coverage,10,0.7537953795379538,0.1431597804538715,0.41254125412541254,0.7475247524752475,0.7937293729372937,0.8275577557755776,0.8910891089108911
Cleveland,isotonic,False,ood_test,marginal,0.2,avg_set_size,10,1.168976897689769,0.12531407170097492,0.9966996699669967,1.0734323432343233,1.1386138613861387,1.2904290429042904,1.33993399339934
Cleveland,isotonic,False,ood_test,marginal,0.2,singleton_rate,10,0.8303630363036303,0.12431924589711496,0.6600660066006601,0.7095709570957096,0.8613861386138615,0.9265676567656765,0.9966996699669967
Cleveland,isotonic,False,ood_test,marginal,0.2,singleton_accuracy,10,0.71167120954862,0.1343216332933548,0.4139072847682119,0.6450222795497186,0.7530307713441857,0.8091128622267412,0.835
Cleveland,isotonic,False,ood_test,marginal,0.2,class0_coverage,10,0.7682926829268293,0.25449557017938057,0.09146341463414634,0.7804878048780488,0.8414634146341463,0.8734756097560976,0.9817073170731707
Cleveland,isotonic,False,ood_test,marginal,0.2,class1_coverage,10,0.7366906474820143,0.15623275744622037,0.4172661870503597,0.6546762589928058,0.7877697841726619,0.8165467625899281,0.9064748201438849
Cleveland,isotonic,False,ood_test,marginal,0.2,class0_avg_set_size,10,1.1664634146341464,0.13393213989813338,1.0,1.0640243902439024,1.1402439024390243,1.288109756097561,1.3658536585365855
Cleveland,isotonic,False,ood_test,marginal,0.2,class1_avg_set_size,10,1.1719424460431653,0.16385935126466636,0.9928057553956835,1.0557553956834531,1.1366906474820144,1.2428057553956835,1.539568345323741
Cleveland,isotonic,False,ood_test,marginal,0.2,class0_singleton_accuracy,10,0.7298321373300779,0.25222701631332306,0.09146341463414634,0.7516447368421053,0.7646625163826999,0.850960683152464,0.9779411764705882
Cleveland,isotonic,False,ood_test,marginal,0.2,class1_singleton_accuracy,10,0.6706652021395291,0.18937227994530442,0.39097744360902253,0.491786858974359,0.7366946778711485,0.8103864734299516,0.8943089430894309
Cleveland,isotonic,False,ood_test,marginal,0.2,empty_rate,10,0.00033003300330033004,0.0010436559934549107,0.0,0.0,0.0,0.0,0.0033003300330033004
Cleveland,isotonic,True,id_test,label_conditional,0.05,coverage,10,0.9838709677419356,0.02043325134586267,0.946236559139785,0.9704301075268817,0.9946236559139785,1.0,1.0
Cleveland,isotonic,True,id_test,label_conditional,0.05,avg_set_size,10,1.758064516129032,0.13725773576248465,1.4946236559139785,1.7231182795698925,1.7903225806451613,1.8494623655913978,1.913978494623656
Cleveland,isotonic,True,id_test,label_conditional,0.05,singleton_rate,10,0.2419354838709677,0.13725773576248465,0.08602150537634409,0.15053763440860216,0.20967741935483872,0.2768817204301075,0.5053763440860215
Cleveland,isotonic,True,id_test,label_conditional,0.05,singleton_accuracy,10,0.9543387741638636,0.05201812054088346,0.8780487804878049,0.9169394435351882,0.9736842105263157,1.0,1.0
Cleveland,isotonic,True,id_test,label_conditional,0.05,class0_coverage,10,0.9972222222222221,0.008784104611578835,0.9722222222222222,1.0,1.0,1.0,1.0
Cleveland,isotonic,True,id_test,label_conditional,0.05,class1_coverage,10,0.9754385964912281,0.030047327669392117,0.9298245614035088,0.9517543859649122,0.9912280701754386,1.0,1.0
Cleveland,isotonic,True,id_test,label_conditional,0.05,class0_avg_set_size,10,1.586111111111111,0.2513509452300477,1.3333333333333333,1.3888888888888888,1.5555555555555556,1.6736111111111112,2.0
Cleveland,isotonic,True,id_test,label_conditional,0.05,class1_avg_set_size,10,1.8666666666666667,0.15804627772265606,1.5964912280701755,1.7412280701754386,1.9385964912280702,1.9956140350877192,2.0
Cleveland,isotonic,True,id_test,label_conditional,0.05,class0_singleton_accuracy,8,0.9947916666666667,0.014731391274719728,0.9583333333333334,1.0,1.0,1.0,1.0
Cleveland,isotonic,True,id_test,label_conditional,0.05,class1_singleton_accuracy,7,0.5843989769820972,0.4333088960077033,0.0,0.25,0.7647058823529411,0.9130434782608696,1.0
Cleveland,isotonic,True,id_test,label_conditional,0.05,empty_rate,10,0.0,0.0,0.0,0.0,0.0,0.0,0.0
Cleveland,isotonic,True,id_test,label_conditional,0.1,coverage,10,0.9591397849462364,0.03074926249394585,0.9032258064516129,0.9381720430107526,0.967741935483871,0.978494623655914,1.0
Cleveland,isotonic,True,id_test,label_conditional,0.1,avg_set_size,10,1.5193548387096771,0.17294046093000504,1.1720430107526882,1.4623655913978495,1.543010752688172,1.60752688172043,1.7419354838709677
Cleveland,isotonic,True,id_test,label_conditional,0.1,singleton_rate,10,0.48064516129032253,0.172940460930005,0.25806451612903225,0.3924731182795699,0.45698924731182794,0.5376344086021505,0.8279569892473119
Cleveland,isotonic,True,id_test,label_conditional,0.1,singleton_accuracy,10,0.9192607929349279,0.045038261539394574,0.875,0.8834915084915085,0.905982905982906,0.948051948051948,1.0
Cleveland,isotonic,True,id_test,label_conditional,0.1,class0_coverage,10,0.9694444444444444,0.048023342518110884,0.8611111111111112,0.9513888888888888,1.0,1.0,1.0
Cleveland,isotonic,True,id_test,label_conditional,0.1,class1_coverage,10,0.9526315789473685,0.03208389877039813,0.8947368421052632,0.9298245614035088,0.956140350877193,0.9780701754385964,1.0
Cleveland,isotonic,True,id_test,label_conditional,0.1,class0_avg_set_size,10,1.338888888888889,0.1268214345797328,1.1388888888888888,1.2569444444444444,1.3333333333333333,1.4097222222222223,1.5833333333333333
Cleveland,isotonic,True,id_test,label_conditional,0.1,class1_avg_set_size,10,1.6333333333333333,0.23192867443159546,1.1929824561403508,1.5657894736842106,1.6403508771929824,1.7149122807017543,1.9649122807017543
Cleveland,isotonic,True,id_test,label_conditional,0.1,class0_singleton_accuracy,10,0.9612977076686754,0.05789718526293438,0.8387096774193549,0.9318910256410257,1.0,1.0,1.0
Cleveland,isotonic,True,id_test,label_conditional,0.1,class1_singleton_accuracy,10,0.7130011265375715,0.3834087921984447,0.0,0.7611764705882353,0.8993788819875776,0.9322916666666666,1.0
Cleveland,isotonic,True,id_test,label_conditional,0.1,empty_rate,10,0.0,0.0,0.0,0.0,0.0,0.0,0.0
Cleveland,isotonic,True,id_test,label_conditional,0.2,coverage,10,0.8989247311827958,0.043956156893923695,0.8172043010752689,0.8709677419354839,0.9032258064516129,0.9327956989247311,0.956989247311828
Cleveland,isotonic,True,id_test,label_conditional,0.2,avg_set_size,10,1.239784946236559,0.15156247837499554,1.075268817204301,1.1102150537634408,1.1935483870967742,1.3629032258064517,1.4838709677419355
Cleveland,isotonic,True,id_test,label_conditional,0.2,singleton_rate,10,0.7602150537634409,0.15156247837499548,0.5161290322580645,0.6370967741935484,0.8064516129032258,0.8897849462365591,0.9247311827956989
Cleveland,isotonic,True,id_test,label_conditional,0.2,singleton_accuracy,10,0.8706641002517346,0.03912989470932183,0.8023255813953488,0.8470353238015139,0.8628960285586791,0.9014629948364888,0.927536231884058
Cleveland,isotonic,True,id_test,label_conditional,0.2,class0_coverage,10,0.9111111111111111,0.06521043282095929,0.8333333333333334,0.8611111111111112,0.9027777777777777,0.9652777777777778,1.0
Cleveland,isotonic,True,id_test,label_conditional,0.2,class1_coverage,10,0.8912280701754385,0.06501493384649028,0.7543859649122807,0.8640350877192983,0.8859649122807017,0.9429824561403508,0.9649122807017544
Cleveland,isotonic,True,id_test,label_conditional,0.2,class0_avg_set_size,10,1.161111111111111,0.10126091195920231,1.0555555555555556,1.0625,1.1527777777777777,1.2361111111111112,1.3333333333333333
Cleveland,isotonic,True,id_test,label_conditional,0.2,class1_avg_set_size,10,1.2894736842105263,0.20729323830135793,1.087719298245614,1.1271929824561404,1.210526315789474,1.4605263157894737,1.6666666666666667
Cleveland,isotonic,True,id_test,label_conditional,0.2,class0_singleton_accuracy,10,0.8968186767538988,0.07386650668603488,0.8064516129032258,0.8382352941176471,0.8823529411764706,0.9539124668435013,1.0
Cleveland,isotonic,True,id_test,label_conditional,0.2,class1_singleton_accuracy,10,0.8409795967452538,0.09388343680434347,0.6785714285714286,0.7630023640661938,0.8697478991596639,0.9039167686658507,0.9487179487179487
Cleveland,isotonic,True,id_test,label_conditional,0.2,empty_rate,10,0.0,0.0,0.0,0.0,0.0,0.0,0.0
Cleveland,isotonic,True,id_test,marginal,0.05,coverage,10,0.9752688172043011,0.030434307835632658,0.9139784946236559,0.956989247311828,0.989247311827957,1.0,1.0
Cleveland,isotonic,True,id_test,marginal,0.05,avg_set_size,10,1.586021505376344,0.18625926615264174,1.2365591397849462,1.5053763440860215,1.629032258064516,1.6774193548387097,1.881720430107527
Cleveland,isotonic,True,id_test,marginal,0.05,singleton_rate,10,0.4139784946236559,0.18625926615264168,0.11827956989247312,0.3225806451612903,0.3709677419354839,0.4946236559139785,0.7634408602150538
Cleveland,isotonic,True,id_test,marginal,0.05,singleton_accuracy,10,0.9553990610328638,0.048461656593092914,0.8873239436619719,0.9166666666666666,0.9666666666666667,1.0,1.0
Cleveland,isotonic,True,id_test,marginal,0.05,class0_coverage,10,0.9555555555555555,0.052704627669472995,0.8611111111111112,0.923611111111111,0.9722222222222222,1.0,1.0
Cleveland,isotonic,True,id_test,marginal,0.05,class1_coverage,10,0.987719298245614,0.018585086060901423,0.9473684210526315,0.9824561403508771,1.0,1.0,1.0
Cleveland,isotonic,True,id_test,marginal,0.05,class0_avg_set_size,10,1.5055555555555555,0.1629208699846131,1.25,1.3541666666666665,1.5416666666666665,1.6319444444444444,1.6944444444444444
Cleveland,isotonic,True,id_test,marginal,0.05,class1_avg_set_size,10,1.6368421052631579,0.21866184461698684,1.2280701754385965,1.5964912280701755,1.6578947368421053,1.6929824561403508,2.0
Cleveland,isotonic,True,id_test,marginal,0.05,class0_singleton_accuracy,10,0.9268111518111517,0.08132684561607731,0.8148148148148148,0.8489010989010989,0.9583333333333333,1.0,1.0
Cleveland,isotonic,True,id_test,marginal,0.05,class1_singleton_accuracy,9,0.9742306101955225,0.03383478195166118,0.9166666666666666,0.9473684210526315,1.0,1.0,1.0
Cleveland,isotonic,True,id_test,marginal,0.05,empty_rate,10,0.0,0.0,0.0,0.0,0.0,0.0,0.0
Cleveland,isotonic,True,id_test,marginal,0.1,coverage,10,0.9387096774193548,0.03656968011665868,0.8924731182795699,0.9086021505376344,0.9301075268817204,0.956989247311828,1.0
Cleveland,isotonic,True,id_test,marginal,0.1,avg_set_size,10,1.3193548387096774,0.15787299737629057,1.1397849462365592,1.2016129032258065,1.3064516129032258,1.381720430107527,1.6774193548387097
Cleveland,isotonic,True,id_test,marginal,0.1,singleton_rate,10,0.6806451612903227,0.15787299737629057,0.3225806451612903,0.6182795698924731,0.6935483870967742,0.7983870967741935,0.8602150537634409
Cleveland,isotonic,True,id_test,marginal,0.1,singleton_accuracy,10,0.9183105392311459,0.042934314821087234,0.875,0.8858225108225108,0.9037698412698413,0.9316086827237585,1.0
Cleveland,isotonic,True,id_test,marginal,0.1,class0_coverage,10,0.888888888888889,0.0641500299099584,0.8055555555555556,0.8402777777777778,0.875,0.9305555555555556,1.0
Cleveland,isotonic,True,id_test,marginal,0.1,class1_coverage,10,0.9701754385964912,0.03099966849286215,0.9298245614035088,0.9385964912280702,0.9736842105263157,1.0,1.0
Cleveland,isotonic,True,id_test,marginal,0.1,class0_avg_set_size,10,1.3694444444444445,0.1795675723273834,1.1388888888888888,1.25,1.3472222222222223,1.4791666666666667,1.6944444444444444
Cleveland,isotonic,True,id_test,marginal,0.1,class1_avg_set_size,10,1.287719298245614,0.1584784532019118,1.1403508771929824,1.1798245614035088,1.2456140350877192,1.3289473684210527,1.6666666666666667
Cleveland,isotonic,True,id_test,marginal,0.1,class0_singleton_accuracy,10,0.8344911117789799,0.09641961085544008,0.6666666666666666,0.7849462365591398,0.8273809523809523,0.8944600280504909,1.0
Cleveland,isotonic,True,id_test,marginal,0.1,class1_singleton_accuracy,10,0.9615365528193772,0.03829438546933645,0.9130434782608695,0.9240696278511404,0.9639423076923077,1.0,1.0
Cleveland,isotonic,True,id_test,marginal,0.1,empty_rate,10,0.0,0.0,0.0,0.0,0.0,0.0,0.0
Cleveland,isotonic,True,id_test,marginal,0.2,coverage,10,0.875268817204301,0.04395615689392371,0.7956989247311828,0.8521505376344086,0.8817204301075269,0.9005376344086021,0.946236559139785
Cleveland,isotonic,True,id_test,marginal,0.2,avg_set_size,10,1.0827956989247312,0.0942931667457796,0.989247311827957,1.0,1.053763440860215,1.1559139784946237,1.2580645161290323
Cleveland,isotonic,True,id_test,marginal,0.2,singleton_rate,10,0.9150537634408602,0.09214328106165268,0.7419354838709677,0.8440860215053764,0.946236559139785,0.9973118279569892,1.0
Cleveland,isotonic,True,id_test,marginal,0.2,singleton_accuracy,10,0.8675259129449578,0.036085982283522514,0.7956989247311828,0.8483870967741935,0.872983870967742,0.884391771019678,0.927536231884058
Cleveland,isotonic,True,id_test,marginal,0.2,class0_coverage,10,0.7944444444444445,0.07878536068956538,0.6944444444444444,0.75,0.7916666666666667,0.8055555555555556,0.9722222222222222
Cleveland,isotonic,True,id_test,marginal,0.2,class1_coverage,10,0.9263157894736842,0.06553883380641823,0.7543859649122807,0.9166666666666666,0.9385964912280702,0.9605263157894737,0.9824561403508771
Cleveland,isotonic,True,id_test,marginal,0.2,class0_avg_set_size,10,1.1083333333333336,0.11222436130463471,1.0,1.0,1.0972222222222223,1.2013888888888888,1.2777777777777777
Cleveland,isotonic,True,id_test,marginal,0.2,class1_avg_set_size,10,1.0666666666666669,0.09052057343106129,0.9824561403508771,1.0,1.0263157894736843,1.1008771929824563,1.2456140350877194
Cleveland,isotonic,True,id_test,marginal,0.2,class0_singleton_accuracy,10,0.7725365856295647,0.08172894662837726,0.6944444444444444,0.7174432497013142,0.75,0.7768817204301075,0.9615384615384616
Cleveland,isotonic,True,id_test,marginal,0.2,class1_singleton_accuracy,10,0.9241325746464785,0.06477242108398437,0.7543859649122807,0.9163533834586466,0.9354395604395604,0.9574303405572755,0.9818181818181818
Cleveland,isotonic,True,id_test,marginal,0.2,empty_rate,10,0.001075268817204301,0.0034002985593208383,0.0,0.0,0.0,0.0,0.010752688172043012
Cleveland,isotonic,True,ood_test,label_conditional,0.05,coverage,10,0.9049504950495049,0.09054112577781696,0.7227722772277227,0.8754125412541254,0.9141914191419143,0.9801980198019802,1.0
Cleveland,isotonic,True,ood_test,label_conditional,0.05,avg_set_size,10,1.6392739273927392,0.27900338492450405,1.2376237623762376,1.4273927392739274,1.6336633663366338,1.8440594059405941,2.0
Cleveland,isotonic,True,ood_test,label_conditional,0.05,singleton_rate,10,0.36072607260726075,0.27900338492450405,0.0,0.15594059405940594,0.36633663366336633,0.5726072607260726,0.7623762376237624
Cleveland,isotonic,True,ood_test,label_conditional,0.05,singleton_accuracy,8,0.732874754011824,0.1844494407241933,0.3404255319148936,0.6943021766965429,0.7823599052880821,0.80973616748558,0.9583333333333334
Cleveland,isotonic,True,ood_test,label_conditional,0.05,class0_coverage,10,1.0,0.0,1.0,1.0,1.0,1.0,1.0
Cleveland,isotonic,True,ood_test,label_conditional,0.05,class1_coverage,10,0.7928057553956835,0.19736662669552904,0.39568345323741005,0.7284172661870504,0.8129496402877698,0.9568345323741008,1.0
Cleveland,isotonic,True,ood_test,label_conditional,0.05,class0_avg_set_size,10,1.5097560975609758,0.3725471701831878,1.0731707317073171,1.1722560975609755,1.4420731707317074,1.8567073170731707,2.0
Cleveland,isotonic,True,ood_test,label_conditional,0.05,class1_avg_set_size,10,1.792086330935252,0.19898152884614598,1.3884892086330936,1.7284172661870505,1.8129496402877698,1.9568345323741008,2.0
Cleveland,isotonic,True,ood_test,label_conditional,0.05,class0_singleton_accuracy,8,1.0,0.0,1.0,1.0,1.0,1.0,1.0
Cleveland,isotonic,True,ood_test,label_conditional,0.05,class1_singleton_accuracy,8,0.0014705882352941176,0.004159451654038515,0.0,0.0,0.0,0.0,0.011764705882352941
Cleveland,isotonic,True,ood_test,label_conditional,0.05,empty_rate,10,0.0,0.0,0.0,0.0,0.0,0.0,0.0
Cleveland,isotonic,True,ood_test,label_conditional,0.1,coverage,10,0.8128712871287128,0.13329093786585303,0.5148514851485149,0.8094059405940595,0.8415841584158416,0.8927392739273927,0.9636963696369637
Cleveland,isotonic,True,ood_test,label_conditional,0.1,avg_set_size,10,1.3590759075907588,0.17821646361649565,1.1386138613861385,1.2235973597359735,1.3366336633663365,1.4645214521452146,1.7194719471947195
Cleveland,isotonic,True,ood_test,label_conditional,0.1,singleton_rate,10,0.6409240924092409,0.17821646361649565,0.28052805280528054,0.5354785478547854,0.6633663366336633,0.7764026402640264,0.8613861386138614
Cleveland,isotonic,True,ood_test,label_conditional,0.1,singleton_accuracy,10,0.7288654108269152,0.13671627039113465,0.41434262948207173,0.7048012713964948,0.7644185879479997,0.811552662261951,0.8705882352941177
Cleveland,isotonic,True,ood_test,label_conditional,0.1,class0_coverage,10,0.9262195121951219,0.21671756902942335,0.31097560975609756,1.0,1.0,1.0,1.0
Cleveland,isotonic,True,ood_test,label_conditional,0.1,class1_coverage,10,0.679136690647482,0.1850784580128777,0.23741007194244604,0.6546762589928058,0.7050359712230216,0.7823741007194245,0.920863309352518
Cleveland,isotonic,True,ood_test,label_conditional,0.1,class0_avg_set_size,10,1.1914634146341463,0.15307995342173136,1.0548780487804879,1.079268292682927,1.1524390243902438,1.2301829268292683,1.548780487804878
Cleveland,isotonic,True,ood_test,label_conditional,0.1,class1_avg_set_size,10,1.5568345323741006,0.24293406326531247,1.1798561151079137,1.384892086330935,1.5971223021582734,1.7194244604316546,1.920863309352518
Cleveland,isotonic,True,ood_test,label_conditional,0.1,class0_singleton_accuracy,10,0.9121128427697771,0.2594875837553393,0.17518248175182483,1.0,1.0,1.0,1.0
Cleveland,isotonic,True,ood_test,label_conditional,0.1,class1_singleton_accuracy,10,0.18663224800810144,0.28092868206455873,0.0,0.0,0.034084661902144035,0.23926767676767674,0.7017543859649122
Cleveland,isotonic,True,ood_test,label_conditional,0.1,empty_rate,10,0.0,0.0,0.0,0.0,0.0,0.0,0.0
Cleveland,isotonic,True,ood_test,label_conditional,0.2,coverage,10,0.7524752475247526,0.12197834067707149,0.5016501650165016,0.6798679867986799,0.7953795379537953,0.8151815181518152,0.8910891089108911
Cleveland,isotonic,True,ood_test,label_conditional,0.2,avg_set_size,10,1.1874587458745876,0.11147323056215595,1.0594059405940595,1.1171617161716172,1.1485148514851484,1.278052805280528,1.3663366336633664
Cleveland,isotonic,True,ood_test,label_conditional,0.2,singleton_rate,10,0.8125412541254124,0.11147323056215597,0.6336633663366337,0.721947194719472,0.8514851485148515,0.8828382838283828,0.9405940594059405
Cleveland,isotonic,True,ood_test,label_conditional,0.2,singleton_accuracy,10,0.7003077388816361,0.1291832199730265,0.41472868217054265,0.6391563078550648,0.7400466621509747,0.7833366064414768,0.8287937743190662
Cleveland,isotonic,True,ood_test,label_conditional,0.2,class0_coverage,10,0.9036585365853659,0.21367193161906334,0.31097560975609756,0.9557926829268293,0.9847560975609756,0.9984756097560976,1.0
Cleveland,isotonic,True,ood_test,label_conditional,0.2,class1_coverage,10,0.5741007194244604,0.2207485830391179,0.17985611510791366,0.5629496402877697,0.5899280575539568,0.7086330935251799,0.8705035971223022
Cleveland,isotonic,True,ood_test,label_conditional,0.2,class0_avg_set_size,10,1.1030487804878049,0.08106928414661384,1.0,1.041158536585366,1.079268292682927,1.173780487804878,1.2317073170731707
Cleveland,isotonic,True,ood_test,label_conditional,0.2,class1_avg_set_size,10,1.2870503597122303,0.1954532077518175,1.0575539568345325,1.1564748201438848,1.2122302158273381,1.4640287769784173,1.5755395683453237
Cleveland,isotonic,True,ood_test,label_conditional,0.2,class0_singleton_accuracy,10,0.886193273252605,0.2514119591205365,0.19285714285714287,0.9532258064516129,0.9830492424242424,0.9982993197278911,1.0
Cleveland,isotonic,True,ood_test,label_conditional,0.2,class1_singleton_accuracy,10,0.3708560073317798,0.2951704786279718,0.008695652173913044,0.07770696175935005,0.43581445523193096,0.546509009009009,0.8625954198473282
Cleveland,isotonic,True,ood_test,label_conditional,0.2,empty_rate,10,0.0,0.0,0.0,0.0,0.0,0.0,0.0
Cleveland,isotonic,True,ood_test,marginal,0.05,coverage,10,0.8613861386138615,0.12928048004772355,0.5247524752475248,0.8432343234323433,0.8993399339933994,0.9166666666666666,0.9933993399339934
Cleveland,isotonic,True,ood_test,marginal,0.05,avg_set_size,10,1.4716171617161717,0.18795758632620013,1.2079207920792079,1.3572607260726073,1.4587458745874589,1.5297029702970297,1.844884488448845
Cleveland,isotonic,True,ood_test,marginal,0.05,singleton_rate,10,0.5283828382838284,0.18795758632620013,0.1551155115511551,0.47029702970297027,0.5412541254125413,0.6427392739273927,0.7920792079207921
Cleveland,isotonic,True,ood_test,marginal,0.05,singleton_accuracy,10,0.7705887948957001,0.14811623808587288,0.4,0.743185267788,0.807481125600549,0.8235926722539494,0.9574468085106383
Cleveland,isotonic,True,ood_test,marginal,0.05,class0_coverage,10,0.9262195121951219,0.21671756902942335,0.31097560975609756,1.0,1.0,1.0,1.0
Cleveland,isotonic,True,ood_test,marginal,0.05,class1_coverage,10,0.7848920863309352,0.11706224634136288,0.5827338129496403,0.7607913669064748,0.7805755395683454,0.8579136690647482,0.9856115107913669
Cleveland,isotonic,True,ood_test,marginal,0.05,class0_avg_set_size,10,1.3134146341463415,0.19041146814049392,1.079268292682927,1.2195121951219512,1.2682926829268293,1.3048780487804879,1.725609756097561
Cleveland,isotonic,True,ood_test,marginal,0.05,class1_avg_set_size,10,1.6582733812949642,0.22994713536693606,1.2014388489208634,1.5719424460431655,1.6906474820143884,1.8111510791366907,1.985611510791367
Cleveland,isotonic,True,ood_test,marginal,0.05,class0_singleton_accuracy,10,0.9053855569155447,0.27542438751870396,0.12403100775193798,1.0,1.0,1.0,1.0
Cleveland,isotonic,True,ood_test,marginal,0.05,class1_singleton_accuracy,10,0.2206917102232652,0.30673026645550105,0.0,0.0047169811320754715,0.04696969696969697,0.3557993730407524,0.7777777777777778
Cleveland,isotonic,True,ood_test,marginal,0.05,empty_rate,10,0.0,0.0,0.0,0.0,0.0,0.0,0.0
Cleveland,isotonic,True,ood_test,marginal,0.1,coverage,10,0.8353135313531354,0.11860236997534043,0.5148514851485149,0.83003300330033,0.8861386138613861,0.8976897689768977,0.9042904290429042
Cleveland,isotonic,True,ood_test,marginal,0.1,avg_set_size,10,1.3326732673267325,0.1354324340969387,1.165016501650165,1.2178217821782178,1.3316831683168315,1.4133663366336635,1.5775577557755776
Cleveland,isotonic,True,ood_test,marginal,0.1,singleton_rate,10,0.6673267326732674,0.1354324340969387,0.42244224422442245,0.5866336633663367,0.6683168316831682,0.7821782178217822,0.834983498349835
Cleveland,isotonic,True,ood_test,marginal,0.1,singleton_accuracy,10,0.7608469864847586,0.13108971209147594,0.41434262948207173,0.755859375,0.8043107707509882,0.82609375,0.8657407407407407
Cleveland,isotonic,True,ood_test,marginal,0.1,class0_coverage,10,0.900609756097561,0.2105999051462054,0.31097560975609756,0.9375,0.975609756097561,0.9923780487804879,1.0
Cleveland,isotonic,True,ood_test,marginal,0.1,class1_coverage,10,0.758273381294964,0.11269452419133756,0.5611510791366906,0.685251798561151,0.7769784172661871,0.8327338129496403,0.920863309352518
Cleveland,isotonic,True,ood_test,marginal,0.1,class0_avg_set_size,10,1.2408536585365855,0.1396757077116152,1.0365853658536586,1.1722560975609755,1.2347560975609757,1.2820121951219512,1.4817073170731707
Cleveland,isotonic,True,ood_test,marginal,0.1,class1_avg_set_size,10,1.4410071942446043,0.2076259491367345,1.1798561151079137,1.2949640287769784,1.3992805755395683,1.606115107913669,1.7553956834532374
Cleveland,isotonic,True,ood_test,marginal,0.1,class0_singleton_accuracy,10,0.8689918612374872,0.25273859058355835,0.17518248175182483,0.9059074912016088,0.970506329113924,0.9902597402597403,1.0
Cleveland,isotonic,True,ood_test,marginal,0.1,class1_singleton_accuracy,10,0.4982084488394888,0.28196945948571933,0.018867924528301886,0.37355072463768113,0.5084455324357405,0.6729824561403508,0.9017857142857143
Cleveland,isotonic,True,ood_test,marginal,0.1,empty_rate,10,0.0,0.0,0.0,0.0,0.0,0.0,0.0
Cleveland,isotonic,True,ood_test,marginal,0.2,coverage,10,0.737953795379538,0.1301686314174129,0.42574257425742573,0.698019801980198,0.7656765676567656,0.8176567656765676,0.8679867986798679
Cleveland,isotonic,True,ood_test,marginal,0.2,avg_set_size,10,1.1085808580858085,0.14537653062233874,0.9537953795379538,0.9975247524752475,1.0726072607260726,1.1608910891089108,1.386138613861386
Cleveland,isotonic,True,ood_test,marginal,0.2,singleton_rate,10,0.8808580858085808,0.13587538864572463,0.6138613861386139,0.8391089108910891,0.9273927392739274,0.9859735973597359,1.0
Cleveland,isotonic,True,ood_test,marginal,0.2,singleton_accuracy,10,0.7122487119078446,0.12205451804494727,0.42574257425742573,0.6643846213351898,0.7251887810140237,0.7994311281193428,0.8393574297188755
Cleveland,isotonic,True,ood_test,marginal,0.2,class0_coverage,10,0.8310975609756099,0.26475947103015074,0.14634146341463414,0.8948170731707317,0.9329268292682926,0.9496951219512195,1.0
Cleveland,isotonic,True,ood_test,marginal,0.2,class1_coverage,10,0.6280575539568345,0.2044158797501416,0.22302158273381295,0.5755395683453237,0.6330935251798562,0.7715827338129497,0.920863309352518
Cleveland,isotonic,True,ood_test,marginal,0.2,class0_avg_set_size,10,1.075609756097561,0.09803408321940071,0.9878048780487805,1.0,1.0335365853658538,1.1402439024390243,1.2865853658536586
Cleveland,isotonic,True,ood_test,marginal,0.2,class1_avg_set_size,10,1.1474820143884892,0.22371029010783497,0.9136690647482014,0.9946043165467626,1.0719424460431655,1.1924460431654675,1.5755395683453237
Cleveland,isotonic,True,ood_test,marginal,0.2,class0_singleton_accuracy,10,0.8212288008469677,0.2714226798890053,0.14634146341463414,0.8916911083667798,0.9249314626673117,0.9514055422328804,1.0
Cleveland,isotonic,True,ood_test,marginal,0.2,class1_singleton_accuracy,10,0.5275109361010928,0.2814152454755897,0.06779661016949153,0.3002983802216539,0.604815702385028,0.7460922171353825,0.9166666666666666
Cleveland,isotonic,True,ood_test,marginal,0.2,empty_rate,10,0.005280528052805281,0.014444574312140683,0.0,0.0,0.0,0.0024752475247524753,0.0462046204620462
Cleveland,platt,False,id_test,label_conditional,0.05,coverage,10,0.9720430107526882,0.02876330128708083,0.9139784946236559,0.9516129032258065,0.978494623655914,0.9973118279569892,1.0
Cleveland,platt,False,id_test,label_conditional,0.05,avg_set_size,10,1.6483870967741932,0.19282021525411894,1.3225806451612903,1.5080645161290323,1.7419354838709677,1.7688172043010753,1.8709677419354838
Cleveland,platt,False,id_test,label_conditional,0.05,singleton_rate,10,0.3516129032258064,0.19282021525411897,0.12903225806451613,0.23118279569892472,0.25806451612903225,0.49193548387096775,0.6774193548387096
Cleveland,platt,False,id_test,label_conditional,0.05,singleton_accuracy,10,0.9375654775653389,0.046373266399477836,0.873015873015873,0.9132308845577211,0.9183333333333333,0.9852941176470589,1.0
Cleveland,platt,False,id_test,label_conditional,0.05,class0_coverage,10,0.9722222222222221,0.037037037037037056,0.8888888888888888,0.9513888888888888,0.9861111111111112,1.0,1.0
Cleveland,platt,False,id_test,label_conditional,0.05,class1_coverage,10,0.9719298245614034,0.027677566236723346,0.9298245614035088,0.9517543859649122,0.9824561403508771,0.9956140350877193,1.0
Cleveland,platt,False,id_test,label_conditional,0.05,class0_avg_set_size,10,1.5138888888888888,0.19389251473492528,1.2777777777777777,1.3402777777777777,1.4722222222222223,1.715277777777778,1.75
Cleveland,platt,False,id_test,label_conditional,0.05,class1_avg_set_size,10,1.7333333333333332,0.21578868127717074,1.3333333333333333,1.6271929824561404,1.780701754385965,1.8903508771929824,1.9824561403508771
Cleveland,platt,False,id_test,label_conditional,0.05,class0_singleton_accuracy,10,0.9571983805668015,0.05522353216759806,0.84,0.9291497975708503,0.9807692307692308,1.0,1.0
Cleveland,platt,False,id_test,label_conditional,0.05,class1_singleton_accuracy,10,0.8755049989103194,0.14803050724681027,0.5,0.8392857142857143,0.9004934210526316,0.984375,1.0
Cleveland,platt,False,id_test,label_conditional,0.05,empty_rate,10,0.0,0.0,0.0,0.0,0.0,0.0,0.0
Cleveland,platt,False,id_test,label_conditional,0.1,coverage,10,0.9365591397849464,0.04820755219668795,0.8494623655913979,0.9032258064516129,0.9623655913978495,0.967741935483871,0.989247311827957
Cleveland,platt,False,id_test,label_conditional,0.1,avg_set_size,10,1.4344086021505376,0.19626397085187214,1.10752688172043,1.3091397849462365,1.478494623655914,1.5913978494623655,1.6774193548387097
Cleveland,platt,False,id_test,label_conditional,0.1,singleton_rate,10,0.5655913978494624,0.19626397085187217,0.3225806451612903,0.4086021505376344,0.521505376344086,0.6908602150537635,0.8924731182795699
Cleveland,platt,False,id_test,label_conditional,0.1,singleton_accuracy,10,0.8978847535933472,0.04639807522612555,0.8313253012048193,0.8593366093366094,0.8991525423728814,0.9242886178861789,0.9767441860465116
Cleveland,platt,False,id_test,label_conditional,0.1,class0_coverage,10,0.95,0.04684855792842043,0.8611111111111112,0.9444444444444444,0.9444444444444444,0.9930555555555556,1.0
Cleveland,platt,False,id_test,label_conditional,0.1,class1_coverage,10,0.9280701754385964,0.05874210060279618,0.8245614035087719,0.9035087719298246,0.9385964912280702,0.9736842105263157,1.0
Cleveland,platt,False,id_test,label_conditional,0.1,class0_avg_set_size,10,1.3333333333333335,0.16511624537154637,1.0833333333333333,1.1944444444444444,1.3888888888888888,1.4375,1.5555555555555556
Cleveland,platt,False,id_test,label_conditional,0.1,class1_avg_set_size,10,1.4982456140350877,0.2390089314515986,1.105263157894737,1.3771929824561404,1.473684210526316,1.7017543859649122,1.8596491228070176
Cleveland,platt,False,id_test,label_conditional,0.1,class0_singleton_accuracy,10,0.9315149433899433,0.055634331545898676,0.84375,0.9011904761904762,0.9302884615384616,0.9848484848484849,1.0
Cleveland,platt,False,id_test,label_conditional,0.1,class1_singleton_accuracy,10,0.8440198015965279,0.11354173692406208,0.625,0.785427807486631,0.8514492753623188,0.9196969696969697,1.0
Cleveland,platt,False,id_test,label_conditional,0.1,empty_rate,10,0.0,0.0,0.0,0.0,0.0,0.0,0.0
Cleveland,platt,False,id_test,label_conditional,0.2,coverage,10,0.8559139784946236,0.03833617765482705,0.8172043010752689,0.8387096774193549,0.8494623655913979,0.8575268817204301,0.946236559139785
Cleveland,platt,False,id_test,label_conditional,0.2,avg_set_size,10,1.0602150537634407,0.0617070658542146,0.989247311827957,1.0188172043010753,1.0483870967741935,1.086021505376344,1.1935483870967742
Cleveland,platt,False,id_test,label_conditional,0.2,singleton_rate,10,0.9376344086021504,0.05928623119178592,0.8064516129032258,0.9139784946236559,0.9516129032258065,0.9811827956989247,1.0
Cleveland,platt,False,id_test,label_conditional,0.2,singleton_accuracy,10,0.8492302348043216,0.03383852260846026,0.8172043010752689,0.8319288389513109,0.8389328063241107,0.8498787027579162,0.9333333333333333
Cleveland,platt,False,id_test,label_conditional,0.2,class0_coverage,10,0.8694444444444445,0.0586338525888428,0.7777777777777778,0.8333333333333334,0.875,0.9097222222222222,0.9722222222222222
Cleveland,platt,False,id_test,label_conditional,0.2,class1_coverage,10,0.8473684210526315,0.04825890300766727,0.7543859649122807,0.8289473684210527,0.8421052631578947,0.8728070175438596,0.9298245614035088
Cleveland,platt,False,id_test,label_conditional,0.2,class0_avg_set_size,10,1.0555555555555556,0.07746852097537738,0.9722222222222222,1.0069444444444444,1.0416666666666665,1.0763888888888888,1.25
Cleveland,platt,False,id_test,label_conditional,0.2,class1_avg_set_size,10,1.063157894736842,0.05560170443978814,1.0,1.0219298245614037,1.0526315789473684,1.0964912280701755,1.1578947368421053
Cleveland,platt,False,id_test,label_conditional,0.2,class0_singleton_accuracy,10,0.8661295023059727,0.054140480161643086,0.8,0.8259803921568627,0.8658645276292335,0.9054112554112554,0.9629629629629629
Cleveland,platt,False,id_test,label_conditional,0.2,class1_singleton_accuracy,10,0.8386352510871842,0.04564241764702659,0.7543859649122807,0.8120320855614973,0.8406954887218046,0.8639063591893781,0.9166666666666666
Cleveland,platt,False,id_test,label_conditional,0.2,empty_rate,10,0.001075268817204301,0.0034002985593208383,0.0,0.0,0.0,0.0,0.010752688172043012
Cleveland,platt,False,id_test,marginal,0.05,coverage,10,0.956989247311828,0.03245657755604811,0.9032258064516129,0.9354838709677419,0.9516129032258065,0.978494623655914,1.0
Cleveland,platt,False,id_test,marginal,0.05,avg_set_size,10,1.4666666666666666,0.15950424860696538,1.2043010752688172,1.3629032258064515,1.4731182795698925,1.564516129032258,1.6881720430107527
Cleveland,platt,False,id_test,marginal,0.05,singleton_rate,10,0.5333333333333334,0.15950424860696538,0.3118279569892473,0.43548387096774194,0.5268817204301075,0.6370967741935484,0.7956989247311828
Cleveland,platt,False,id_test,marginal,0.05,singleton_accuracy,10,0.9294440006808429,0.04681979557724676,0.875,0.8960526315789474,0.9153846153846155,0.9588888888888889,1.0
Cleveland,platt,False,id_test,marginal,0.05,class0_coverage,10,0.9194444444444445,0.06204394654722574,0.8333333333333334,0.8680555555555556,0.9444444444444444,0.9444444444444444,1.0
Cleveland,platt,False,id_test,marginal,0.05,class1_coverage,10,0.9807017543859649,0.025423467975770952,0.9298245614035088,0.9692982456140351,0.9912280701754386,1.0,1.0
Cleveland,platt,False,id_test,marginal,0.05,class0_avg_set_size,10,1.5194444444444444,0.17908948955058673,1.25,1.3611111111111112,1.5555555555555554,1.6666666666666667,1.75
Cleveland,platt,False,id_test,marginal,0.05,class1_avg_set_size,10,1.4333333333333331,0.16417028546772097,1.1228070175438596,1.3640350877192982,1.412280701754386,1.5,1.7017543859649122
Cleveland,platt,False,id_test,marginal,0.05,class0_singleton_accuracy,10,0.841848967079146,0.12020845860226684,0.6,0.791501976284585,0.8297101449275363,0.9150326797385621,1.0
Cleveland,platt,False,id_test,marginal,0.05,class1_singleton_accuracy,10,0.971423398630829,0.03601349396348675,0.8947368421052632,0.9502002002002001,0.9852941176470589,1.0,1.0
Cleveland,platt,False,id_test,marginal,0.05,empty_rate,10,0.0,0.0,0.0,0.0,0.0,0.0,0.0
Cleveland,platt,False,id_test,marginal,0.1,coverage,10,0.9225806451612903,0.039197772371304146,0.8709677419354839,0.8870967741935484,0.9301075268817204,0.946236559139785,0.978494623655914
Cleveland,platt,False,id_test,marginal,0.1,avg_set_size,10,1.260215053763441,0.1251712255927705,1.118279569892473,1.1451612903225807,1.2473118279569892,1.3198924731182795,1.4731182795698925
Cleveland,platt,False,id_test,marginal,0.1,singleton_rate,10,0.7397849462365591,0.1251712255927705,0.5268817204301075,0.6801075268817204,0.7526881720430108,0.8548387096774194,0.8817204301075269
Cleveland,platt,False,id_test,marginal,0.1,singleton_accuracy,10,0.8999698448549026,0.03854138286880509,0.8518518518518519,0.869390243902439,0.9037698412698413,0.9178213443396226,0.9591836734693877
Cleveland,platt,False,id_test,marginal,0.1,class0_coverage,10,0.8722222222222221,0.058852772526187765,0.7777777777777778,0.8333333333333334,0.8888888888888888,0.9097222222222222,0.9722222222222222
Cleveland,platt,False,id_test,marginal,0.1,class1_coverage,10,0.9543859649122807,0.04313237173002519,0.8596491228070176,0.9342105263157895,0.9736842105263157,0.9824561403508771,1.0
Cleveland,platt,False,id_test,marginal,0.1,class0_avg_set_size,10,1.3138888888888887,0.11494168617542758,1.1388888888888888,1.2152777777777777,1.3333333333333333,1.4097222222222223,1.4444444444444444
Cleveland,platt,False,id_test,marginal,0.1,class1_avg_set_size,10,1.2263157894736842,0.1414310287191098,1.087719298245614,1.1140350877192984,1.192982456140351,1.2587719298245614,1.5087719298245614
Cleveland,platt,False,id_test,marginal,0.1,class0_singleton_accuracy,10,0.8158823943946303,0.07274117429658311,0.7241379310344828,0.7673076923076924,0.8,0.8607954545454546,0.9523809523809523
Cleveland,platt,False,id_test,marginal,0.1,class1_singleton_accuracy,10,0.9449778671429542,0.04590678002064066,0.8431372549019608,0.9270015698587127,0.9588870431893688,0.9745670995670995,1.0
Cleveland,platt,False,id_test,marginal,0.1,empty_rate,10,0.0,0.0,0.0,0.0,0.0,0.0,0.0
Cleveland,platt,False,id_test,marginal,0.2,coverage,10,0.8688172043010752,0.04856597759413426,0.7956989247311828,0.8387096774193549,0.8655913978494624,0.9059139784946236,0.946236559139785
Cleveland,platt,False,id_test,marginal,0.2,avg_set_size,10,1.070967741935484,0.08620053055516798,0.956989247311828,1.0053763440860215,1.064516129032258,1.1263440860215055,1.1935483870967742
Cleveland,platt,False,id_test,marginal,0.2,singleton_rate,10,0.9139784946236558,0.06931569751187713,0.8064516129032258,0.8736559139784946,0.9354838709677419,0.9650537634408602,1.0
Cleveland,platt,False,id_test,marginal,0.2,singleton_accuracy,10,0.8669309552491435,0.03577866859978825,0.8222222222222222,0.8416759362254357,0.8580007748934522,0.8928786510087323,0.9333333333333333
Cleveland,platt,False,id_test,marginal,0.2,class0_coverage,10,0.8083333333333333,0.07225782598195064,0.7222222222222222,0.7777777777777778,0.8055555555555556,0.826388888888889,0.9722222222222222
Cleveland,platt,False,id_test,marginal,0.2,class1_coverage,10,0.9070175438596492,0.053629270260165486,0.8245614035087719,0.8771929824561403,0.9122807017543859,0.9298245614035088,0.9824561403508771
Cleveland,platt,False,id_test,marginal,0.2,class0_avg_set_size,10,1.097222222222222,0.11283386673105499,0.9444444444444444,1.0138888888888888,1.0833333333333335,1.1597222222222223,1.2777777777777777
Cleveland,platt,False,id_test,marginal,0.2,class1_avg_set_size,10,1.0543859649122806,0.07183705328223128,0.9649122807017544,1.0,1.0526315789473686,1.1140350877192982,1.1578947368421053
Cleveland,platt,False,id_test,marginal,0.2,class0_singleton_accuracy,10,0.7950551612980454,0.06754592528104444,0.7428571428571429,0.7647058823529411,0.767948717948718,0.7891366223908918,0.9629629629629629
Cleveland,platt,False,id_test,marginal,0.2,class1_singleton_accuracy,10,0.90946654820566,0.04783766608515333,0.8245614035087719,0.8795928500496524,0.9128787878787878,0.9254545454545454,0.9807692307692307
Cleveland,platt,False,id_test,marginal,0.2,empty_rate,10,0.007526881720430108,0.016069184065562646,0.0,0.0,0.0,0.0,0.043010752688172046
Cleveland,platt,False,ood_test,label_conditional,0.05,coverage,10,0.8788778877887788,0.12555769107908318,0.6204620462046204,0.8127062706270627,0.9389438943894389,0.966996699669967,0.9867986798679867
Cleveland,platt,False,ood_test,label_conditional,0.05,avg_set_size,10,1.5485148514851486,0.23627945538689513,1.1584158415841583,1.3424092409240924,1.6452145214521452,1.7013201320132012,1.9075907590759076
Cleveland,platt,False,ood_test,label_conditional,0.05,singleton_rate,10,0.45148514851485144,0.23627945538689513,0.0924092409240924,0.2986798679867987,0.3547854785478548,0.6575907590759076,0.8415841584158416
Cleveland,platt,False,ood_test,label_conditional,0.05,singleton_accuracy,10,0.7686224098922055,0.16473049052362396,0.4523809523809524,0.6435426093514328,0.8205679862306368,0.8955658827154154,0.9534883720930233
Cleveland,platt,False,ood_test,label_conditional,0.05,class0_coverage,10,0.9262195121951219,0.16943102109759156,0.4451219512195122,0.9664634146341463,0.9817073170731707,0.9878048780487805,0.9939024390243902
Cleveland,platt,False,ood_test,label_conditional,0.05,class1_coverage,10,0.823021582733813,0.1800063321529462,0.460431654676259,0.7464028776978417,0.8992805755395683,0.9406474820143885,0.9856115107913669
Cleveland,platt,False,ood_test,label_conditional,0.05,class0_avg_set_size,10,1.501219512195122,0.24570472324557258,1.048780487804878,1.3460365853658538,1.5426829268292683,1.6280487804878048,1.9024390243902438
Cleveland,platt,False,ood_test,label_conditional,0.05,class1_avg_set_size,10,1.6043165467625897,0.24792034500374266,1.2446043165467626,1.3866906474820144,1.6798561151079137,1.7805755395683454,1.9136690647482015
Cleveland,platt,False,ood_test,label_conditional,0.05,class0_singleton_accuracy,10,0.8638449769732386,0.2612871731365277,0.13333333333333333,0.9408524904214559,0.9560386473429952,0.9672131147540983,0.9876543209876543
Cleveland,platt,False,ood_test,label_conditional,0.05,class1_singleton_accuracy,10,0.5730255847940084,0.2963807280465581,0.09302325581395349,0.3713924963924964,0.704954954954955,0.7660714285714286,0.9512195121951219
Cleveland,platt,False,ood_test,label_conditional,0.05,empty_rate,10,0.0,0.0,0.0,0.0,0.0,0.0,0.0
Cleveland,platt,False,ood_test,label_conditional,0.1,coverage,10,0.8287128712871287,0.12229987858738002,0.5577557755775577,0.7838283828382839,0.8646864686468647,0.9158415841584159,0.9504950495049505
Cleveland,platt,False,ood_test,label_conditional,0.1,avg_set_size,10,1.3762376237623761,0.19730343468825243,1.0891089108910892,1.2004950495049505,1.400990099009901,1.5206270627062706,1.6501650165016502
Cleveland,platt,False,ood_test,label_conditional,0.1,singleton_rate,10,0.6237623762376237,0.19730343468825245,0.34983498349834985,0.4793729372937294,0.599009900990099,0.7995049504950495,0.9108910891089109
Cleveland,platt,False,ood_test,label_conditional,0.1,singleton_accuracy,10,0.7340235071125152,0.14159162741502326,0.4596774193548387,0.6323550724637681,0.7562013458239873,0.8454290021929824,0.9013157894736842
Cleveland,platt,False,ood_test,label_conditional,0.1,class0_coverage,10,0.9030487804878049,0.18841035856963775,0.3719512195121951,0.948170731707317,0.9695121951219512,0.9801829268292683,0.9817073170731707
Cleveland,platt,False,ood_test,label_conditional,0.1,class1_coverage,10,0.7410071942446044,0.16916251403883356,0.39568345323741005,0.6960431654676259,0.7697841726618706,0.8471223021582734,0.9280575539568345
Cleveland,platt,False,ood_test,label_conditional,0.1,class0_avg_set_size,10,1.3310975609756095,0.18292795844276602,1.024390243902439,1.2271341463414633,1.3628048780487805,1.4496951219512195,1.5731707317073171
Cleveland,platt,False,ood_test,label_conditional,0.1,class1_avg_set_size,10,1.429496402877698,0.24278843530018396,1.129496402877698,1.224820143884892,1.4100719424460433,1.6258992805755397,1.7625899280575539
Cleveland,platt,False,ood_test,label_conditional,0.1,class0_singleton_accuracy,10,0.8633185487006715,0.2419325213312424,0.1889763779527559,0.9311224489795918,0.9448249619482496,0.9689916237113402,0.9716981132075472
Cleveland,platt,False,ood_test,label_conditional,0.1,class1_singleton_accuracy,10,0.5009995808681877,0.2859323078261971,0.13725490196078433,0.22215909090909092,0.5457924707371085,0.7232358550540369,0.9038461538461539
Cleveland,platt,False,ood_test,label_conditional,0.1,empty_rate,10,0.0,0.0,0.0,0.0,0.0,0.0,0.0
Cleveland,platt,False,ood_test,label_conditional,0.2,coverage,10,0.7204620462046204,0.13406049106030649,0.4521452145214521,0.6435643564356435,0.7376237623762376,0.8283828382838284,0.8778877887788779
Cleveland,platt,False,ood_test,label_conditional,0.2,avg_set_size,10,1.057095709570957,0.061959735016884857,0.9900990099009901,1.023102310231023,1.0429042904290429,1.0775577557755776,1.2046204620462047
Cleveland,platt,False,ood_test,label_conditional,0.2,singleton_rate,10,0.940924092409241,0.059861553983295526,0.7953795379537953,0.9224422442244224,0.9570957095709571,0.976897689768977,1.0
Cleveland,platt,False,ood_test,label_conditional,0.2,singleton_accuracy,10,0.7083265723403231,0.1281777554597973,0.45666666666666667,0.6190809063839059,0.7269301644301644,0.814843366093366,0.8464730290456431
Cleveland,platt,False,ood_test,label_conditional,0.2,class0_coverage,10,0.8170731707317073,0.21994462074664692,0.21341463414634146,0.833841463414634,0.8810975609756098,0.913109756097561,0.9634146341463414
Cleveland,platt,False,ood_test,label_conditional,0.2,class1_coverage,10,0.6064748201438849,0.21149529299325076,0.19424460431654678,0.4946043165467626,0.6618705035971223,0.7553956834532374,0.841726618705036
Cleveland,platt,False,ood_test,label_conditional,0.2,class0_avg_set_size,10,1.0475609756097561,0.049269231792278656,0.9817073170731707,1.0106707317073171,1.0426829268292683,1.0746951219512195,1.146341463414634
Cleveland,platt,False,ood_test,label_conditional,0.2,class1_avg_set_size,10,1.0683453237410072,0.08329666394704272,1.0,1.0215827338129497,1.0467625899280575,1.064748201438849,1.2733812949640289
Cleveland,platt,False,ood_test,label_conditional,0.2,class0_singleton_accuracy,10,0.811280301947218,0.21756871623282656,0.21739130434782608,0.8216900549115315,0.8725590083205977,0.9125381097560976,0.9631901840490797
Cleveland,platt,False,ood_test,label_conditional,0.2,class1_singleton_accuracy,10,0.5828327764695118,0.208536371147511,0.19424460431654678,0.47387770897832815,0.6490641711229946,0.7177593809801148,0.8307692307692308
Cleveland,platt,False,ood_test,label_conditional,0.2,empty_rate,10,0.0009900990099009901,0.0031309679803647322,0.0,0.0,0.0,0.0,0.009900990099009901
Cleveland,platt,False,ood_test,marginal,0.05,coverage,10,0.8696369636963697,0.12839985256830588,0.5445544554455446,0.8399339933993399,0.9174917491749175,0.9364686468646864,0.976897689768977
Cleveland,platt,False,ood_test,marginal,0.05,avg_set_size,10,1.486138613861386,0.23018366009260852,1.1254125412541254,1.367161716171617,1.4917491749174916,1.58993399339934,1.881188118811881
Cleveland,platt,False,ood_test,marginal,0.05,singleton_rate,10,0.5138613861386138,0.23018366009260854,0.1188118811881188,0.41006600660066006,0.5082508250825082,0.6328382838283828,0.8745874587458746
Cleveland,platt,False,ood_test,marginal,0.05,singleton_accuracy,10,0.7580516853044438,0.1606422000672854,0.44129554655870445,0.643924246691073,0.8331575246132208,0.8703465346534653,0.9173553719008265
Cleveland,platt,False,ood_test,marginal,0.05,class0_coverage,10,0.8786585365853659,0.2184642631611356,0.2621951219512195,0.9237804878048781,0.9390243902439024,0.9664634146341463,0.9939024390243902
Cleveland,platt,False,ood_test,marginal,0.05,class1_coverage,10,0.8589928057553955,0.13370030413348258,0.5827338129496403,0.8363309352517985,0.9064748201438848,0.9406474820143885,0.9784172661870504
Cleveland,platt,False,ood_test,marginal,0.05,class0_avg_set_size,10,1.4963414634146344,0.25632652044147,1.0426829268292683,1.3567073170731707,1.5365853658536586,1.600609756097561,1.896341463414634
Cleveland,platt,False,ood_test,marginal,0.05,class1_avg_set_size,10,1.4741007194244604,0.2328103697054418,1.1654676258992807,1.3129496402877696,1.4280575539568345,1.6312949640287768,1.8633093525179856
Cleveland,platt,False,ood_test,marginal,0.05,class0_singleton_accuracy,10,0.7719376645907522,0.2638200281692127,0.07633587786259542,0.7419577205882353,0.8391500904159133,0.9152165864494632,0.9887640449438202
Cleveland,platt,False,ood_test,marginal,0.05,class1_singleton_accuracy,10,0.7169525046851521,0.23545534563324108,0.2459016393442623,0.5546875,0.8166570271833429,0.8779190309908337,0.9690721649484536
Cleveland,platt,False,ood_test,marginal,0.05,empty_rate,10,0.0,0.0,0.0,0.0,0.0,0.0,0.0
Cleveland,platt,False,ood_test,marginal,0.1,coverage,10,0.8135313531353136,0.12632836819865037,0.49504950495049505,0.783003300330033,0.8366336633663366,0.8935643564356436,0.9405940594059405
Cleveland,platt,False,ood_test,marginal,0.1,avg_set_size,10,1.3072607260726072,0.16098823616421332,1.0891089108910892,1.1476897689768977,1.3333333333333335,1.4273927392739274,1.537953795379538
Cleveland,platt,False,ood_test,marginal,0.1,singleton_rate,10,0.6927392739273928,0.16098823616421334,0.46204620462046203,0.5726072607260726,0.6666666666666667,0.8523102310231023,0.9108910891089109
Cleveland,platt,False,ood_test,marginal,0.1,singleton_accuracy,10,0.7373940613860092,0.14217772599860784,0.4312267657992565,0.6505415407269628,0.7835967130214918,0.8322560062142818,0.893491124260355
Cleveland,platt,False,ood_test,marginal,0.1,class0_coverage,10,0.8341463414634145,0.22262917988232883,0.21341463414634146,0.850609756097561,0.9054878048780488,0.9085365853658537,0.9817073170731707
Cleveland,platt,False,ood_test,marginal,0.1,class1_coverage,10,0.7892086330935252,0.1314818047945614,0.5611510791366906,0.7302158273381295,0.8201438848920863,0.8884892086330936,0.9496402877697842
Cleveland,platt,False,ood_test,marginal,0.1,class0_avg_set_size,10,1.3158536585365854,0.17641527090601863,1.0304878048780488,1.167682926829268,1.3475609756097562,1.4390243902439024,1.5548780487804879
Cleveland,platt,False,ood_test,marginal,0.1,class1_avg_set_size,10,1.2971223021582734,0.17520935774840238,1.0935251798561152,1.1654676258992804,1.237410071942446,1.433453237410072,1.5827338129496402
Cleveland,platt,False,ood_test,marginal,0.1,class0_singleton_accuracy,10,0.764408287332162,0.2501183614915663,0.0979020979020979,0.7382478632478633,0.8156276209113782,0.8865374384891608,0.972972972972973
Cleveland,platt,False,ood_test,marginal,0.1,class1_singleton_accuracy,10,0.6901695200192823,0.19311907164639047,0.32142857142857145,0.5530566993981628,0.7514236001265422,0.8049040511727079,0.9380530973451328
Cleveland,platt,False,ood_test,marginal,0.1,empty_rate,10,0.0,0.0,0.0,0.0,0.0,0.0,0.0
Cleveland,platt,False,ood_test,marginal,0.2,coverage,10,0.7244224422442244,0.13343794797258748,0.40594059405940597,0.6889438943894389,0.7458745874587458,0.8077557755775577,0.8778877887788779
Cleveland,platt,False,ood_test,marginal,0.2,avg_set_size,10,1.0950495049504951,0.1326606784059635,0.9636963696369637,0.9851485148514851,1.0841584158415842,1.146039603960396,1.3927392739273927
Cleveland,platt,False,ood_test,marginal,0.2,singleton_rate,10,0.887128712871287,0.11611034487771278,0.6072607260726073,0.8539603960396039,0.9158415841584158,0.9686468646864687,0.9900990099009901
Cleveland,platt,False,ood_test,marginal,0.2,singleton_accuracy,10,0.6991673570227301,0.12811281183890239,0.4212328767123288,0.6267653800650695,0.7216216216216216,0.7825980392156863,0.8471074380165289
Cleveland,platt,False,ood_test,marginal,0.2,class0_coverage,10,0.7579268292682926,0.24896590279562716,0.09146341463414634,0.7576219512195121,0.823170731707317,0.8704268292682926,0.9573170731707317
Cleveland,platt,False,ood_test,marginal,0.2,class1_coverage,10,0.6848920863309352,0.14391686295487047,0.4172661870503597,0.6708633093525179,0.6942446043165467,0.7823741007194245,0.8776978417266187
Cleveland,platt,False,ood_test,marginal,0.2,class0_avg_set_size,10,1.1109756097560974,0.14832664352254282,0.9451219512195121,0.9923780487804879,1.1189024390243902,1.138719512195122,1.4268292682926829
Cleveland,platt,False,ood_test,marginal,0.2,class1_avg_set_size,10,1.0762589928057555,0.1312695024751569,0.9640287769784173,0.9928057553956834,1.0323741007194245,1.0737410071942446,1.3525179856115108
Cleveland,platt,False,ood_test,marginal,0.2,class0_singleton_accuracy,10,0.7318284950070977,0.2455875666749895,0.0967741935483871,0.7026963736116687,0.7564152035500675,0.8649126946672958,0.9567901234567902
Cleveland,platt,False,ood_test,marginal,0.2,class1_singleton_accuracy,10,0.6563773500312167,0.15438666026856002,0.3816793893129771,0.5447080291970803,0.6842881944444444,0.7646314631463147,0.8731343283582089
Cleveland,platt,False,ood_test,marginal,0.2,empty_rate,10,0.00891089108910891,0.014681420458044655,0.0,0.0,0.0,0.017326732673267325,0.036303630363036306
Cleveland,platt,True,id_test,label_conditional,0.05,coverage,10,0.967741935483871,0.03655211120855044,0.9032258064516129,0.9489247311827957,0.978494623655914,1.0,1.0
Cleveland,platt,True,id_test,label_conditional,0.05,avg_set_size,10,1.578494623655914,0.18062524780723388,1.2150537634408602,1.4731182795698925,1.60752688172043,1.696236559139785,1.8279569892473118
Cleveland,platt,True,id_test,label_conditional,0.05,singleton_rate,10,0.421505376344086,0.18062524780723388,0.17204301075268819,0.30376344086021506,0.3924731182795699,0.5268817204301075,0.7849462365591398
Cleveland,platt,True,id_test,label_conditional,0.05,singleton_accuracy,10,0.9401216303495836,0.05855752223161473,0.8333333333333334,0.9032147742818057,0.9342672413793103,1.0,1.0
Cleveland,platt,True,id_test,label_conditional,0.05,class0_coverage,10,0.9694444444444444,0.044309207829649616,0.8611111111111112,0.9513888888888888,0.9861111111111112,1.0,1.0
Cleveland,platt,True,id_test,label_conditional,0.05,class1_coverage,10,0.9666666666666666,0.04004887407781038,0.8771929824561403,0.9517543859649122,0.9736842105263157,1.0,1.0
Cleveland,platt,True,id_test,label_conditional,0.05,class0_avg_set_size,10,1.4305555555555556,0.17580405135229188,1.1666666666666667,1.3125,1.4444444444444446,1.5763888888888888,1.6388888888888888
Cleveland,platt,True,id_test,label_conditional,0.05,class1_avg_set_size,10,1.6719298245614034,0.21327798861458247,1.2280701754385965,1.5526315789473684,1.7017543859649122,1.7850877192982457,2.0
Cleveland,platt,True,id_test,label_conditional,0.05,class0_singleton_accuracy,10,0.9584954627949184,0.05603493152353029,0.8275862068965517,0.9368421052631579,0.98,1.0,1.0
Cleveland,platt,True,id_test,label_conditional,0.05,class1_singleton_accuracy,9,0.8949021251652831,0.10809386334836431,0.7083333333333334,0.8461538461538461,0.9230769230769231,1.0,1.0
Cleveland,platt,True,id_test,label_conditional,0.05,empty_rate,10,0.0,0.0,0.0,0.0,0.0,0.0,0.0
Cleveland,platt,True,id_test,label_conditional,0.1,coverage,10,0.9419354838709678,0.03965395465502319,0.8709677419354839,0.9247311827956989,0.9623655913978495,0.967741935483871,0.978494623655914
Cleveland,platt,True,id_test,label_conditional,0.1,avg_set_size,10,1.4118279569892473,0.1561548010370586,1.10752688172043,1.336021505376344,1.4086021505376345,1.5241935483870968,1.6344086021505377
Cleveland,platt,True,id_test,label_conditional,0.1,singleton_rate,10,0.5881720430107527,0.15615480103705853,0.3655913978494624,0.4758064516129032,0.5913978494623655,0.6639784946236559,0.8924731182795699
Cleveland,platt,True,id_test,label_conditional,0.1,singleton_accuracy,10,0.9080349150061139,0.04566812120865413,0.8064516129032258,0.8874192747143567,0.9276162790697675,0.9364583333333334,0.96
Cleveland,platt,True,id_test,label_conditional,0.1,class0_coverage,10,0.9527777777777777,0.05863385258884283,0.8055555555555556,0.9444444444444444,0.9722222222222222,0.9930555555555556,1.0
Cleveland,platt,True,id_test,label_conditional,0.1,class1_coverage,10,0.9350877192982457,0.046083949251100674,0.8245614035087719,0.9298245614035088,0.9473684210526315,0.9649122807017544,0.9824561403508771
Cleveland,platt,True,id_test,label_conditional,0.1,class0_avg_set_size,10,1.2583333333333335,0.11715798953990098,1.0833333333333333,1.1805555555555556,1.25,1.3680555555555556,1.4166666666666667
Cleveland,platt,True,id_test,label_conditional,0.1,class1_avg_set_size,10,1.5087719298245614,0.20492883588228342,1.1228070175438596,1.4298245614035088,1.4912280701754386,1.644736842105263,1.8421052631578947
Cleveland,platt,True,id_test,label_conditional,0.1,class0_singleton_accuracy,10,0.942617243867244,0.06471376190945602,0.7878787878787878,0.9288194444444444,0.9576719576719577,0.9916666666666667,1.0
Cleveland,platt,True,id_test,label_conditional,0.1,class1_singleton_accuracy,10,0.860005449637453,0.08818408539971936,0.6666666666666666,0.8131720430107526,0.9019138755980861,0.9244444444444444,0.9375
Cleveland,platt,True,id_test,label_conditional,0.1,empty_rate,10,0.0,0.0,0.0,0.0,0.0,0.0,0.0
Cleveland,platt,True,id_test,label_conditional,0.2,coverage,10,0.843010752688172,0.04277113660265603,0.7741935483870968,0.8279569892473119,0.8333333333333334,0.8467741935483871,0.9247311827956989
Cleveland,platt,True,id_test,label_conditional,0.2,avg_set_size,10,1.0451612903225806,0.05548035145774722,0.967741935483871,1.0026881720430108,1.0376344086021505,1.096774193548387,1.1290322580645162
Cleveland,platt,True,id_test,label_conditional,0.2,singleton_rate,10,0.946236559139785,0.046179565328763904,0.8709677419354839,0.9032258064516129,0.9623655913978495,0.9838709677419355,1.0
Cleveland,platt,True,id_test,label_conditional,0.2,singleton_accuracy,10,0.8395810205718259,0.03663227736571206,0.8,0.8200133868808568,0.8270219728845255,0.846543722520762,0.9135802469135802
Cleveland,platt,True,id_test,label_conditional,0.2,class0_coverage,10,0.8583333333333334,0.04977659279894669,0.8055555555555556,0.8125,0.8472222222222223,0.8888888888888888,0.9444444444444444
Cleveland,platt,True,id_test,label_conditional,0.2,class1_coverage,10,0.8333333333333334,0.07029716538111876,0.7017543859649122,0.793859649122807,0.8421052631578947,0.8596491228070176,0.9473684210526315
Cleveland,platt,True,id_test,label_conditional,0.2,class0_avg_set_size,10,1.0416666666666665,0.06835566231589538,0.9722222222222222,1.0,1.0138888888888888,1.0694444444444444,1.1944444444444444
Cleveland,platt,True,id_test,label_conditional,0.2,class1_avg_set_size,10,1.0473684210526317,0.054263207998418946,0.9649122807017544,1.0043859649122808,1.0526315789473684,1.087719298245614,1.1228070175438596
Cleveland,platt,True,id_test,label_conditional,0.2,class0_singleton_accuracy,10,0.8557549634273773,0.05042708218903262,0.8055555555555556,0.8087121212121212,0.8428571428571429,0.9044642857142857,0.9310344827586207
Cleveland,platt,True,id_test,label_conditional,0.2,class1_singleton_accuracy,10,0.8294810967040069,0.06700371143193184,0.7272727272727273,0.773001508295626,0.8377192982456141,0.869212962962963,0.94
Cleveland,platt,True,id_test,label_conditional,0.2,empty_rate,10,0.004301075268817204,0.010388083689024687,0.0,0.0,0.0,0.0,0.03225806451612903
Cleveland,platt,True,id_test,marginal,0.05,coverage,10,0.9623655913978496,0.03134920373572744,0.9032258064516129,0.9435483870967741,0.967741935483871,0.9865591397849462,1.0
Cleveland,platt,True,id_test,marginal,0.05,avg_set_size,10,1.4344086021505378,0.1558377434847562,1.1720430107526882,1.35752688172043,1.413978494623656,1.5672043010752688,1.6451612903225807
Cleveland,platt,True,id_test,marginal,0.05,singleton_rate,10,0.5655913978494623,0.1558377434847562,0.3548387096774194,0.4327956989247312,0.5860215053763441,0.6424731182795699,0.8279569892473119
Cleveland,platt,True,id_test,marginal,0.05,singleton_accuracy,10,0.9400235483222025,0.03855934448140755,0.8831168831168831,0.9041666666666667,0.9477905569007263,0.9678387650085764,1.0
Cleveland,platt,True,id_test,marginal,0.05,class0_coverage,10,0.9138888888888888,0.0634107172898664,0.8055555555555556,0.875,0.9166666666666666,0.9652777777777778,1.0
Cleveland,platt,True,id_test,marginal,0.05,class1_coverage,10,0.9929824561403509,0.01226677015403687,0.9649122807017544,0.9868421052631579,1.0,1.0,1.0
Cleveland,platt,True,id_test,marginal,0.05,class0_avg_set_size,10,1.4916666666666665,0.19068229956920132,1.25,1.3680555555555556,1.4722222222222223,1.5833333333333335,1.8055555555555556
Cleveland,platt,True,id_test,marginal,0.05,class1_avg_set_size,10,1.3982456140350874,0.14910560616311008,1.1228070175438596,1.3114035087719298,1.4035087719298245,1.530701754385965,1.5614035087719298
Cleveland,platt,True,id_test,marginal,0.05,class0_singleton_accuracy,10,0.8260881641030382,0.11916467727751479,0.5714285714285714,0.7725752508361204,0.8421052631578947,0.9005681818181818,1.0
Cleveland,platt,True,id_test,marginal,0.05,class1_singleton_accuracy,10,0.9909717159019484,0.01511509155707049,0.96,0.9825581395348837,1.0,1.0,1.0
Cleveland,platt,True,id_test,marginal,0.05,empty_rate,10,0.0,0.0,0.0,0.0,0.0,0.0,0.0
Cleveland,platt,True,id_test,marginal,0.1,coverage,10,0.921505376344086,0.03207835245199205,0.8709677419354839,0.8978494623655914,0.9247311827956989,0.9516129032258065,0.956989247311828
Cleveland,platt,True,id_test,marginal,0.1,avg_set_size,10,1.2268817204301077,0.09636845783220804,1.096774193548387,1.1370967741935483,1.2419354838709677,1.314516129032258,1.3333333333333333
Cleveland,platt,True,id_test,marginal,0.1,singleton_rate,10,0.7731182795698925,0.09636845783220803,0.6666666666666666,0.6854838709677419,0.7580645161290323,0.8629032258064516,0.9032258064516129
Cleveland,platt,True,id_test,marginal,0.1,singleton_accuracy,10,0.9013535790389688,0.02970657899847973,0.8536585365853658,0.8829365079365079,0.898279569892473,0.9298737727910238,0.9393939393939394
Cleveland,platt,True,id_test,marginal,0.1,class0_coverage,10,0.8666666666666668,0.05524605144509737,0.8055555555555556,0.8125,0.875,0.8888888888888888,0.9722222222222222
Cleveland,platt,True,id_test,marginal,0.1,class1_coverage,10,0.956140350877193,0.03987772426019255,0.8596491228070176,0.9473684210526315,0.9649122807017544,0.9824561403508771,1.0
Cleveland,platt,True,id_test,marginal,0.1,class0_avg_set_size,10,1.2694444444444444,0.11344009737623537,1.1111111111111112,1.1597222222222223,1.3194444444444444,1.3541666666666667,1.3888888888888888
Cleveland,platt,True,id_test,marginal,0.1,class1_avg_set_size,10,1.2,0.09104795534984123,1.0701754385964912,1.1359649122807016,1.192982456140351,1.280701754385965,1.3333333333333333
Cleveland,platt,True,id_test,marginal,0.1,class0_singleton_accuracy,10,0.8190275093653424,0.06772545003082091,0.72,0.7759576612903225,0.8059006211180124,0.8560606060606061,0.9583333333333334
Cleveland,platt,True,id_test,marginal,0.1,class1_singleton_accuracy,10,0.9471524276665205,0.04522226604052333,0.84,0.9281567489114659,0.956501182033097,0.9767045454545454,1.0
Cleveland,platt,True,id_test,marginal,0.1,empty_rate,10,0.0,0.0,0.0,0.0,0.0,0.0,0.0
Cleveland,platt,True,id_test,marginal,0.2,coverage,10,0.8569892473118278,0.041505933474448996,0.7741935483870968,0.8413978494623656,0.8709677419354839,0.8790322580645161,0.9139784946236559
Cleveland,platt,True,id_test,marginal,0.2,avg_set_size,10,1.0193548387096774,0.05685270267784471,0.9139784946236559,1.0,1.0053763440860215,1.0618279569892473,1.10752688172043
Cleveland,platt,True,id_test,marginal,0.2,singleton_rate,10,0.956989247311828,0.03991228933928333,0.8924731182795699,0.9274193548387096,0.956989247311828,0.9973118279569892,1.0
Cleveland,platt,True,id_test,marginal,0.2,singleton_accuracy,10,0.8632740133428805,0.022153810997808863,0.8333333333333334,0.8476597090449083,0.8620507399577166,0.8780680224403927,0.9036144578313253
Cleveland,platt,True,id_test,marginal,0.2,class0_coverage,10,0.788888888888889,0.05737753105492469,0.6944444444444444,0.7569444444444444,0.7916666666666667,0.8055555555555556,0.9166666666666666
Cleveland,platt,True,id_test,marginal,0.2,class1_coverage,10,0.9,0.062466433652522003,0.7543859649122807,0.881578947368421,0.9122807017543859,0.9385964912280701,0.9824561403508771
Cleveland,platt,True,id_test,marginal,0.2,class0_avg_set_size,10,1.0305555555555554,0.0757337223951057,0.9166666666666666,1.0,1.0138888888888888,1.0763888888888888,1.1666666666666667
Cleveland,platt,True,id_test,marginal,0.2,class1_avg_set_size,10,1.0122807017543862,0.048962422664174235,0.9122807017543859,1.0,1.0,1.0570175438596492,1.0701754385964912
Cleveland,platt,True,id_test,marginal,0.2,class0_singleton_accuracy,10,0.792326680672269,0.05610697930730171,0.7352941176470589,0.7553571428571428,0.7795138888888888,0.8011363636363636,0.9
Cleveland,platt,True,id_test,marginal,0.2,class1_singleton_accuracy,10,0.907207014270073,0.04444292798055603,0.8269230769230769,0.8933270676691729,0.9056603773584906,0.9382048872180451,0.9811320754716981
Cleveland,platt,True,id_test,marginal,0.2,empty_rate,10,0.011827956989247313,0.027970771347851864,0.0,0.0,0.0,0.0,0.08602150537634409
Cleveland,platt,True,ood_test,label_conditional,0.05,coverage,10,0.8356435643564357,0.13895221247030543,0.5247524752475248,0.7722772277227723,0.8795379537953796,0.9257425742574257,0.966996699669967
Cleveland,platt,True,ood_test,label_conditional,0.05,avg_set_size,10,1.4198019801980197,0.16486094611677923,1.2046204620462047,1.254950495049505,1.4455445544554455,1.5437293729372936,1.6633663366336633
Cleveland,platt,True,ood_test,label_conditional,0.05,singleton_rate,10,0.5801980198019802,0.16486094611677923,0.33663366336633666,0.45627062706270627,0.5544554455445545,0.745049504950495,0.7953795379537953
Cleveland,platt,True,ood_test,label_conditional,0.05,singleton_accuracy,10,0.7483550731205362,0.1532890939472983,0.4024896265560166,0.6896724934699618,0.7734821428571428,0.8581309994353472,0.9097744360902256
Cleveland,platt,True,ood_test,label_conditional,0.05,class0_coverage,10,0.9243902439024391,0.214065982416203,0.3170731707317073,0.9893292682926829,1.0,1.0,1.0
Cleveland,platt,True,ood_test,label_conditional,0.05,class1_coverage,10,0.7309352517985611,0.1975239072104549,0.3597122302158273,0.6996402877697842,0.7697841726618705,0.8507194244604317,0.9784172661870504
Cleveland,platt,True,ood_test,label_conditional,0.05,class0_avg_set_size,10,1.2743902439024388,0.19202746047043381,1.0304878048780488,1.1371951219512195,1.2225609756097562,1.4039634146341462,1.6585365853658536
Cleveland,platt,True,ood_test,label_conditional,0.05,class1_avg_set_size,10,1.5913669064748202,0.22279713313072488,1.2014388489208634,1.4406474820143884,1.6510791366906474,1.7482014388489209,1.9136690647482015
Cleveland,platt,True,ood_test,label_conditional,0.05,class0_singleton_accuracy,10,0.895189010989011,0.27051536118205444,0.13846153846153847,0.9846071428571428,1.0,1.0,1.0
Cleveland,platt,True,ood_test,label_conditional,0.05,class1_singleton_accuracy,10,0.26384845420559705,0.3618876101538517,0.0,0.002777777777777778,0.07765151515151515,0.516156462585034,0.961038961038961
Cleveland,platt,True,ood_test,label_conditional,0.05,empty_rate,10,0.0,0.0,0.0,0.0,0.0,0.0,0.0
Cleveland,platt,True,ood_test,label_conditional,0.1,coverage,10,0.7811881188118812,0.14106353386020007,0.46864686468646866,0.721947194719472,0.8316831683168316,0.8589108910891089,0.9273927392739274
Cleveland,platt,True,ood_test,label_conditional,0.1,avg_set_size,10,1.2788778877887788,0.13783680425391304,1.099009900990099,1.1476897689768977,1.301980198019802,1.4084158415841586,1.4323432343234324
Cleveland,platt,True,ood_test,label_conditional,0.1,singleton_rate,10,0.721122112211221,0.13783680425391304,0.5676567656765676,0.5915841584158417,0.698019801980198,0.8523102310231023,0.900990099009901
Cleveland,platt,True,ood_test,label_conditional,0.1,singleton_accuracy,10,0.7121226846458675,0.13799861626604906,0.41025641025641024,0.6482204861111112,0.7483532060368548,0.8064110622250157,0.875
Cleveland,platt,True,ood_test,label_conditional,0.1,class0_coverage,10,0.9097560975609756,0.24170418589140621,0.22560975609756098,0.9573170731707317,1.0,1.0,1.0
Cleveland,platt,True,ood_test,label_conditional,0.1,class1_coverage,10,0.6294964028776978,0.21363797624442046,0.20863309352517986,0.6061151079136691,0.6798561151079137,0.7517985611510791,0.920863309352518
Cleveland,platt,True,ood_test,label_conditional,0.1,class0_avg_set_size,10,1.1463414634146338,0.1343309889581976,1.0182926829268293,1.0594512195121952,1.0914634146341464,1.1951219512195121,1.4634146341463414
Cleveland,platt,True,ood_test,label_conditional,0.1,class1_avg_set_size,10,1.435251798561151,0.21468522750182412,1.1223021582733812,1.2517985611510791,1.4424460431654675,1.60431654676259,1.7050359712230216
Cleveland,platt,True,ood_test,label_conditional,0.1,class0_singleton_accuracy,10,0.8967483494223609,0.2624575347961656,0.15894039735099338,0.9537805110602593,1.0,1.0,1.0
Cleveland,platt,True,ood_test,label_conditional,0.1,class1_singleton_accuracy,10,0.28527996676559886,0.34194616357179247,0.0,0.009388335704125178,0.14490968801313628,0.5685590737899289,0.875
Cleveland,platt,True,ood_test,label_conditional,0.1,empty_rate,10,0.0,0.0,0.0,0.0,0.0,0.0,0.0
Cleveland,platt,True,ood_test,label_conditional,0.2,coverage,10,0.6871287128712871,0.13020209809271005,0.4158415841584158,0.613036303630363,0.740924092409241,0.7755775577557755,0.834983498349835
Cleveland,platt,True,ood_test,label_conditional,0.2,avg_set_size,10,1.0386138613861386,0.05577134620490231,0.976897689768977,0.9917491749174918,1.0330033003300332,1.056930693069307,1.141914191419142
Cleveland,platt,True,ood_test,label_conditional,0.2,singleton_rate,10,0.9495049504950496,0.04397826506603879,0.858085808580858,0.943069306930693,0.9636963696369637,0.9826732673267327,0.9834983498349835
Cleveland,platt,True,ood_test,label_conditional,0.2,singleton_accuracy,10,0.6778966328216227,0.1249186764422668,0.42567567567567566,0.6062447390572391,0.7084143551615671,0.7734899328859061,0.8263888888888888
Cleveland,platt,True,ood_test,label_conditional,0.2,class0_coverage,10,0.8792682926829268,0.25158628211175854,0.17682926829268292,0.9405487804878049,0.9695121951219512,0.9801829268292683,1.0
Cleveland,platt,True,ood_test,label_conditional,0.2,class1_coverage,10,0.46043165467625896,0.2485689883904065,0.06474820143884892,0.26798561151079137,0.5107913669064748,0.5953237410071942,0.841726618705036
Cleveland,platt,True,ood_test,label_conditional,0.2,class0_avg_set_size,10,1.017682926829268,0.025781781252726163,0.975609756097561,1.0015243902439024,1.0182926829268293,1.0289634146341464,1.0731707317073171
Cleveland,platt,True,ood_test,label_conditional,0.2,class1_avg_set_size,10,1.0633093525179858,0.10723474146381687,0.9568345323741008,0.987410071942446,1.025179856115108,1.091726618705036,1.2805755395683454
Cleveland,platt,True,ood_test,label_conditional,0.2,class0_singleton_accuracy,10,0.877928111658381,0.25039709365008256,0.18125,0.9394409937888198,0.9685534591194969,0.9798399390243901,1.0
Cleveland,platt,True,ood_test,label_conditional,0.2,class1_singleton_accuracy,10,0.41419199422447883,0.2701406993600169,0.037037037037037035,0.16842105263157894,0.4574626865671642,0.5803354188390686,0.8382352941176471
Cleveland,platt,True,ood_test,label_conditional,0.2,empty_rate,10,0.005940594059405941,0.009690963936433547,0.0,0.0,0.0,0.012376237623762375,0.0231023102310231
Cleveland,platt,True,ood_test,marginal,0.05,coverage,10,0.856105610561056,0.14223533307756636,0.4752475247524752,0.8424092409240924,0.8861386138613861,0.9397689768976898,0.9636963696369637
Cleveland,platt,True,ood_test,marginal,0.05,avg_set_size,10,1.433993399339934,0.19263080219457263,1.118811881188119,1.3028052805280528,1.4224422442244224,1.5651815181518152,1.7887788778877889
Cleveland,platt,True,ood_test,marginal,0.05,singleton_rate,10,0.5660066006600659,0.19263080219457263,0.21122112211221122,0.43481848184818483,0.5775577557755776,0.6971947194719472,0.8811881188118812
Cleveland,platt,True,ood_test,marginal,0.05,singleton_accuracy,10,0.7730685739939892,0.1419842911938681,0.4044943820224719,0.7578845805945849,0.8129064306358382,0.8603286384976525,0.8852459016393442
Cleveland,platt,True,ood_test,marginal,0.05,class0_coverage,10,0.9012195121951219,0.24572153609915465,0.2073170731707317,0.9496951219512195,0.9908536585365854,0.9984756097560976,1.0
Cleveland,platt,True,ood_test,marginal,0.05,class1_coverage,10,0.8028776978417266,0.1238766382516211,0.6187050359712231,0.762589928057554,0.7805755395683454,0.8920863309352518,1.0
Cleveland,platt,True,ood_test,marginal,0.05,class0_avg_set_size,10,1.3304878048780489,0.24260835558137336,1.0975609756097562,1.173780487804878,1.25,1.371951219512195,1.8048780487804879
Cleveland,platt,True,ood_test,marginal,0.05,class1_avg_set_size,10,1.556115107913669,0.24319077150896112,1.1079136690647482,1.39568345323741,1.5899280575539567,1.7356115107913668,1.8776978417266188
Cleveland,platt,True,ood_test,marginal,0.05,class0_singleton_accuracy,10,0.8469831478829356,0.3019405544991911,0.09090909090909091,0.9304406779661016,0.9821153253160654,0.998046875,1.0
Cleveland,platt,True,ood_test,marginal,0.05,class1_singleton_accuracy,10,0.4455439758363389,0.33997648572054645,0.0,0.16091954022988506,0.4142156862745098,0.7145967741935484,1.0
Cleveland,platt,True,ood_test,marginal,0.05,empty_rate,10,0.0,0.0,0.0,0.0,0.0,0.0,0.0
Cleveland,platt,True,ood_test,marginal,0.1,coverage,10,0.8062706270627062,0.13603206151236788,0.44884488448844884,0.8036303630363036,0.8448844884488449,0.8803630363036303,0.9075907590759076
Cleveland,platt,True,ood_test,marginal,0.1,avg_set_size,10,1.2623762376237626,0.13540964504434863,1.0594059405940595,1.1452145214521452,1.282178217821782,1.3523102310231023,1.481848184818482
Cleveland,platt,True,ood_test,marginal,0.1,singleton_rate,10,0.7376237623762376,0.13540964504434863,0.5181518151815182,0.6476897689768977,0.7178217821782178,0.8547854785478548,0.9405940594059405
Cleveland,platt,True,ood_test,marginal,0.1,singleton_accuracy,10,0.7470399829049614,0.13249233515023764,0.41403508771929826,0.7096266280064645,0.774789437741862,0.8265808491418247,0.8706896551724138
Cleveland,platt,True,ood_test,marginal,0.1,class0_coverage,10,0.8835365853658537,0.2517610982753268,0.17682926829268292,0.9375,0.9725609756097561,0.9908536585365854,1.0
Cleveland,platt,True,ood_test,marginal,0.1,class1_coverage,10,0.7151079136690648,0.1532972566021907,0.4172661870503597,0.6708633093525179,0.7338129496402878,0.7697841726618705,0.9640287769784173
Cleveland,platt,True,ood_test,marginal,0.1,class0_avg_set_size,10,1.1865853658536587,0.15686527843774387,1.024390243902439,1.0807926829268293,1.1585365853658536,1.1935975609756098,1.524390243902439
Cleveland,platt,True,ood_test,marginal,0.1,class1_avg_set_size,10,1.3517985611510792,0.20079404622130598,1.0503597122302157,1.1960431654676258,1.3309352517985613,1.4982014388489209,1.6474820143884892
Cleveland,platt,True,ood_test,marginal,0.1,class0_singleton_accuracy,10,0.8562972749531996,0.2737960549965982,0.11764705882352941,0.9176980198019802,0.9699000353857041,0.988763887330266,1.0
Cleveland,platt,True,ood_test,marginal,0.1,class1_singleton_accuracy,10,0.5034670877066286,0.29881747216472443,0.061224489795918366,0.29464285714285715,0.5335917312661499,0.7186242960579243,0.9568965517241379
Cleveland,platt,True,ood_test,marginal,0.1,empty_rate,10,0.0,0.0,0.0,0.0,0.0,0.0,0.0
Cleveland,platt,True,ood_test,marginal,0.2,coverage,10,0.7052805280528054,0.11422140856936504,0.429042904290429,0.6641914191419143,0.7508250825082509,0.7722772277227723,0.8118811881188119
Cleveland,platt,True,ood_test,marginal,0.2,avg_set_size,10,1.0359735973597357,0.06916621823773077,0.900990099009901,1.0066006600660065,1.0297029702970297,1.056105610561056,1.1485148514851484
Cleveland,platt,True,ood_test,marginal,0.2,singleton_rate,10,0.942904290429043,0.05098745844015397,0.8514851485148515,0.9117161716171618,0.9554455445544554,0.981023102310231,0.9966996699669967
Cleveland,platt,True,ood_test,marginal,0.2,singleton_accuracy,10,0.6988076470152833,0.11030013491045261,0.4271523178807947,0.6872555117838136,0.7214045644278202,0.7724591703506883,0.8067796610169492
Cleveland,platt,True,ood_test,marginal,0.2,class0_coverage,10,0.8304878048780487,0.25567457648492203,0.15853658536585366,0.8719512195121951,0.9420731707317073,0.9542682926829268,0.9817073170731707
Cleveland,platt,True,ood_test,marginal,0.2,class1_coverage,10,0.5575539568345323,0.20823993386244416,0.2014388489208633,0.45683453237410077,0.5755395683453237,0.6906474820143884,0.8848920863309353
Cleveland,platt,True,ood_test,marginal,0.2,class0_avg_set_size,10,1.0280487804878047,0.0454667119080665,0.975609756097561,1.0060975609756098,1.0152439024390243,1.0335365853658538,1.1219512195121952
Cleveland,platt,True,ood_test,marginal,0.2,class1_avg_set_size,10,1.0453237410071943,0.11476016616442217,0.8129496402877698,1.0035971223021583,1.0323741007194245,1.0737410071942446,1.2446043165467626
Cleveland,platt,True,ood_test,marginal,0.2,class0_singleton_accuracy,10,0.827601412631316,0.26211439977360734,0.15337423312883436,0.8574663561076604,0.9406547898109079,0.9630481708702567,1.0
Cleveland,platt,True,ood_test,marginal,0.2,class1_singleton_accuracy,10,0.5236003964091842,0.22713954488730126,0.2265625,0.3152266728768825,0.5439343181942995,0.6761608623548923,0.8832116788321168
Cleveland,platt,True,ood_test,marginal,0.2,empty_rate,10,0.010561056105610561,0.031146910220790122,0.0,0.0,0.0,0.0,0.09900990099009901
Cleveland,raw,False,id_test,label_conditional,0.05,coverage,10,0.9720430107526882,0.02876330128708083,0.9139784946236559,0.9516129032258065,0.978494623655914,0.9973118279569892,1.0
Cleveland,raw,False,id_test,label_conditional,0.05,avg_set_size,10,1.6483870967741932,0.19282021525411894,1.3225806451612903,1.5080645161290323,1.7419354838709677,1.7688172043010753,1.8709677419354838
Cleveland,raw,False,id_test,label_conditional,0.05,singleton_rate,10,0.3516129032258064,0.19282021525411897,0.12903225806451613,0.23118279569892472,0.25806451612903225,0.49193548387096775,0.6774193548387096
Cleveland,raw,False,id_test,label_conditional,0.05,singleton_accuracy,10,0.9375654775653389,0.046373266399477836,0.873015873015873,0.9132308845577211,0.9183333333333333,0.9852941176470589,1.0
Cleveland,raw,False,id_test,label_conditional,0.05,class0_coverage,10,0.9722222222222221,0.037037037037037056,0.8888888888888888,0.9513888888888888,0.9861111111111112,1.0,1.0
Cleveland,raw,False,id_test,label_conditional,0.05,class1_coverage,10,0.9719298245614034,0.027677566236723346,0.9298245614035088,0.9517543859649122,0.9824561403508771,0.9956140350877193,1.0
Cleveland,raw,False,id_test,label_conditional,0.05,class0_avg_set_size,10,1.5138888888888888,0.19389251473492528,1.2777777777777777,1.3402777777777777,1.4722222222222223,1.715277777777778,1.75
Cleveland,raw,False,id_test,label_conditional,0.05,class1_avg_set_size,10,1.7333333333333332,0.21578868127717074,1.3333333333333333,1.6271929824561404,1.780701754385965,1.8903508771929824,1.9824561403508771
Cleveland,raw,False,id_test,label_conditional,0.05,class0_singleton_accuracy,10,0.9571983805668015,0.05522353216759806,0.84,0.9291497975708503,0.9807692307692308,1.0,1.0
Cleveland,raw,False,id_test,label_conditional,0.05,class1_singleton_accuracy,10,0.8755049989103194,0.14803050724681027,0.5,0.8392857142857143,0.9004934210526316,0.984375,1.0
Cleveland,raw,False,id_test,label_conditional,0.05,empty_rate,10,0.0,0.0,0.0,0.0,0.0,0.0,0.0
Cleveland,raw,False,id_test,label_conditional,0.1,coverage,10,0.9365591397849464,0.04820755219668795,0.8494623655913979,0.9032258064516129,0.9623655913978495,0.967741935483871,0.989247311827957
Cleveland,raw,False,id_test,label_conditional,0.1,avg_set_size,10,1.4344086021505376,0.19626397085187214,1.10752688172043,1.3091397849462365,1.478494623655914,1.5913978494623655,1.6774193548387097
Cleveland,raw,False,id_test,label_conditional,0.1,singleton_rate,10,0.5655913978494624,0.19626397085187217,0.3225806451612903,0.4086021505376344,0.521505376344086,0.6908602150537635,0.8924731182795699
Cleveland,raw,False,id_test,label_conditional,0.1,singleton_accuracy,10,0.8978847535933472,0.04639807522612555,0.8313253012048193,0.8593366093366094,0.8991525423728814,0.9242886178861789,0.9767441860465116
Cleveland,raw,False,id_test,label_conditional,0.1,class0_coverage,10,0.95,0.04684855792842043,0.8611111111111112,0.9444444444444444,0.9444444444444444,0.9930555555555556,1.0
Cleveland,raw,False,id_test,label_conditional,0.1,class1_coverage,10,0.9280701754385964,0.05874210060279618,0.8245614035087719,0.9035087719298246,0.9385964912280702,0.9736842105263157,1.0
Cleveland,raw,False,id_test,label_conditional,0.1,class0_avg_set_size,10,1.3333333333333335,0.16511624537154637,1.0833333333333333,1.1944444444444444,1.3888888888888888,1.4375,1.5555555555555556
Cleveland,raw,False,id_test,label_conditional,0.1,class1_avg_set_size,10,1.4982456140350877,0.2390089314515986,1.105263157894737,1.3771929824561404,1.473684210526316,1.7017543859649122,1.8596491228070176
Cleveland,raw,False,id_test,label_conditional,0.1,class0_singleton_accuracy,10,0.9315149433899433,0.055634331545898676,0.84375,0.9011904761904762,0.9302884615384616,0.9848484848484849,1.0
Cleveland,raw,False,id_test,label_conditional,0.1,class1_singleton_accuracy,10,0.8440198015965279,0.11354173692406208,0.625,0.785427807486631,0.8514492753623188,0.9196969696969697,1.0
Cleveland,raw,False,id_test,label_conditional,0.1,empty_rate,10,0.0,0.0,0.0,0.0,0.0,0.0,0.0
Cleveland,raw,False,id_test,label_conditional,0.2,coverage,10,0.8559139784946236,0.03833617765482705,0.8172043010752689,0.8387096774193549,0.8494623655913979,0.8575268817204301,0.946236559139785
Cleveland,raw,False,id_test,label_conditional,0.2,avg_set_size,10,1.0602150537634407,0.0617070658542146,0.989247311827957,1.0188172043010753,1.0483870967741935,1.086021505376344,1.1935483870967742
Cleveland,raw,False,id_test,label_conditional,0.2,singleton_rate,10,0.9376344086021504,0.05928623119178592,0.8064516129032258,0.9139784946236559,0.9516129032258065,0.9811827956989247,1.0
Cleveland,raw,False,id_test,label_conditional,0.2,singleton_accuracy,10,0.8492302348043216,0.03383852260846026,0.8172043010752689,0.8319288389513109,0.8389328063241107,0.8498787027579162,0.9333333333333333
Cleveland,raw,False,id_test,label_conditional,0.2,class0_coverage,10,0.8694444444444445,0.0586338525888428,0.7777777777777778,0.8333333333333334,0.875,0.9097222222222222,0.9722222222222222
Cleveland,raw,False,id_test,label_conditional,0.2,class1_coverage,10,0.8473684210526315,0.04825890300766727,0.7543859649122807,0.8289473684210527,0.8421052631578947,0.8728070175438596,0.9298245614035088
Cleveland,raw,False,id_test,label_conditional,0.2,class0_avg_set_size,10,1.0555555555555556,0.07746852097537738,0.9722222222222222,1.0069444444444444,1.0416666666666665,1.0763888888888888,1.25
Cleveland,raw,False,id_test,label_conditional,0.2,class1_avg_set_size,10,1.063157894736842,0.05560170443978814,1.0,1.0219298245614037,1.0526315789473684,1.0964912280701755,1.1578947368421053
Cleveland,raw,False,id_test,label_conditional,0.2,class0_singleton_accuracy,10,0.8661295023059727,0.054140480161643086,0.8,0.8259803921568627,0.8658645276292335,0.9054112554112554,0.9629629629629629
Cleveland,raw,False,id_test,label_conditional,0.2,class1_singleton_accuracy,10,0.8386352510871842,0.04564241764702659,0.7543859649122807,0.8120320855614973,0.8406954887218046,0.8639063591893781,0.9166666666666666
Cleveland,raw,False,id_test,label_conditional,0.2,empty_rate,10,0.001075268817204301,0.0034002985593208383,0.0,0.0,0.0,0.0,0.010752688172043012
Cleveland,raw,False,id_test,marginal,0.05,coverage,10,0.9591397849462366,0.03430390283585778,0.8924731182795699,0.9381720430107526,0.967741935483871,0.9865591397849462,1.0
Cleveland,raw,False,id_test,marginal,0.05,avg_set_size,10,1.4698924731182796,0.15989439739035677,1.2043010752688172,1.3790322580645162,1.4408602150537635,1.6021505376344087,1.7204301075268817
Cleveland,raw,False,id_test,marginal,0.05,singleton_rate,10,0.5301075268817204,0.15989439739035674,0.27956989247311825,0.3978494623655914,0.5591397849462365,0.6209677419354839,0.7956989247311828
Cleveland,raw,False,id_test,marginal,0.05,singleton_accuracy,10,0.9331826283208187,0.04389811754448496,0.8648648648648649,0.9018518518518519,0.9445041174364482,0.9611538461538461,1.0
Cleveland,raw,False,id_test,marginal,0.05,class0_coverage,10,0.925,0.06148873228105182,0.8333333333333334,0.8888888888888888,0.9444444444444444,0.9652777777777778,1.0
Cleveland,raw,False,id_test,marginal,0.05,class1_coverage,10,0.9807017543859649,0.0225734024159284,0.9298245614035088,0.9692982456140351,0.9824561403508771,1.0,1.0
Cleveland,raw,False,id_test,marginal,0.05,class0_avg_set_size,10,1.5083333333333333,0.17025459028878867,1.25,1.3680555555555556,1.5277777777777777,1.625,1.75
Cleveland,raw,False,id_test,marginal,0.05,class1_avg_set_size,10,1.4456140350877194,0.16565301685478562,1.1754385964912282,1.3640350877192982,1.412280701754386,1.5570175438596492,1.719298245614035
Cleveland,raw,False,id_test,marginal,0.05,class0_singleton_accuracy,10,0.8726496024577866,0.08457848089862458,0.75,0.8201581027667985,0.8745098039215686,0.91289592760181,1.0
Cleveland,raw,False,id_test,marginal,0.05,class1_singleton_accuracy,10,0.968767779826134,0.031016636784197527,0.9148936170212766,0.9469594594594595,0.9696691176470589,1.0,1.0
Cleveland,raw,False,id_test,marginal,0.05,empty_rate,10,0.0,0.0,0.0,0.0,0.0,0.0,0.0
Cleveland,raw,False,id_test,marginal,0.1,coverage,10,0.9182795698924732,0.04061423791889691,0.8387096774193549,0.9059139784946236,0.9193548387096774,0.946236559139785,0.978494623655914
Cleveland,raw,False,id_test,marginal,0.1,avg_set_size,10,1.2559139784946238,0.1423620540479588,1.043010752688172,1.1586021505376345,1.2365591397849462,1.3387096774193548,1.5268817204301075
Cleveland,raw,False,id_test,marginal,0.1,singleton_rate,10,0.7440860215053764,0.14236205404795882,0.4731182795698925,0.6612903225806451,0.7634408602150538,0.8413978494623656,0.956989247311828
Cleveland,raw,False,id_test,marginal,0.1,singleton_accuracy,10,0.8951897449496433,0.03672990117826115,0.8314606741573034,0.882198703279939,0.8919900394272671,0.9185463659147869,0.9545454545454546
Cleveland,raw,False,id_test,marginal,0.1,class0_coverage,10,0.8694444444444445,0.05715296060004058,0.7777777777777778,0.8333333333333334,0.8888888888888888,0.8888888888888888,0.9722222222222222
Cleveland,raw,False,id_test,marginal,0.1,class1_coverage,10,0.9491228070175438,0.036473604981316195,0.8771929824561403,0.9298245614035088,0.956140350877193,0.9824561403508771,0.9824561403508771
Cleveland,raw,False,id_test,marginal,0.1,class0_avg_set_size,10,1.2916666666666665,0.1465480721420779,1.0555555555555556,1.2083333333333333,1.2638888888888888,1.3888888888888888,1.5555555555555556
Cleveland,raw,False,id_test,marginal,0.1,class1_avg_set_size,10,1.2333333333333334,0.14420867658636424,1.0350877192982457,1.1271929824561404,1.219298245614035,1.3289473684210527,1.5087719298245614
Cleveland,raw,False,id_test,marginal,0.1,class0_singleton_accuracy,10,0.8213285836881171,0.06035308120791221,0.76,0.7694444444444445,0.8047619047619048,0.8580901856763925,0.9375
Cleveland,raw,False,id_test,marginal,0.1,class1_singleton_accuracy,10,0.9382633436232947,0.03610552391042103,0.8727272727272727,0.9102325581395349,0.9476486246672582,0.9702380952380952,0.9761904761904762
Cleveland,raw,False,id_test,marginal,0.1,empty_rate,10,0.0,0.0,0.0,0.0,0.0,0.0,0.0
Cleveland,raw,False,id_test,marginal,0.2,coverage,10,0.864516129032258,0.048407005064183904,0.8064516129032258,0.8225806451612904,0.8602150537634409,0.9005376344086021,0.946236559139785
Cleveland,raw,False,id_test,marginal,0.2,avg_set_size,10,1.0591397849462365,0.08332851568145283,0.9354838709677419,0.9973118279569892,1.0698924731182795,1.1155913978494623,1.1935483870967742
Cleveland,raw,False,id_test,marginal,0.2,singleton_rate,10,0.9172043010752688,0.05668297585067217,0.8064516129032258,0.8844086021505376,0.9193548387096774,0.956989247311828,0.989247311827957
Cleveland,raw,False,id_test,marginal,0.2,singleton_accuracy,10,0.8668866322407087,0.03509197728133411,0.8152173913043478,0.8445807070430255,0.8580007748934522,0.8889127940332759,0.9333333333333333
Cleveland,raw,False,id_test,marginal,0.2,class0_coverage,10,0.8111111111111112,0.06778890821378936,0.7222222222222222,0.7777777777777778,0.8055555555555556,0.8333333333333334,0.9722222222222222
Cleveland,raw,False,id_test,marginal,0.2,class1_coverage,10,0.8982456140350876,0.04878749383535488,0.8245614035087719,0.8771929824561403,0.8859649122807017,0.9298245614035088,0.9824561403508771
Cleveland,raw,False,id_test,marginal,0.2,class0_avg_set_size,10,1.075,0.10959615354759485,0.9166666666666666,0.9930555555555556,1.0694444444444444,1.152777777777778,1.25
Cleveland,raw,False,id_test,marginal,0.2,class1_avg_set_size,10,1.049122807017544,0.07570784717044335,0.9473684210526315,1.0,1.0350877192982457,1.1008771929824563,1.1578947368421053
Cleveland,raw,False,id_test,marginal,0.2,class0_singleton_accuracy,10,0.8094817036880931,0.06135996805686362,0.7586206896551724,0.7663865546218487,0.793939393939394,0.8207720588235294,0.9629629629629629
Cleveland,raw,False,id_test,marginal,0.2,class1_singleton_accuracy,10,0.9010321628549182,0.04235128650337576,0.8421052631578947,0.8720760233918128,0.900974025974026,0.9236111111111112,0.9807692307692307
Cleveland,raw,False,id_test,marginal,0.2,empty_rate,10,0.011827956989247313,0.022922260867841552,0.0,0.0,0.0,0.008064516129032258,0.06451612903225806
Cleveland,raw,False,ood_test,label_conditional,0.05,coverage,10,0.8788778877887788,0.12555769107908318,0.6204620462046204,0.8127062706270627,0.9389438943894389,0.966996699669967,0.9867986798679867
Cleveland,raw,False,ood_test,label_conditional,0.05,avg_set_size,10,1.5485148514851486,0.23627945538689513,1.1584158415841583,1.3424092409240924,1.6452145214521452,1.7013201320132012,1.9075907590759076
Cleveland,raw,False,ood_test,label_conditional,0.05,singleton_rate,10,0.45148514851485144,0.23627945538689513,0.0924092409240924,0.2986798679867987,0.3547854785478548,0.6575907590759076,0.8415841584158416
Cleveland,raw,False,ood_test,label_conditional,0.05,singleton_accuracy,10,0.7686224098922055,0.16473049052362396,0.4523809523809524,0.6435426093514328,0.8205679862306368,0.8955658827154154,0.9534883720930233
Cleveland,raw,False,ood_test,label_conditional,0.05,class0_coverage,10,0.9262195121951219,0.16943102109759156,0.4451219512195122,0.9664634146341463,0.9817073170731707,0.9878048780487805,0.9939024390243902
Cleveland,raw,False,ood_test,label_conditional,0.05,class1_coverage,10,0.823021582733813,0.1800063321529462,0.460431654676259,0.7464028776978417,0.8992805755395683,0.9406474820143885,0.9856115107913669
Cleveland,raw,False,ood_test,label_conditional,0.05,class0_avg_set_size,10,1.501219512195122,0.24570472324557258,1.048780487804878,1.3460365853658538,1.5426829268292683,1.6280487804878048,1.9024390243902438
Cleveland,raw,False,ood_test,label_conditional,0.05,class1_avg_set_size,10,1.6043165467625897,0.24792034500374266,1.2446043165467626,1.3866906474820144,1.6798561151079137,1.7805755395683454,1.9136690647482015
Cleveland,raw,False,ood_test,label_conditional,0.05,class0_singleton_accuracy,10,0.8638449769732386,0.2612871731365277,0.13333333333333333,0.9408524904214559,0.9560386473429952,0.9672131147540983,0.9876543209876543
Cleveland,raw,False,ood_test,label_conditional,0.05,class1_singleton_accuracy,10,0.5730255847940084,0.2963807280465581,0.09302325581395349,0.3713924963924964,0.704954954954955,0.7660714285714286,0.9512195121951219
Cleveland,raw,False,ood_test,label_conditional,0.05,empty_rate,10,0.0,0.0,0.0,0.0,0.0,0.0,0.0
Cleveland,raw,False,ood_test,label_conditional,0.1,coverage,10,0.8287128712871287,0.12229987858738002,0.5577557755775577,0.7838283828382839,0.8646864686468647,0.9158415841584159,0.9504950495049505
Cleveland,raw,False,ood_test,label_conditional,0.1,avg_set_size,10,1.3762376237623761,0.19730343468825243,1.0891089108910892,1.2004950495049505,1.400990099009901,1.5206270627062706,1.6501650165016502
Cleveland,raw,False,ood_test,label_conditional,0.1,singleton_rate,10,0.6237623762376237,0.19730343468825245,0.34983498349834985,0.4793729372937294,0.599009900990099,0.7995049504950495,0.9108910891089109
Cleveland,raw,False,ood_test,label_conditional,0.1,singleton_accuracy,10,0.7340235071125152,0.14159162741502326,0.4596774193548387,0.6323550724637681,0.7562013458239873,0.8454290021929824,0.9013157894736842
Cleveland,raw,False,ood_test,label_conditional,0.1,class0_coverage,10,0.9030487804878049,0.18841035856963775,0.3719512195121951,0.948170731707317,0.9695121951219512,0.9801829268292683,0.9817073170731707
Cleveland,raw,False,ood_test,label_conditional,0.1,class1_coverage,10,0.7410071942446044,0.16916251403883356,0.39568345323741005,0.6960431654676259,0.7697841726618706,0.8471223021582734,0.9280575539568345
Cleveland,raw,False,ood_test,label_conditional,0.1,class0_avg_set_size,10,1.3310975609756095,0.18292795844276602,1.024390243902439,1.2271341463414633,1.3628048780487805,1.4496951219512195,1.5731707317073171
Cleveland,raw,False,ood_test,label_conditional,0.1,class1_avg_set_size,10,1.429496402877698,0.24278843530018396,1.129496402877698,1.224820143884892,1.4100719424460433,1.6258992805755397,1.7625899280575539
Cleveland,raw,False,ood_test,label_conditional,0.1,class0_singleton_accuracy,10,0.8633185487006715,0.2419325213312424,0.1889763779527559,0.9311224489795918,0.9448249619482496,0.9689916237113402,0.9716981132075472
Cleveland,raw,False,ood_test,label_conditional,0.1,class1_singleton_accuracy,10,0.5009995808681877,0.2859323078261971,0.13725490196078433,0.22215909090909092,0.5457924707371085,0.7232358550540369,0.9038461538461539
Cleveland,raw,False,ood_test,label_conditional,0.1,empty_rate,10,0.0,0.0,0.0,0.0,0.0,0.0,0.0
Cleveland,raw,False,ood_test,label_conditional,0.2,coverage,10,0.7204620462046204,0.13406049106030649,0.4521452145214521,0.6435643564356435,0.7376237623762376,0.8283828382838284,0.8778877887788779
Cleveland,raw,False,ood_test,label_conditional,0.2,avg_set_size,10,1.057095709570957,0.061959735016884857,0.9900990099009901,1.023102310231023,1.0429042904290429,1.0775577557755776,1.2046204620462047
Cleveland,raw,False,ood_test,label_conditional,0.2,singleton_rate,10,0.940924092409241,0.059861553983295526,0.7953795379537953,0.9224422442244224,0.9570957095709571,0.976897689768977,1.0
Cleveland,raw,False,ood_test,label_conditional,0.2,singleton_accuracy,10,0.7083265723403231,0.1281777554597973,0.45666666666666667,0.6190809063839059,0.7269301644301644,0.814843366093366,0.8464730290456431
Cleveland,raw,False,ood_test,label_conditional,0.2,class0_coverage,10,0.8170731707317073,0.21994462074664692,0.21341463414634146,0.833841463414634,0.8810975609756098,0.913109756097561,0.9634146341463414
Cleveland,raw,False,ood_test,label_conditional,0.2,class1_coverage,10,0.6064748201438849,0.21149529299325076,0.19424460431654678,0.4946043165467626,0.6618705035971223,0.7553956834532374,0.841726618705036
Cleveland,raw,False,ood_test,label_conditional,0.2,class0_avg_set_size,10,1.0475609756097561,0.049269231792278656,0.9817073170731707,1.0106707317073171,1.0426829268292683,1.0746951219512195,1.146341463414634
Cleveland,raw,False,ood_test,label_conditional,0.2,class1_avg_set_size,10,1.0683453237410072,0.08329666394704272,1.0,1.0215827338129497,1.0467625899280575,1.064748201438849,1.2733812949640289
Cleveland,raw,False,ood_test,label_conditional,0.2,class0_singleton_accuracy,10,0.811280301947218,0.21756871623282656,0.21739130434782608,0.8216900549115315,0.8725590083205977,0.9125381097560976,0.9631901840490797
Cleveland,raw,False,ood_test,label_conditional,0.2,class1_singleton_accuracy,10,0.5828327764695118,0.208536371147511,0.19424460431654678,0.47387770897832815,0.6490641711229946,0.7177593809801148,0.8307692307692308
Cleveland,raw,False,ood_test,label_conditional,0.2,empty_rate,10,0.0009900990099009901,0.0031309679803647322,0.0,0.0,0.0,0.0,0.009900990099009901
Cleveland,raw,False,ood_test,marginal,0.05,coverage,10,0.8679867986798679,0.12646002636300593,0.5511551155115512,0.8275577557755776,0.9174917491749175,0.9513201320132013,0.9735973597359736
Cleveland,raw,False,ood_test,marginal,0.05,avg_set_size,10,1.4719471947194718,0.2017674939558457,1.1782178217821782,1.367161716171617,1.4851485148514851,1.5602310231023102,1.8646864686468647
Cleveland,raw,False,ood_test,marginal,0.05,singleton_rate,10,0.528052805280528,0.2017674939558457,0.1353135313531353,0.4397689768976898,0.5148514851485149,0.6328382838283828,0.8217821782178217
Cleveland,raw,False,ood_test,marginal,0.05,singleton_accuracy,10,0.7687160395077481,0.15411687469019247,0.4426229508196721,0.6661419873040549,0.832375330122728,0.8721788327901113,0.9104477611940298
Cleveland,raw,False,ood_test,marginal,0.05,class0_coverage,10,0.8859756097560976,0.20162048412289926,0.3170731707317073,0.9237804878048781,0.9512195121951219,0.9695121951219512,0.9817073170731707
Cleveland,raw,False,ood_test,marginal,0.05,class1_coverage,10,0.8467625899280575,0.13287406020390036,0.6330935251798561,0.7464028776978417,0.8992805755395683,0.9406474820143885,0.9784172661870504
Cleveland,raw,False,ood_test,marginal,0.05,class0_avg_set_size,10,1.4756097560975612,0.22265144614031143,1.0975609756097562,1.353658536585366,1.4878048780487805,1.600609756097561,1.8902439024390243
Cleveland,raw,False,ood_test,marginal,0.05,class1_avg_set_size,10,1.4676258992805753,0.2068753652392297,1.1510791366906474,1.3129496402877696,1.4820143884892087,1.5629496402877698,1.8345323741007193
Cleveland,raw,False,ood_test,marginal,0.05,class0_singleton_accuracy,10,0.7941399930940004,0.2553694387809768,0.1111111111111111,0.7596420094936709,0.8808880308880309,0.9217433286516854,0.967032967032967
Cleveland,raw,False,ood_test,marginal,0.05,class1_singleton_accuracy,10,0.7101413652213363,0.24581771185345852,0.22727272727272727,0.5912387750402948,0.7939094803501583,0.868840579710145,0.9690721649484536
Cleveland,raw,False,ood_test,marginal,0.05,empty_rate,10,0.0,0.0,0.0,0.0,0.0,0.0,0.0
Cleveland,raw,False,ood_test,marginal,0.1,coverage,10,0.8072607260726073,0.1314822472556385,0.47854785478547857,0.7912541254125413,0.8333333333333333,0.8910891089108911,0.9405940594059405
Cleveland,raw,False,ood_test,marginal,0.1,avg_set_size,10,1.2864686468646866,0.16820390669636667,1.0792079207920793,1.132838283828383,1.2821782178217822,1.438943894389439,1.504950495049505
Cleveland,raw,False,ood_test,marginal,0.1,singleton_rate,10,0.7135313531353135,0.16820390669636673,0.49504950495049505,0.5610561056105611,0.7178217821782178,0.8671617161716172,0.9207920792079208
Cleveland,raw,False,ood_test,marginal,0.1,singleton_accuracy,10,0.7373027705667216,0.1413513610783034,0.4336917562724014,0.655572061875118,0.7791091954022988,0.8349677228600996,0.8867924528301887
Cleveland,raw,False,ood_test,marginal,0.1,class0_coverage,10,0.8384146341463413,0.22350793456623796,0.21341463414634146,0.8582317073170731,0.9085365853658537,0.9146341463414634,0.9817073170731707
Cleveland,raw,False,ood_test,marginal,0.1,class1_coverage,10,0.7705035971223022,0.14294054611607523,0.5035971223021583,0.7032374100719424,0.7949640287769784,0.8794964028776978,0.9496402877697842
Cleveland,raw,False,ood_test,marginal,0.1,class0_avg_set_size,10,1.2945121951219514,0.1809297033062902,1.0304878048780488,1.138719512195122,1.2896341463414633,1.434451219512195,1.5365853658536586
Cleveland,raw,False,ood_test,marginal,0.1,class1_avg_set_size,10,1.276978417266187,0.17619780663638102,1.0575539568345325,1.1492805755395683,1.2194244604316546,1.4280575539568345,1.5827338129496402
Cleveland,raw,False,ood_test,marginal,0.1,class0_singleton_accuracy,10,0.7807235143200651,0.2426956101065898,0.12837837837837837,0.7707155284906482,0.8467372326494981,0.8950854700854701,0.9702970297029703
Cleveland,raw,False,ood_test,marginal,0.1,class1_singleton_accuracy,10,0.6735954008348111,0.2061060446800153,0.28125,0.5704268292682927,0.7445635290462878,0.7889961111911278,0.9380530973451328
Cleveland,raw,False,ood_test,marginal,0.1,empty_rate,10,0.0,0.0,0.0,0.0,0.0,0.0,0.0
Cleveland,raw,False,ood_test,marginal,0.2,coverage,10,0.7244224422442244,0.12837157273845665,0.429042904290429,0.683993399339934,0.7326732673267327,0.8118811881188118,0.8745874587458746
Cleveland,raw,False,ood_test,marginal,0.2,avg_set_size,10,1.0805280528052805,0.09757175797528912,0.9702970297029703,0.9867986798679869,1.0858085808580857,1.150990099009901,1.2508250825082508
Cleveland,raw,False,ood_test,marginal,0.2,singleton_rate,10,0.9042904290429042,0.08091606401950846,0.7491749174917491,0.849009900990099,0.9141914191419143,0.9727722772277227,0.9933993399339934
Cleveland,raw,False,ood_test,marginal,0.2,singleton_accuracy,10,0.7044112344958086,0.12666460838939123,0.4406779661016949,0.628048585839239,0.7307943379371951,0.7851036728690926,0.8473895582329317
Cleveland,raw,False,ood_test,marginal,0.2,class0_coverage,10,0.7640243902439025,0.23429679137765522,0.14634146341463414,0.7301829268292683,0.8384146341463414,0.8902439024390244,0.9512195121951219
Cleveland,raw,False,ood_test,marginal,0.2,class1_coverage,10,0.6776978417266187,0.1464126484247358,0.39568345323741005,0.5881294964028776,0.6942446043165468,0.7787769784172662,0.8920863309352518
Cleveland,raw,False,ood_test,marginal,0.2,class0_avg_set_size,10,1.0902439024390245,0.11109541167427071,0.9634146341463414,0.9923780487804879,1.0945121951219514,1.1356707317073171,1.2621951219512195
Cleveland,raw,False,ood_test,marginal,0.2,class1_avg_set_size,10,1.0690647482014388,0.09605506532230935,0.9712230215827338,0.9910071942446043,1.0611510791366907,1.089928057553957,1.2374100719424461
Cleveland,raw,False,ood_test,marginal,0.2,class0_singleton_accuracy,10,0.7461585127087292,0.23179121686187681,0.1518987341772152,0.6914067513797972,0.7974919651056014,0.8827914110429448,0.9444444444444444
Cleveland,raw,False,ood_test,marginal,0.2,class1_singleton_accuracy,10,0.6514480182678664,0.168909575864631,0.3333333333333333,0.5795893719806764,0.689405684754522,0.7606336805555556,0.8863636363636364
Cleveland,raw,False,ood_test,marginal,0.2,empty_rate,10,0.007590759075907591,0.012451184877378138,0.0,0.0,0.0,0.01485148514851485,0.0297029702970297
Cleveland,raw,True,id_test,label_conditional,0.05,coverage,10,0.967741935483871,0.03655211120855044,0.9032258064516129,0.9489247311827957,0.978494623655914,1.0,1.0
Cleveland,raw,True,id_test,label_conditional,0.05,avg_set_size,10,1.578494623655914,0.18062524780723388,1.2150537634408602,1.4731182795698925,1.60752688172043,1.696236559139785,1.8279569892473118
Cleveland,raw,True,id_test,label_conditional,0.05,singleton_rate,10,0.421505376344086,0.18062524780723388,0.17204301075268819,0.30376344086021506,0.3924731182795699,0.5268817204301075,0.7849462365591398
Cleveland,raw,True,id_test,label_conditional,0.05,singleton_accuracy,10,0.9401216303495836,0.05855752223161473,0.8333333333333334,0.9032147742818057,0.9342672413793103,1.0,1.0
Cleveland,raw,True,id_test,label_conditional,0.05,class0_coverage,10,0.9694444444444444,0.044309207829649616,0.8611111111111112,0.9513888888888888,0.9861111111111112,1.0,1.0
Cleveland,raw,True,id_test,label_conditional,0.05,class1_coverage,10,0.9666666666666666,0.04004887407781038,0.8771929824561403,0.9517543859649122,0.9736842105263157,1.0,1.0
Cleveland,raw,True,id_test,label_conditional,0.05,class0_avg_set_size,10,1.4305555555555556,0.17580405135229188,1.1666666666666667,1.3125,1.4444444444444446,1.5763888888888888,1.6388888888888888
Cleveland,raw,True,id_test,label_conditional,0.05,class1_avg_set_size,10,1.6719298245614034,0.21327798861458247,1.2280701754385965,1.5526315789473684,1.7017543859649122,1.7850877192982457,2.0
Cleveland,raw,True,id_test,label_conditional,0.05,class0_singleton_accuracy,10,0.9584954627949184,0.05603493152353029,0.8275862068965517,0.9368421052631579,0.98,1.0,1.0
Cleveland,raw,True,id_test,label_conditional,0.05,class1_singleton_accuracy,9,0.8949021251652831,0.10809386334836431,0.7083333333333334,0.8461538461538461,0.9230769230769231,1.0,1.0
Cleveland,raw,True,id_test,label_conditional,0.05,empty_rate,10,0.0,0.0,0.0,0.0,0.0,0.0,0.0
Cleveland,raw,True,id_test,label_conditional,0.1,coverage,10,0.9419354838709678,0.03965395465502319,0.8709677419354839,0.9247311827956989,0.9623655913978495,0.967741935483871,0.978494623655914
Cleveland,raw,True,id_test,label_conditional,0.1,avg_set_size,10,1.4118279569892473,0.1561548010370586,1.10752688172043,1.336021505376344,1.4086021505376345,1.5241935483870968,1.6344086021505377
Cleveland,raw,True,id_test,label_conditional,0.1,singleton_rate,10,0.5881720430107527,0.15615480103705853,0.3655913978494624,0.4758064516129032,0.5913978494623655,0.6639784946236559,0.8924731182795699
Cleveland,raw,True,id_test,label_conditional,0.1,singleton_accuracy,10,0.9080349150061139,0.04566812120865413,0.8064516129032258,0.8874192747143567,0.9276162790697675,0.9364583333333334,0.96
Cleveland,raw,True,id_test,label_conditional,0.1,class0_coverage,10,0.9527777777777777,0.05863385258884283,0.8055555555555556,0.9444444444444444,0.9722222222222222,0.9930555555555556,1.0
Cleveland,raw,True,id_test,label_conditional,0.1,class1_coverage,10,0.9350877192982457,0.046083949251100674,0.8245614035087719,0.9298245614035088,0.9473684210526315,0.9649122807017544,0.9824561403508771
Cleveland,raw,True,id_test,label_conditional,0.1,class0_avg_set_size,10,1.2583333333333335,0.11715798953990098,1.0833333333333333,1.1805555555555556,1.25,1.3680555555555556,1.4166666666666667
Cleveland,raw,True,id_test,label_conditional,0.1,class1_avg_set_size,10,1.5087719298245614,0.20492883588228342,1.1228070175438596,1.4298245614035088,1.4912280701754386,1.644736842105263,1.8421052631578947
Cleveland,raw,True,id_test,label_conditional,0.1,class0_singleton_accuracy,10,0.942617243867244,0.06471376190945602,0.7878787878787878,0.9288194444444444,0.9576719576719577,0.9916666666666667,1.0
Cleveland,raw,True,id_test,label_conditional,0.1,class1_singleton_accuracy,10,0.860005449637453,0.08818408539971936,0.6666666666666666,0.8131720430107526,0.9019138755980861,0.9244444444444444,0.9375
Cleveland,raw,True,id_test,label_conditional,0.1,empty_rate,10,0.0,0.0,0.0,0.0,0.0,0.0,0.0
Cleveland,raw,True,id_test,label_conditional,0.2,coverage,10,0.843010752688172,0.04277113660265603,0.7741935483870968,0.8279569892473119,0.8333333333333334,0.8467741935483871,0.9247311827956989
Cleveland,raw,True,id_test,label_conditional,0.2,avg_set_size,10,1.0451612903225806,0.05548035145774722,0.967741935483871,1.0026881720430108,1.0376344086021505,1.096774193548387,1.1290322580645162
Cleveland,raw,True,id_test,label_conditional,0.2,singleton_rate,10,0.946236559139785,0.046179565328763904,0.8709677419354839,0.9032258064516129,0.9623655913978495,0.9838709677419355,1.0
Cleveland,raw,True,id_test,label_conditional,0.2,singleton_accuracy,10,0.8395810205718259,0.03663227736571206,0.8,0.8200133868808568,0.8270219728845255,0.846543722520762,0.9135802469135802
Cleveland,raw,True,id_test,label_conditional,0.2,class0_coverage,10,0.8583333333333334,0.04977659279894669,0.8055555555555556,0.8125,0.8472222222222223,0.8888888888888888,0.9444444444444444
Cleveland,raw,True,id_test,label_conditional,0.2,class1_coverage,10,0.8333333333333334,0.07029716538111876,0.7017543859649122,0.793859649122807,0.8421052631578947,0.8596491228070176,0.9473684210526315
Cleveland,raw,True,id_test,label_conditional,0.2,class0_avg_set_size,10,1.0416666666666665,0.06835566231589538,0.9722222222222222,1.0,1.0138888888888888,1.0694444444444444,1.1944444444444444
Cleveland,raw,True,id_test,label_conditional,0.2,class1_avg_set_size,10,1.0473684210526317,0.054263207998418946,0.9649122807017544,1.0043859649122808,1.0526315789473684,1.087719298245614,1.1228070175438596
Cleveland,raw,True,id_test,label_conditional,0.2,class0_singleton_accuracy,10,0.8557549634273773,0.05042708218903262,0.8055555555555556,0.8087121212121212,0.8428571428571429,0.9044642857142857,0.9310344827586207
Cleveland,raw,True,id_test,label_conditional,0.2,class1_singleton_accuracy,10,0.8294810967040069,0.06700371143193184,0.7272727272727273,0.773001508295626,0.8377192982456141,0.869212962962963,0.94
Cleveland,raw,True,id_test,label_conditional,0.2,empty_rate,10,0.004301075268817204,0.010388083689024687,0.0,0.0,0.0,0.0,0.03225806451612903
Cleveland,raw,True,id_test,marginal,0.05,coverage,10,0.9602150537634409,0.033642150624393755,0.8924731182795699,0.9408602150537634,0.967741935483871,0.9865591397849462,1.0
Cleveland,raw,True,id_test,marginal,0.05,avg_set_size,10,1.4129032258064518,0.14866560879762009,1.1397849462365592,1.3387096774193548,1.424731182795699,1.5161290322580645,1.6129032258064515
Cleveland,raw,True,id_test,marginal,0.05,singleton_rate,10,0.5870967741935483,0.1486656087976201,0.3870967741935484,0.48387096774193544,0.575268817204301,0.6612903225806451,0.8602150537634409
Cleveland,raw,True,id_test,marginal,0.05,singleton_accuracy,10,0.9399851573217068,0.03981042173958741,0.875,0.9053921568627451,0.949020737327189,0.9693627450980392,1.0
Cleveland,raw,True,id_test,marginal,0.05,class0_coverage,10,0.9138888888888888,0.0634107172898664,0.8055555555555556,0.875,0.9166666666666666,0.9652777777777778,1.0
Cleveland,raw,True,id_test,marginal,0.05,class1_coverage,10,0.9894736842105264,0.016948978650513986,0.9473684210526315,0.9824561403508771,1.0,1.0,1.0
Cleveland,raw,True,id_test,marginal,0.05,class0_avg_set_size,10,1.4333333333333331,0.13870358008202968,1.1944444444444444,1.3680555555555556,1.4305555555555556,1.5138888888888888,1.6388888888888888
Cleveland,raw,True,id_test,marginal,0.05,class1_avg_set_size,10,1.4,0.15882334687034338,1.105263157894737,1.3114035087719298,1.4035087719298245,1.526315789473684,1.6140350877192982
Cleveland,raw,True,id_test,marginal,0.05,class0_singleton_accuracy,10,0.8624992990123583,0.07793595227078423,0.7586206896551724,0.7974828375286042,0.8603896103896104,0.9173076923076924,1.0
Cleveland,raw,True,id_test,marginal,0.05,class1_singleton_accuracy,10,0.9857560296274386,0.020585067069716984,0.9411764705882353,0.9739157762413577,1.0,1.0,1.0
Cleveland,raw,True,id_test,marginal,0.05,empty_rate,10,0.0,0.0,0.0,0.0,0.0,0.0,0.0
Cleveland,raw,True,id_test,marginal,0.1,coverage,10,0.9204301075268818,0.03292812638811716,0.8709677419354839,0.8897849462365591,0.9247311827956989,0.946236559139785,0.956989247311828
Cleveland,raw,True,id_test,marginal,0.1,avg_set_size,10,1.217204301075269,0.09233130745139635,1.096774193548387,1.1263440860215053,1.2204301075268817,1.2956989247311828,1.3333333333333333
Cleveland,raw,True,id_test,marginal,0.1,singleton_rate,10,0.7827956989247312,0.09233130745139635,0.6666666666666666,0.7043010752688172,0.7795698924731183,0.8736559139784946,0.9032258064516129
Cleveland,raw,True,id_test,marginal,0.1,singleton_accuracy,10,0.901363803881905,0.03012614018805536,0.8554216867469879,0.8751190476190476,0.9012145748987854,0.9277718550106611,0.9365079365079365
Cleveland,raw,True,id_test,marginal,0.1,class0_coverage,10,0.8694444444444445,0.05715296060004058,0.8055555555555556,0.8125,0.875,0.9097222222222222,0.9722222222222222
Cleveland,raw,True,id_test,marginal,0.1,class1_coverage,10,0.9526315789473683,0.03513641844631533,0.8771929824561403,0.9342105263157895,0.956140350877193,0.9780701754385964,1.0
Cleveland,raw,True,id_test,marginal,0.1,class0_avg_set_size,10,1.2361111111111112,0.1135911495035676,1.0833333333333333,1.1388888888888888,1.25,1.3472222222222223,1.3611111111111112
Cleveland,raw,True,id_test,marginal,0.1,class1_avg_set_size,10,1.2052631578947368,0.08556816589921251,1.087719298245614,1.1359649122807016,1.219298245614035,1.280701754385965,1.3157894736842106
Cleveland,raw,True,id_test,marginal,0.1,class0_singleton_accuracy,10,0.8339921045708817,0.058866452470309805,0.7741935483870968,0.7842133620689655,0.8260869565217391,0.8721212121212121,0.9565217391304348
Cleveland,raw,True,id_test,marginal,0.1,class1_singleton_accuracy,10,0.9421778587842418,0.03994665851876755,0.86,0.9230769230769231,0.9402777777777778,0.972316247582205,1.0
Cleveland,raw,True,id_test,marginal,0.1,empty_rate,10,0.0,0.0,0.0,0.0,0.0,0.0,0.0
Cleveland,raw,True,id_test,marginal,0.2,coverage,10,0.853763440860215,0.03833617765482707,0.7849462365591398,0.8333333333333334,0.8602150537634409,0.8790322580645161,0.9139784946236559
Cleveland,raw,True,id_test,marginal,0.2,avg_set_size,10,1.0139784946236559,0.04915754602435465,0.9247311827956989,1.0,1.010752688172043,1.0376344086021505,1.10752688172043
Cleveland,raw,True,id_test,marginal,0.2,singleton_rate,10,0.964516129032258,0.035136418446315335,0.8924731182795699,0.9489247311827957,0.9731182795698925,0.989247311827957,1.0
Cleveland,raw,True,id_test,marginal,0.2,singleton_accuracy,10,0.8598926596855897,0.02299198361389152,0.8279569892473119,0.846824686940966,0.8563141182217879,0.873991935483871,0.9036144578313253
Cleveland,raw,True,id_test,marginal,0.2,class0_coverage,10,0.7944444444444445,0.05737753105492469,0.6944444444444444,0.7777777777777778,0.7916666666666667,0.8055555555555556,0.9166666666666666
Cleveland,raw,True,id_test,marginal,0.2,class1_coverage,10,0.8912280701754385,0.048081414716010434,0.7894736842105263,0.8771929824561403,0.9035087719298245,0.9122807017543859,0.9473684210526315
Cleveland,raw,True,id_test,marginal,0.2,class0_avg_set_size,10,1.0222222222222221,0.07267191433462442,0.9166666666666666,1.0,1.0138888888888888,1.0277777777777777,1.1666666666666667
Cleveland,raw,True,id_test,marginal,0.2,class1_avg_set_size,10,1.0087719298245614,0.0381239906736997,0.9298245614035088,1.0,1.0087719298245614,1.0175438596491229,1.0701754385964912
Cleveland,raw,True,id_test,marginal,0.2,class0_singleton_accuracy,10,0.8000247220100162,0.0481759011772712,0.7352941176470589,0.7714285714285715,0.8027777777777778,0.8107638888888888,0.9
Cleveland,raw,True,id_test,marginal,0.2,class1_singleton_accuracy,10,0.8970395065231213,0.03539564611314693,0.8421052631578947,0.8794642857142857,0.8992587601078168,0.9098875661375662,0.9473684210526315
Cleveland,raw,True,id_test,marginal,0.2,empty_rate,10,0.010752688172043012,0.024832269642564547,0.0,0.0,0.0,0.0,0.07526881720430108
Cleveland,raw,True,ood_test,label_conditional,0.05,coverage,10,0.8356435643564357,0.13895221247030543,0.5247524752475248,0.7722772277227723,0.8795379537953796,0.9257425742574257,0.966996699669967
Cleveland,raw,True,ood_test,label_conditional,0.05,avg_set_size,10,1.4198019801980197,0.16486094611677923,1.2046204620462047,1.254950495049505,1.4455445544554455,1.5437293729372936,1.6633663366336633
Cleveland,raw,True,ood_test,label_conditional,0.05,singleton_rate,10,0.5801980198019802,0.16486094611677923,0.33663366336633666,0.45627062706270627,0.5544554455445545,0.745049504950495,0.7953795379537953
Cleveland,raw,True,ood_test,label_conditional,0.05,singleton_accuracy,10,0.7483550731205362,0.1532890939472983,0.4024896265560166,0.6896724934699618,0.7734821428571428,0.8581309994353472,0.9097744360902256
Cleveland,raw,True,ood_test,label_conditional,0.05,class0_coverage,10,0.9243902439024391,0.214065982416203,0.3170731707317073,0.9893292682926829,1.0,1.0,1.0
Cleveland,raw,True,ood_test,label_conditional,0.05,class1_coverage,10,0.7309352517985611,0.1975239072104549,0.3597122302158273,0.6996402877697842,0.7697841726618705,0.8507194244604317,0.9784172661870504
Cleveland,raw,True,ood_test,label_conditional,0.05,class0_avg_set_size,10,1.2743902439024388,0.19202746047043381,1.0304878048780488,1.1371951219512195,1.2225609756097562,1.4039634146341462,1.6585365853658536
Cleveland,raw,True,ood_test,label_conditional,0.05,class1_avg_set_size,10,1.5913669064748202,0.22279713313072488,1.2014388489208634,1.4406474820143884,1.6510791366906474,1.7482014388489209,1.9136690647482015
Cleveland,raw,True,ood_test,label_conditional,0.05,class0_singleton_accuracy,10,0.895189010989011,0.27051536118205444,0.13846153846153847,0.9846071428571428,1.0,1.0,1.0
Cleveland,raw,True,ood_test,label_conditional,0.05,class1_singleton_accuracy,10,0.26384845420559705,0.3618876101538517,0.0,0.002777777777777778,0.07765151515151515,0.516156462585034,0.961038961038961
Cleveland,raw,True,ood_test,label_conditional,0.05,empty_rate,10,0.0,0.0,0.0,0.0,0.0,0.0,0.0
Cleveland,raw,True,ood_test,label_conditional,0.1,coverage,10,0.7811881188118812,0.14106353386020007,0.46864686468646866,0.721947194719472,0.8316831683168316,0.8589108910891089,0.9273927392739274
Cleveland,raw,True,ood_test,label_conditional,0.1,avg_set_size,10,1.2788778877887788,0.13783680425391304,1.099009900990099,1.1476897689768977,1.301980198019802,1.4084158415841586,1.4323432343234324
Cleveland,raw,True,ood_test,label_conditional,0.1,singleton_rate,10,0.721122112211221,0.13783680425391304,0.5676567656765676,0.5915841584158417,0.698019801980198,0.8523102310231023,0.900990099009901
Cleveland,raw,True,ood_test,label_conditional,0.1,singleton_accuracy,10,0.7121226846458675,0.13799861626604906,0.41025641025641024,0.6482204861111112,0.7483532060368548,0.8064110622250157,0.875
Cleveland,raw,True,ood_test,label_conditional,0.1,class0_coverage,10,0.9097560975609756,0.24170418589140621,0.22560975609756098,0.9573170731707317,1.0,1.0,1.0
Cleveland,raw,True,ood_test,label_conditional,0.1,class1_coverage,10,0.6294964028776978,0.21363797624442046,0.20863309352517986,0.6061151079136691,0.6798561151079137,0.7517985611510791,0.920863309352518
Cleveland,raw,True,ood_test,label_conditional,0.1,class0_avg_set_size,10,1.1463414634146338,0.1343309889581976,1.0182926829268293,1.0594512195121952,1.0914634146341464,1.1951219512195121,1.4634146341463414
Cleveland,raw,True,ood_test,label_conditional,0.1,class1_avg_set_size,10,1.435251798561151,0.21468522750182412,1.1223021582733812,1.2517985611510791,1.4424460431654675,1.60431654676259,1.7050359712230216
Cleveland,raw,True,ood_test,label_conditional,0.1,class0_singleton_accuracy,10,0.8967483494223609,0.2624575347961656,0.15894039735099338,0.9537805110602593,1.0,1.0,1.0
Cleveland,raw,True,ood_test,label_conditional,0.1,class1_singleton_accuracy,10,0.28527996676559886,0.34194616357179247,0.0,0.009388335704125178,0.14490968801313628,0.5685590737899289,0.875
Cleveland,raw,True,ood_test,label_conditional,0.1,empty_rate,10,0.0,0.0,0.0,0.0,0.0,0.0,0.0
Cleveland,raw,True,ood_test,label_conditional,0.2,coverage,10,0.6871287128712871,0.13020209809271005,0.4158415841584158,0.613036303630363,0.740924092409241,0.7755775577557755,0.834983498349835
Cleveland,raw,True,ood_test,label_conditional,0.2,avg_set_size,10,1.0386138613861386,0.05577134620490231,0.976897689768977,0.9917491749174918,1.0330033003300332,1.056930693069307,1.141914191419142
Cleveland,raw,True,ood_test,label_conditional,0.2,singleton_rate,10,0.9495049504950496,0.04397826506603879,0.858085808580858,0.943069306930693,0.9636963696369637,0.9826732673267327,0.9834983498349835
Cleveland,raw,True,ood_test,label_conditional,0.2,singleton_accuracy,10,0.6778966328216227,0.1249186764422668,0.42567567567567566,0.6062447390572391,0.7084143551615671,0.7734899328859061,0.8263888888888888
Cleveland,raw,True,ood_test,label_conditional,0.2,class0_coverage,10,0.8792682926829268,0.25158628211175854,0.17682926829268292,0.9405487804878049,0.9695121951219512,0.9801829268292683,1.0
Cleveland,raw,True,ood_test,label_conditional,0.2,class1_coverage,10,0.46043165467625896,0.2485689883904065,0.06474820143884892,0.26798561151079137,0.5107913669064748,0.5953237410071942,0.841726618705036
Cleveland,raw,True,ood_test,label_conditional,0.2,class0_avg_set_size,10,1.017682926829268,0.025781781252726163,0.975609756097561,1.0015243902439024,1.0182926829268293,1.0289634146341464,1.0731707317073171
Cleveland,raw,True,ood_test,label_conditional,0.2,class1_avg_set_size,10,1.0633093525179858,0.10723474146381687,0.9568345323741008,0.987410071942446,1.025179856115108,1.091726618705036,1.2805755395683454
Cleveland,raw,True,ood_test,label_conditional,0.2,class0_singleton_accuracy,10,0.877928111658381,0.25039709365008256,0.18125,0.9394409937888198,0.9685534591194969,0.9798399390243901,1.0
Cleveland,raw,True,ood_test,label_conditional,0.2,class1_singleton_accuracy,10,0.41419199422447883,0.2701406993600169,0.037037037037037035,0.16842105263157894,0.4574626865671642,0.5803354188390686,0.8382352941176471
Cleveland,raw,True,ood_test,label_conditional,0.2,empty_rate,10,0.005940594059405941,0.009690963936433547,0.0,0.0,0.0,0.012376237623762375,0.0231023102310231
Cleveland,raw,True,ood_test,marginal,0.05,coverage,10,0.8531353135313532,0.1423973321283424,0.46864686468646866,0.8646864686468647,0.8927392739273927,0.9125412541254125,0.9702970297029703
Cleveland,raw,True,ood_test,marginal,0.05,avg_set_size,10,1.4062706270627063,0.15970513420338397,1.1023102310231023,1.3143564356435644,1.3877887788778878,1.5024752475247525,1.6435643564356435
Cleveland,raw,True,ood_test,marginal,0.05,singleton_rate,10,0.5937293729372939,0.15970513420338397,0.3564356435643564,0.4975247524752475,0.6122112211221122,0.6856435643564357,0.8976897689768977
Cleveland,raw,True,ood_test,marginal,0.05,singleton_accuracy,10,0.7774039257793709,0.14416240206153033,0.40808823529411764,0.7817998455068235,0.7950854700854701,0.8617748192558632,0.9166666666666666
Cleveland,raw,True,ood_test,marginal,0.05,class0_coverage,10,0.9018292682926828,0.24574927479284037,0.2073170731707317,0.9496951219512195,0.9908536585365854,0.9984756097560976,1.0
Cleveland,raw,True,ood_test,marginal,0.05,class1_coverage,10,0.79568345323741,0.11571582082153588,0.5755395683453237,0.7535971223021583,0.7805755395683454,0.8579136690647482,0.9784172661870504
Cleveland,raw,True,ood_test,marginal,0.05,class0_avg_set_size,10,1.2847560975609755,0.17184235151308738,1.1097560975609757,1.1661585365853657,1.2225609756097562,1.4070121951219512,1.6280487804878048
Cleveland,raw,True,ood_test,marginal,0.05,class1_avg_set_size,10,1.5496402877697841,0.23988487981208093,1.0935251798561152,1.3920863309352518,1.5935251798561152,1.7410071942446044,1.856115107913669
Cleveland,raw,True,ood_test,marginal,0.05,class0_singleton_accuracy,10,0.8739251044304904,0.2778000602146634,0.1095890410958904,0.9311608364275943,0.9871980676328502,0.998015873015873,1.0
Cleveland,raw,True,ood_test,marginal,0.05,class1_singleton_accuracy,10,0.43538338152046585,0.3418396342708143,0.0,0.1484375,0.43186274509803924,0.7073680823680824,0.9659090909090909
Cleveland,raw,True,ood_test,marginal,0.05,empty_rate,10,0.0,0.0,0.0,0.0,0.0,0.0,0.0
Cleveland,raw,True,ood_test,marginal,0.1,coverage,10,0.7996699669966996,0.1308719462757001,0.45874587458745875,0.7755775577557756,0.8382838283828382,0.8787128712871287,0.900990099009901
Cleveland,raw,True,ood_test,marginal,0.1,avg_set_size,10,1.2432343234323433,0.11804595643315174,1.0726072607260726,1.1402640264026402,1.2541254125412542,1.3028052805280528,1.4356435643564356
Cleveland,raw,True,ood_test,marginal,0.1,singleton_rate,10,0.7567656765676568,0.11804595643315179,0.5643564356435643,0.6971947194719472,0.7458745874587459,0.8597359735973598,0.9273927392739274
Cleveland,raw,True,ood_test,marginal,0.1,singleton_accuracy,10,0.7420393053631121,0.13300432081122213,0.41637010676156583,0.7082110480662623,0.7745694022289766,0.8333807651945003,0.8706896551724138
Cleveland,raw,True,ood_test,marginal,0.1,class0_coverage,10,0.8884146341463415,0.24500175699235507,0.20121951219512196,0.9420731707317074,0.975609756097561,0.9908536585365854,1.0
Cleveland,raw,True,ood_test,marginal,0.1,class1_coverage,10,0.6949640287769785,0.15129595039766228,0.43884892086330934,0.6708633093525179,0.6834532374100719,0.7733812949640289,0.920863309352518
Cleveland,raw,True,ood_test,marginal,0.1,class0_avg_set_size,10,1.1646341463414636,0.11626300525264299,1.0304878048780488,1.086890243902439,1.143292682926829,1.1935975609756098,1.3902439024390243
Cleveland,raw,True,ood_test,marginal,0.1,class1_avg_set_size,10,1.3359712230215828,0.18998043266895462,1.064748201438849,1.197841726618705,1.3201438848920863,1.446043165467626,1.6546762589928057
Cleveland,raw,True,ood_test,marginal,0.1,class0_singleton_accuracy,10,0.8686565232705762,0.2674377251389345,0.13245033112582782,0.928490990990991,0.9701378588255825,0.9890037593984963,1.0
Cleveland,raw,True,ood_test,marginal,0.1,class1_singleton_accuracy,10,0.48516394075192154,0.29787251850965846,0.08333333333333333,0.24772727272727274,0.5432436428149023,0.7114010989010989,0.9067796610169492
Cleveland,raw,True,ood_test,marginal,0.1,empty_rate,10,0.0,0.0,0.0,0.0,0.0,0.0,0.0
Cleveland,raw,True,ood_test,marginal,0.2,coverage,10,0.7023102310231023,0.11684804900714726,0.42244224422442245,0.6518151815181518,0.7442244224422443,0.7739273927392739,0.8118811881188119
Cleveland,raw,True,ood_test,marginal,0.2,avg_set_size,10,1.0204620462046203,0.052501878651034055,0.9108910891089109,0.9958745874587459,1.0313531353135315,1.0445544554455446,1.108910891089109
Cleveland,raw,True,ood_test,marginal,0.2,singleton_rate,10,0.9570957095709571,0.034298035793443114,0.8910891089108911,0.9463696369636964,0.9620462046204621,0.981023102310231,0.9966996699669967
Cleveland,raw,True,ood_test,marginal,0.2,singleton_accuracy,10,0.7011133285900979,0.11606928006988816,0.4205298013245033,0.674022274022274,0.7303420089263326,0.7793401190661999,0.8067796610169492
Cleveland,raw,True,ood_test,marginal,0.2,class0_coverage,10,0.8390243902439025,0.25229791953351216,0.16463414634146342,0.8917682926829269,0.948170731707317,0.9557926829268293,0.9817073170731707
Cleveland,raw,True,ood_test,marginal,0.2,class1_coverage,10,0.5410071942446042,0.20129034151212838,0.2517985611510791,0.42805755395683454,0.5575539568345323,0.6960431654676259,0.8561151079136691
Cleveland,raw,True,ood_test,marginal,0.2,class0_avg_set_size,10,1.0103658536585365,0.022642312913225424,0.975609756097561,0.9923780487804879,1.0213414634146343,1.0289634146341464,1.0304878048780488
Cleveland,raw,True,ood_test,marginal,0.2,class1_avg_set_size,10,1.0323741007194245,0.09357128544425261,0.8345323741007195,1.0,1.039568345323741,1.066546762589928,1.20863309352518
Cleveland,raw,True,ood_test,marginal,0.2,class0_singleton_accuracy,10,0.8428007284699678,0.2544751581330326,0.15950920245398773,0.8894195085745538,0.9465408805031447,0.9643518518518518,0.99375
Cleveland,raw,True,ood_test,marginal,0.2,class1_singleton_accuracy,10,0.5162807594748621,0.21666841372988652,0.21804511278195488,0.3227497963616617,0.5402654620489655,0.6832315694255993,0.8623188405797102
Cleveland,raw,True,ood_test,marginal,0.2,empty_rate,10,0.011221122112211221,0.027882960461942156,0.0,0.0,0.0,0.0049504950495049506,0.0891089108910891
Hungary,isotonic,False,id_test,label_conditional,0.05,coverage,10,0.9757894736842105,0.023823502030551506,0.9368421052631579,0.9631578947368421,0.9842105263157894,0.9894736842105263,1.0
Hungary,isotonic,False,id_test,label_conditional,0.05,avg_set_size,10,1.7484210526315789,0.13844762158017204,1.5157894736842106,1.6368421052631579,1.768421052631579,1.8578947368421053,1.9263157894736842
Hungary,isotonic,False,id_test,label_conditional,0.05,singleton_rate,10,0.251578947368421,0.13844762158017207,0.07368421052631578,0.14210526315789473,0.23157894736842105,0.3631578947368421,0.4842105263157895
Hungary,isotonic,False,id_test,label_conditional,0.05,singleton_accuracy,10,0.921746506735065,0.056782775585765624,0.8333333333333334,0.8783643892339544,0.9180602006688963,0.9635964912280702,1.0
Hungary,isotonic,False,id_test,label_conditional,0.05,class0_coverage,10,0.9787878787878789,0.04748549201431578,0.8484848484848485,0.9772727272727273,1.0,1.0,1.0
Hungary,isotonic,False,id_test,label_conditional,0.05,class1_coverage,10,0.9741935483870968,0.031533071609925134,0.9032258064516129,0.9717741935483871,0.9838709677419355,0.9959677419354839,1.0
Hungary,isotonic,False,id_test,label_conditional,0.05,class0_avg_set_size,10,1.6484848484848484,0.15726465014972577,1.3333333333333333,1.6363636363636365,1.6818181818181819,1.7651515151515151,1.8181818181818181
Hungary,isotonic,False,id_test,label_conditional,0.05,class1_avg_set_size,10,1.8016129032258064,0.20781499861687788,1.4193548387096775,1.7258064516129032,1.8306451612903225,1.9798387096774195,2.0
Hungary,isotonic,False,id_test,label_conditional,0.05,class0_singleton_accuracy,10,0.9266233766233766,0.15805460993441306,0.5,0.9318181818181818,1.0,1.0,1.0
Hungary,isotonic,False,id_test,label_conditional,0.05,class1_singleton_accuracy,8,0.6408730158730158,0.4177046783155799,0.0,0.42857142857142855,0.8333333333333333,0.9305555555555556,1.0
Hungary,isotonic,False,id_test,label_conditional,0.05,empty_rate,10,0.0,0.0,0.0,0.0,0.0,0.0,0.0
Hungary,isotonic,False,id_test,label_conditional,0.1,coverage,10,0.9463157894736843,0.024536328051995918,0.9157894736842105,0.9368421052631579,0.9368421052631579,0.9578947368421052,0.9894736842105263
Hungary,isotonic,False,id_test,label_conditional,0.1,avg_set_size,10,1.6010526315789473,0.08896657116499923,1.4526315789473685,1.563157894736842,1.6052631578947367,1.6289473684210525,1.7894736842105263
Hungary,isotonic,False,id_test,label_conditional,0.1,singleton_rate,10,0.3989473684210526,0.08896657116499927,0.21052631578947367,0.37105263157894736,0.39473684210526316,0.43684210526315786,0.5473684210526316
Hungary,isotonic,False,id_test,label_conditional,0.1,singleton_accuracy,10,0.8678165412833605,0.04925976584123461,0.7837837837837838,0.8471153846153846,0.8633540372670807,0.883982683982684,0.9736842105263158
Hungary,isotonic,False,id_test,label_conditional,0.1,class0_coverage,10,0.9666666666666668,0.04833731763234503,0.8484848484848485,0.946969696969697,0.9848484848484849,1.0,1.0
Hungary,isotonic,False,id_test,label_conditional,0.1,class1_coverage,10,0.935483870967742,0.046249060575498005,0.8709677419354839,0.9032258064516129,0.9435483870967742,0.967741935483871,1.0
Hungary,isotonic,False,id_test,label_conditional,0.1,class0_avg_set_size,10,1.4424242424242422,0.1648663091967933,1.3333333333333333,1.3333333333333333,1.3636363636363635,1.446969696969697,1.7878787878787878
Hungary,isotonic,False,id_test,label_conditional,0.1,class1_avg_set_size,10,1.685483870967742,0.16364764790563896,1.4193548387096775,1.5564516129032258,1.7258064516129032,1.7741935483870968,1.967741935483871
Hungary,isotonic,False,id_test,label_conditional,0.1,class0_singleton_accuracy,10,0.9118364092048303,0.15376201544497828,0.5,0.9058441558441559,0.9736842105263157,1.0,1.0
Hungary,isotonic,False,id_test,label_conditional,0.1,class1_singleton_accuracy,10,0.6897619047619048,0.2884419207337455,0.0,0.6035714285714285,0.7555555555555555,0.8392857142857142,1.0
Hungary,isotonic,False,id_test,label_conditional,0.1,empty_rate,10,0.0,0.0,0.0,0.0,0.0,0.0,0.0
Hungary,isotonic,False,id_test,label_conditional,0.2,coverage,10,0.8494736842105264,0.06316764057360051,0.7368421052631579,0.8052631578947369,0.868421052631579,0.8842105263157894,0.9263157894736842
Hungary,isotonic,False,id_test,label_conditional,0.2,avg_set_size,10,1.1978947368421053,0.1898501782500989,0.9789473684210527,1.0236842105263158,1.1842105263157894,1.3157894736842106,1.4947368421052631
Hungary,isotonic,False,id_test,label_conditional,0.2,singleton_rate,10,0.7978947368421052,0.18485601194539109,0.5052631578947369,0.6842105263157895,0.8157894736842105,0.9605263157894737,1.0
Hungary,isotonic,False,id_test,label_conditional,0.2,singleton_accuracy,10,0.8152582629906335,0.05189996370125525,0.7526881720430108,0.7789779681762545,0.8005263157894738,0.8414502164502164,0.9054054054054054
Hungary,isotonic,False,id_test,label_conditional,0.2,class0_coverage,10,0.8424242424242424,0.14553869619658893,0.5454545454545454,0.7575757575757576,0.8636363636363636,0.9696969696969697,1.0
Hungary,isotonic,False,id_test,label_conditional,0.2,class1_coverage,10,0.8532258064516128,0.0897865559059881,0.7096774193548387,0.8104838709677419,0.8548387096774194,0.9274193548387096,0.967741935483871
Hungary,isotonic,False,id_test,label_conditional,0.2,class0_avg_set_size,10,1.1181818181818182,0.10637279690424864,0.9696969696969697,1.0151515151515151,1.1363636363636362,1.2045454545454546,1.2424242424242424
Hungary,isotonic,False,id_test,label_conditional,0.2,class1_avg_set_size,10,1.2403225806451617,0.2432402094934033,0.9838709677419355,1.028225806451613,1.2016129032258065,1.3629032258064517,1.6612903225806452
Hungary,isotonic,False,id_test,label_conditional,0.2,class0_singleton_accuracy,10,0.83389841654761,0.1437712556646549,0.5454545454545454,0.7453124999999999,0.8304843304843305,0.9622222222222222,1.0
Hungary,isotonic,False,id_test,label_conditional,0.2,class1_singleton_accuracy,10,0.7801803972717756,0.15405999378088417,0.5238095238095238,0.6889716840536513,0.8221447253705318,0.8969545264914476,0.967741935483871
Hungary,isotonic,False,id_test,label_conditional,0.2,empty_rate,10,0.002105263157894737,0.00665742665298606,0.0,0.0,0.0,0.0,0.021052631578947368
Hungary,isotonic,False,id_test,marginal,0.05,coverage,10,0.9726315789473684,0.02681399743795479,0.9052631578947369,0.9631578947368421,0.9842105263157894,0.9894736842105263,0.9894736842105263
Hungary,isotonic,False,id_test,marginal,0.05,avg_set_size,10,1.6452631578947368,0.11337732023475162,1.4210526315789473,1.6078947368421053,1.6421052631578947,1.7026315789473685,1.831578947368421
Hungary,isotonic,False,id_test,marginal,0.05,singleton_rate,10,0.35473684210526313,0.11337732023475162,0.16842105263157894,0.29736842105263156,0.35789473684210527,0.39210526315789473,0.5789473684210527
Hungary,isotonic,False,id_test,marginal,0.05,singleton_accuracy,10,0.9258967461757841,0.05038354794553853,0.8363636363636363,0.8934523809523809,0.9330357142857143,0.970995670995671,0.9772727272727273
Hungary,isotonic,False,id_test,marginal,0.05,class0_coverage,10,0.9484848484848485,0.07005471064403922,0.7575757575757576,0.946969696969697,0.9696969696969697,0.9696969696969697,1.0
Hungary,isotonic,False,id_test,marginal,0.05,class1_coverage,10,0.985483870967742,0.02075296673722451,0.9354838709677419,0.9838709677419355,0.9919354838709677,1.0,1.0
Hungary,isotonic,False,id_test,marginal,0.05,class0_avg_set_size,10,1.6969696969696968,0.1377594110806652,1.3636363636363635,1.643939393939394,1.7272727272727273,1.7878787878787878,1.8484848484848484
Hungary,isotonic,False,id_test,marginal,0.05,class1_avg_set_size,10,1.6177419354838711,0.16951264196066249,1.3064516129032258,1.5241935483870968,1.6451612903225807,1.7580645161290323,1.8225806451612903
Hungary,isotonic,False,id_test,marginal,0.05,class0_singleton_accuracy,10,0.8284523809523809,0.1874028260832421,0.3333333333333333,0.8142857142857143,0.8571428571428571,0.8973214285714286,1.0
Hungary,isotonic,False,id_test,marginal,0.05,class1_singleton_accuracy,10,0.9520567512478534,0.07564837815153086,0.7777777777777778,0.953416149068323,0.9883720930232558,1.0,1.0
Hungary,isotonic,False,id_test,marginal,0.05,empty_rate,10,0.0,0.0,0.0,0.0,0.0,0.0,0.0
Hungary,isotonic,False,id_test,marginal,0.1,coverage,10,0.923157894736842,0.02165796401685749,0.8947368421052632,0.9052631578947369,0.9263157894736842,0.9342105263157895,0.968421052631579
Hungary,isotonic,False,id_test,marginal,0.1,avg_set_size,10,1.331578947368421,0.08217570827109029,1.2210526315789474,1.2657894736842104,1.3210526315789473,1.3868421052631579,1.4736842105263157
Hungary,isotonic,False,id_test,marginal,0.1,singleton_rate,10,0.6684210526315789,0.0821757082710903,0.5263157894736842,0.6131578947368421,0.6789473684210526,0.7342105263157894,0.7789473684210526
Hungary,isotonic,False,id_test,marginal,0.1,singleton_accuracy,10,0.8836387472362965,0.03756757180246664,0.82,0.860248447204969,0.8879928315412187,0.9091991341991341,0.9444444444444444
Hungary,isotonic,False,id_test,marginal,0.1,class0_coverage,10,0.8696969696969697,0.08926687311226547,0.7272727272727273,0.803030303030303,0.8787878787878788,0.9545454545454546,0.9696969696969697
Hungary,isotonic,False,id_test,marginal,0.1,class1_coverage,10,0.9516129032258064,0.04301075268817206,0.8709677419354839,0.9233870967741935,0.967741935483871,0.9798387096774194,1.0
Hungary,isotonic,False,id_test,marginal,0.1,class0_avg_set_size,10,1.4212121212121214,0.1351045501282643,1.303030303030303,1.3333333333333333,1.3484848484848484,1.5151515151515151,1.6666666666666667
Hungary,isotonic,False,id_test,marginal,0.1,class1_avg_set_size,10,1.2838709677419355,0.1288529219694214,1.1612903225806452,1.2016129032258065,1.2419354838709677,1.3024193548387095,1.5483870967741935
Hungary,isotonic,False,id_test,marginal,0.1,class0_singleton_accuracy,10,0.7355011731213104,0.22842890425647425,0.36363636363636365,0.5879186602870813,0.8090909090909091,0.920807453416149,0.9565217391304348
Hungary,isotonic,False,id_test,marginal,0.1,class1_singleton_accuracy,10,0.9221129717635161,0.08564281352990268,0.7142857142857143,0.9005984042553192,0.948420373952289,0.9733391608391608,1.0
Hungary,isotonic,False,id_test,marginal,0.1,empty_rate,10,0.0,0.0,0.0,0.0,0.0,0.0,0.0
Hungary,isotonic,False,id_test,marginal,0.2,coverage,10,0.8642105263157894,0.0649738920505725,0.7473684210526316,0.8263157894736842,0.8631578947368421,0.9052631578947368,0.968421052631579
Hungary,isotonic,False,id_test,marginal,0.2,avg_set_size,10,1.108421052631579,0.14009186626693232,0.9578947368421052,1.0105263157894737,1.0842105263157895,1.15,1.431578947368421
Hungary,isotonic,False,id_test,marginal,0.2,singleton_rate,10,0.8789473684210527,0.12808219121715075,0.5684210526315789,0.85,0.9157894736842105,0.9578947368421052,1.0
Hungary,isotonic,False,id_test,marginal,0.2,singleton_accuracy,10,0.8583403321209507,0.05004549156732095,0.7802197802197802,0.8307378568780126,0.8487634749524413,0.8905172413793103,0.9444444444444444
Hungary,isotonic,False,id_test,marginal,0.2,class0_coverage,10,0.7696969696969698,0.11083528666137539,0.6060606060606061,0.6818181818181818,0.7575757575757576,0.8409090909090909,0.9696969696969697
Hungary,isotonic,False,id_test,marginal,0.2,class1_coverage,10,0.914516129032258,0.0658684436378141,0.7419354838709677,0.9032258064516129,0.9274193548387096,0.9516129032258065,0.967741935483871
Hungary,isotonic,False,id_test,marginal,0.2,class0_avg_set_size,10,1.1363636363636362,0.1349534264231049,0.9696969696969697,1.0227272727272727,1.121212121212121,1.1818181818181819,1.3636363636363635
Hungary,isotonic,False,id_test,marginal,0.2,class1_avg_set_size,10,1.0935483870967744,0.14953583712853738,0.9354838709677419,1.004032258064516,1.064516129032258,1.1330645161290323,1.467741935483871
Hungary,isotonic,False,id_test,marginal,0.2,class0_singleton_accuracy,10,0.745366762866763,0.10237663668915903,0.625,0.6666666666666666,0.7454545454545454,0.8075396825396826,0.9523809523809523
Hungary,isotonic,False,id_test,marginal,0.2,class1_singleton_accuracy,10,0.9148452018641189,0.04839457430960369,0.7931034482758621,0.8991386496248959,0.9349550502379693,0.9423956546598056,0.9615384615384616
Hungary,isotonic,False,id_test,marginal,0.2,empty_rate,10,0.00631578947368421,0.014209443320222167,0.0,0.0,0.0,0.0,0.042105263157894736
Hungary,isotonic,False,ood_test,label_conditional,0.05,coverage,10,0.9785714285714286,0.02580704095390181,0.9115646258503401,0.9727891156462585,0.9846938775510203,0.9948979591836735,1.0
Hungary,isotonic,False,ood_test,label_conditional,0.05,avg_set_size,10,1.7346938775510203,0.16423872074586687,1.380952380952381,1.6887755102040816,1.7414965986394557,1.820578231292517,1.9965986394557824
Hungary,isotonic,False,ood_test,label_conditional,0.05,singleton_rate,10,0.2653061224489796,0.16423872074586685,0.003401360544217687,0.179421768707483,0.2585034013605442,0.3112244897959184,0.6190476190476191
Hungary,isotonic,False,ood_test,label_conditional,0.05,singleton_accuracy,10,0.9412651631657389,0.040804649016813,0.8571428571428571,0.9257847038019452,0.9421087754421087,0.96953125,1.0
Hungary,isotonic,False,ood_test,label_conditional,0.05,class0_coverage,10,0.998404255319149,0.0035901519027157,0.9893617021276596,1.0,1.0,1.0,1.0
Hungary,isotonic,False,ood_test,label_conditional,0.05,class1_coverage,10,0.9433962264150944,0.07293970757700126,0.7547169811320755,0.9245283018867925,0.9669811320754718,0.9858490566037736,1.0
Hungary,isotonic,False,ood_test,label_conditional,0.05,class0_avg_set_size,10,1.646276595744681,0.23327903073740172,1.1702127659574468,1.5731382978723405,1.6515957446808511,1.7513297872340425,1.9946808510638299
Hungary,isotonic,False,ood_test,label_conditional,0.05,class1_avg_set_size,10,1.891509433962264,0.09846835416258598,1.7264150943396226,1.8160377358490567,1.9292452830188678,1.9622641509433962,2.0
Hungary,isotonic,False,ood_test,label_conditional,0.05,class0_singleton_accuracy,10,0.9905982905982906,0.02022591378837476,0.9444444444444444,1.0,1.0,1.0,1.0
Hungary,isotonic,False,ood_test,label_conditional,0.05,class1_singleton_accuracy,9,0.3403575989782886,0.42041543668020875,0.0,0.0,0.16666666666666666,0.75,1.0
Hungary,isotonic,False,ood_test,label_conditional,0.05,empty_rate,10,0.0,0.0,0.0,0.0,0.0,0.0,0.0
Hungary,isotonic,False,ood_test,label_conditional,0.1,coverage,10,0.9503401360544219,0.02948717819740759,0.9115646258503401,0.9285714285714286,0.9489795918367347,0.9753401360544217,0.9965986394557823
Hungary,isotonic,False,ood_test,label_conditional,0.1,avg_set_size,10,1.54421768707483,0.16991678838398405,1.3605442176870748,1.4217687074829932,1.4931972789115646,1.6760204081632653,1.8639455782312926
Hungary,isotonic,False,ood_test,label_conditional,0.1,singleton_rate,10,0.4557823129251701,0.16991678838398402,0.1360544217687075,0.3239795918367347,0.5068027210884354,0.5782312925170068,0.6394557823129252
Hungary,isotonic,False,ood_test,label_conditional,0.1,singleton_accuracy,10,0.903015696832911,0.03782504008401128,0.8571428571428571,0.8727165921321913,0.8957364341085272,0.9303118908382066,0.975
Hungary,isotonic,False,ood_test,label_conditional,0.1,class0_coverage,10,0.998404255319149,0.0035901519027157,0.9893617021276596,1.0,1.0,1.0,1.0
Hungary,isotonic,False,ood_test,label_conditional,0.1,class1_coverage,10,0.8650943396226417,0.08589569539690592,0.7547169811320755,0.8018867924528302,0.8584905660377359,0.9316037735849056,1.0
Hungary,isotonic,False,ood_test,label_conditional,0.1,class0_avg_set_size,10,1.399468085106383,0.2586520301341563,1.1436170212765957,1.2167553191489362,1.303191489361702,1.5518617021276597,1.9042553191489362
Hungary,isotonic,False,ood_test,label_conditional,0.1,class1_avg_set_size,10,1.800943396226415,0.05873856937698776,1.7264150943396226,1.7570754716981132,1.7924528301886793,1.8443396226415094,1.9056603773584906
Hungary,isotonic,False,ood_test,label_conditional,0.1,class0_singleton_accuracy,10,0.9905982905982906,0.02022591378837476,0.9444444444444444,1.0,1.0,1.0,1.0
Hungary,isotonic,False,ood_test,label_conditional,0.1,class1_singleton_accuracy,10,0.3072876880463088,0.36948425064242957,0.0,0.06851851851851852,0.13142857142857142,0.4431818181818182,1.0
Hungary,isotonic,False,ood_test,label_conditional,0.1,empty_rate,10,0.0,0.0,0.0,0.0,0.0,0.0,0.0
Hungary,isotonic,False,ood_test,label_conditional,0.2,coverage,10,0.8639455782312926,0.0714735488094081,0.7040816326530612,0.8205782312925171,0.9064625850340136,0.9107142857142857,0.9217687074829932
Hungary,isotonic,False,ood_test,label_conditional,0.2,avg_set_size,10,1.1802721088435375,0.14787119128764734,0.9897959183673469,1.030612244897959,1.1921768707482994,1.298469387755102,1.3775510204081634
Hungary,isotonic,False,ood_test,label_conditional,0.2,singleton_rate,10,0.8176870748299319,0.1450644716223888,0.6224489795918368,0.701530612244898,0.8078231292517006,0.9617346938775511,1.0
Hungary,isotonic,False,ood_test,label_conditional,0.2,singleton_accuracy,10,0.841371659527893,0.05791691553088982,0.7040816326530612,0.8235325057858195,0.8668459699453552,0.8797399783315276,0.8879668049792531
Hungary,isotonic,False,ood_test,label_conditional,0.2,class0_coverage,10,0.926595744680851,0.11736463703028371,0.6117021276595744,0.9375,0.9627659574468086,0.9920212765957447,1.0
Hungary,isotonic,False,ood_test,label_conditional,0.2,class1_coverage,10,0.7528301886792453,0.11353899766661495,0.5283018867924528,0.7240566037735848,0.7830188679245284,0.8349056603773586,0.8679245283018868
Hungary,isotonic,False,ood_test,label_conditional,0.2,class0_avg_set_size,10,1.1079787234042553,0.096693811458581,0.9946808510638298,1.0093085106382977,1.1382978723404256,1.160904255319149,1.2872340425531914
Hungary,isotonic,False,ood_test,label_conditional,0.2,class1_avg_set_size,10,1.3084905660377362,0.29192994440612563,0.9811320754716981,1.0589622641509435,1.259433962264151,1.5070754716981134,1.7547169811320755
Hungary,isotonic,False,ood_test,label_conditional,0.2,class0_singleton_accuracy,10,0.9227657028335015,0.1167288151703868,0.6117021276595744,0.9156483208955224,0.960038188761593,0.9911688535911602,1.0
Hungary,isotonic,False,ood_test,label_conditional,0.2,class1_singleton_accuracy,10,0.5525163784518135,0.2969276357921333,0.03571428571428571,0.387987012987013,0.6497339138848572,0.7845441595441596,0.8679245283018868
Hungary,isotonic,False,ood_test,label_conditional,0.2,empty_rate,10,0.001020408163265306,0.003226813938947325,0.0,0.0,0.0,0.0,0.01020408163265306
Hungary,isotonic,False,ood_test,marginal,0.05,coverage,10,0.9863945578231293,0.010266876573851958,0.9693877551020408,0.9787414965986394,0.9897959183673469,0.9923469387755102,1.0
Hungary,isotonic,False,ood_test,marginal,0.05,avg_set_size,10,1.7782312925170067,0.11442600179291772,1.6360544217687074,1.7006802721088436,1.7619047619047619,1.8460884353741498,1.9829931972789117
Hungary,isotonic,False,ood_test,marginal,0.05,singleton_rate,10,0.2217687074829932,0.1144260017929177,0.017006802721088437,0.15391156462585034,0.23809523809523808,0.29931972789115646,0.36394557823129253
Hungary,isotonic,False,ood_test,marginal,0.05,singleton_accuracy,10,0.9468843629523727,0.028275395381903302,0.9021739130434783,0.9274157996825957,0.9490940465918896,0.9571428571428572,1.0
Hungary,isotonic,False,ood_test,marginal,0.05,class0_coverage,10,0.9941489361702128,0.007288937869182433,0.9787234042553191,0.9893617021276596,0.9973404255319149,1.0,1.0
Hungary,isotonic,False,ood_test,marginal,0.05,class1_coverage,10,0.9726415094339623,0.03095528226999927,0.9150943396226415,0.964622641509434,0.9811320754716981,0.9976415094339622,1.0
Hungary,isotonic,False,ood_test,marginal,0.05,class0_avg_set_size,10,1.7521276595744681,0.16789197990269847,1.4840425531914894,1.6515957446808511,1.7340425531914894,1.8803191489361701,1.9840425531914894
Hungary,isotonic,False,ood_test,marginal,0.05,class1_avg_set_size,10,1.8245283018867924,0.13629091894924816,1.5,1.7853773584905661,1.8396226415094339,1.9127358490566038,1.990566037735849
Hungary,isotonic,False,ood_test,marginal,0.05,class0_singleton_accuracy,10,0.9104197332619653,0.20490588446191155,0.3333333333333333,0.9444444444444444,0.9787234042553192,1.0,1.0
Hungary,isotonic,False,ood_test,marginal,0.05,class1_singleton_accuracy,10,0.7532140187767752,0.3177705525091678,0.2,0.5833333333333334,0.9499589827727646,0.99,1.0
Hungary,isotonic,False,ood_test,marginal,0.05,empty_rate,10,0.0,0.0,0.0,0.0,0.0,0.0,0.0
Hungary,isotonic,False,ood_test,marginal,0.1,coverage,10,0.9299319727891155,0.025963471267967976,0.8809523809523809,0.9158163265306123,0.935374149659864,0.9447278911564626,0.9727891156462585
Hungary,isotonic,False,ood_test,marginal,0.1,avg_set_size,10,1.4129251700680272,0.13406711870557836,1.2448979591836735,1.3069727891156462,1.3996598639455784,1.4693877551020407,1.6258503401360545
Hungary,isotonic,False,ood_test,marginal,0.1,singleton_rate,10,0.5870748299319729,0.1340671187055784,0.3741496598639456,0.5306122448979592,0.6003401360544218,0.6930272108843538,0.7551020408163265
Hungary,isotonic,False,ood_test,marginal,0.1,singleton_accuracy,10,0.8795713013534927,0.04460781294028914,0.7727272727272727,0.8715885702066237,0.8898617511520738,0.9030342566572996,0.9292035398230089
Hungary,isotonic,False,ood_test,marginal,0.1,class0_coverage,10,0.948936170212766,0.042641751817184145,0.8670212765957447,0.9375,0.9574468085106382,0.9813829787234043,0.9946808510638298
Hungary,isotonic,False,ood_test,marginal,0.1,class1_coverage,10,0.8962264150943395,0.07003477185949711,0.7641509433962265,0.8679245283018868,0.8962264150943396,0.9433962264150944,1.0
Hungary,isotonic,False,ood_test,marginal,0.1,class0_avg_set_size,10,1.422340425531915,0.2218679586531313,1.1648936170212767,1.261968085106383,1.3297872340425534,1.541223404255319,1.8351063829787233
Hungary,isotonic,False,ood_test,marginal,0.1,class1_avg_set_size,10,1.3962264150943395,0.15941876547970538,1.1886792452830188,1.2783018867924527,1.3443396226415094,1.4952830188679247,1.6603773584905661
Hungary,isotonic,False,ood_test,marginal,0.1,class0_singleton_accuracy,10,0.853180723929675,0.23706533099302704,0.1935483870967742,0.8713903743315508,0.9215427657873702,0.9662722380847792,0.9927536231884058
Hungary,isotonic,False,ood_test,marginal,0.1,class1_singleton_accuracy,10,0.7972297024032493,0.17269431377219333,0.5192307692307693,0.6666666666666667,0.8533872598584429,0.9151785714285714,1.0
Hungary,isotonic,False,ood_test,marginal,0.1,empty_rate,10,0.0,0.0,0.0,0.0,0.0,0.0,0.0
Hungary,isotonic,False,ood_test,marginal,0.2,coverage,10,0.8462585034013607,0.04833709784843258,0.7857142857142857,0.8120748299319728,0.8367346938775511,0.8732993197278911,0.9489795918367347
Hungary,isotonic,False,ood_test,marginal,0.2,avg_set_size,10,1.113265306122449,0.14013210996217257,0.9659863945578231,1.0,1.0765306122448979,1.1845238095238095,1.4081632653061225
Hungary,isotonic,False,ood_test,marginal,0.2,singleton_rate,10,0.8717687074829932,0.12498476622121812,0.5918367346938775,0.8154761904761905,0.9234693877551021,0.9617346938775511,0.9829931972789115
Hungary,isotonic,False,ood_test,marginal,0.2,singleton_accuracy,10,0.8358634813277652,0.032039610172308,0.7993079584775087,0.8148439548911618,0.83459223080418,0.8419419419419419,0.9137931034482759
Hungary,isotonic,False,ood_test,marginal,0.2,class0_coverage,10,0.8654255319148936,0.05981513781422577,0.7872340425531915,0.8390957446808511,0.8563829787234043,0.886968085106383,0.9946808510638298
Hungary,isotonic,False,ood_test,marginal,0.2,class1_coverage,10,0.8122641509433963,0.06233240652444629,0.7169811320754716,0.7617924528301887,0.8301886792452831,0.8679245283018868,0.8679245283018868
Hungary,isotonic,False,ood_test,marginal,0.2,class0_avg_set_size,10,1.1164893617021279,0.11895167942118712,0.973404255319149,1.0079787234042552,1.0904255319148937,1.2234042553191489,1.2765957446808511
Hungary,isotonic,False,ood_test,marginal,0.2,class1_avg_set_size,10,1.1075471698113208,0.20841252796419968,0.9528301886792453,0.9858490566037736,1.0518867924528301,1.1155660377358492,1.6603773584905661
Hungary,isotonic,False,ood_test,marginal,0.2,class0_singleton_accuracy,10,0.8549053261745636,0.0621383540905636,0.7692307692307693,0.8211990416793429,0.8464052287581699,0.8772273699215966,0.9927536231884058
Hungary,isotonic,False,ood_test,marginal,0.2,class1_singleton_accuracy,10,0.7849579378154384,0.0769056747054569,0.6111111111111112,0.7536768239930789,0.7952648766328012,0.8463990997749438,0.8653846153846154
Hungary,isotonic,False,ood_test,marginal,0.2,empty_rate,10,0.007482993197278911,0.012706508595121905,0.0,0.0,0.0,0.012755102040816327,0.034013605442176874
Hungary,isotonic,True,id_test,label_conditional,0.05,coverage,10,0.9757894736842105,0.01987960066556534,0.9473684210526315,0.9605263157894737,0.9789473684210527,0.9894736842105263,1.0
Hungary,isotonic,True,id_test,label_conditional,0.05,avg_set_size,10,1.6989473684210528,0.16563484852859742,1.3578947368421053,1.6973684210526314,1.7157894736842105,1.7763157894736843,1.9684210526315788
Hungary,isotonic,True,id_test,label_conditional,0.05,singleton_rate,10,0.30105263157894735,0.16563484852859742,0.031578947368421054,0.22368421052631576,0.28421052631578947,0.3026315789473684,0.6421052631578947
Hungary,isotonic,True,id_test,label_conditional,0.05,singleton_accuracy,10,0.9270352121538827,0.060258112570145794,0.8148148148148148,0.9019219898247598,0.9336842105263158,0.9625759878419453,1.0
Hungary,isotonic,True,id_test,label_conditional,0.05,class0_coverage,10,0.9787878787878788,0.03513641844631532,0.9090909090909091,0.9545454545454546,1.0,1.0,1.0
Hungary,isotonic,True,id_test,label_conditional,0.05,class1_coverage,10,0.9741935483870968,0.02762415608315083,0.9193548387096774,0.967741935483871,0.9838709677419355,0.9959677419354839,1.0
Hungary,isotonic,True,id_test,label_conditional,0.05,class0_avg_set_size,10,1.5696969696969698,0.16950446031032756,1.3333333333333333,1.4545454545454546,1.5909090909090908,1.628787878787879,1.9090909090909092
Hungary,isotonic,True,id_test,label_conditional,0.05,class1_avg_set_size,10,1.7677419354838713,0.21947076843770263,1.3548387096774193,1.745967741935484,1.846774193548387,1.903225806451613,2.0
Hungary,isotonic,True,id_test,label_conditional,0.05,class0_singleton_accuracy,10,0.9514285714285716,0.0797388026245123,0.8,0.8928571428571428,1.0,1.0,1.0
Hungary,isotonic,True,id_test,label_conditional,0.05,class1_singleton_accuracy,9,0.7763888888888889,0.3183616915815511,0.0,0.6666666666666666,0.9333333333333333,0.95,1.0
Hungary,isotonic,True,id_test,label_conditional,0.05,empty_rate,10,0.0,0.0,0.0,0.0,0.0,0.0,0.0
Hungary,isotonic,True,id_test,label_conditional,0.1,coverage,10,0.9578947368421051,0.015691705105261706,0.9263157894736842,0.9473684210526315,0.9631578947368421,0.968421052631579,0.9789473684210527
Hungary,isotonic,True,id_test,label_conditional,0.1,avg_set_size,10,1.534736842105263,0.14901337574051693,1.3473684210526315,1.3894736842105264,1.5789473684210527,1.6657894736842105,1.7263157894736842
Hungary,isotonic,True,id_test,label_conditional,0.1,singleton_rate,10,0.4652631578947369,0.14901337574051696,0.2736842105263158,0.33421052631578946,0.42105263157894735,0.6105263157894737,0.6526315789473685
Hungary,isotonic,True,id_test,label_conditional,0.1,singleton_accuracy,10,0.9023688719025891,0.044642125124386055,0.8292682926829268,0.8736486486486487,0.9205548549810845,0.9323821339950372,0.9482758620689655
Hungary,isotonic,True,id_test,label_conditional,0.1,class0_coverage,10,0.9606060606060607,0.04528588236658563,0.8787878787878788,0.9393939393939394,0.9696969696969697,1.0,1.0
Hungary,isotonic,True,id_test,label_conditional,0.1,class1_coverage,10,0.956451612903226,0.029496487579237014,0.9193548387096774,0.9274193548387096,0.9596774193548387,0.9798387096774194,1.0
Hungary,isotonic,True,id_test,label_conditional,0.1,class0_avg_set_size,10,1.396969696969697,0.0676843053242463,1.3333333333333333,1.3636363636363635,1.378787878787879,1.393939393939394,1.5454545454545454
Hungary,isotonic,True,id_test,label_conditional,0.1,class1_avg_set_size,10,1.6080645161290323,0.23336677823833313,1.3064516129032258,1.3629032258064515,1.7016129032258065,1.782258064516129,1.903225806451613
Hungary,isotonic,True,id_test,label_conditional,0.1,class0_singleton_accuracy,10,0.9342424242424242,0.07415523904185364,0.8095238095238095,0.875,0.9545454545454546,1.0,1.0
Hungary,isotonic,True,id_test,label_conditional,0.1,class1_singleton_accuracy,10,0.8119321783887268,0.15173784778262683,0.6153846153846154,0.6749999999999999,0.7850877192982456,0.9677631578947369,1.0
Hungary,isotonic,True,id_test,label_conditional,0.1,empty_rate,10,0.0,0.0,0.0,0.0,0.0,0.0,0.0
Hungary,isotonic,True,id_test,label_conditional,0.2,coverage,10,0.8789473684210526,0.0684435410636181,0.7157894736842105,0.8526315789473684,0.9052631578947368,0.9157894736842105,0.9578947368421052
Hungary,isotonic,True,id_test,label_conditional,0.2,avg_set_size,10,1.169473684210526,0.11862036508382222,0.9578947368421052,1.105263157894737,1.1736842105263157,1.263157894736842,1.3473684210526315
Hungary,isotonic,True,id_test,label_conditional,0.2,singleton_rate,10,0.8221052631578946,0.10402192159521341,0.6526315789473685,0.736842105263158,0.8263157894736842,0.8947368421052632,0.9578947368421052
Hungary,isotonic,True,id_test,label_conditional,0.2,singleton_accuracy,10,0.8617464763179461,0.05582648005867105,0.7472527472527473,0.8428370410077728,0.8753869969040248,0.8946388682055101,0.9354838709677419
Hungary,isotonic,True,id_test,label_conditional,0.2,class0_coverage,10,0.8545454545454545,0.061938221077801586,0.7575757575757576,0.8257575757575758,0.8636363636363636,0.9015151515151515,0.9393939393939394
Hungary,isotonic,True,id_test,label_conditional,0.2,class1_coverage,10,0.8919354838709677,0.09251374451419345,0.6935483870967742,0.8548387096774194,0.9193548387096774,0.9475806451612904,1.0
Hungary,isotonic,True,id_test,label_conditional,0.2,class0_avg_set_size,10,1.1848484848484848,0.13434723166198576,0.9696969696969697,1.0984848484848484,1.1666666666666667,1.2651515151515151,1.393939393939394
Hungary,isotonic,True,id_test,label_conditional,0.2,class1_avg_set_size,10,1.1612903225806452,0.11530973435229684,0.9516129032258065,1.1048387096774193,1.1774193548387097,1.217741935483871,1.3387096774193548
Hungary,isotonic,True,id_test,label_conditional,0.2,class0_singleton_accuracy,10,0.8247025906209722,0.05950522373542296,0.7142857142857143,0.8,0.8214285714285714,0.8471774193548387,0.9310344827586207
Hungary,isotonic,True,id_test,label_conditional,0.2,class1_singleton_accuracy,10,0.880286011733918,0.08848682146401689,0.7288135593220338,0.845,0.8988970588235294,0.9356060606060606,1.0
Hungary,isotonic,True,id_test,label_conditional,0.2,empty_rate,10,0.004210526315789474,0.01331485330597212,0.0,0.0,0.0,0.0,0.042105263157894736
Hungary,isotonic,True,id_test,marginal,0.05,coverage,10,0.9778947368421054,0.018862708850127183,0.9473684210526315,0.9605263157894737,0.9842105263157894,0.9894736842105263,1.0
Hungary,isotonic,True,id_test,marginal,0.05,avg_set_size,10,1.638947368421053,0.17551226523456576,1.368421052631579,1.481578947368421,1.694736842105263,1.7447368421052634,1.8736842105263158
Hungary,isotonic,True,id_test,marginal,0.05,singleton_rate,10,0.3610526315789474,0.1755122652345657,0.12631578947368421,0.25526315789473686,0.3052631578947368,0.5184210526315789,0.631578947368421
Hungary,isotonic,True,id_test,marginal,0.05,singleton_accuracy,10,0.9445026455026456,0.048446141627749274,0.84,0.9196428571428571,0.9571428571428571,0.9702380952380952,1.0
Hungary,isotonic,True,id_test,marginal,0.05,class0_coverage,10,0.9575757575757574,0.04989530923324634,0.8484848484848485,0.9393939393939394,0.9696969696969697,1.0,1.0
Hungary,isotonic,True,id_test,marginal,0.05,class1_coverage,10,0.9887096774193548,0.020188154145718926,0.9354838709677419,0.9838709677419355,1.0,1.0,1.0
Hungary,isotonic,True,id_test,marginal,0.05,class0_avg_set_size,10,1.6575757575757577,0.12292559940667719,1.4848484848484849,1.5606060606060606,1.6666666666666667,1.7272727272727273,1.878787878787879
Hungary,isotonic,True,id_test,marginal,0.05,class1_avg_set_size,10,1.629032258064516,0.22898429504351456,1.2741935483870968,1.4153225806451615,1.7016129032258065,1.7983870967741935,1.935483870967742
Hungary,isotonic,True,id_test,marginal,0.05,class0_singleton_accuracy,10,0.8816584967320262,0.1161294590556378,0.6875,0.8058823529411765,0.8777777777777778,1.0,1.0
Hungary,isotonic,True,id_test,marginal,0.05,class1_singleton_accuracy,10,0.9556303418803418,0.10353849785947858,0.6666666666666666,0.9752136752136752,1.0,1.0,1.0
Hungary,isotonic,True,id_test,marginal,0.05,empty_rate,10,0.0,0.0,0.0,0.0,0.0,0.0,0.0
Hungary,isotonic,True,id_test,marginal,0.1,coverage,10,0.9210526315789472,0.027291840677375504,0.8736842105263158,0.9,0.9263157894736842,0.9342105263157895,0.9578947368421052
Hungary,isotonic,True,id_test,marginal,0.1,avg_set_size,10,1.2473684210526317,0.08096828602957422,1.1473684210526316,1.1736842105263159,1.236842105263158,1.3157894736842106,1.368421052631579
Hungary,isotonic,True,id_test,marginal,0.1,singleton_rate,10,0.7526315789473685,0.08096828602957423,0.631578947368421,0.6842105263157895,0.7631578947368421,0.8263157894736842,0.8526315789473684
Hungary,isotonic,True,id_test,marginal,0.1,singleton_accuracy,10,0.8970129747579685,0.027864591148187595,0.8441558441558441,0.8804843304843305,0.8986424509264355,0.9078441295546559,0.9375
Hungary,isotonic,True,id_test,marginal,0.1,class0_coverage,10,0.8393939393939395,0.06707861703387472,0.7272727272727273,0.7954545454545454,0.8484848484848485,0.8787878787878788,0.9393939393939394
Hungary,isotonic,True,id_test,marginal,0.1,class1_coverage,10,0.964516129032258,0.023802089915245885,0.9193548387096774,0.9556451612903226,0.967741935483871,0.9798387096774194,1.0
Hungary,isotonic,True,id_test,marginal,0.1,class0_avg_set_size,10,1.2878787878787878,0.12309149097933274,1.121212121212121,1.1893939393939394,1.2727272727272727,1.4090909090909092,1.4545454545454546
Hungary,isotonic,True,id_test,marginal,0.1,class1_avg_set_size,10,1.2258064516129032,0.0952690599283298,1.0806451612903225,1.149193548387097,1.2258064516129032,1.3024193548387095,1.3709677419354838
Hungary,isotonic,True,id_test,marginal,0.1,class0_singleton_accuracy,10,0.7762274640586011,0.07630763318601372,0.6666666666666666,0.7253694581280788,0.7756892230576441,0.8214882943143813,0.92
Hungary,isotonic,True,id_test,marginal,0.1,class1_singleton_accuracy,10,0.9539044933265443,0.031242702417186814,0.8958333333333334,0.9447266569908079,0.9553571428571428,0.9761429608127721,1.0
Hungary,isotonic,True,id_test,marginal,0.1,empty_rate,10,0.0,0.0,0.0,0.0,0.0,0.0,0.0
Hungary,isotonic,True,id_test,marginal,0.2,coverage,10,0.8536842105263158,0.059016250481269635,0.7157894736842105,0.8368421052631579,0.8631578947368421,0.8894736842105263,0.9157894736842105
Hungary,isotonic,True,id_test,marginal,0.2,avg_set_size,10,1.0694736842105264,0.08246733779886367,0.9578947368421052,1.0,1.063157894736842,1.1236842105263158,1.2105263157894737
Hungary,isotonic,True,id_test,marginal,0.2,singleton_rate,10,0.9178947368421053,0.06836254808677923,0.7894736842105263,0.8763157894736842,0.9368421052631579,0.9657894736842105,0.9894736842105263
Hungary,isotonic,True,id_test,marginal,0.2,singleton_accuracy,10,0.8487458954554266,0.046580506023838876,0.7472527472527473,0.8406850025947068,0.8523827973653622,0.8731483975222192,0.9101123595505618
Hungary,isotonic,True,id_test,marginal,0.2,class0_coverage,10,0.7242424242424244,0.0874189758521972,0.5757575757575758,0.6590909090909091,0.7575757575757576,0.7803030303030303,0.8181818181818182
Hungary,isotonic,True,id_test,marginal,0.2,class1_coverage,10,0.9225806451612903,0.08493943078766235,0.6935483870967742,0.9233870967741935,0.9435483870967742,0.9637096774193549,1.0
Hungary,isotonic,True,id_test,marginal,0.2,class0_avg_set_size,10,1.096969696969697,0.10477820185769648,0.9696969696969697,1.0151515151515151,1.0909090909090908,1.1818181818181819,1.2424242424242424
Hungary,isotonic,True,id_test,marginal,0.2,class1_avg_set_size,10,1.0548387096774194,0.07379509650225158,0.9516129032258065,1.004032258064516,1.0483870967741935,1.0806451612903225,1.1935483870967742
Hungary,isotonic,True,id_test,marginal,0.2,class0_singleton_accuracy,10,0.697742847206557,0.09226221489694646,0.5483870967741935,0.6245454545454545,0.69,0.7782451923076923,0.8125
Hungary,isotonic,True,id_test,marginal,0.2,class1_singleton_accuracy,10,0.925005952456026,0.07490741208942192,0.7288135593220338,0.9153426017874875,0.9408973252804141,0.9661016949152542,1.0
Hungary,isotonic,True,id_test,marginal,0.2,empty_rate,10,0.00631578947368421,0.013314853305972122,0.0,0.0,0.0,0.007894736842105263,0.042105263157894736
Hungary,isotonic,True,ood_test,label_conditional,0.05,coverage,10,0.9789115646258502,0.017476506909748474,0.9489795918367347,0.9685374149659863,0.9812925170068028,0.9923469387755102,1.0
Hungary,isotonic,True,ood_test,label_conditional,0.05,avg_set_size,10,1.697278911564626,0.1893933153543864,1.380952380952381,1.5595238095238095,1.6819727891156462,1.8392857142857142,1.9965986394557824
Hungary,isotonic,True,ood_test,label_conditional,0.05,singleton_rate,10,0.30272108843537415,0.1893933153543864,0.003401360544217687,0.16071428571428573,0.3180272108843537,0.44047619047619047,0.6190476190476191
Hungary,isotonic,True,ood_test,label_conditional,0.05,singleton_accuracy,10,0.9372188320778154,0.04995699953278723,0.8170731707317073,0.9253246753246753,0.9452824427480916,0.9626984126984126,1.0
Hungary,isotonic,True,ood_test,label_conditional,0.05,class0_coverage,10,0.9877659574468085,0.025454225774479564,0.9202127659574468,0.988031914893617,1.0,1.0,1.0
Hungary,isotonic,True,ood_test,label_conditional,0.05,class1_coverage,10,0.9632075471698114,0.0359784710313549,0.9056603773584906,0.9339622641509434,0.9716981132075472,0.9976415094339622,1.0
Hungary,isotonic,True,ood_test,label_conditional,0.05,class0_avg_set_size,10,1.6143617021276597,0.25336935266876126,1.3404255319148937,1.377659574468085,1.5930851063829787,1.805851063829787,1.9946808510638299
Hungary,isotonic,True,ood_test,label_conditional,0.05,class1_avg_set_size,10,1.8443396226415096,0.20545207076106267,1.3962264150943395,1.858490566037736,1.9150943396226414,1.9764150943396226,2.0
Hungary,isotonic,True,ood_test,label_conditional,0.05,class0_singleton_accuracy,10,0.9339980059820538,0.14298849046291054,0.5588235294117647,0.9682203389830508,1.0,1.0,1.0
Hungary,isotonic,True,ood_test,label_conditional,0.05,class1_singleton_accuracy,9,0.37836700336700335,0.45237980166063474,0.0,0.0,0.16666666666666666,0.875,1.0
Hungary,isotonic,True,ood_test,label_conditional,0.05,empty_rate,10,0.0,0.0,0.0,0.0,0.0,0.0,0.0
Hungary,isotonic,True,ood_test,label_conditional,0.1,coverage,10,0.9523809523809523,0.026003049753241962,0.8979591836734694,0.9404761904761905,0.9608843537414966,0.971938775510204,0.9761904761904762
Hungary,isotonic,True,ood_test,label_conditional,0.1,avg_set_size,10,1.4867346938775508,0.09254715284054894,1.380952380952381,1.4183673469387754,1.45578231292517,1.5612244897959184,1.6326530612244898
Hungary,isotonic,True,ood_test,label_conditional,0.1,singleton_rate,10,0.513265306122449,0.09254715284054893,0.3673469387755102,0.4387755102040816,0.5442176870748299,0.5816326530612245,0.6190476190476191
Hungary,isotonic,True,ood_test,label_conditional,0.1,singleton_accuracy,10,0.9103770201377035,0.03789253663839271,0.8245614035087719,0.896969696969697,0.9259259259259259,0.9289932508436446,0.9483870967741935
Hungary,isotonic,True,ood_test,label_conditional,0.1,class0_coverage,10,0.9702127659574467,0.0441628193159028,0.8670212765957447,0.9654255319148937,0.9893617021276595,1.0,1.0
Hungary,isotonic,True,ood_test,label_conditional,0.1,class1_coverage,10,0.9207547169811321,0.045830029439589116,0.8207547169811321,0.9103773584905661,0.929245283018868,0.9410377358490566,0.9905660377358491
Hungary,isotonic,True,ood_test,label_conditional,0.1,class0_avg_set_size,10,1.3888297872340425,0.15176828553535598,1.1914893617021276,1.3377659574468084,1.3590425531914894,1.4361702127659575,1.7287234042553192
Hungary,isotonic,True,ood_test,label_conditional,0.1,class1_avg_set_size,10,1.6603773584905661,0.2337220651076987,1.2830188679245282,1.4646226415094339,1.7547169811320755,1.8349056603773584,1.9339622641509433
Hungary,isotonic,True,ood_test,label_conditional,0.1,class0_singleton_accuracy,10,0.9398691673862819,0.08786460727981758,0.7368421052631579,0.8979433650268707,0.9817142857142858,1.0,1.0
Hungary,isotonic,True,ood_test,label_conditional,0.1,class1_singleton_accuracy,10,0.5544709702062642,0.40328542166094294,0.0,0.1838235294117647,0.7469696969696971,0.8705357142857143,0.9824561403508771
Hungary,isotonic,True,ood_test,label_conditional,0.1,empty_rate,10,0.0,0.0,0.0,0.0,0.0,0.0,0.0
Hungary,isotonic,True,ood_test,label_conditional,0.2,coverage,10,0.8806122448979592,0.048114526244236726,0.7925170068027211,0.8503401360544218,0.891156462585034,0.9081632653061225,0.9421768707482994
Hungary,isotonic,True,ood_test,label_conditional,0.2,avg_set_size,10,1.1697278911564626,0.13956589130605293,0.9149659863945578,1.1037414965986394,1.1428571428571428,1.2525510204081634,1.4183673469387754
Hungary,isotonic,True,ood_test,label_conditional,0.2,singleton_rate,10,0.813265306122449,0.11288384075541746,0.5816326530612245,0.7474489795918368,0.8571428571428571,0.8962585034013606,0.9149659863945578
Hungary,isotonic,True,ood_test,label_conditional,0.2,singleton_accuracy,10,0.8646378438078358,0.03835488154449756,0.8089887640449438,0.8325719960278054,0.8693789381521724,0.8891206753525595,0.9198113207547169
Hungary,isotonic,True,ood_test,label_conditional,0.2,class0_coverage,10,0.9074468085106384,0.05585528521702957,0.8191489361702128,0.8683510638297872,0.928191489361702,0.9534574468085106,0.973404255319149
Hungary,isotonic,True,ood_test,label_conditional,0.2,class1_coverage,10,0.8330188679245282,0.09672559306831034,0.6509433962264151,0.8136792452830189,0.8537735849056605,0.8985849056603774,0.9528301886792453
Hungary,isotonic,True,ood_test,label_conditional,0.2,class0_avg_set_size,10,1.1643617021276595,0.15224395858756481,0.9361702127659575,1.0957446808510638,1.127659574468085,1.2194148936170213,1.4946808510638299
Hungary,isotonic,True,ood_test,label_conditional,0.2,class1_avg_set_size,10,1.1792452830188678,0.13613120013781985,0.8773584905660378,1.1320754716981134,1.1745283018867925,1.2688679245283019,1.3396226415094339
Hungary,isotonic,True,ood_test,label_conditional,0.2,class0_singleton_accuracy,10,0.889553223767335,0.07898633579376645,0.7368421052631579,0.8307675145024542,0.9255364201016374,0.9377314074141793,0.9715909090909091
Hungary,isotonic,True,ood_test,label_conditional,0.2,class1_singleton_accuracy,10,0.8104148417614848,0.08365309823898748,0.6292134831460674,0.7745061265316329,0.8321900406504065,0.8535313001605136,0.9342105263157895
Hungary,isotonic,True,ood_test,label_conditional,0.2,empty_rate,10,0.008503401360544217,0.02689011615789438,0.0,0.0,0.0,0.0,0.08503401360544217
Hungary,isotonic,True,ood_test,marginal,0.05,coverage,10,0.982312925170068,0.012907255755789318,0.9591836734693877,0.9736394557823129,0.9846938775510203,0.9923469387755102,1.0
Hungary,isotonic,True,ood_test,marginal,0.05,avg_set_size,10,1.7360544217687075,0.16505226410320134,1.489795918367347,1.594387755102041,1.7568027210884354,1.8596938775510203,1.9965986394557824
Hungary,isotonic,True,ood_test,marginal,0.05,singleton_rate,10,0.2639455782312925,0.16505226410320137,0.003401360544217687,0.1403061224489796,0.24319727891156462,0.4056122448979592,0.5102040816326531
Hungary,isotonic,True,ood_test,marginal,0.05,singleton_accuracy,10,0.937957235035128,0.036063610577250216,0.875,0.9160701503221188,0.9392982456140351,0.9563575693712679,1.0
Hungary,isotonic,True,ood_test,marginal,0.05,class0_coverage,10,0.9819148936170213,0.019129225474129312,0.9414893617021277,0.9694148936170213,0.9867021276595744,0.9986702127659575,1.0
Hungary,isotonic,True,ood_test,marginal,0.05,class1_coverage,10,0.9830188679245282,0.02344824136139276,0.9245283018867925,0.9740566037735849,0.9905660377358491,1.0,1.0
Hungary,isotonic,True,ood_test,marginal,0.05,class0_avg_set_size,10,1.7446808510638299,0.2019876334685907,1.377659574468085,1.6622340425531916,1.7340425531914894,1.9042553191489362,1.9946808510638299
Hungary,isotonic,True,ood_test,marginal,0.05,class1_avg_set_size,10,1.7207547169811321,0.22462605556615045,1.3679245283018868,1.5141509433962264,1.8018867924528301,1.8915094339622642,2.0
Hungary,isotonic,True,ood_test,marginal,0.05,class0_singleton_accuracy,10,0.849326201622271,0.25858777852227227,0.14285714285714285,0.8438375350140056,0.9237781954887219,0.9945652173913043,1.0
Hungary,isotonic,True,ood_test,marginal,0.05,class1_singleton_accuracy,9,0.8473120353846035,0.2783823996928944,0.2,0.9454545454545454,0.9655172413793104,1.0,1.0
Hungary,isotonic,True,ood_test,marginal,0.05,empty_rate,10,0.0,0.0,0.0,0.0,0.0,0.0,0.0
Hungary,isotonic,True,ood_test,marginal,0.1,coverage,10,0.9125850340136052,0.028505214279472973,0.8673469387755102,0.8954081632653061,0.9081632653061225,0.9302721088435375,0.9659863945578231
Hungary,isotonic,True,ood_test,marginal,0.1,avg_set_size,10,1.3353741496598641,0.12100432758834917,1.1496598639455782,1.2729591836734695,1.3078231292517006,1.4166666666666665,1.5714285714285714
Hungary,isotonic,True,ood_test,marginal,0.1,singleton_rate,10,0.664625850340136,0.12100432758834917,0.42857142857142855,0.5833333333333333,0.6921768707482994,0.7270408163265306,0.8503401360544217
Hungary,isotonic,True,ood_test,marginal,0.1,singleton_accuracy,10,0.8676011177441361,0.044314432564662436,0.7975460122699386,0.8287119586569555,0.8718235294117647,0.90556888100949,0.9206349206349206
Hungary,isotonic,True,ood_test,marginal,0.1,class0_coverage,10,0.9031914893617019,0.04950588301501067,0.8191489361702128,0.8736702127659575,0.9228723404255319,0.9308510638297872,0.9574468085106383
Hungary,isotonic,True,ood_test,marginal,0.1,class1_coverage,10,0.929245283018868,0.04496965297507889,0.839622641509434,0.9080188679245284,0.9339622641509434,0.9528301886792453,0.9905660377358491
Hungary,isotonic,True,ood_test,marginal,0.1,class0_avg_set_size,10,1.370744680851064,0.1709324692938719,1.1542553191489362,1.247340425531915,1.327127659574468,1.493351063829787,1.6648936170212767
Hungary,isotonic,True,ood_test,marginal,0.1,class1_avg_set_size,10,1.2726415094339623,0.09594545244328823,1.1415094339622642,1.2075471698113207,1.2641509433962264,1.3254716981132075,1.4339622641509433
Hungary,isotonic,True,ood_test,marginal,0.1,class0_singleton_accuracy,10,0.8287615754382445,0.11695970761234584,0.5789473684210527,0.7559523809523809,0.884060384060384,0.909035992952429,0.937007874015748
Hungary,isotonic,True,ood_test,marginal,0.1,class1_singleton_accuracy,10,0.9013314564040517,0.06260613035276684,0.8,0.8640109890109889,0.9134615384615384,0.9389097744360902,0.9885057471264368
Hungary,isotonic,True,ood_test,marginal,0.1,empty_rate,10,0.0,0.0,0.0,0.0,0.0,0.0,0.0
Hungary,isotonic,True,ood_test,marginal,0.2,coverage,10,0.8180272108843537,0.051290542114591935,0.7380952380952381,0.7916666666666666,0.8180272108843538,0.8333333333333334,0.9149659863945578
Hungary,isotonic,True,ood_test,marginal,0.2,avg_set_size,10,1.0884353741496597,0.12204940263762255,0.9251700680272109,1.0076530612244898,1.0629251700680271,1.1641156462585034,1.3265306122448979
Hungary,isotonic,True,ood_test,marginal,0.2,singleton_rate,10,0.8891156462585034,0.0996210961153501,0.673469387755102,0.8358843537414966,0.9302721088435375,0.9464285714285715,0.9931972789115646
Hungary,isotonic,True,ood_test,marginal,0.2,singleton_accuracy,10,0.8083150216418954,0.053831565385431435,0.72,0.76742993848257,0.813827579701943,0.843364905141285,0.8922413793103449
Hungary,isotonic,True,ood_test,marginal,0.2,class0_coverage,10,0.7867021276595744,0.08873931917287416,0.6223404255319149,0.7712765957446809,0.776595744680851,0.8523936170212766,0.9148936170212766
Hungary,isotonic,True,ood_test,marginal,0.2,class1_coverage,10,0.8735849056603774,0.08556695651077668,0.6698113207547169,0.8372641509433962,0.9056603773584906,0.9221698113207547,0.9528301886792453
Hungary,isotonic,True,ood_test,marginal,0.2,class0_avg_set_size,10,1.1015957446808513,0.13696048201257563,0.9414893617021277,1.011968085106383,1.077127659574468,1.1742021276595744,1.398936170212766
Hungary,isotonic,True,ood_test,marginal,0.2,class1_avg_set_size,10,1.0650943396226416,0.10357805096595024,0.8962264150943396,1.0,1.0377358490566038,1.1391509433962264,1.2264150943396226
Hungary,isotonic,True,ood_test,marginal,0.2,class0_singleton_accuracy,10,0.7649611629981156,0.11403847149575673,0.5895953757225434,0.6756654567453115,0.7812343043696635,0.8280335929368696,0.9265536723163842
Hungary,isotonic,True,ood_test,marginal,0.2,class1_singleton_accuracy,10,0.8762605693479616,0.06056887684444422,0.7473684210526316,0.8458248987854251,0.8895663956639566,0.9169046259280411,0.9411764705882353
Hungary,isotonic,True,ood_test,marginal,0.2,empty_rate,10,0.011224489795918367,0.02431966181957207,0.0,0.0,0.0,0.00510204081632653,0.07482993197278912
Hungary,platt,False,id_test,label_conditional,0.05,coverage,10,0.9578947368421054,0.0267220108977681,0.9263157894736842,0.9368421052631579,0.9578947368421052,0.9763157894736842,1.0
Hungary,platt,False,id_test,label_conditional,0.05,avg_set_size,10,1.5757894736842106,0.14399223671833591,1.3789473684210527,1.4421052631578948,1.5947368421052632,1.6973684210526316,1.7473684210526317
Hungary,platt,False,id_test,label_conditional,0.05,singleton_rate,10,0.4242105263157895,0.1439922367183359,0.25263157894736843,0.3026315789473684,0.4052631578947369,0.5578947368421052,0.6210526315789474
Hungary,platt,False,id_test,label_conditional,0.05,singleton_accuracy,10,0.9063880966147047,0.050909786582171206,0.8387096774193549,0.8732954545454545,0.8914602346805737,0.943891557995882,1.0
Hungary,platt,False,id_test,label_conditional,0.05,class0_coverage,10,0.9545454545454547,0.04791329788133908,0.8484848484848485,0.9393939393939394,0.9696969696969697,0.9924242424242424,1.0
Hungary,platt,False,id_test,label_conditional,0.05,class1_coverage,10,0.9596774193548387,0.031578871302340696,0.9032258064516129,0.939516129032258,0.967741935483871,0.9838709677419355,1.0
Hungary,platt,False,id_test,label_conditional,0.05,class0_avg_set_size,10,1.4454545454545455,0.11432451569229019,1.2424242424242424,1.393939393939394,1.4393939393939394,1.4772727272727273,1.6363636363636365
Hungary,platt,False,id_test,label_conditional,0.05,class1_avg_set_size,10,1.6451612903225807,0.21043425581484868,1.3548387096774193,1.463709677419355,1.661290322580645,1.8266129032258065,1.903225806451613
Hungary,platt,False,id_test,label_conditional,0.05,class0_singleton_accuracy,10,0.9202166313218946,0.08661847193374145,0.7222222222222222,0.9011904761904762,0.9365384615384615,0.99,1.0
Hungary,platt,False,id_test,label_conditional,0.05,class1_singleton_accuracy,10,0.8613690922348416,0.1296587740442167,0.6153846153846154,0.8163771712158808,0.9125000000000001,0.9438344594594594,1.0
Hungary,platt,False,id_test,label_conditional,0.05,empty_rate,10,0.0,0.0,0.0,0.0,0.0,0.0,0.0
Hungary,platt,False,id_test,label_conditional,0.1,coverage,10,0.9105263157894739,0.03446821527085701,0.8736842105263158,0.8842105263157894,0.9052631578947368,0.9315789473684211,0.968421052631579
Hungary,platt,False,id_test,label_conditional,0.1,avg_set_size,10,1.3789473684210527,0.1389402798120935,1.231578947368421,1.2552631578947369,1.3210526315789473,1.5052631578947369,1.5789473684210527
Hungary,platt,False,id_test,label_conditional,0.1,singleton_rate,10,0.6210526315789473,0.13894027981209356,0.42105263157894735,0.49473684210526314,0.6789473684210526,0.7447368421052631,0.7684210526315789
Hungary,platt,False,id_test,label_conditional,0.1,singleton_accuracy,10,0.8572414773216452,0.0488930550704876,0.7659574468085106,0.8306737588652482,0.8483637747336378,0.8999295278365045,0.925
Hungary,platt,False,id_test,label_conditional,0.1,class0_coverage,10,0.909090909090909,0.06998185081086374,0.7575757575757576,0.8863636363636364,0.9090909090909091,0.9621212121212122,1.0
Hungary,platt,False,id_test,label_conditional,0.1,class1_coverage,10,0.9112903225806452,0.05226403789038597,0.8225806451612904,0.875,0.9032258064516129,0.9596774193548387,0.9838709677419355
Hungary,platt,False,id_test,label_conditional,0.1,class0_avg_set_size,10,1.2666666666666666,0.08547149818709564,1.1515151515151516,1.2196969696969697,1.2575757575757576,1.3409090909090908,1.393939393939394
Hungary,platt,False,id_test,label_conditional,0.1,class1_avg_set_size,10,1.4387096774193548,0.1822889877658568,1.2580645161290323,1.278225806451613,1.3629032258064515,1.6290322580645162,1.6774193548387097
Hungary,platt,False,id_test,label_conditional,0.1,class0_singleton_accuracy,10,0.8787710622710623,0.08709797137153351,0.7142857142857143,0.8616071428571428,0.8823076923076922,0.9386904761904762,1.0
Hungary,platt,False,id_test,label_conditional,0.1,class1_singleton_accuracy,10,0.8287560597885987,0.12430752713236448,0.5217391304347826,0.7966507177033493,0.8385471898197243,0.9068181818181817,0.9782608695652174
Hungary,platt,False,id_test,label_conditional,0.1,empty_rate,10,0.0,0.0,0.0,0.0,0.0,0.0,0.0
Hungary,platt,False,id_test,label_conditional,0.2,coverage,10,0.8031578947368422,0.07140156900679992,0.6421052631578947,0.781578947368421,0.8052631578947369,0.8421052631578947,0.9052631578947369
Hungary,platt,False,id_test,label_conditional,0.2,avg_set_size,10,1.0410526315789472,0.10449426786194982,0.8526315789473684,0.9763157894736842,1.0368421052631578,1.1105263157894736,1.1894736842105262
Hungary,platt,False,id_test,label_conditional,0.2,singleton_rate,10,0.9147368421052631,0.0686590552397893,0.8105263157894737,0.8578947368421053,0.9473684210526316,0.9657894736842105,1.0
Hungary,platt,False,id_test,label_conditional,0.2,singleton_accuracy,10,0.8100941467840437,0.04393292981553912,0.7528089887640449,0.779862700228833,0.8113553113553114,0.8411371237458194,0.8831168831168831
Hungary,platt,False,id_test,label_conditional,0.2,class0_coverage,10,0.8212121212121211,0.07063488378604885,0.7272727272727273,0.7651515151515151,0.803030303030303,0.8712121212121212,0.9393939393939394
Hungary,platt,False,id_test,label_conditional,0.2,class1_coverage,10,0.7935483870967742,0.09641510439337586,0.5806451612903226,0.7741935483870968,0.814516129032258,0.8225806451612904,0.9193548387096774
Hungary,platt,False,id_test,label_conditional,0.2,class0_avg_set_size,10,1.0333333333333332,0.08972290097455539,0.8787878787878788,0.9772727272727273,1.0303030303030303,1.0757575757575757,1.1818181818181819
Hungary,platt,False,id_test,label_conditional,0.2,class1_avg_set_size,10,1.0451612903225804,0.11298000461560172,0.8387096774193549,0.9758064516129032,1.0403225806451613,1.1290322580645162,1.1935483870967742
Hungary,platt,False,id_test,label_conditional,0.2,class0_singleton_accuracy,10,0.8290300687498965,0.0663027482106375,0.7272727272727273,0.7859375,0.8321759259259259,0.8717672413793103,0.9375
Hungary,platt,False,id_test,label_conditional,0.2,class1_singleton_accuracy,10,0.7997903824648303,0.07147997046230133,0.6923076923076923,0.7607894736842106,0.8032258064516129,0.8516949152542374,0.9
Hungary,platt,False,id_test,label_conditional,0.2,empty_rate,10,0.022105263157894732,0.046667985735216085,0.0,0.0,0.0,0.02368421052631579,0.14736842105263157
Hungary,platt,False,id_test,marginal,0.05,coverage,10,0.96,0.022630898942592414,0.9052631578947369,0.9578947368421052,0.9631578947368421,0.968421052631579,0.9894736842105263
Hungary,platt,False,id_test,marginal,0.05,avg_set_size,10,1.468421052631579,0.06417312687077856,1.3578947368421053,1.4289473684210527,1.4736842105263157,1.4921052631578946,1.5894736842105264
Hungary,platt,False,id_test,marginal,0.05,singleton_rate,10,0.5315789473684212,0.06417312687077853,0.4105263157894737,0.5078947368421053,0.5263157894736842,0.5710526315789474,0.6421052631578947
Hungary,platt,False,id_test,marginal,0.05,singleton_accuracy,10,0.9259516799879798,0.03441494247885365,0.8524590163934426,0.9125,0.9230769230769231,0.9396938775510204,0.98
Hungary,platt,False,id_test,marginal,0.05,class0_coverage,10,0.9,0.060690177316362844,0.7575757575757576,0.8787878787878788,0.9090909090909091,0.9318181818181819,0.9696969696969697
Hungary,platt,False,id_test,marginal,0.05,class1_coverage,10,0.9919354838709677,0.011404948083653981,0.967741935483871,0.9838709677419355,1.0,1.0,1.0
Hungary,platt,False,id_test,marginal,0.05,class0_avg_set_size,10,1.5818181818181818,0.09772433634301274,1.4242424242424243,1.5151515151515151,1.5757575757575757,1.6666666666666667,1.696969696969697
Hungary,platt,False,id_test,marginal,0.05,class1_avg_set_size,10,1.4080645161290324,0.06674033390831281,1.3225806451612903,1.3588709677419355,1.3951612903225807,1.4435483870967742,1.5483870967741935
Hungary,platt,False,id_test,marginal,0.05,class0_singleton_accuracy,10,0.7637674915383894,0.11525817003613362,0.5789473684210527,0.7,0.75,0.8558823529411765,0.9230769230769231
Hungary,platt,False,id_test,marginal,0.05,class1_singleton_accuracy,10,0.985344611528822,0.023186803966372106,0.9285714285714286,0.975297619047619,1.0,1.0,1.0
Hungary,platt,False,id_test,marginal,0.05,empty_rate,10,0.0,0.0,0.0,0.0,0.0,0.0,0.0
Hungary,platt,False,id_test,marginal,0.1,coverage,10,0.9105263157894736,0.0294611502170994,0.8631578947368421,0.8868421052631579,0.9210526315789473,0.9342105263157895,0.9473684210526315
Hungary,platt,False,id_test,marginal,0.1,avg_set_size,10,1.2442105263157894,0.06560559097555224,1.1157894736842104,1.223684210526316,1.268421052631579,1.2736842105263158,1.3368421052631578
Hungary,platt,False,id_test,marginal,0.1,singleton_rate,10,0.7557894736842105,0.06560559097555224,0.6631578947368421,0.7263157894736842,0.7315789473684211,0.7763157894736842,0.8842105263157894
Hungary,platt,False,id_test,marginal,0.1,singleton_accuracy,10,0.8822764987153994,0.03404172404738348,0.8375,0.8523454157782516,0.8864734299516908,0.9129938455429819,0.9285714285714286
Hungary,platt,False,id_test,marginal,0.1,class0_coverage,10,0.8181818181818181,0.07692700106933241,0.6666666666666666,0.7878787878787878,0.8333333333333334,0.8787878787878788,0.9090909090909091
Hungary,platt,False,id_test,marginal,0.1,class1_coverage,10,0.9596774193548387,0.03335933775803996,0.9032258064516129,0.9435483870967741,0.9758064516129032,0.9838709677419355,0.9838709677419355
Hungary,platt,False,id_test,marginal,0.1,class0_avg_set_size,10,1.3272727272727272,0.13686775503801474,1.0909090909090908,1.2803030303030303,1.3181818181818181,1.356060606060606,1.606060606060606
Hungary,platt,False,id_test,marginal,0.1,class1_avg_set_size,10,1.2000000000000002,0.051117696017224525,1.1290322580645162,1.1774193548387097,1.1935483870967742,1.2258064516129032,1.2741935483870968
Hungary,platt,False,id_test,marginal,0.1,class0_singleton_accuracy,10,0.7311661647531212,0.09106926237386263,0.5909090909090909,0.6535714285714286,0.75,0.8115530303030303,0.8260869565217391
Hungary,platt,False,id_test,marginal,0.1,class1_singleton_accuracy,10,0.9494324618736382,0.04240001765612724,0.8666666666666667,0.93,0.969281045751634,0.9791666666666666,0.9814814814814815
Hungary,platt,False,id_test,marginal,0.1,empty_rate,10,0.0,0.0,0.0,0.0,0.0,0.0,0.0
Hungary,platt,False,id_test,marginal,0.2,coverage,10,0.8136842105263158,0.054819999810229815,0.6842105263157895,0.8,0.8210526315789474,0.8394736842105263,0.8947368421052632
Hungary,platt,False,id_test,marginal,0.2,avg_set_size,10,0.9778947368421053,0.06665743241678976,0.8315789473684211,0.9710526315789474,0.9789473684210527,0.9894736842105263,1.105263157894737
Hungary,platt,False,id_test,marginal,0.2,singleton_rate,10,0.9547368421052633,0.05205532487902657,0.8315789473684211,0.9526315789473684,0.9789473684210527,0.9868421052631579,0.9894736842105263
Hungary,platt,False,id_test,marginal,0.2,singleton_accuracy,10,0.8401968642652162,0.019667766530290558,0.8172043010752689,0.8254219409282701,0.8395676046671243,0.8502543940795559,0.8823529411764706
Hungary,platt,False,id_test,marginal,0.2,class0_coverage,10,0.6818181818181819,0.053924637636521784,0.6060606060606061,0.6439393939393939,0.6818181818181819,0.7272727272727273,0.7575757575757576
Hungary,platt,False,id_test,marginal,0.2,class1_coverage,10,0.8838709677419356,0.07284896639120136,0.7096774193548387,0.8709677419354839,0.8870967741935484,0.9354838709677419,0.967741935483871
Hungary,platt,False,id_test,marginal,0.2,class0_avg_set_size,10,0.9757575757575758,0.08782652573448148,0.7878787878787878,0.9696969696969697,0.9696969696969697,1.0,1.1515151515151516
Hungary,platt,False,id_test,marginal,0.2,class1_avg_set_size,10,0.9790322580645162,0.05792995160021925,0.8548387096774194,0.967741935483871,0.9838709677419355,1.0,1.0806451612903225
Hungary,platt,False,id_test,marginal,0.2,class0_singleton_accuracy,10,0.707458066127421,0.06011148474835506,0.625,0.671875,0.7056277056277056,0.7443181818181819,0.8076923076923077
Hungary,platt,False,id_test,marginal,0.2,class1_singleton_accuracy,10,0.9103115937122649,0.043303439841987826,0.8301886792452831,0.8857086197778953,0.9172131147540984,0.9450778642936596,0.9649122807017544
Hungary,platt,False,id_test,marginal,0.2,empty_rate,10,0.03368421052631579,0.04981961922610203,0.0,0.010526315789473684,0.021052631578947368,0.02894736842105263,0.16842105263157894
Hungary,platt,False,ood_test,label_conditional,0.05,coverage,10,0.9574829931972788,0.02433023099078789,0.9081632653061225,0.9464285714285715,0.95578231292517,0.9770408163265306,0.9863945578231292
Hungary,platt,False,ood_test,label_conditional,0.05,avg_set_size,10,1.560204081632653,0.141991130251612,1.3571428571428572,1.449829931972789,1.5408163265306123,1.6768707482993197,1.7448979591836735
Hungary,platt,False,ood_test,label_conditional,0.05,singleton_rate,10,0.43979591836734705,0.141991130251612,0.25510204081632654,0.3231292517006803,0.4591836734693877,0.5501700680272108,0.6428571428571429
Hungary,platt,False,ood_test,label_conditional,0.05,singleton_accuracy,10,0.9101619703688751,0.02794890982590377,0.8571428571428571,0.8956702544031312,0.9064777327935223,0.9301596688350089,0.9487179487179487
Hungary,platt,False,ood_test,label_conditional,0.05,class0_coverage,10,0.9962765957446809,0.005046187755587823,0.9893617021276596,0.9906914893617021,1.0,1.0,1.0
Hungary,platt,False,ood_test,label_conditional,0.05,class1_coverage,10,0.8886792452830189,0.06872346354539742,0.7452830188679245,0.8679245283018868,0.8867924528301887,0.9504716981132075,0.9622641509433962
Hungary,platt,False,ood_test,label_conditional,0.05,class0_avg_set_size,10,1.4398936170212766,0.1795785085200834,1.1542553191489362,1.324468085106383,1.452127659574468,1.6063829787234043,1.6595744680851063
Hungary,platt,False,ood_test,label_conditional,0.05,class1_avg_set_size,10,1.7735849056603772,0.1491640405739801,1.4622641509433962,1.7099056603773586,1.7783018867924527,1.8962264150943395,1.9528301886792452
Hungary,platt,False,ood_test,label_conditional,0.05,class0_singleton_accuracy,10,0.9922015907206913,0.011421368489262286,0.96875,0.9853711629279811,1.0,1.0,1.0
Hungary,platt,False,ood_test,label_conditional,0.05,class1_singleton_accuracy,10,0.3876678096252649,0.3215131888151075,0.0,0.11911764705882354,0.35,0.6666666666666666,0.8709677419354839
Hungary,platt,False,ood_test,label_conditional,0.05,empty_rate,10,0.0,0.0,0.0,0.0,0.0,0.0,0.0
Hungary,platt,False,ood_test,label_conditional,0.1,coverage,10,0.9272108843537415,0.02352163715172777,0.9013605442176871,0.9107142857142857,0.9234693877551021,0.9362244897959184,0.9761904761904762
Hungary,platt,False,ood_test,label_conditional,0.1,avg_set_size,10,1.3605442176870746,0.1322016856884209,1.1734693877551021,1.2848639455782314,1.3384353741496597,1.4200680272108843,1.6496598639455782
Hungary,platt,False,ood_test,label_conditional,0.1,singleton_rate,10,0.6394557823129252,0.13220168568842094,0.35034013605442177,0.5799319727891157,0.66156462585034,0.7151360544217688,0.826530612244898
Hungary,platt,False,ood_test,label_conditional,0.1,singleton_accuracy,10,0.8887270209803255,0.023134588678914568,0.8605769230769231,0.8739079245615193,0.8837008002613098,0.9013530041278092,0.9320388349514563
Hungary,platt,False,ood_test,label_conditional,0.1,class0_coverage,10,0.9904255319148936,0.01115754093798032,0.973404255319149,0.9813829787234043,0.9946808510638298,1.0,1.0
Hungary,platt,False,ood_test,label_conditional,0.1,class1_coverage,10,0.8150943396226416,0.06673782840192359,0.7358490566037735,0.7735849056603774,0.8018867924528302,0.8372641509433962,0.9339622641509434
Hungary,platt,False,ood_test,label_conditional,0.1,class0_avg_set_size,10,1.2505319148936171,0.1522852512444729,1.1170212765957446,1.1502659574468086,1.1888297872340425,1.2845744680851063,1.5585106382978724
Hungary,platt,False,ood_test,label_conditional,0.1,class1_avg_set_size,10,1.5556603773584905,0.18306370887281162,1.2735849056603774,1.4033018867924527,1.5424528301886793,1.7099056603773586,1.8113207547169812
Hungary,platt,False,ood_test,label_conditional,0.1,class0_singleton_accuracy,10,0.9866440799014985,0.01725221340305837,0.9489795918367347,0.9769273221259976,0.9934461340758192,1.0,1.0
Hungary,platt,False,ood_test,label_conditional,0.1,class1_singleton_accuracy,10,0.522744610845913,0.24158518349777533,0.1,0.33183306055646483,0.5981818181818181,0.6787337662337662,0.8656716417910447
Hungary,platt,False,ood_test,label_conditional,0.1,empty_rate,10,0.0,0.0,0.0,0.0,0.0,0.0,0.0
Hungary,platt,False,ood_test,label_conditional,0.2,coverage,10,0.8428571428571429,0.0468241614481281,0.7755102040816326,0.810374149659864,0.8350340136054422,0.8835034013605442,0.9149659863945578
Hungary,platt,False,ood_test,label_conditional,0.2,avg_set_size,10,1.0523809523809526,0.09691324536843673,0.9047619047619048,0.9923469387755102,1.0527210884353742,1.1088435374149659,1.2244897959183674
Hungary,platt,False,ood_test,label_conditional,0.2,singleton_rate,10,0.9170068027210883,0.06919258785622928,0.7755102040816326,0.8843537414965986,0.9319727891156463,0.9600340136054422,1.0
Hungary,platt,False,ood_test,label_conditional,0.2,singleton_accuracy,10,0.8470067915001829,0.028114836315236303,0.7985865724381626,0.8317470544918999,0.843065693430657,0.8705357142857143,0.8903508771929824
Hungary,platt,False,ood_test,label_conditional,0.2,class0_coverage,10,0.9324468085106383,0.04043564014472613,0.8723404255319149,0.9095744680851063,0.9414893617021276,0.9601063829787234,0.9893617021276596
Hungary,platt,False,ood_test,label_conditional,0.2,class1_coverage,10,0.6839622641509433,0.1071261389741876,0.5283018867924528,0.5966981132075472,0.6792452830188679,0.7806603773584906,0.8207547169811321
Hungary,platt,False,ood_test,label_conditional,0.2,class0_avg_set_size,10,1.0388297872340426,0.07293465093269942,0.925531914893617,0.9920212765957447,1.0319148936170213,1.0904255319148937,1.1542553191489362
Hungary,platt,False,ood_test,label_conditional,0.2,class1_avg_set_size,10,1.0764150943396227,0.14108601923431377,0.8679245283018868,0.9929245283018868,1.080188679245283,1.1462264150943398,1.349056603773585
Hungary,platt,False,ood_test,label_conditional,0.2,class0_singleton_accuracy,10,0.9409200322710157,0.031239871740393946,0.8817204301075269,0.9300120611096221,0.941678568999524,0.9596535365152387,0.9874213836477987
Hungary,platt,False,ood_test,label_conditional,0.2,class1_singleton_accuracy,10,0.6680107786252449,0.09325823004641823,0.4897959183673469,0.6039179822872545,0.681159420289855,0.7501472754050074,0.7738095238095238
Hungary,platt,False,ood_test,label_conditional,0.2,empty_rate,10,0.015306122448979591,0.03179660694417269,0.0,0.0,0.0,0.007653061224489796,0.09523809523809523
Hungary,platt,False,ood_test,marginal,0.05,coverage,10,0.9758503401360542,0.010927964408182769,0.9591836734693877,0.9693877551020408,0.9761904761904762,0.9829931972789115,0.9931972789115646
Hungary,platt,False,ood_test,marginal,0.05,avg_set_size,10,1.665986394557823,0.09872152344855363,1.5612244897959184,1.5909863945578233,1.639455782312925,1.7023809523809523,1.8333333333333333
Hungary,platt,False,ood_test,marginal,0.05,singleton_rate,10,0.33401360544217684,0.09872152344855367,0.16666666666666666,0.2976190476190476,0.3605442176870748,0.4090136054421769,0.4387755102040816
Hungary,platt,False,ood_test,marginal,0.05,singleton_accuracy,10,0.9291616073496035,0.02153521941089985,0.8979591836734694,0.911906677393403,0.9312179739850217,0.9458168642951252,0.9607843137254902
Hungary,platt,False,ood_test,marginal,0.05,class0_coverage,10,0.9829787234042554,0.007438360625320222,0.973404255319149,0.9787234042553191,0.9813829787234043,0.9893617021276596,0.9946808510638298
Hungary,platt,False,ood_test,marginal,0.05,class1_coverage,10,0.9632075471698114,0.028284411096564595,0.9245283018867925,0.9386792452830188,0.9575471698113207,0.9882075471698113,1.0
Hungary,platt,False,ood_test,marginal,0.05,class0_avg_set_size,10,1.7047872340425532,0.13663415535596704,1.5638297872340425,1.6090425531914894,1.643617021276596,1.7632978723404253,1.9414893617021276
Hungary,platt,False,ood_test,marginal,0.05,class1_avg_set_size,10,1.5971698113207546,0.10562012560640054,1.471698113207547,1.4952830188679245,1.608490566037736,1.6650943396226414,1.7735849056603774
Hungary,platt,False,ood_test,marginal,0.05,class0_singleton_accuracy,10,0.9111411309397225,0.08496880891900653,0.7142857142857143,0.8946747556454331,0.9430303030303031,0.9609497645211931,0.9852941176470589
Hungary,platt,False,ood_test,marginal,0.05,class1_singleton_accuracy,10,0.9000399824011976,0.08400505741206087,0.7741935483870968,0.828646934460888,0.9152421652421653,0.965057915057915,1.0
Hungary,platt,False,ood_test,marginal,0.05,empty_rate,10,0.0,0.0,0.0,0.0,0.0,0.0,0.0
Hungary,platt,False,ood_test,marginal,0.1,coverage,10,0.9156462585034013,0.02255067553823462,0.8775510204081632,0.9005102040816326,0.9115646258503401,0.935374149659864,0.9489795918367347
Hungary,platt,False,ood_test,marginal,0.1,avg_set_size,10,1.3200680272108845,0.13345446623985913,1.1666666666666667,1.2023809523809523,1.304421768707483,1.445578231292517,1.4965986394557824
Hungary,platt,False,ood_test,marginal,0.1,singleton_rate,10,0.6799319727891155,0.1334544662398591,0.5034013605442177,0.554421768707483,0.695578231292517,0.7976190476190477,0.8333333333333334
Hungary,platt,False,ood_test,marginal,0.1,singleton_accuracy,10,0.8768089339712735,0.017113568838602933,0.8468085106382979,0.8710304054054054,0.8790270825311257,0.8874201239866476,0.9032258064516129
Hungary,platt,False,ood_test,marginal,0.1,class0_coverage,10,0.9287234042553193,0.021008954955459055,0.8936170212765957,0.9122340425531914,0.9335106382978724,0.9454787234042553,0.9574468085106383
Hungary,platt,False,ood_test,marginal,0.1,class1_coverage,10,0.8924528301886794,0.05035375824213356,0.8301886792452831,0.8514150943396227,0.8915094339622642,0.9339622641509434,0.9622641509433962
Hungary,platt,False,ood_test,marginal,0.1,class0_avg_set_size,10,1.3558510638297874,0.1744351075908268,1.148936170212766,1.1954787234042552,1.351063829787234,1.5093085106382977,1.5797872340425532
Hungary,platt,False,ood_test,marginal,0.1,class1_avg_set_size,10,1.2566037735849056,0.07084899379440976,1.179245283018868,1.2028301886792454,1.2311320754716981,1.2971698113207546,1.3867924528301887
Hungary,platt,False,ood_test,marginal,0.1,class0_singleton_accuracy,10,0.8821424627014286,0.046479409020267495,0.801980198019802,0.8463809361991335,0.8939393939393939,0.9200854700854701,0.9342105263157895
Hungary,platt,False,ood_test,marginal,0.1,class1_singleton_accuracy,10,0.8586094449325881,0.05805349440301429,0.788235294117647,0.8061201445347786,0.860329703569268,0.9078595317725753,0.9459459459459459
Hungary,platt,False,ood_test,marginal,0.1,empty_rate,10,0.0,0.0,0.0,0.0,0.0,0.0,0.0
Hungary,platt,False,ood_test,marginal,0.2,coverage,10,0.7887755102040817,0.04424529634005879,0.717687074829932,0.7755102040816326,0.7874149659863945,0.8095238095238095,0.8707482993197279
Hungary,platt,False,ood_test,marginal,0.2,avg_set_size,10,0.9704081632653061,0.08166492811203213,0.8299319727891157,0.9192176870748299,0.9710884353741496,0.9974489795918368,1.129251700680272
Hungary,platt,False,ood_test,marginal,0.2,singleton_rate,10,0.9357142857142856,0.05522950273678541,0.8299319727891157,0.9081632653061225,0.9540816326530612,0.9770408163265306,1.0
Hungary,platt,False,ood_test,marginal,0.2,singleton_accuracy,10,0.8254992656093879,0.02622156490726965,0.7755102040816326,0.8156742501270972,0.820699413786133,0.8461186835106382,0.8647540983606558
Hungary,platt,False,ood_test,marginal,0.2,class0_coverage,10,0.8026595744680851,0.052504427946375706,0.7021276595744681,0.7712765957446809,0.8138297872340425,0.8351063829787234,0.8723404255319149
Hungary,platt,False,ood_test,marginal,0.2,class1_coverage,10,0.7641509433962265,0.06975180192710329,0.660377358490566,0.7264150943396226,0.7735849056603774,0.7924528301886793,0.8679245283018868
Hungary,platt,False,ood_test,marginal,0.2,class0_avg_set_size,10,0.9718085106382978,0.0897818138930724,0.8297872340425532,0.9295212765957447,0.9680851063829787,0.9986702127659575,1.1542553191489362
Hungary,platt,False,ood_test,marginal,0.2,class1_avg_set_size,10,0.9679245283018869,0.07187443837565612,0.8301886792452831,0.9481132075471699,0.9716981132075472,0.9976415094339622,1.0849056603773586
Hungary,platt,False,ood_test,marginal,0.2,class0_singleton_accuracy,10,0.841208214362507,0.04660511241983175,0.7659574468085106,0.8055555555555556,0.8430065627563577,0.8636215092097446,0.9132947976878613
Hungary,platt,False,ood_test,marginal,0.2,class1_singleton_accuracy,10,0.7970204031157303,0.03849441522051085,0.7307692307692307,0.7863485016648168,0.7977272727272727,0.8127941176470588,0.8556701030927835
Hungary,platt,False,ood_test,marginal,0.2,empty_rate,10,0.046938775510204075,0.0558624500420001,0.0,0.002551020408163265,0.028911564625850338,0.08078231292517007,0.17006802721088435
Hungary,platt,True,id_test,label_conditional,0.05,coverage,10,0.9631578947368421,0.02542346797577095,0.9052631578947369,0.9578947368421052,0.9631578947368421,0.9789473684210527,1.0
Hungary,platt,True,id_test,label_conditional,0.05,avg_set_size,10,1.5652631578947367,0.16413028478843797,1.2421052631578948,1.4657894736842105,1.6421052631578947,1.681578947368421,1.7157894736842105
Hungary,platt,True,id_test,label_conditional,0.05,singleton_rate,10,0.43473684210526314,0.16413028478843802,0.28421052631578947,0.31842105263157894,0.35789473684210527,0.5342105263157895,0.7578947368421053
Hungary,platt,True,id_test,label_conditional,0.05,singleton_accuracy,10,0.9187135767492582,0.045257500154287054,0.8275862068965517,0.9047704447632712,0.9296296296296296,0.9352194606028557,1.0
Hungary,platt,True,id_test,label_conditional,0.05,class0_coverage,10,0.9636363636363635,0.06026841975828806,0.8181818181818182,0.946969696969697,1.0,1.0,1.0
Hungary,platt,True,id_test,label_conditional,0.05,class1_coverage,10,0.9629032258064516,0.024103776098343986,0.9193548387096774,0.9516129032258065,0.967741935483871,0.9798387096774194,1.0
Hungary,platt,True,id_test,label_conditional,0.05,class0_avg_set_size,10,1.4333333333333333,0.12375283350134769,1.2424242424242424,1.3257575757575757,1.4393939393939394,1.5303030303030303,1.606060606060606
Hungary,platt,True,id_test,label_conditional,0.05,class1_avg_set_size,10,1.635483870967742,0.23051917756321058,1.2419354838709677,1.4596774193548387,1.717741935483871,1.814516129032258,1.903225806451613
Hungary,platt,True,id_test,label_conditional,0.05,class0_singleton_accuracy,10,0.9440065359477124,0.08469107683487362,0.76,0.9019607843137254,1.0,1.0,1.0
Hungary,platt,True,id_test,label_conditional,0.05,class1_singleton_accuracy,10,0.8247832804916355,0.2450555477083722,0.16666666666666666,0.8251748251748252,0.9166666666666667,0.9423758865248226,1.0
Hungary,platt,True,id_test,label_conditional,0.05,empty_rate,10,0.0,0.0,0.0,0.0,0.0,0.0,0.0
Hungary,platt,True,id_test,label_conditional,0.1,coverage,10,0.9115789473684212,0.033361022663872884,0.8526315789473684,0.8894736842105263,0.9105263157894736,0.9263157894736842,0.968421052631579
Hungary,platt,True,id_test,label_conditional,0.1,avg_set_size,10,1.3399999999999999,0.12563657545487428,1.2,1.2552631578947366,1.2842105263157895,1.4394736842105265,1.5368421052631578
Hungary,platt,True,id_test,label_conditional,0.1,singleton_rate,10,0.6599999999999999,0.12563657545487428,0.4631578947368421,0.5605263157894738,0.7157894736842105,0.7447368421052631,0.8
Hungary,platt,True,id_test,label_conditional,0.1,singleton_accuracy,10,0.8628998142412587,0.06054248433529445,0.7307692307692307,0.8471361502347418,0.8724200206398349,0.9015092879256966,0.9318181818181818
Hungary,platt,True,id_test,label_conditional,0.1,class0_coverage,10,0.9181818181818183,0.05722915343117293,0.7878787878787878,0.8863636363636364,0.9393939393939394,0.9621212121212122,0.9696969696969697
Hungary,platt,True,id_test,label_conditional,0.1,class1_coverage,10,0.9080645161290324,0.05589846765836573,0.7903225806451613,0.875,0.9193548387096774,0.9354838709677419,0.9838709677419355
Hungary,platt,True,id_test,label_conditional,0.1,class0_avg_set_size,10,1.2484848484848485,0.07531859346386761,1.1515151515151516,1.1818181818181819,1.2424242424242424,1.303030303030303,1.3636363636363635
Hungary,platt,True,id_test,label_conditional,0.1,class1_avg_set_size,10,1.3887096774193548,0.17110801035671058,1.2258064516129032,1.2379032258064515,1.314516129032258,1.5524193548387095,1.6290322580645162
Hungary,platt,True,id_test,label_conditional,0.1,class0_singleton_accuracy,10,0.8915503578547057,0.07335004972886315,0.7407407407407407,0.8417874396135265,0.9212962962962963,0.9464285714285714,0.9615384615384616
Hungary,platt,True,id_test,label_conditional,0.1,class1_singleton_accuracy,10,0.8263930128431719,0.14470083046680304,0.5,0.8209534368070954,0.8721590909090909,0.91256038647343,0.9791666666666666
Hungary,platt,True,id_test,label_conditional,0.1,empty_rate,10,0.0,0.0,0.0,0.0,0.0,0.0,0.0
Hungary,platt,True,id_test,label_conditional,0.2,coverage,10,0.8200000000000001,0.058175819523439136,0.7157894736842105,0.7921052631578948,0.8157894736842106,0.8631578947368421,0.9157894736842105
Hungary,platt,True,id_test,label_conditional,0.2,avg_set_size,10,1.0410526315789475,0.08629724519094996,0.9368421052631579,0.9631578947368421,1.0368421052631578,1.0921052631578947,1.1789473684210525
Hungary,platt,True,id_test,label_conditional,0.2,singleton_rate,10,0.9231578947368421,0.052526210315261675,0.8210526315789474,0.9078947368421053,0.9368421052631579,0.9473684210526315,0.9894736842105263
Hungary,platt,True,id_test,label_conditional,0.2,singleton_accuracy,10,0.8253770142866355,0.041748895048178844,0.7640449438202247,0.8011820330969267,0.8220244716351501,0.8504273504273504,0.9069767441860465
Hungary,platt,True,id_test,label_conditional,0.2,class0_coverage,10,0.8242424242424242,0.04907053657168129,0.7575757575757576,0.7954545454545454,0.8181818181818182,0.8484848484848485,0.9090909090909091
Hungary,platt,True,id_test,label_conditional,0.2,class1_coverage,10,0.817741935483871,0.07528801598466797,0.6935483870967742,0.7782258064516129,0.8225806451612904,0.8508064516129032,0.967741935483871
Hungary,platt,True,id_test,label_conditional,0.2,class0_avg_set_size,10,1.0484848484848484,0.06577301250949374,0.9696969696969697,0.9848484848484849,1.0454545454545454,1.0909090909090908,1.1515151515151516
Hungary,platt,True,id_test,label_conditional,0.2,class1_avg_set_size,10,1.0370967741935484,0.09827098148399051,0.9193548387096774,0.9516129032258064,1.032258064516129,1.092741935483871,1.2096774193548387
Hungary,platt,True,id_test,label_conditional,0.2,class0_singleton_accuracy,10,0.8224952990094815,0.04683135196363033,0.75,0.7859375,0.8229166666666667,0.857489224137931,0.8928571428571429
Hungary,platt,True,id_test,label_conditional,0.2,class1_singleton_accuracy,10,0.8266128543495169,0.05611767096404155,0.7543859649122807,0.7965819721718088,0.8263846622032867,0.8365674138507863,0.9642857142857143
Hungary,platt,True,id_test,label_conditional,0.2,empty_rate,10,0.017894736842105262,0.02895534180460036,0.0,0.0,0.0,0.039473684210526314,0.06315789473684211
Hungary,platt,True,id_test,marginal,0.05,coverage,10,0.9589473684210527,0.021884162988789733,0.9157894736842105,0.95,0.9578947368421052,0.9763157894736842,0.9894736842105263
Hungary,platt,True,id_test,marginal,0.05,avg_set_size,10,1.4473684210526316,0.12663215742188488,1.3157894736842106,1.3710526315789473,1.4210526315789473,1.4736842105263157,1.7473684210526317
Hungary,platt,True,id_test,marginal,0.05,singleton_rate,10,0.5526315789473684,0.12663215742188483,0.25263157894736843,0.5263157894736843,0.5789473684210527,0.6289473684210526,0.6842105263157895
Hungary,platt,True,id_test,marginal,0.05,singleton_accuracy,10,0.928958511337955,0.02880946307567479,0.875,0.9126984126984128,0.9364438839848677,0.9498101566207879,0.9622641509433962
Hungary,platt,True,id_test,marginal,0.05,class0_coverage,10,0.903030303030303,0.053066365804297785,0.7878787878787878,0.8863636363636364,0.9090909090909091,0.9393939393939394,0.9696969696969697
Hungary,platt,True,id_test,marginal,0.05,class1_coverage,10,0.9887096774193548,0.017086288797925474,0.9516129032258065,0.9838709677419355,1.0,1.0,1.0
Hungary,platt,True,id_test,marginal,0.05,class0_avg_set_size,10,1.5484848484848484,0.11731965582411803,1.393939393939394,1.4621212121212122,1.5303030303030303,1.606060606060606,1.7272727272727273
Hungary,platt,True,id_test,marginal,0.05,class1_avg_set_size,10,1.3935483870967742,0.14609417483250575,1.2580645161290323,1.282258064516129,1.3870967741935485,1.4193548387096775,1.7580645161290323
Hungary,platt,True,id_test,marginal,0.05,class0_singleton_accuracy,10,0.7901004538117541,0.08468944719792154,0.631578947368421,0.7692307692307693,0.7777777777777778,0.8625,0.8888888888888888
Hungary,platt,True,id_test,marginal,0.05,class1_singleton_accuracy,10,0.9842309852825526,0.024172737585489084,0.9302325581395349,0.9777777777777777,1.0,1.0,1.0
Hungary,platt,True,id_test,marginal,0.05,empty_rate,10,0.0,0.0,0.0,0.0,0.0,0.0,0.0
Hungary,platt,True,id_test,marginal,0.1,coverage,10,0.9052631578947367,0.036125018038550887,0.8105263157894737,0.8973684210526316,0.9157894736842105,0.9263157894736842,0.9368421052631579
Hungary,platt,True,id_test,marginal,0.1,avg_set_size,10,1.191578947368421,0.07238622853741826,1.0947368421052632,1.1473684210526316,1.1789473684210525,1.2394736842105263,1.3368421052631578
Hungary,platt,True,id_test,marginal,0.1,singleton_rate,10,0.8084210526315789,0.07238622853741827,0.6631578947368421,0.7605263157894737,0.8210526315789474,0.8526315789473684,0.9052631578947369
Hungary,platt,True,id_test,marginal,0.1,singleton_accuracy,10,0.8843481120466891,0.03537889585837863,0.7906976744186046,0.8796296296296297,0.8958333333333333,0.9045988258317026,0.9102564102564102
Hungary,platt,True,id_test,marginal,0.1,class0_coverage,10,0.8151515151515151,0.05430173759885096,0.7272727272727273,0.7727272727272727,0.8181818181818182,0.8484848484848485,0.9090909090909091
Hungary,platt,True,id_test,marginal,0.1,class1_coverage,10,0.953225806451613,0.04263952700838355,0.8387096774193549,0.9516129032258065,0.9596774193548387,0.9798387096774194,0.9838709677419355
Hungary,platt,True,id_test,marginal,0.1,class0_avg_set_size,10,1.2515151515151515,0.1477995592804579,1.0303030303030303,1.1590909090909092,1.2424242424242424,1.2954545454545454,1.5757575757575757
Hungary,platt,True,id_test,marginal,0.1,class1_avg_set_size,10,1.159677419354839,0.04263952700838355,1.096774193548387,1.1290322580645162,1.153225806451613,1.1975806451612905,1.2258064516129032
Hungary,platt,True,id_test,marginal,0.1,class0_singleton_accuracy,10,0.7541613579657058,0.048958040582478296,0.6538461538461539,0.7232142857142857,0.7638888888888888,0.7849378881987578,0.8214285714285714
Hungary,platt,True,id_test,marginal,0.1,class1_singleton_accuracy,10,0.9446856278392666,0.04875407112823176,0.8148148148148148,0.9401927437641724,0.9523809523809523,0.9761429608127721,0.9814814814814815
Hungary,platt,True,id_test,marginal,0.1,empty_rate,10,0.0,0.0,0.0,0.0,0.0,0.0,0.0
Hungary,platt,True,id_test,marginal,0.2,coverage,10,0.8263157894736842,0.05728009725373514,0.7473684210526316,0.7710526315789473,0.831578947368421,0.8736842105263158,0.9052631578947369
Hungary,platt,True,id_test,marginal,0.2,avg_set_size,10,1.0021052631578946,0.05565580367410066,0.9157894736842105,0.9710526315789474,1.0052631578947369,1.0210526315789474,1.0947368421052632
Hungary,platt,True,id_test,marginal,0.2,singleton_rate,10,0.9578947368421054,0.03365495805833488,0.9052631578947369,0.9289473684210526,0.9736842105263158,0.9789473684210527,1.0
Hungary,platt,True,id_test,marginal,0.2,singleton_accuracy,10,0.8397982816198398,0.04129856444231083,0.7717391304347826,0.8194178819029405,0.8446421950315165,0.8699788583509513,0.9032258064516129
Hungary,platt,True,id_test,marginal,0.2,class0_coverage,10,0.7212121212121213,0.08547149818709567,0.5757575757575758,0.6666666666666666,0.7575757575757576,0.7878787878787878,0.8181818181818182
Hungary,platt,True,id_test,marginal,0.2,class1_coverage,10,0.8822580645161289,0.06453852657816182,0.7419354838709677,0.8588709677419355,0.8951612903225806,0.9193548387096774,0.967741935483871
Hungary,platt,True,id_test,marginal,0.2,class0_avg_set_size,10,1.0,0.08805856451597316,0.8181818181818182,0.9772727272727273,1.0,1.053030303030303,1.121212121212121
Hungary,platt,True,id_test,marginal,0.2,class1_avg_set_size,10,1.0032258064516129,0.04354506823939047,0.9516129032258065,0.9717741935483871,1.0,1.0161290322580645,1.0806451612903225
Hungary,platt,True,id_test,marginal,0.2,class0_singleton_accuracy,10,0.7351871912487875,0.05047998822114529,0.6666666666666666,0.6915509259259259,0.7454545454545454,0.7794858870967742,0.7931034482758621
Hungary,platt,True,id_test,marginal,0.2,class1_singleton_accuracy,10,0.8931602104117318,0.05315835475003717,0.7796610169491526,0.8762156154487357,0.9069600230083406,0.9186827956989247,0.967741935483871
Hungary,platt,True,id_test,marginal,0.2,empty_rate,10,0.02,0.03076934914862281,0.0,0.0,0.0,0.02894736842105263,0.08421052631578947
Hungary,platt,True,ood_test,label_conditional,0.05,coverage,10,0.96734693877551,0.01997525219550588,0.9251700680272109,0.9574829931972788,0.9693877551020408,0.9829931972789115,0.9931972789115646
Hungary,platt,True,ood_test,label_conditional,0.05,avg_set_size,10,1.5622448979591836,0.17200746000381717,1.3537414965986394,1.465986394557823,1.5170068027210883,1.7210884353741498,1.816326530612245
Hungary,platt,True,ood_test,label_conditional,0.05,singleton_rate,10,0.43775510204081625,0.17200746000381714,0.1836734693877551,0.2789115646258503,0.48299319727891155,0.5340136054421769,0.6462585034013606
Hungary,platt,True,ood_test,label_conditional,0.05,singleton_accuracy,10,0.9296499346451004,0.026100947998271666,0.8616352201257862,0.9280770043680429,0.9344193817878028,0.9380010834236187,0.9629629629629629
Hungary,platt,True,ood_test,label_conditional,0.05,class0_coverage,10,0.9840425531914894,0.02665478081271792,0.9148936170212766,0.976063829787234,0.9973404255319149,1.0,1.0
Hungary,platt,True,ood_test,label_conditional,0.05,class1_coverage,10,0.9377358490566039,0.030227961863390974,0.9056603773584906,0.9150943396226415,0.9245283018867925,0.9575471698113207,0.9905660377358491
Hungary,platt,True,ood_test,label_conditional,0.05,class0_avg_set_size,10,1.4686170212765957,0.19981962717978252,1.2765957446808511,1.3204787234042552,1.3617021276595744,1.6648936170212765,1.7872340425531914
Hungary,platt,True,ood_test,label_conditional,0.05,class1_avg_set_size,10,1.728301886792453,0.23669867930309574,1.349056603773585,1.5471698113207546,1.8301886792452828,1.900943396226415,1.9811320754716981
Hungary,platt,True,ood_test,label_conditional,0.05,class0_singleton_accuracy,10,0.9665911013832353,0.055022833111275156,0.8279569892473119,0.959296218487395,0.9958677685950413,1.0,1.0
Hungary,platt,True,ood_test,label_conditional,0.05,class1_singleton_accuracy,10,0.5400952670517888,0.38689245807442724,0.0,0.17115384615384616,0.6666666666666666,0.8713768115942029,0.9565217391304348
Hungary,platt,True,ood_test,label_conditional,0.05,empty_rate,10,0.0,0.0,0.0,0.0,0.0,0.0,0.0
Hungary,platt,True,ood_test,label_conditional,0.1,coverage,10,0.9258503401360544,0.023224648760216543,0.8945578231292517,0.9090136054421769,0.9251700680272109,0.9396258503401361,0.9693877551020408
Hungary,platt,True,ood_test,label_conditional,0.1,avg_set_size,10,1.3197278911564623,0.08289835106771391,1.2142857142857142,1.2933673469387756,1.3129251700680271,1.3418367346938775,1.5136054421768708
Hungary,platt,True,ood_test,label_conditional,0.1,singleton_rate,10,0.6802721088435375,0.08289835106771387,0.48639455782312924,0.6581632653061225,0.6870748299319728,0.7066326530612245,0.7857142857142857
Hungary,platt,True,ood_test,label_conditional,0.1,singleton_accuracy,10,0.892357701040155,0.029233188716153692,0.8465346534653465,0.8694893173527879,0.8954137649789824,0.9110120596420572,0.9370629370629371
Hungary,platt,True,ood_test,label_conditional,0.1,class0_coverage,10,0.9531914893617021,0.04893103066853997,0.8670212765957447,0.9175531914893618,0.9680851063829787,0.9920212765957447,1.0
Hungary,platt,True,ood_test,label_conditional,0.1,class1_coverage,10,0.8773584905660379,0.05410267463548821,0.7830188679245284,0.8419811320754718,0.8962264150943396,0.9150943396226415,0.9433962264150944
Hungary,platt,True,ood_test,label_conditional,0.1,class0_avg_set_size,10,1.254255319148936,0.0852097481041532,1.127659574468085,1.1928191489361701,1.2659574468085106,1.3297872340425532,1.3617021276595744
Hungary,platt,True,ood_test,label_conditional,0.1,class1_avg_set_size,10,1.4358490566037736,0.18898298402988056,1.2547169811320755,1.2877358490566038,1.3679245283018868,1.5023584905660379,1.7830188679245282
Hungary,platt,True,ood_test,label_conditional,0.1,class0_singleton_accuracy,10,0.933909433322724,0.07266781021287629,0.8,0.8867549668874173,0.957513768686074,0.9897466405375139,1.0
Hungary,platt,True,ood_test,label_conditional,0.1,class1_singleton_accuracy,10,0.7293358035465476,0.21267510290720767,0.20689655172413793,0.6912587412587412,0.7674129353233832,0.8713474879125499,0.922077922077922
Hungary,platt,True,ood_test,label_conditional,0.1,empty_rate,10,0.0,0.0,0.0,0.0,0.0,0.0,0.0
Hungary,platt,True,ood_test,label_conditional,0.2,coverage,10,0.830952380952381,0.04443663451210277,0.7687074829931972,0.798469387755102,0.8248299319727892,0.8494897959183674,0.9115646258503401
Hungary,platt,True,ood_test,label_conditional,0.2,avg_set_size,10,1.0377551020408162,0.08956844340824524,0.8775510204081632,0.9787414965986394,1.0391156462585034,1.1045918367346939,1.1734693877551021
Hungary,platt,True,ood_test,label_conditional,0.2,singleton_rate,10,0.9227891156462584,0.05461158318875454,0.826530612244898,0.8775510204081632,0.9540816326530612,0.961734693877551,0.9829931972789115
Hungary,platt,True,ood_test,label_conditional,0.2,singleton_accuracy,10,0.8392744978136427,0.03671647270407601,0.7813620071684588,0.8176645225136071,0.8441311443225601,0.8642087821043911,0.8930041152263375
Hungary,platt,True,ood_test,label_conditional,0.2,class0_coverage,10,0.8792553191489361,0.06658031603995045,0.776595744680851,0.8311170212765957,0.8803191489361701,0.9375,0.9574468085106383
Hungary,platt,True,ood_test,label_conditional,0.2,class1_coverage,10,0.7452830188679245,0.0721216662967278,0.6509433962264151,0.6933962264150944,0.7452830188679245,0.8136792452830189,0.839622641509434
Hungary,platt,True,ood_test,label_conditional,0.2,class0_avg_set_size,10,1.0372340425531914,0.07580694441997149,0.898936170212766,0.9893617021276595,1.0398936170212765,1.0957446808510638,1.1329787234042554
Hungary,platt,True,ood_test,label_conditional,0.2,class1_avg_set_size,10,1.038679245283019,0.11727915645140614,0.839622641509434,0.9599056603773586,1.0377358490566038,1.0919811320754718,1.2452830188679245
Hungary,platt,True,ood_test,label_conditional,0.2,class0_singleton_accuracy,10,0.8871879116519736,0.07115651963488995,0.7653631284916201,0.8225409559765389,0.9264535631592488,0.9370072861920689,0.9520958083832335
Hungary,platt,True,ood_test,label_conditional,0.2,class1_singleton_accuracy,10,0.7498927603049423,0.053581008664451105,0.67,0.7075487012987014,0.76,0.7752106741573034,0.8269230769230769
Hungary,platt,True,ood_test,label_conditional,0.2,empty_rate,10,0.019727891156462583,0.039334397690259384,0.0,0.0,0.0,0.025510204081632654,0.12244897959183673
Hungary,platt,True,ood_test,marginal,0.05,coverage,10,0.9554421768707483,0.029541620801638913,0.9047619047619048,0.9404761904761905,0.9642857142857142,0.9761904761904762,0.9863945578231292
Hungary,platt,True,ood_test,marginal,0.05,avg_set_size,10,1.6051020408163263,0.12834797636826567,1.4217687074829932,1.495748299319728,1.6071428571428572,1.7091836734693877,1.8061224489795917
Hungary,platt,True,ood_test,marginal,0.05,singleton_rate,10,0.39489795918367343,0.1283479763682657,0.19387755102040816,0.29081632653061223,0.39285714285714285,0.5042517006802721,0.5782312925170068
Hungary,platt,True,ood_test,marginal,0.05,singleton_accuracy,10,0.8909721434312383,0.06045801414380637,0.775,0.8586274509803922,0.9173878205128205,0.9304759423310752,0.9512195121951219
Hungary,platt,True,ood_test,marginal,0.05,class0_coverage,10,0.9436170212765959,0.03942394924733984,0.8723404255319149,0.913563829787234,0.9627659574468086,0.9680851063829787,0.9840425531914894
Hungary,platt,True,ood_test,marginal,0.05,class1_coverage,10,0.9764150943396228,0.020500636494347947,0.9433962264150944,0.9622641509433962,0.9811320754716981,0.9905660377358491,1.0
Hungary,platt,True,ood_test,marginal,0.05,class0_avg_set_size,10,1.6920212765957445,0.15672094035648204,1.4840425531914894,1.5824468085106382,1.6914893617021276,1.7938829787234043,1.925531914893617
Hungary,platt,True,ood_test,marginal,0.05,class1_avg_set_size,10,1.4509433962264153,0.10827843631022561,1.3113207547169812,1.3632075471698113,1.4339622641509433,1.5330188679245285,1.6132075471698113
Hungary,platt,True,ood_test,marginal,0.05,class0_singleton_accuracy,10,0.7702119088966367,0.22256533044453222,0.18181818181818182,0.7341678939617085,0.8514323784143905,0.8805147058823529,0.9368421052631579
Hungary,platt,True,ood_test,marginal,0.05,class1_singleton_accuracy,10,0.960824639177746,0.03029115553486803,0.9178082191780822,0.937120149602618,0.9600271002710027,0.9828869047619047,1.0
Hungary,platt,True,ood_test,marginal,0.05,empty_rate,10,0.0,0.0,0.0,0.0,0.0,0.0,0.0
Hungary,platt,True,ood_test,marginal,0.1,coverage,10,0.8948979591836735,0.038127955392462276,0.8401360544217688,0.8664965986394557,0.8962585034013606,0.9132653061224489,0.9591836734693877
Hungary,platt,True,ood_test,marginal,0.1,avg_set_size,10,1.2758503401360541,0.13133784107565394,1.1394557823129252,1.1760204081632653,1.2380952380952381,1.3545918367346939,1.5578231292517006
Hungary,platt,True,ood_test,marginal,0.1,singleton_rate,10,0.7241496598639455,0.13133784107565394,0.4421768707482993,0.6454081632653061,0.7619047619047619,0.8239795918367347,0.8605442176870748
Hungary,platt,True,ood_test,marginal,0.1,singleton_accuracy,10,0.8577405576974174,0.04095824872275638,0.7911111111111111,0.8289095871958029,0.8691308691308691,0.8774028175504427,0.9106145251396648
Hungary,platt,True,ood_test,marginal,0.1,class0_coverage,10,0.8776595744680851,0.059178437121555454,0.776595744680851,0.8351063829787234,0.8882978723404256,0.9228723404255319,0.9468085106382979
Hungary,platt,True,ood_test,marginal,0.1,class1_coverage,10,0.9254716981132074,0.04252846744353251,0.8490566037735849,0.9174528301886793,0.9339622641509434,0.9504716981132075,0.9811320754716981
Hungary,platt,True,ood_test,marginal,0.1,class0_avg_set_size,10,1.3095744680851062,0.16488027094621244,1.1436170212765957,1.1835106382978724,1.2712765957446808,1.389627659574468,1.6702127659574468
Hungary,platt,True,ood_test,marginal,0.1,class1_avg_set_size,10,1.2160377358490566,0.0801053951522784,1.1320754716981132,1.150943396226415,1.207547169811321,1.2358490566037736,1.3584905660377358
Hungary,platt,True,ood_test,marginal,0.1,class0_singleton_accuracy,10,0.8217881166982,0.07625716275036054,0.6865671641791045,0.7790664780763791,0.832398316970547,0.8854056902002108,0.910828025477707
Hungary,platt,True,ood_test,marginal,0.1,class1_singleton_accuracy,10,0.9073698383882857,0.04767257072923807,0.8222222222222222,0.90253404924044,0.9100840336134454,0.9402726902726902,0.9705882352941176
Hungary,platt,True,ood_test,marginal,0.1,empty_rate,10,0.0,0.0,0.0,0.0,0.0,0.0,0.0
Hungary,platt,True,ood_test,marginal,0.2,coverage,10,0.7965986394557824,0.040872976559999455,0.7346938775510204,0.7704081632653061,0.7993197278911565,0.8214285714285714,0.8605442176870748
Hungary,platt,True,ood_test,marginal,0.2,avg_set_size,10,1.0034013605442176,0.06216213225339137,0.9115646258503401,0.9523809523809523,1.0255102040816326,1.03656462585034,1.098639455782313
Hungary,platt,True,ood_test,marginal,0.2,singleton_rate,10,0.9462585034013606,0.02584437214794854,0.9013605442176871,0.9328231292517007,0.9523809523809523,0.9651360544217686,0.9829931972789115
Hungary,platt,True,ood_test,marginal,0.2,singleton_accuracy,10,0.8123914882952468,0.03972317660830021,0.7439446366782007,0.7775150905432596,0.8280758111146804,0.8447831596733315,0.8540145985401459
Hungary,platt,True,ood_test,marginal,0.2,class0_coverage,10,0.7718085106382979,0.06360529869777735,0.6702127659574468,0.7287234042553192,0.7765957446808511,0.8178191489361702,0.8670212765957447
Hungary,platt,True,ood_test,marginal,0.2,class1_coverage,10,0.840566037735849,0.05400205244661223,0.7547169811320755,0.804245283018868,0.8584905660377359,0.8844339622641509,0.9056603773584906
Hungary,platt,True,ood_test,marginal,0.2,class0_avg_set_size,10,1.0069148936170211,0.06383224975549302,0.9042553191489362,0.9547872340425532,1.0292553191489362,1.0492021276595744,1.101063829787234
Hungary,platt,True,ood_test,marginal,0.2,class1_avg_set_size,10,0.9971698113207547,0.06146974321019345,0.9245283018867925,0.9386792452830188,1.0,1.0377358490566038,1.0943396226415094
Hungary,platt,True,ood_test,marginal,0.2,class0_singleton_accuracy,10,0.785411824968856,0.07288804499577135,0.6612021857923497,0.7282109379849774,0.7955958061275741,0.8449356073790463,0.875
Hungary,platt,True,ood_test,marginal,0.2,class1_singleton_accuracy,10,0.8595645863256738,0.03234161313376307,0.801980198019802,0.8396464646464646,0.8676470588235294,0.8844820947246823,0.898989898989899
Hungary,platt,True,ood_test,marginal,0.2,empty_rate,10,0.025170068027210883,0.034396932952809545,0.0,0.0,0.0,0.047619047619047616,0.08843537414965986
Hungary,raw,False,id_test,label_conditional,0.05,coverage,10,0.9578947368421054,0.0267220108977681,0.9263157894736842,0.9368421052631579,0.9578947368421052,0.9763157894736842,1.0
Hungary,raw,False,id_test,label_conditional,0.05,avg_set_size,10,1.5757894736842106,0.14399223671833591,1.3789473684210527,1.4421052631578948,1.5947368421052632,1.6973684210526316,1.7473684210526317
Hungary,raw,False,id_test,label_conditional,0.05,singleton_rate,10,0.4242105263157895,0.1439922367183359,0.25263157894736843,0.3026315789473684,0.4052631578947369,0.5578947368421052,0.6210526315789474
Hungary,raw,False,id_test,label_conditional,0.05,singleton_accuracy,10,0.9063880966147047,0.050909786582171206,0.8387096774193549,0.8732954545454545,0.8914602346805737,0.943891557995882,1.0
Hungary,raw,False,id_test,label_conditional,0.05,class0_coverage,10,0.9545454545454547,0.04791329788133908,0.8484848484848485,0.9393939393939394,0.9696969696969697,0.9924242424242424,1.0
Hungary,raw,False,id_test,label_conditional,0.05,class1_coverage,10,0.9596774193548387,0.031578871302340696,0.9032258064516129,0.939516129032258,0.967741935483871,0.9838709677419355,1.0
Hungary,raw,False,id_test,label_conditional,0.05,class0_avg_set_size,10,1.4454545454545455,0.11432451569229019,1.2424242424242424,1.393939393939394,1.4393939393939394,1.4772727272727273,1.6363636363636365
Hungary,raw,False,id_test,label_conditional,0.05,class1_avg_set_size,10,1.6451612903225807,0.21043425581484868,1.3548387096774193,1.463709677419355,1.661290322580645,1.8266129032258065,1.903225806451613
Hungary,raw,False,id_test,label_conditional,0.05,class0_singleton_accuracy,10,0.9202166313218946,0.08661847193374145,0.7222222222222222,0.9011904761904762,0.9365384615384615,0.99,1.0
Hungary,raw,False,id_test,label_conditional,0.05,class1_singleton_accuracy,10,0.8613690922348416,0.1296587740442167,0.6153846153846154,0.8163771712158808,0.9125000000000001,0.9438344594594594,1.0
Hungary,raw,False,id_test,label_conditional,0.05,empty_rate,10,0.0,0.0,0.0,0.0,0.0,0.0,0.0
Hungary,raw,False,id_test,label_conditional,0.1,coverage,10,0.9105263157894739,0.03446821527085701,0.8736842105263158,0.8842105263157894,0.9052631578947368,0.9315789473684211,0.968421052631579
Hungary,raw,False,id_test,label_conditional,0.1,avg_set_size,10,1.3789473684210527,0.1389402798120935,1.231578947368421,1.2552631578947369,1.3210526315789473,1.5052631578947369,1.5789473684210527
Hungary,raw,False,id_test,label_conditional,0.1,singleton_rate,10,0.6210526315789473,0.13894027981209356,0.42105263157894735,0.49473684210526314,0.6789473684210526,0.7447368421052631,0.7684210526315789
Hungary,raw,False,id_test,label_conditional,0.1,singleton_accuracy,10,0.8572414773216452,0.0488930550704876,0.7659574468085106,0.8306737588652482,0.8483637747336378,0.8999295278365045,0.925
Hungary,raw,False,id_test,label_conditional,0.1,class0_coverage,10,0.909090909090909,0.06998185081086374,0.7575757575757576,0.8863636363636364,0.9090909090909091,0.9621212121212122,1.0
Hungary,raw,False,id_test,label_conditional,0.1,class1_coverage,10,0.9112903225806452,0.05226403789038597,0.8225806451612904,0.875,0.9032258064516129,0.9596774193548387,0.9838709677419355
Hungary,raw,False,id_test,label_conditional,0.1,class0_avg_set_size,10,1.2666666666666666,0.08547149818709564,1.1515151515151516,1.2196969696969697,1.2575757575757576,1.3409090909090908,1.393939393939394
Hungary,raw,False,id_test,label_conditional,0.1,class1_avg_set_size,10,1.4387096774193548,0.1822889877658568,1.2580645161290323,1.278225806451613,1.3629032258064515,1.6290322580645162,1.6774193548387097
Hungary,raw,False,id_test,label_conditional,0.1,class0_singleton_accuracy,10,0.8787710622710623,0.08709797137153351,0.7142857142857143,0.8616071428571428,0.8823076923076922,0.9386904761904762,1.0
Hungary,raw,False,id_test,label_conditional,0.1,class1_singleton_accuracy,10,0.8287560597885987,0.12430752713236448,0.5217391304347826,0.7966507177033493,0.8385471898197243,0.9068181818181817,0.9782608695652174
Hungary,raw,False,id_test,label_conditional,0.1,empty_rate,10,0.0,0.0,0.0,0.0,0.0,0.0,0.0
Hungary,raw,False,id_test,label_conditional,0.2,coverage,10,0.8031578947368422,0.07140156900679992,0.6421052631578947,0.781578947368421,0.8052631578947369,0.8421052631578947,0.9052631578947369
Hungary,raw,False,id_test,label_conditional,0.2,avg_set_size,10,1.0410526315789472,0.10449426786194982,0.8526315789473684,0.9763157894736842,1.0368421052631578,1.1105263157894736,1.1894736842105262
Hungary,raw,False,id_test,label_conditional,0.2,singleton_rate,10,0.9147368421052631,0.0686590552397893,0.8105263157894737,0.8578947368421053,0.9473684210526316,0.9657894736842105,1.0
Hungary,raw,False,id_test,label_conditional,0.2,singleton_accuracy,10,0.8100941467840437,0.04393292981553912,0.7528089887640449,0.779862700228833,0.8113553113553114,0.8411371237458194,0.8831168831168831
Hungary,raw,False,id_test,label_conditional,0.2,class0_coverage,10,0.8212121212121211,0.07063488378604885,0.7272727272727273,0.7651515151515151,0.803030303030303,0.8712121212121212,0.9393939393939394
Hungary,raw,False,id_test,label_conditional,0.2,class1_coverage,10,0.7935483870967742,0.09641510439337586,0.5806451612903226,0.7741935483870968,0.814516129032258,0.8225806451612904,0.9193548387096774
Hungary,raw,False,id_test,label_conditional,0.2,class0_avg_set_size,10,1.0333333333333332,0.08972290097455539,0.8787878787878788,0.9772727272727273,1.0303030303030303,1.0757575757575757,1.1818181818181819
Hungary,raw,False,id_test,label_conditional,0.2,class1_avg_set_size,10,1.0451612903225804,0.11298000461560172,0.8387096774193549,0.9758064516129032,1.0403225806451613,1.1290322580645162,1.1935483870967742
Hungary,raw,False,id_test,label_conditional,0.2,class0_singleton_accuracy,10,0.8290300687498965,0.0663027482106375,0.7272727272727273,0.7859375,0.8321759259259259,0.8717672413793103,0.9375
Hungary,raw,False,id_test,label_conditional,0.2,class1_singleton_accuracy,10,0.7997903824648303,0.07147997046230133,0.6923076923076923,0.7607894736842106,0.8032258064516129,0.8516949152542374,0.9
Hungary,raw,False,id_test,label_conditional,0.2,empty_rate,10,0.022105263157894732,0.046667985735216085,0.0,0.0,0.0,0.02368421052631579,0.14736842105263157
Hungary,raw,False,id_test,marginal,0.05,coverage,10,0.9610526315789473,0.022766495715801166,0.9052631578947369,0.9578947368421052,0.968421052631579,0.968421052631579,0.9894736842105263
Hungary,raw,False,id_test,marginal,0.05,avg_set_size,10,1.466315789473684,0.07830931244045557,1.3473684210526315,1.4473684210526316,1.4631578947368422,1.4921052631578946,1.6210526315789473
Hungary,raw,False,id_test,marginal,0.05,singleton_rate,10,0.5336842105263159,0.07830931244045558,0.37894736842105264,0.5078947368421053,0.5368421052631579,0.5526315789473684,0.6526315789473685
Hungary,raw,False,id_test,marginal,0.05,singleton_accuracy,10,0.9286457902874854,0.033990088075387954,0.8548387096774194,0.9129251700680272,0.9411764705882353,0.9441823899371069,0.9791666666666666
Hungary,raw,False,id_test,marginal,0.05,class0_coverage,10,0.903030303030303,0.06026841975828808,0.7575757575757576,0.8863636363636364,0.9090909090909091,0.9318181818181819,0.9696969696969697
Hungary,raw,False,id_test,marginal,0.05,class1_coverage,10,0.9919354838709677,0.011404948083653981,0.967741935483871,0.9838709677419355,1.0,1.0,1.0
Hungary,raw,False,id_test,marginal,0.05,class0_avg_set_size,10,1.593939393939394,0.09709587750058922,1.393939393939394,1.5303030303030303,1.621212121212121,1.6590909090909092,1.7272727272727273
Hungary,raw,False,id_test,marginal,0.05,class1_avg_set_size,10,1.3983870967741936,0.07718378138068001,1.2741935483870968,1.3709677419354838,1.403225806451613,1.4153225806451615,1.564516129032258
Hungary,raw,False,id_test,marginal,0.05,class0_singleton_accuracy,10,0.7708793983793983,0.10449575503839603,0.6,0.7067307692307692,0.78125,0.8459821428571428,0.9090909090909091
Hungary,raw,False,id_test,marginal,0.05,class1_singleton_accuracy,10,0.9860844360844363,0.019329066538512754,0.9487179487179487,0.9737773487773488,1.0,1.0,1.0
Hungary,raw,False,id_test,marginal,0.05,empty_rate,10,0.0,0.0,0.0,0.0,0.0,0.0,0.0
Hungary,raw,False,id_test,marginal,0.1,coverage,10,0.9073684210526316,0.02798231864895,0.8736842105263158,0.8842105263157894,0.9105263157894736,0.9263157894736842,0.9473684210526315
Hungary,raw,False,id_test,marginal,0.1,avg_set_size,10,1.2294736842105263,0.05803810000880097,1.1157894736842104,1.194736842105263,1.2210526315789474,1.2815789473684212,1.2947368421052632
Hungary,raw,False,id_test,marginal,0.1,singleton_rate,10,0.7705263157894737,0.05803810000880093,0.7052631578947368,0.718421052631579,0.7789473684210526,0.8052631578947368,0.8842105263157894
Hungary,raw,False,id_test,marginal,0.1,singleton_accuracy,10,0.8803413382543581,0.033309134686952624,0.8382352941176471,0.8542857142857143,0.8792680433449193,0.9090909090909091,0.927536231884058
Hungary,raw,False,id_test,marginal,0.1,class0_coverage,10,0.8121212121212121,0.07255872725684029,0.6666666666666666,0.7878787878787878,0.8333333333333334,0.8484848484848485,0.9090909090909091
Hungary,raw,False,id_test,marginal,0.1,class1_coverage,10,0.9580645161290324,0.02655718072092146,0.9032258064516129,0.939516129032258,0.967741935483871,0.9798387096774194,0.9838709677419355
Hungary,raw,False,id_test,marginal,0.1,class0_avg_set_size,10,1.312121212121212,0.1050213634793538,1.0909090909090908,1.2727272727272727,1.3181818181818181,1.3636363636363635,1.4848484848484849
Hungary,raw,False,id_test,marginal,0.1,class1_avg_set_size,10,1.185483870967742,0.04823752270141491,1.1290322580645162,1.1451612903225807,1.1774193548387097,1.217741935483871,1.2580645161290323
Hungary,raw,False,id_test,marginal,0.1,class0_singleton_accuracy,10,0.7308185914682078,0.08223209309100384,0.5909090909090909,0.6614130434782609,0.7609523809523809,0.7916666666666666,0.8235294117647058
Hungary,raw,False,id_test,marginal,0.1,class1_singleton_accuracy,10,0.9486432208222609,0.03254716261144219,0.88,0.9281567489114659,0.9593929450369155,0.9742616899097621,0.9814814814814815
Hungary,raw,False,id_test,marginal,0.1,empty_rate,10,0.0,0.0,0.0,0.0,0.0,0.0,0.0
Hungary,raw,False,id_test,marginal,0.2,coverage,10,0.8136842105263158,0.04988136124908339,0.7052631578947368,0.7947368421052632,0.8157894736842105,0.8289473684210527,0.8947368421052632
Hungary,raw,False,id_test,marginal,0.2,avg_set_size,10,0.9863157894736843,0.06374966430004732,0.8736842105263158,0.9578947368421052,0.9842105263157894,1.031578947368421,1.0947368421052632
Hungary,raw,False,id_test,marginal,0.2,singleton_rate,10,0.9505263157894737,0.039401493441767826,0.8736842105263158,0.9342105263157895,0.9578947368421052,0.9657894736842105,1.0
Hungary,raw,False,id_test,marginal,0.2,singleton_accuracy,10,0.8373470014513776,0.023108387340475198,0.8072289156626506,0.8218334297281665,0.8342677345537758,0.850743006993007,0.8837209302325582
Hungary,raw,False,id_test,marginal,0.2,class0_coverage,10,0.687878787878788,0.05722915343117291,0.6060606060606061,0.6439393939393939,0.696969696969697,0.7272727272727273,0.7575757575757576
Hungary,raw,False,id_test,marginal,0.2,class1_coverage,10,0.8806451612903226,0.06044502934432343,0.7419354838709677,0.8709677419354839,0.8870967741935484,0.8870967741935484,0.967741935483871
Hungary,raw,False,id_test,marginal,0.2,class0_avg_set_size,10,0.9878787878787879,0.07979158649750097,0.8484848484848485,0.946969696969697,0.9848484848484849,1.0454545454545454,1.121212121212121
Hungary,raw,False,id_test,marginal,0.2,class1_avg_set_size,10,0.9854838709677418,0.0561049262287938,0.8870967741935484,0.9516129032258065,0.9919354838709677,1.0241935483870968,1.0806451612903225
Hungary,raw,False,id_test,marginal,0.2,class0_singleton_accuracy,10,0.706914037482725,0.04084063899173759,0.625,0.6799395161290323,0.7257053291536051,0.7382697947214076,0.75
Hungary,raw,False,id_test,marginal,0.2,class1_singleton_accuracy,10,0.9057268976563752,0.045420188303493106,0.8363636363636363,0.874537281861449,0.9096500820120283,0.9442577440093513,0.9649122807017544
Hungary,raw,False,id_test,marginal,0.2,empty_rate,10,0.031578947368421054,0.042105263157894736,0.0,0.0,0.015789473684210527,0.042105263157894736,0.12631578947368421
Hungary,raw,False,ood_test,label_conditional,0.05,coverage,10,0.9574829931972788,0.02433023099078789,0.9081632653061225,0.9464285714285715,0.95578231292517,0.9770408163265306,0.9863945578231292
Hungary,raw,False,ood_test,label_conditional,0.05,avg_set_size,10,1.560204081632653,0.141991130251612,1.3571428571428572,1.449829931972789,1.5408163265306123,1.6768707482993197,1.7448979591836735
Hungary,raw,False,ood_test,label_conditional,0.05,singleton_rate,10,0.43979591836734705,0.141991130251612,0.25510204081632654,0.3231292517006803,0.4591836734693877,0.5501700680272108,0.6428571428571429
Hungary,raw,False,ood_test,label_conditional,0.05,singleton_accuracy,10,0.9101619703688751,0.02794890982590377,0.8571428571428571,0.8956702544031312,0.9064777327935223,0.9301596688350089,0.9487179487179487
Hungary,raw,False,ood_test,label_conditional,0.05,class0_coverage,10,0.9962765957446809,0.005046187755587823,0.9893617021276596,0.9906914893617021,1.0,1.0,1.0
Hungary,raw,False,ood_test,label_conditional,0.05,class1_coverage,10,0.8886792452830189,0.06872346354539742,0.7452830188679245,0.8679245283018868,0.8867924528301887,0.9504716981132075,0.9622641509433962
Hungary,raw,False,ood_test,label_conditional,0.05,class0_avg_set_size,10,1.4398936170212766,0.1795785085200834,1.1542553191489362,1.324468085106383,1.452127659574468,1.6063829787234043,1.6595744680851063
Hungary,raw,False,ood_test,label_conditional,0.05,class1_avg_set_size,10,1.7735849056603772,0.1491640405739801,1.4622641509433962,1.7099056603773586,1.7783018867924527,1.8962264150943395,1.9528301886792452
Hungary,raw,False,ood_test,label_conditional,0.05,class0_singleton_accuracy,10,0.9922015907206913,0.011421368489262286,0.96875,0.9853711629279811,1.0,1.0,1.0
Hungary,raw,False,ood_test,label_conditional,0.05,class1_singleton_accuracy,10,0.3876678096252649,0.3215131888151075,0.0,0.11911764705882354,0.35,0.6666666666666666,0.8709677419354839
Hungary,raw,False,ood_test,label_conditional,0.05,empty_rate,10,0.0,0.0,0.0,0.0,0.0,0.0,0.0
Hungary,raw,False,ood_test,label_conditional,0.1,coverage,10,0.9272108843537415,0.02352163715172777,0.9013605442176871,0.9107142857142857,0.9234693877551021,0.9362244897959184,0.9761904761904762
Hungary,raw,False,ood_test,label_conditional,0.1,avg_set_size,10,1.3605442176870746,0.1322016856884209,1.1734693877551021,1.2848639455782314,1.3384353741496597,1.4200680272108843,1.6496598639455782
Hungary,raw,False,ood_test,label_conditional,0.1,singleton_rate,10,0.6394557823129252,0.13220168568842094,0.35034013605442177,0.5799319727891157,0.66156462585034,0.7151360544217688,0.826530612244898
Hungary,raw,False,ood_test,label_conditional,0.1,singleton_accuracy,10,0.8887270209803255,0.023134588678914568,0.8605769230769231,0.8739079245615193,0.8837008002613098,0.9013530041278092,0.9320388349514563
Hungary,raw,False,ood_test,label_conditional,0.1,class0_coverage,10,0.9904255319148936,0.01115754093798032,0.973404255319149,0.9813829787234043,0.9946808510638298,1.0,1.0
Hungary,raw,False,ood_test,label_conditional,0.1,class1_coverage,10,0.8150943396226416,0.06673782840192359,0.7358490566037735,0.7735849056603774,0.8018867924528302,0.8372641509433962,0.9339622641509434
Hungary,raw,False,ood_test,label_conditional,0.1,class0_avg_set_size,10,1.2505319148936171,0.1522852512444729,1.1170212765957446,1.1502659574468086,1.1888297872340425,1.2845744680851063,1.5585106382978724
Hungary,raw,False,ood_test,label_conditional,0.1,class1_avg_set_size,10,1.5556603773584905,0.18306370887281162,1.2735849056603774,1.4033018867924527,1.5424528301886793,1.7099056603773586,1.8113207547169812
Hungary,raw,False,ood_test,label_conditional,0.1,class0_singleton_accuracy,10,0.9866440799014985,0.01725221340305837,0.9489795918367347,0.9769273221259976,0.9934461340758192,1.0,1.0
Hungary,raw,False,ood_test,label_conditional,0.1,class1_singleton_accuracy,10,0.522744610845913,0.24158518349777533,0.1,0.33183306055646483,0.5981818181818181,0.6787337662337662,0.8656716417910447
Hungary,raw,False,ood_test,label_conditional,0.1,empty_rate,10,0.0,0.0,0.0,0.0,0.0,0.0,0.0
Hungary,raw,False,ood_test,label_conditional,0.2,coverage,10,0.8428571428571429,0.0468241614481281,0.7755102040816326,0.810374149659864,0.8350340136054422,0.8835034013605442,0.9149659863945578
Hungary,raw,False,ood_test,label_conditional,0.2,avg_set_size,10,1.0523809523809526,0.09691324536843673,0.9047619047619048,0.9923469387755102,1.0527210884353742,1.1088435374149659,1.2244897959183674
Hungary,raw,False,ood_test,label_conditional,0.2,singleton_rate,10,0.9170068027210883,0.06919258785622928,0.7755102040816326,0.8843537414965986,0.9319727891156463,0.9600340136054422,1.0
Hungary,raw,False,ood_test,label_conditional,0.2,singleton_accuracy,10,0.8470067915001829,0.028114836315236303,0.7985865724381626,0.8317470544918999,0.843065693430657,0.8705357142857143,0.8903508771929824
Hungary,raw,False,ood_test,label_conditional,0.2,class0_coverage,10,0.9324468085106383,0.04043564014472613,0.8723404255319149,0.9095744680851063,0.9414893617021276,0.9601063829787234,0.9893617021276596
Hungary,raw,False,ood_test,label_conditional,0.2,class1_coverage,10,0.6839622641509433,0.1071261389741876,0.5283018867924528,0.5966981132075472,0.6792452830188679,0.7806603773584906,0.8207547169811321
Hungary,raw,False,ood_test,label_conditional,0.2,class0_avg_set_size,10,1.0388297872340426,0.07293465093269942,0.925531914893617,0.9920212765957447,1.0319148936170213,1.0904255319148937,1.1542553191489362
Hungary,raw,False,ood_test,label_conditional,0.2,class1_avg_set_size,10,1.0764150943396227,0.14108601923431377,0.8679245283018868,0.9929245283018868,1.080188679245283,1.1462264150943398,1.349056603773585
Hungary,raw,False,ood_test,label_conditional,0.2,class0_singleton_accuracy,10,0.9409200322710157,0.031239871740393946,0.8817204301075269,0.9300120611096221,0.941678568999524,0.9596535365152387,0.9874213836477987
Hungary,raw,False,ood_test,label_conditional,0.2,class1_singleton_accuracy,10,0.6680107786252449,0.09325823004641823,0.4897959183673469,0.6039179822872545,0.681159420289855,0.7501472754050074,0.7738095238095238
Hungary,raw,False,ood_test,label_conditional,0.2,empty_rate,10,0.015306122448979591,0.03179660694417269,0.0,0.0,0.0,0.007653061224489796,0.09523809523809523
Hungary,raw,False,ood_test,marginal,0.05,coverage,10,0.9761904761904763,0.01252308505350028,0.9455782312925171,0.9736394557823129,0.977891156462585,0.9846938775510203,0.9897959183673469
Hungary,raw,False,ood_test,marginal,0.05,avg_set_size,10,1.6608843537414966,0.08266620215361144,1.534013605442177,1.6284013605442178,1.663265306122449,1.7125850340136055,1.7959183673469388
Hungary,raw,False,ood_test,marginal,0.05,singleton_rate,10,0.3391156462585034,0.08266620215361146,0.20408163265306123,0.28741496598639454,0.336734693877551,0.3715986394557823,0.46598639455782315
Hungary,raw,False,ood_test,marginal,0.05,singleton_accuracy,10,0.9324566532773307,0.02102117729536292,0.8814814814814815,0.9335766423357664,0.9346810239739943,0.9376991565135895,0.9634146341463414
Hungary,raw,False,ood_test,marginal,0.05,class0_coverage,10,0.9813829787234043,0.012090586610803063,0.9521276595744681,0.9787234042553191,0.9840425531914894,0.9893617021276596,0.9946808510638298
Hungary,raw,False,ood_test,marginal,0.05,class1_coverage,10,0.9669811320754718,0.021443681913499768,0.9339622641509434,0.9528301886792453,0.9669811320754718,0.9811320754716981,1.0
Hungary,raw,False,ood_test,marginal,0.05,class0_avg_set_size,10,1.6989361702127659,0.11107275128791974,1.5585106382978724,1.6263297872340425,1.6702127659574468,1.7632978723404256,1.9361702127659575
Hungary,raw,False,ood_test,marginal,0.05,class1_avg_set_size,10,1.5933962264150945,0.11104236233947218,1.4150943396226414,1.5047169811320753,1.608490566037736,1.6485849056603774,1.7735849056603774
Hungary,raw,False,ood_test,marginal,0.05,class0_singleton_accuracy,10,0.9164338394135019,0.0929753357966754,0.6666666666666666,0.918997668997669,0.9501860272840017,0.953336422613531,0.9852941176470589
Hungary,raw,False,ood_test,marginal,0.05,class1_singleton_accuracy,10,0.9097177450288345,0.06940738779408669,0.7916666666666666,0.8915130568356375,0.9142300194931774,0.9592137592137592,1.0
Hungary,raw,False,ood_test,marginal,0.05,empty_rate,10,0.0,0.0,0.0,0.0,0.0,0.0,0.0
Hungary,raw,False,ood_test,marginal,0.1,coverage,10,0.9081632653061226,0.02514860885807125,0.8673469387755102,0.8979591836734694,0.9013605442176871,0.91921768707483,0.9523809523809523
Hungary,raw,False,ood_test,marginal,0.1,avg_set_size,10,1.2962585034013605,0.10891968708071384,1.1666666666666667,1.2023809523809523,1.2704081632653061,1.3954081632653061,1.4387755102040816
Hungary,raw,False,ood_test,marginal,0.1,singleton_rate,10,0.7037414965986395,0.10891968708071388,0.5612244897959183,0.6045918367346939,0.7295918367346939,0.7976190476190477,0.8333333333333334
Hungary,raw,False,ood_test,marginal,0.1,singleton_accuracy,10,0.8709955466601341,0.023949583633493008,0.8388888888888889,0.8576806320614371,0.8702961057304277,0.8807513914656772,0.9161676646706587
Hungary,raw,False,ood_test,marginal,0.1,class0_coverage,10,0.9207446808510639,0.033683277019122486,0.8670212765957447,0.8962765957446808,0.9202127659574468,0.9441489361702128,0.973404255319149
Hungary,raw,False,ood_test,marginal,0.1,class1_coverage,10,0.8858490566037736,0.04299099836511791,0.8301886792452831,0.8514150943396227,0.8962264150943396,0.9127358490566038,0.9622641509433962
Hungary,raw,False,ood_test,marginal,0.1,class0_avg_set_size,10,1.3308510638297872,0.13465375307671523,1.148936170212766,1.2167553191489362,1.3031914893617023,1.4707446808510638,1.4946808510638299
Hungary,raw,False,ood_test,marginal,0.1,class1_avg_set_size,10,1.2349056603773585,0.07998185190301416,1.1320754716981132,1.1910377358490565,1.1981132075471699,1.2924528301886793,1.3679245283018868
Hungary,raw,False,ood_test,marginal,0.1,class0_singleton_accuracy,10,0.8789184918969021,0.06075649003680393,0.7368421052631579,0.8651315789473684,0.8788489208633093,0.9233418367346939,0.9489795918367347
Hungary,raw,False,ood_test,marginal,0.1,class1_singleton_accuracy,10,0.8518333904479924,0.048479725672695824,0.788235294117647,0.810647233201581,0.8609186140209508,0.8685918234912394,0.9529411764705882
Hungary,raw,False,ood_test,marginal,0.1,empty_rate,10,0.0,0.0,0.0,0.0,0.0,0.0,0.0
Hungary,raw,False,ood_test,marginal,0.2,coverage,10,0.7982993197278911,0.03960309507896712,0.7346938775510204,0.7772108843537415,0.8078231292517006,0.8214285714285714,0.8571428571428571
Hungary,raw,False,ood_test,marginal,0.2,avg_set_size,10,0.9938775510204081,0.09393066513709031,0.8809523809523809,0.9209183673469388,0.9846938775510203,1.0374149659863945,1.183673469387755
Hungary,raw,False,ood_test,marginal,0.2,singleton_rate,10,0.9285714285714286,0.05653038939826715,0.8163265306122449,0.8979591836734694,0.9319727891156462,0.9744897959183674,0.9931972789115646
Hungary,raw,False,ood_test,marginal,0.2,singleton_accuracy,10,0.8245950910513515,0.016479826220809603,0.8,0.8152020790828719,0.8195810957364797,0.837003297940798,0.8539325842696629
Hungary,raw,False,ood_test,marginal,0.2,class0_coverage,10,0.8122340425531913,0.048947089952397674,0.7127659574468085,0.8045212765957447,0.8164893617021276,0.8404255319148937,0.8723404255319149
Hungary,raw,False,ood_test,marginal,0.2,class1_coverage,10,0.7735849056603773,0.061782650013800344,0.660377358490566,0.7382075471698113,0.7830188679245284,0.7924528301886793,0.8867924528301887
Hungary,raw,False,ood_test,marginal,0.2,class0_avg_set_size,10,1.0021276595744681,0.11670384628209714,0.8563829787234043,0.9308510638297872,0.9867021276595744,1.0545212765957446,1.2446808510638299
Hungary,raw,False,ood_test,marginal,0.2,class1_avg_set_size,10,0.9792452830188679,0.059466398256970136,0.8867924528301887,0.9551886792452831,0.9811320754716981,1.0070754716981134,1.0754716981132075
Hungary,raw,False,ood_test,marginal,0.2,class0_singleton_accuracy,10,0.8386370466205919,0.041948614715410774,0.7464788732394366,0.8295031055900621,0.8351598587084503,0.8588889294581569,0.9132947976878613
Hungary,raw,False,ood_test,marginal,0.2,class1_singleton_accuracy,10,0.7982499379591009,0.04001298970421952,0.7358490566037735,0.7842527109853843,0.8019607843137255,0.8142820643842617,0.8775510204081632
Hungary,raw,False,ood_test,marginal,0.2,empty_rate,10,0.03877551020408163,0.048161258184004734,0.0,0.0,0.015306122448979591,0.07908163265306123,0.11904761904761904
Hungary,raw,True,id_test,label_conditional,0.05,coverage,10,0.9631578947368421,0.02542346797577095,0.9052631578947369,0.9578947368421052,0.9631578947368421,0.9789473684210527,1.0
Hungary,raw,True,id_test,label_conditional,0.05,avg_set_size,10,1.5652631578947367,0.16413028478843797,1.2421052631578948,1.4657894736842105,1.6421052631578947,1.681578947368421,1.7157894736842105
Hungary,raw,True,id_test,label_conditional,0.05,singleton_rate,10,0.43473684210526314,0.16413028478843802,0.28421052631578947,0.31842105263157894,0.35789473684210527,0.5342105263157895,0.7578947368421053
Hungary,raw,True,id_test,label_conditional,0.05,singleton_accuracy,10,0.9187135767492582,0.045257500154287054,0.8275862068965517,0.9047704447632712,0.9296296296296296,0.9352194606028557,1.0
Hungary,raw,True,id_test,label_conditional,0.05,class0_coverage,10,0.9636363636363635,0.06026841975828806,0.8181818181818182,0.946969696969697,1.0,1.0,1.0
Hungary,raw,True,id_test,label_conditional,0.05,class1_coverage,10,0.9629032258064516,0.024103776098343986,0.9193548387096774,0.9516129032258065,0.967741935483871,0.9798387096774194,1.0
Hungary,raw,True,id_test,label_conditional,0.05,class0_avg_set_size,10,1.4333333333333333,0.12375283350134769,1.2424242424242424,1.3257575757575757,1.4393939393939394,1.5303030303030303,1.606060606060606
Hungary,raw,True,id_test,label_conditional,0.05,class1_avg_set_size,10,1.635483870967742,0.23051917756321058,1.2419354838709677,1.4596774193548387,1.717741935483871,1.814516129032258,1.903225806451613
Hungary,raw,True,id_test,label_conditional,0.05,class0_singleton_accuracy,10,0.9440065359477124,0.08469107683487362,0.76,0.9019607843137254,1.0,1.0,1.0
Hungary,raw,True,id_test,label_conditional,0.05,class1_singleton_accuracy,10,0.8247832804916355,0.2450555477083722,0.16666666666666666,0.8251748251748252,0.9166666666666667,0.9423758865248226,1.0
Hungary,raw,True,id_test,label_conditional,0.05,empty_rate,10,0.0,0.0,0.0,0.0,0.0,0.0,0.0
Hungary,raw,True,id_test,label_conditional,0.1,coverage,10,0.9115789473684212,0.033361022663872884,0.8526315789473684,0.8894736842105263,0.9105263157894736,0.9263157894736842,0.968421052631579
Hungary,raw,True,id_test,label_conditional,0.1,avg_set_size,10,1.3399999999999999,0.12563657545487428,1.2,1.2552631578947366,1.2842105263157895,1.4394736842105265,1.5368421052631578
Hungary,raw,True,id_test,label_conditional,0.1,singleton_rate,10,0.6599999999999999,0.12563657545487428,0.4631578947368421,0.5605263157894738,0.7157894736842105,0.7447368421052631,0.8
Hungary,raw,True,id_test,label_conditional,0.1,singleton_accuracy,10,0.8628998142412587,0.06054248433529445,0.7307692307692307,0.8471361502347418,0.8724200206398349,0.9015092879256966,0.9318181818181818
Hungary,raw,True,id_test,label_conditional,0.1,class0_coverage,10,0.9181818181818183,0.05722915343117293,0.7878787878787878,0.8863636363636364,0.9393939393939394,0.9621212121212122,0.9696969696969697
Hungary,raw,True,id_test,label_conditional,0.1,class1_coverage,10,0.9080645161290324,0.05589846765836573,0.7903225806451613,0.875,0.9193548387096774,0.9354838709677419,0.9838709677419355
Hungary,raw,True,id_test,label_conditional,0.1,class0_avg_set_size,10,1.2484848484848485,0.07531859346386761,1.1515151515151516,1.1818181818181819,1.2424242424242424,1.303030303030303,1.3636363636363635
Hungary,raw,True,id_test,label_conditional,0.1,class1_avg_set_size,10,1.3887096774193548,0.17110801035671058,1.2258064516129032,1.2379032258064515,1.314516129032258,1.5524193548387095,1.6290322580645162
Hungary,raw,True,id_test,label_conditional,0.1,class0_singleton_accuracy,10,0.8915503578547057,0.07335004972886315,0.7407407407407407,0.8417874396135265,0.9212962962962963,0.9464285714285714,0.9615384615384616
Hungary,raw,True,id_test,label_conditional,0.1,class1_singleton_accuracy,10,0.8263930128431719,0.14470083046680304,0.5,0.8209534368070954,0.8721590909090909,0.91256038647343,0.9791666666666666
Hungary,raw,True,id_test,label_conditional,0.1,empty_rate,10,0.0,0.0,0.0,0.0,0.0,0.0,0.0
Hungary,raw,True,id_test,label_conditional,0.2,coverage,10,0.8200000000000001,0.058175819523439136,0.7157894736842105,0.7921052631578948,0.8157894736842106,0.8631578947368421,0.9157894736842105
Hungary,raw,True,id_test,label_conditional,0.2,avg_set_size,10,1.0410526315789475,0.08629724519094996,0.9368421052631579,0.9631578947368421,1.0368421052631578,1.0921052631578947,1.1789473684210525
Hungary,raw,True,id_test,label_conditional,0.2,singleton_rate,10,0.9231578947368421,0.052526210315261675,0.8210526315789474,0.9078947368421053,0.9368421052631579,0.9473684210526315,0.9894736842105263
Hungary,raw,True,id_test,label_conditional,0.2,singleton_accuracy,10,0.8253770142866355,0.041748895048178844,0.7640449438202247,0.8011820330969267,0.8220244716351501,0.8504273504273504,0.9069767441860465
Hungary,raw,True,id_test,label_conditional,0.2,class0_coverage,10,0.8242424242424242,0.04907053657168129,0.7575757575757576,0.7954545454545454,0.8181818181818182,0.8484848484848485,0.9090909090909091
Hungary,raw,True,id_test,label_conditional,0.2,class1_coverage,10,0.817741935483871,0.07528801598466797,0.6935483870967742,0.7782258064516129,0.8225806451612904,0.8508064516129032,0.967741935483871
Hungary,raw,True,id_test,label_conditional,0.2,class0_avg_set_size,10,1.0484848484848484,0.06577301250949374,0.9696969696969697,0.9848484848484849,1.0454545454545454,1.0909090909090908,1.1515151515151516
Hungary,raw,True,id_test,label_conditional,0.2,class1_avg_set_size,10,1.0370967741935484,0.09827098148399051,0.9193548387096774,0.9516129032258064,1.032258064516129,1.092741935483871,1.2096774193548387
Hungary,raw,True,id_test,label_conditional,0.2,class0_singleton_accuracy,10,0.8224952990094815,0.04683135196363033,0.75,0.7859375,0.8229166666666667,0.857489224137931,0.8928571428571429
Hungary,raw,True,id_test,label_conditional,0.2,class1_singleton_accuracy,10,0.8266128543495169,0.05611767096404155,0.7543859649122807,0.7965819721718088,0.8263846622032867,0.8365674138507863,0.9642857142857143
Hungary,raw,True,id_test,label_conditional,0.2,empty_rate,10,0.017894736842105262,0.02895534180460036,0.0,0.0,0.0,0.039473684210526314,0.06315789473684211
Hungary,raw,True,id_test,marginal,0.05,coverage,10,0.9568421052631579,0.02072849893016412,0.9157894736842105,0.95,0.9578947368421052,0.9657894736842105,0.9894736842105263
Hungary,raw,True,id_test,marginal,0.05,avg_set_size,10,1.4473684210526314,0.13381721982824477,1.3157894736842106,1.368421052631579,1.4105263157894736,1.463157894736842,1.7789473684210526
Hungary,raw,True,id_test,marginal,0.05,singleton_rate,10,0.5526315789473684,0.13381721982824477,0.22105263157894736,0.5368421052631579,0.5894736842105263,0.631578947368421,0.6842105263157895
Hungary,raw,True,id_test,marginal,0.05,singleton_accuracy,10,0.925198960852852,0.02482590979269449,0.8769230769230769,0.9126984126984128,0.9314988290398127,0.9388709677419355,0.9534883720930233
Hungary,raw,True,id_test,marginal,0.05,class0_coverage,10,0.8969696969696969,0.05189992961076822,0.7878787878787878,0.8787878787878788,0.9090909090909091,0.9318181818181819,0.9696969696969697
Hungary,raw,True,id_test,marginal,0.05,class1_coverage,10,0.9887096774193548,0.017086288797925474,0.9516129032258065,0.9838709677419355,1.0,1.0,1.0
Hungary,raw,True,id_test,marginal,0.05,class0_avg_set_size,10,1.5454545454545454,0.1384980727353746,1.393939393939394,1.4545454545454546,1.5303030303030303,1.5757575757575757,1.8181818181818181
Hungary,raw,True,id_test,marginal,0.05,class1_avg_set_size,10,1.3951612903225805,0.1422954867512478,1.2580645161290323,1.310483870967742,1.3870967741935485,1.4112903225806452,1.7580645161290323
Hungary,raw,True,id_test,marginal,0.05,class0_singleton_accuracy,10,0.7792261904761904,0.06731842960555945,0.65,0.7777777777777778,0.7817460317460317,0.8214285714285714,0.8666666666666667
Hungary,raw,True,id_test,marginal,0.05,class1_singleton_accuracy,10,0.9840722551238225,0.024224975927334504,0.9302325581395349,0.9765873015873016,1.0,1.0,1.0
Hungary,raw,True,id_test,marginal,0.05,empty_rate,10,0.0,0.0,0.0,0.0,0.0,0.0,0.0
Hungary,raw,True,id_test,marginal,0.1,coverage,10,0.9031578947368422,0.03501747354350779,0.8105263157894737,0.8973684210526316,0.9157894736842105,0.9157894736842105,0.9368421052631579
Hungary,raw,True,id_test,marginal,0.1,avg_set_size,10,1.1842105263157896,0.06753816335059708,1.0736842105263158,1.1473684210526316,1.1842105263157894,1.2263157894736842,1.305263157894737
Hungary,raw,True,id_test,marginal,0.1,singleton_rate,10,0.8157894736842106,0.06753816335059704,0.6947368421052632,0.7736842105263158,0.8157894736842106,0.8526315789473684,0.9263157894736842
Hungary,raw,True,id_test,marginal,0.1,singleton_accuracy,10,0.8827772947945831,0.03319299300408143,0.7954545454545454,0.8796296296296297,0.8911111111111111,0.8945374800637959,0.9178082191780822
Hungary,raw,True,id_test,marginal,0.1,class0_coverage,10,0.8151515151515151,0.05430173759885096,0.7272727272727273,0.7727272727272727,0.8181818181818182,0.8484848484848485,0.9090909090909091
Hungary,raw,True,id_test,marginal,0.1,class1_coverage,10,0.95,0.04195615702177779,0.8387096774193549,0.9516129032258065,0.9596774193548387,0.967741935483871,0.9838709677419355
Hungary,raw,True,id_test,marginal,0.1,class0_avg_set_size,10,1.2393939393939395,0.1328196409985979,1.0303030303030303,1.1590909090909092,1.2121212121212122,1.303030303030303,1.5151515151515151
Hungary,raw,True,id_test,marginal,0.1,class1_avg_set_size,10,1.1548387096774193,0.03965395465502321,1.096774193548387,1.1330645161290325,1.153225806451613,1.189516129032258,1.2096774193548387
Hungary,raw,True,id_test,marginal,0.1,class0_singleton_accuracy,10,0.7595148848735807,0.04694879367926217,0.6666666666666666,0.7329545454545454,0.768888888888889,0.782608695652174,0.8214285714285714
Hungary,raw,True,id_test,marginal,0.1,class1_singleton_accuracy,10,0.9417158943887183,0.04616133836790312,0.8214285714285714,0.9401927437641724,0.9536064425770308,0.9622641509433962,0.9807692307692307
Hungary,raw,True,id_test,marginal,0.1,empty_rate,10,0.0,0.0,0.0,0.0,0.0,0.0,0.0
Hungary,raw,True,id_test,marginal,0.2,coverage,10,0.8231578947368421,0.06272757889147103,0.7368421052631579,0.7684210526315789,0.8210526315789474,0.868421052631579,0.9157894736842105
Hungary,raw,True,id_test,marginal,0.2,avg_set_size,10,0.9978947368421054,0.07472942883915304,0.9052631578947369,0.9421052631578948,1.0,1.0394736842105263,1.1473684210526316
Hungary,raw,True,id_test,marginal,0.2,singleton_rate,10,0.9452631578947368,0.047543535960573535,0.8526315789473684,0.9210526315789473,0.9421052631578948,0.9894736842105263,1.0
Hungary,raw,True,id_test,marginal,0.2,singleton_accuracy,10,0.843434353464837,0.037360053986338015,0.8021978021978022,0.8129509166173862,0.8371377882909521,0.8674724602203183,0.9111111111111111
Hungary,raw,True,id_test,marginal,0.2,class0_coverage,10,0.7181818181818183,0.09798500454769919,0.5757575757575758,0.6666666666666666,0.696969696969697,0.7878787878787878,0.8787878787878788
Hungary,raw,True,id_test,marginal,0.2,class1_coverage,10,0.8790322580645162,0.06639295180230359,0.7419354838709677,0.8548387096774194,0.8790322580645161,0.9193548387096774,0.967741935483871
Hungary,raw,True,id_test,marginal,0.2,class0_avg_set_size,10,1.0,0.09896928253669406,0.8181818181818182,0.9696969696969697,1.0,1.0454545454545454,1.1818181818181819
Hungary,raw,True,id_test,marginal,0.2,class1_avg_set_size,10,0.9967741935483871,0.06792091052625272,0.8870967741935484,0.9516129032258065,1.0,1.0241935483870968,1.1290322580645162
Hungary,raw,True,id_test,marginal,0.2,class0_singleton_accuracy,10,0.7347307754969046,0.070191447473,0.6451612903225806,0.671875,0.7268518518518519,0.7878787878787878,0.8518518518518519
Hungary,raw,True,id_test,marginal,0.2,class1_singleton_accuracy,10,0.8997969996782237,0.04077326828715946,0.8363636363636363,0.8700792782941498,0.9028562460765851,0.918329688354292,0.9666666666666667
Hungary,raw,True,id_test,marginal,0.2,empty_rate,10,0.028421052631578948,0.039087782292304904,0.0,0.0,0.0,0.05789473684210526,0.09473684210526316
Hungary,raw,True,ood_test,label_conditional,0.05,coverage,10,0.96734693877551,0.01997525219550588,0.9251700680272109,0.9574829931972788,0.9693877551020408,0.9829931972789115,0.9931972789115646
Hungary,raw,True,ood_test,label_conditional,0.05,avg_set_size,10,1.5622448979591836,0.17200746000381717,1.3537414965986394,1.465986394557823,1.5170068027210883,1.7210884353741498,1.816326530612245
Hungary,raw,True,ood_test,label_conditional,0.05,singleton_rate,10,0.43775510204081625,0.17200746000381714,0.1836734693877551,0.2789115646258503,0.48299319727891155,0.5340136054421769,0.6462585034013606
Hungary,raw,True,ood_test,label_conditional,0.05,singleton_accuracy,10,0.9296499346451004,0.026100947998271666,0.8616352201257862,0.9280770043680429,0.9344193817878028,0.9380010834236187,0.9629629629629629
Hungary,raw,True,ood_test,label_conditional,0.05,class0_coverage,10,0.9840425531914894,0.02665478081271792,0.9148936170212766,0.976063829787234,0.9973404255319149,1.0,1.0
Hungary,raw,True,ood_test,label_conditional,0.05,class1_coverage,10,0.9377358490566039,0.030227961863390974,0.9056603773584906,0.9150943396226415,0.9245283018867925,0.9575471698113207,0.9905660377358491
Hungary,raw,True,ood_test,label_conditional,0.05,class0_avg_set_size,10,1.4686170212765957,0.19981962717978252,1.2765957446808511,1.3204787234042552,1.3617021276595744,1.6648936170212765,1.7872340425531914
Hungary,raw,True,ood_test,label_conditional,0.05,class1_avg_set_size,10,1.728301886792453,0.23669867930309574,1.349056603773585,1.5471698113207546,1.8301886792452828,1.900943396226415,1.9811320754716981
Hungary,raw,True,ood_test,label_conditional,0.05,class0_singleton_accuracy,10,0.9665911013832353,0.055022833111275156,0.8279569892473119,0.959296218487395,0.9958677685950413,1.0,1.0
Hungary,raw,True,ood_test,label_conditional,0.05,class1_singleton_accuracy,10,0.5400952670517888,0.38689245807442724,0.0,0.17115384615384616,0.6666666666666666,0.8713768115942029,0.9565217391304348
Hungary,raw,True,ood_test,label_conditional,0.05,empty_rate,10,0.0,0.0,0.0,0.0,0.0,0.0,0.0
Hungary,raw,True,ood_test,label_conditional,0.1,coverage,10,0.9258503401360544,0.023224648760216543,0.8945578231292517,0.9090136054421769,0.9251700680272109,0.9396258503401361,0.9693877551020408
Hungary,raw,True,ood_test,label_conditional,0.1,avg_set_size,10,1.3197278911564623,0.08289835106771391,1.2142857142857142,1.2933673469387756,1.3129251700680271,1.3418367346938775,1.5136054421768708
Hungary,raw,True,ood_test,label_conditional,0.1,singleton_rate,10,0.6802721088435375,0.08289835106771387,0.48639455782312924,0.6581632653061225,0.6870748299319728,0.7066326530612245,0.7857142857142857
Hungary,raw,True,ood_test,label_conditional,0.1,singleton_accuracy,10,0.892357701040155,0.029233188716153692,0.8465346534653465,0.8694893173527879,0.8954137649789824,0.9110120596420572,0.9370629370629371
Hungary,raw,True,ood_test,label_conditional,0.1,class0_coverage,10,0.9531914893617021,0.04893103066853997,0.8670212765957447,0.9175531914893618,0.9680851063829787,0.9920212765957447,1.0
Hungary,raw,True,ood_test,label_conditional,0.1,class1_coverage,10,0.8773584905660379,0.05410267463548821,0.7830188679245284,0.8419811320754718,0.8962264150943396,0.9150943396226415,0.9433962264150944
Hungary,raw,True,ood_test,label_conditional,0.1,class0_avg_set_size,10,1.254255319148936,0.0852097481041532,1.127659574468085,1.1928191489361701,1.2659574468085106,1.3297872340425532,1.3617021276595744
Hungary,raw,True,ood_test,label_conditional,0.1,class1_avg_set_size,10,1.4358490566037736,0.18898298402988056,1.2547169811320755,1.2877358490566038,1.3679245283018868,1.5023584905660379,1.7830188679245282
Hungary,raw,True,ood_test,label_conditional,0.1,class0_singleton_accuracy,10,0.933909433322724,0.07266781021287629,0.8,0.8867549668874173,0.957513768686074,0.9897466405375139,1.0
Hungary,raw,True,ood_test,label_conditional,0.1,class1_singleton_accuracy,10,0.7293358035465476,0.21267510290720767,0.20689655172413793,0.6912587412587412,0.7674129353233832,0.8713474879125499,0.922077922077922
Hungary,raw,True,ood_test,label_conditional,0.1,empty_rate,10,0.0,0.0,0.0,0.0,0.0,0.0,0.0
Hungary,raw,True,ood_test,label_conditional,0.2,coverage,10,0.830952380952381,0.04443663451210277,0.7687074829931972,0.798469387755102,0.8248299319727892,0.8494897959183674,0.9115646258503401
Hungary,raw,True,ood_test,label_conditional,0.2,avg_set_size,10,1.0377551020408162,0.08956844340824524,0.8775510204081632,0.9787414965986394,1.0391156462585034,1.1045918367346939,1.1734693877551021
Hungary,raw,True,ood_test,label_conditional,0.2,singleton_rate,10,0.9227891156462584,0.05461158318875454,0.826530612244898,0.8775510204081632,0.9540816326530612,0.961734693877551,0.9829931972789115
Hungary,raw,True,ood_test,label_conditional,0.2,singleton_accuracy,10,0.8392744978136427,0.03671647270407601,0.7813620071684588,0.8176645225136071,0.8441311443225601,0.8642087821043911,0.8930041152263375
Hungary,raw,True,ood_test,label_conditional,0.2,class0_coverage,10,0.8792553191489361,0.06658031603995045,0.776595744680851,0.8311170212765957,0.8803191489361701,0.9375,0.9574468085106383
Hungary,raw,True,ood_test,label_conditional,0.2,class1_coverage,10,0.7452830188679245,0.0721216662967278,0.6509433962264151,0.6933962264150944,0.7452830188679245,0.8136792452830189,0.839622641509434
Hungary,raw,True,ood_test,label_conditional,0.2,class0_avg_set_size,10,1.0372340425531914,0.07580694441997149,0.898936170212766,0.9893617021276595,1.0398936170212765,1.0957446808510638,1.1329787234042554
Hungary,raw,True,ood_test,label_conditional,0.2,class1_avg_set_size,10,1.038679245283019,0.11727915645140614,0.839622641509434,0.9599056603773586,1.0377358490566038,1.0919811320754718,1.2452830188679245
Hungary,raw,True,ood_test,label_conditional,0.2,class0_singleton_accuracy,10,0.8871879116519736,0.07115651963488995,0.7653631284916201,0.8225409559765389,0.9264535631592488,0.9370072861920689,0.9520958083832335
Hungary,raw,True,ood_test,label_conditional,0.2,class1_singleton_accuracy,10,0.7498927603049423,0.053581008664451105,0.67,0.7075487012987014,0.76,0.7752106741573034,0.8269230769230769
Hungary,raw,True,ood_test,label_conditional,0.2,empty_rate,10,0.019727891156462583,0.039334397690259384,0.0,0.0,0.0,0.025510204081632654,0.12244897959183673
Hungary,raw,True,ood_test,marginal,0.05,coverage,10,0.9540816326530613,0.02815126761436537,0.9013605442176871,0.9404761904761905,0.9608843537414966,0.9753401360544217,0.9863945578231292
Hungary,raw,True,ood_test,marginal,0.05,avg_set_size,10,1.5874149659863945,0.14068143074504857,1.4183673469387754,1.4846938775510206,1.5578231292517006,1.7040816326530612,1.7925170068027212
Hungary,raw,True,ood_test,marginal,0.05,singleton_rate,10,0.4125850340136054,0.14068143074504857,0.20748299319727892,0.29591836734693877,0.4421768707482993,0.5153061224489797,0.5816326530612245
Hungary,raw,True,ood_test,marginal,0.05,singleton_accuracy,10,0.8902154593838144,0.05645217006502535,0.7804878048780488,0.8648995983935743,0.9155860666158149,0.9312118289938927,0.9395973154362416
Hungary,raw,True,ood_test,marginal,0.05,class0_coverage,10,0.9430851063829788,0.0382789879892719,0.8670212765957447,0.913563829787234,0.9627659574468086,0.9680851063829787,0.9840425531914894
Hungary,raw,True,ood_test,marginal,0.05,class1_coverage,10,0.9735849056603774,0.022146939448627678,0.9433962264150944,0.9551886792452831,0.9764150943396226,0.9905660377358491,1.0
Hungary,raw,True,ood_test,marginal,0.05,class0_avg_set_size,10,1.674468085106383,0.1827841342579595,1.4308510638297873,1.5159574468085106,1.6515957446808511,1.8404255319148937,1.9308510638297873
Hungary,raw,True,ood_test,marginal,0.05,class1_avg_set_size,10,1.4330188679245284,0.09948743286411453,1.3018867924528301,1.3466981132075473,1.4292452830188678,1.4858490566037734,1.6132075471698113
Hungary,raw,True,ood_test,marginal,0.05,class0_singleton_accuracy,10,0.7613102730362238,0.21713447801555677,0.25,0.7122469635627531,0.855379746835443,0.8838443396226415,0.9368421052631579
Hungary,raw,True,ood_test,marginal,0.05,class1_singleton_accuracy,10,0.9560631226619535,0.03351022051152487,0.90625,0.9332942097026604,0.9525648097076669,0.9819976771196283,1.0
Hungary,raw,True,ood_test,marginal,0.05,empty_rate,10,0.0,0.0,0.0,0.0,0.0,0.0,0.0
Hungary,raw,True,ood_test,marginal,0.1,coverage,10,0.8908163265306122,0.033305169585073326,0.8367346938775511,0.8690476190476191,0.891156462585034,0.9056122448979592,0.9421768707482994
Hungary,raw,True,ood_test,marginal,0.1,avg_set_size,10,1.2585034013605443,0.11961316911476583,1.1122448979591837,1.1683673469387756,1.248299319727891,1.3231292517006803,1.5136054421768708
Hungary,raw,True,ood_test,marginal,0.1,singleton_rate,10,0.7414965986394557,0.11961316911476584,0.48639455782312924,0.6768707482993197,0.7517006802721089,0.8316326530612246,0.8877551020408163
Hungary,raw,True,ood_test,marginal,0.1,singleton_accuracy,10,0.8536498278547151,0.03670724159299968,0.788546255506608,0.847527399091152,0.857646701124962,0.8728939836534774,0.9137055837563451
Hungary,raw,True,ood_test,marginal,0.1,class0_coverage,10,0.874468085106383,0.052966426934181014,0.776595744680851,0.8550531914893618,0.8776595744680851,0.9095744680851063,0.9521276595744681
Hungary,raw,True,ood_test,marginal,0.1,class1_coverage,10,0.9198113207547169,0.040086631396169685,0.8490566037735849,0.9150943396226415,0.9245283018867925,0.9410377358490566,0.9811320754716981
Hungary,raw,True,ood_test,marginal,0.1,class0_avg_set_size,10,1.2920212765957448,0.15325242582361917,1.127659574468085,1.1728723404255321,1.2872340425531914,1.3337765957446808,1.6382978723404256
Hungary,raw,True,ood_test,marginal,0.1,class1_avg_set_size,10,1.199056603773585,0.07695733795960001,1.0849056603773586,1.1367924528301887,1.1981132075471699,1.240566037735849,1.330188679245283
Hungary,raw,True,ood_test,marginal,0.1,class0_singleton_accuracy,10,0.817089424916745,0.07765639565142227,0.6888888888888889,0.7765369305616983,0.8229533881707795,0.8541431109675335,0.9285714285714286
Hungary,raw,True,ood_test,marginal,0.1,class1_singleton_accuracy,10,0.901715137396514,0.044058081749137314,0.8222222222222222,0.8893301670488045,0.9023064687168612,0.9302536231884058,0.9733333333333334
Hungary,raw,True,ood_test,marginal,0.1,empty_rate,10,0.0,0.0,0.0,0.0,0.0,0.0,0.0
Hungary,raw,True,ood_test,marginal,0.2,coverage,10,0.7959183673469388,0.04658194690288919,0.7278911564625851,0.7576530612244897,0.804421768707483,0.8239795918367347,0.8775510204081632
Hungary,raw,True,ood_test,marginal,0.2,avg_set_size,10,1.0047619047619047,0.07991709547786836,0.8877551020408163,0.9472789115646258,1.0119047619047619,1.068877551020408,1.129251700680272
Hungary,raw,True,ood_test,marginal,0.2,singleton_rate,10,0.9340136054421769,0.039672820319284326,0.8707482993197279,0.9107142857142857,0.9336734693877551,0.9574829931972788,0.9897959183673469
Hungary,raw,True,ood_test,marginal,0.2,singleton_accuracy,10,0.8152526147410406,0.038060247566256936,0.7448275862068966,0.7918384879725086,0.8246316505718249,0.8454955858747993,0.859375
Hungary,raw,True,ood_test,marginal,0.2,class0_coverage,10,0.7696808510638297,0.06848884798031825,0.6702127659574468,0.7460106382978723,0.7632978723404256,0.8018617021276596,0.898936170212766
Hungary,raw,True,ood_test,marginal,0.2,class1_coverage,10,0.8424528301886791,0.05262952306748545,0.7641509433962265,0.7995283018867925,0.8537735849056605,0.8844339622641509,0.9150943396226415
Hungary,raw,True,ood_test,marginal,0.2,class0_avg_set_size,10,1.004255319148936,0.08239627063903171,0.8723404255319149,0.9441489361702128,1.0186170212765957,1.0704787234042552,1.122340425531915
Hungary,raw,True,ood_test,marginal,0.2,class1_avg_set_size,10,1.0056603773584907,0.07692520679960081,0.9056603773584906,0.9528301886792453,1.0,1.0589622641509435,1.1415094339622642
Hungary,raw,True,ood_test,marginal,0.2,class0_singleton_accuracy,10,0.7891445057328406,0.07100157689881458,0.6630434782608695,0.751374785189814,0.7867571059431524,0.8463842533162174,0.8848484848484849
Hungary,raw,True,ood_test,marginal,0.2,class1_singleton_accuracy,10,0.8607808912014658,0.03335784951145299,0.801980198019802,0.8479381443298969,0.8669675791108522,0.8838443396226415,0.9090909090909091
Hungary,raw,True,ood_test,marginal,0.2,empty_rate,10,0.030612244897959183,0.04332193463615148,0.0,0.0,0.0,0.052721088435374146,0.11224489795918367
Switzerland,isotonic,False,id_test,label_conditional,0.05,coverage,10,0.9725000000000001,0.027230724295894387,0.9166666666666666,0.9604166666666667,0.9791666666666666,0.9916666666666667,1.0
Switzerland,isotonic,False,id_test,label_conditional,0.05,avg_set_size,10,1.6633333333333333,0.1973278277510252,1.4416666666666667,1.4895833333333335,1.65,1.79375,2.0
Switzerland,isotonic,False,id_test,label_conditional,0.05,singleton_rate,10,0.3366666666666666,0.19732782775102523,0.0,0.20625000000000002,0.35,0.5104166666666667,0.5583333333333333
Switzerland,isotonic,False,id_test,label_conditional,0.05,singleton_accuracy,9,0.9254920878024014,0.045789714823460045,0.8484848484848485,0.9130434782608695,0.9193548387096774,0.9552238805970149,1.0
Switzerland,isotonic,False,id_test,label_conditional,0.05,class0_coverage,10,0.9786885245901639,0.026826093352204542,0.9180327868852459,0.971311475409836,0.9836065573770492,1.0,1.0
Switzerland,isotonic,False,id_test,label_conditional,0.05,class1_coverage,10,0.9661016949152543,0.043762523685959516,0.8813559322033898,0.9533898305084746,0.9830508474576272,1.0,1.0
Switzerland,isotonic,False,id_test,label_conditional,0.05,class0_avg_set_size,10,1.601639344262295,0.23145801985276737,1.2950819672131149,1.3770491803278688,1.6557377049180328,1.7172131147540983,2.0
Switzerland,isotonic,False,id_test,label_conditional,0.05,class1_avg_set_size,10,1.7271186440677966,0.2034604397209848,1.3389830508474576,1.6144067796610169,1.694915254237288,1.8771186440677967,2.0
Switzerland,isotonic,False,id_test,label_conditional,0.05,class0_singleton_accuracy,9,0.9446336797593021,0.06793546971502462,0.782608695652174,0.9310344827586207,0.9444444444444444,1.0,1.0
Switzerland,isotonic,False,id_test,label_conditional,0.05,class1_singleton_accuracy,9,0.7766374269005848,0.3152333797650038,0.0,0.72,0.875,1.0,1.0
Switzerland,isotonic,False,id_test,label_conditional,0.05,empty_rate,10,0.0,0.0,0.0,0.0,0.0,0.0,0.0
Switzerland,isotonic,False,id_test,label_conditional,0.1,coverage,10,0.9424999999999999,0.0336673083913904,0.8916666666666667,0.9166666666666666,0.9416666666666667,0.9729166666666667,0.9833333333333333
Switzerland,isotonic,False,id_test,label_conditional,0.1,avg_set_size,10,1.4258333333333335,0.15403272459744904,1.1833333333333333,1.3333333333333333,1.4666666666666668,1.55625,1.5916666666666666
Switzerland,isotonic,False,id_test,label_conditional,0.1,singleton_rate,10,0.5741666666666666,0.15403272459744904,0.4083333333333333,0.44375,0.5333333333333334,0.6666666666666666,0.8166666666666667
Switzerland,isotonic,False,id_test,label_conditional,0.1,singleton_accuracy,10,0.9051916057649383,0.04276005223910875,0.8484848484848485,0.8692602040816326,0.9027777777777777,0.9433015141540487,0.9622641509433962
Switzerland,isotonic,False,id_test,label_conditional,0.1,class0_coverage,10,0.9475409836065575,0.03608212900375776,0.8688524590163934,0.9344262295081968,0.9508196721311475,0.9795081967213115,0.9836065573770492
Switzerland,isotonic,False,id_test,label_conditional,0.1,class1_coverage,10,0.9372881355932202,0.04992892902889425,0.8813559322033898,0.885593220338983,0.9406779661016949,0.9830508474576272,1.0
Switzerland,isotonic,False,id_test,label_conditional,0.1,class0_avg_set_size,10,1.4180327868852458,0.20096366719599226,1.1475409836065573,1.2663934426229508,1.3852459016393444,1.6065573770491803,1.7049180327868851
Switzerland,isotonic,False,id_test,label_conditional,0.1,class1_avg_set_size,10,1.4338983050847456,0.17195943394121396,1.152542372881356,1.3389830508474576,1.423728813559322,1.542372881355932,1.6779661016949152
Switzerland,isotonic,False,id_test,label_conditional,0.1,class0_singleton_accuracy,10,0.9035040991210289,0.06686052196885739,0.7619047619047619,0.875,0.918970189701897,0.9416666666666667,0.9807692307692307
Switzerland,isotonic,False,id_test,label_conditional,0.1,class1_singleton_accuracy,10,0.8875741626794259,0.088681057080595,0.72,0.8352272727272727,0.8973684210526316,0.9641148325358851,1.0
Switzerland,isotonic,False,id_test,label_conditional,0.1,empty_rate,10,0.0,0.0,0.0,0.0,0.0,0.0,0.0
Switzerland,isotonic,False,id_test,label_conditional,0.2,coverage,10,0.8975,0.02577502379924898,0.85,0.8916666666666667,0.9,0.9083333333333333,0.9416666666666667
Switzerland,isotonic,False,id_test,label_conditional,0.2,avg_set_size,10,1.2175,0.06729449741781306,1.1416666666666666,1.1833333333333333,1.1958333333333333,1.2312500000000002,1.3333333333333333
Switzerland,isotonic,False,id_test,label_conditional,0.2,singleton_rate,10,0.7825,0.06729449741781307,0.6666666666666666,0.76875,0.8041666666666667,0.8166666666666667,0.8583333333333333
Switzerland,isotonic,False,id_test,label_conditional,0.2,singleton_accuracy,10,0.8692656281318569,0.029154319682159806,0.8125,0.8633698453608247,0.8673469387755102,0.8790760869565217,0.9247311827956989
Switzerland,isotonic,False,id_test,label_conditional,0.2,class0_coverage,10,0.9065573770491804,0.04766957046462162,0.819672131147541,0.8770491803278688,0.9180327868852459,0.9344262295081968,0.9836065573770492
Switzerland,isotonic,False,id_test,label_conditional,0.2,class1_coverage,10,0.888135593220339,0.04167025743409214,0.8135593220338984,0.8813559322033898,0.8898305084745763,0.9110169491525424,0.9491525423728814
Switzerland,isotonic,False,id_test,label_conditional,0.2,class0_avg_set_size,10,1.2000000000000002,0.05453540961693837,1.098360655737705,1.1844262295081966,1.2049180327868854,1.2254098360655739,1.278688524590164
Switzerland,isotonic,False,id_test,label_conditional,0.2,class1_avg_set_size,10,1.235593220338983,0.09767641044813478,1.1355932203389831,1.1567796610169492,1.2033898305084745,1.271186440677966,1.4067796610169492
Switzerland,isotonic,False,id_test,label_conditional,0.2,class0_singleton_accuracy,10,0.8819323725999043,0.0600329403010313,0.7755102040816326,0.8430851063829787,0.9018097805159799,0.9106060606060606,0.9818181818181818
Switzerland,isotonic,False,id_test,label_conditional,0.2,class1_singleton_accuracy,10,0.8523441325070357,0.053173551330136085,0.78,0.8083333333333333,0.855764473033152,0.890686274509804,0.9302325581395349
Switzerland,isotonic,False,id_test,label_conditional,0.2,empty_rate,10,0.0,0.0,0.0,0.0,0.0,0.0,0.0
Switzerland,isotonic,False,id_test,marginal,0.05,coverage,10,0.9675,0.022377926734580916,0.9333333333333333,0.9520833333333333,0.9666666666666667,0.9833333333333333,1.0
Switzerland,isotonic,False,id_test,marginal,0.05,avg_set_size,10,1.6,0.1709180006990573,1.4166666666666667,1.4854166666666666,1.5625,1.675,2.0
Switzerland,isotonic,False,id_test,marginal,0.05,singleton_rate,10,0.39999999999999997,0.17091800069905733,0.0,0.325,0.4375,0.5145833333333334,0.5833333333333334
Switzerland,isotonic,False,id_test,marginal,0.05,singleton_accuracy,9,0.9193675614409533,0.04406546904395661,0.8431372549019608,0.8888888888888888,0.9193548387096774,0.9571428571428572,0.9714285714285714
Switzerland,isotonic,False,id_test,marginal,0.05,class0_coverage,10,0.9590163934426231,0.028130136997232224,0.9180327868852459,0.9385245901639344,0.9672131147540983,0.9795081967213115,1.0
Switzerland,isotonic,False,id_test,marginal,0.05,class1_coverage,10,0.9762711864406779,0.03408610876609798,0.9152542372881356,0.9703389830508474,0.9915254237288136,1.0,1.0
Switzerland,isotonic,False,id_test,marginal,0.05,class0_avg_set_size,10,1.6426229508196724,0.17534087812617624,1.3278688524590163,1.5614754098360655,1.6557377049180328,1.709016393442623,2.0
Switzerland,isotonic,False,id_test,marginal,0.05,class1_avg_set_size,10,1.5559322033898304,0.21331705386511557,1.3220338983050848,1.3644067796610169,1.5508474576271185,1.673728813559322,2.0
Switzerland,isotonic,False,id_test,marginal,0.05,class0_singleton_accuracy,9,0.8724744914936902,0.0847892510007325,0.75,0.782608695652174,0.9,0.9411764705882353,0.967741935483871
Switzerland,isotonic,False,id_test,marginal,0.05,class1_singleton_accuracy,9,0.939800835790341,0.08858857552704498,0.782608695652174,0.9487179487179487,0.9696969696969697,1.0,1.0
Switzerland,isotonic,False,id_test,marginal,0.05,empty_rate,10,0.0,0.0,0.0,0.0,0.0,0.0,0.0
Switzerland,isotonic,False,id_test,marginal,0.1,coverage,10,0.9375,0.03452723026293347,0.875,0.91875,0.95,0.9583333333333334,0.9833333333333333
Switzerland,isotonic,False,id_test,marginal,0.1,avg_set_size,10,1.3691666666666664,0.12583363993094854,1.1833333333333333,1.30625,1.3416666666666666,1.425,1.625
Switzerland,isotonic,False,id_test,marginal,0.1,singleton_rate,10,0.6308333333333332,0.12583363993094854,0.375,0.575,0.6583333333333333,0.69375,0.8166666666666667
Switzerland,isotonic,False,id_test,marginal,0.1,singleton_accuracy,10,0.9036903086382694,0.04137096064326336,0.8333333333333334,0.8765822784810127,0.9003267973856208,0.9293981481481481,0.9672131147540983
Switzerland,isotonic,False,id_test,marginal,0.1,class0_coverage,10,0.9311475409836065,0.04074612433291202,0.8688524590163934,0.9180327868852459,0.9344262295081968,0.9590163934426229,0.9836065573770492
Switzerland,isotonic,False,id_test,marginal,0.1,class1_coverage,10,0.9440677966101696,0.03918314324158126,0.8813559322033898,0.9194915254237288,0.9406779661016949,0.978813559322034,1.0
Switzerland,isotonic,False,id_test,marginal,0.1,class0_avg_set_size,10,1.398360655737705,0.1767402688616374,1.2131147540983607,1.2827868852459017,1.3360655737704918,1.459016393442623,1.7377049180327868
Switzerland,isotonic,False,id_test,marginal,0.1,class1_avg_set_size,10,1.3389830508474576,0.09785597782875013,1.152542372881356,1.2838983050847457,1.3559322033898304,1.3898305084745763,1.5084745762711864
Switzerland,isotonic,False,id_test,marginal,0.1,class0_singleton_accuracy,10,0.8797795871162111,0.06787623046351499,0.75,0.8421052631578948,0.8793604651162791,0.906423034330011,0.9772727272727273
Switzerland,isotonic,False,id_test,marginal,0.1,class1_singleton_accuracy,10,0.9163726073890468,0.05606044207083244,0.8333333333333334,0.8888888888888888,0.9125000000000001,0.9602490421455939,1.0
Switzerland,isotonic,False,id_test,marginal,0.1,empty_rate,10,0.0,0.0,0.0,0.0,0.0,0.0,0.0
Switzerland,isotonic,False,id_test,marginal,0.2,coverage,10,0.8441666666666666,0.06174544517614235,0.725,0.8104166666666667,0.875,0.8895833333333334,0.9083333333333333
Switzerland,isotonic,False,id_test,marginal,0.2,avg_set_size,10,1.0899999999999999,0.10414258981005649,0.95,1.0,1.0916666666666668,1.1895833333333332,1.2
Switzerland,isotonic,False,id_test,marginal,0.2,singleton_rate,10,0.8983333333333334,0.09143911149563466,0.8,0.8104166666666667,0.8958333333333333,0.9875,1.0
Switzerland,isotonic,False,id_test,marginal,0.2,singleton_accuracy,10,0.8353739224538204,0.04389996120790631,0.7631578947368421,0.8104166666666667,0.8445554123711341,0.866656037414966,0.8910891089108911
Switzerland,isotonic,False,id_test,marginal,0.2,class0_coverage,10,0.840983606557377,0.09275141404930684,0.639344262295082,0.8278688524590164,0.8688524590163934,0.8975409836065573,0.9344262295081968
Switzerland,isotonic,False,id_test,marginal,0.2,class1_coverage,10,0.8474576271186441,0.09004168051135157,0.6271186440677966,0.8432203389830508,0.8813559322033898,0.8940677966101696,0.9322033898305084
Switzerland,isotonic,False,id_test,marginal,0.2,class0_avg_set_size,10,1.0918032786885248,0.11597065263285081,0.9508196721311475,1.0,1.0573770491803278,1.209016393442623,1.2295081967213115
Switzerland,isotonic,False,id_test,marginal,0.2,class1_avg_set_size,10,1.0881355932203387,0.09779071874991546,0.9491525423728814,1.0,1.093220338983051,1.1694915254237288,1.2033898305084745
Switzerland,isotonic,False,id_test,marginal,0.2,class0_singleton_accuracy,10,0.8326823818549413,0.08535348516419947,0.65,0.815566652192792,0.8654607122668174,0.8820195326124869,0.9259259259259259
Switzerland,isotonic,False,id_test,marginal,0.2,class1_singleton_accuracy,10,0.837419479151199,0.07811742282106265,0.6607142857142857,0.8097047329570126,0.8569044639132248,0.892478813559322,0.9183673469387755
Switzerland,isotonic,False,id_test,marginal,0.2,empty_rate,10,0.005833333333333334,0.01573801719357255,0.0,0.0,0.0,0.0,0.05
Switzerland,isotonic,False,ood_test,label_conditional,0.05,coverage,10,0.9439024390243903,0.06232473166452548,0.8292682926829268,0.9004065040650406,0.9715447154471545,0.983739837398374,1.0
Switzerland,isotonic,False,ood_test,label_conditional,0.05,avg_set_size,10,1.826829268292683,0.1444752022652818,1.5934959349593496,1.733739837398374,1.8333333333333333,1.9573170731707317,2.0
Switzerland,isotonic,False,ood_test,label_conditional,0.05,singleton_rate,10,0.17317073170731712,0.1444752022652818,0.0,0.042682926829268296,0.16666666666666669,0.26626016260162605,0.4065040650406504
Switzerland,isotonic,False,ood_test,label_conditional,0.05,singleton_accuracy,9,0.6223169885669885,0.2067761425908057,0.34375,0.5,0.5952380952380952,0.7333333333333333,0.96
Switzerland,isotonic,False,ood_test,label_conditional,0.05,class0_coverage,10,0.9625,0.0843685697138191,0.75,1.0,1.0,1.0,1.0
Switzerland,isotonic,False,ood_test,label_conditional,0.05,class1_coverage,10,0.942608695652174,0.0668805642311401,0.8173913043478261,0.8934782608695652,0.9695652173913043,0.9891304347826088,1.0
Switzerland,isotonic,False,ood_test,label_conditional,0.05,class0_avg_set_size,10,1.625,0.19543398999264291,1.375,1.5,1.5625,1.71875,2.0
Switzerland,isotonic,False,ood_test,label_conditional,0.05,class1_avg_set_size,10,1.8408695652173912,0.14527783751664936,1.5913043478260869,1.75,1.8521739130434782,1.9760869565217392,2.0
Switzerland,isotonic,False,ood_test,label_conditional,0.05,class0_singleton_accuracy,9,0.9037037037037037,0.22388268532899874,0.3333333333333333,1.0,1.0,1.0,1.0
Switzerland,isotonic,False,ood_test,label_conditional,0.05,class1_singleton_accuracy,9,0.4516094464370326,0.35318552665843994,0.0,0.25,0.4,0.6666666666666666,1.0
Switzerland,isotonic,False,ood_test,label_conditional,0.05,empty_rate,10,0.0,0.0,0.0,0.0,0.0,0.0,0.0
Switzerland,isotonic,False,ood_test,label_conditional,0.1,coverage,10,0.88130081300813,0.084072011997794,0.7317073170731707,0.823170731707317,0.8821138211382114,0.9532520325203252,0.983739837398374
Switzerland,isotonic,False,ood_test,label_conditional,0.1,avg_set_size,10,1.5601626016260164,0.1481594394974384,1.2926829268292683,1.451219512195122,1.589430894308943,1.6443089430894309,1.7967479674796747
Switzerland,isotonic,False,ood_test,label_conditional,0.1,singleton_rate,10,0.4398373983739837,0.14815943949743846,0.2032520325203252,0.3556910569105691,0.4105691056910569,0.5487804878048781,0.7073170731707317
Switzerland,isotonic,False,ood_test,label_conditional,0.1,singleton_accuracy,10,0.7288386551616646,0.17211787787852542,0.48,0.5989252995066949,0.7386747802569303,0.8765015015015015,0.9574468085106383
Switzerland,isotonic,False,ood_test,label_conditional,0.1,class0_coverage,10,0.8375,0.10290907529357057,0.75,0.75,0.8125,0.875,1.0
Switzerland,isotonic,False,ood_test,label_conditional,0.1,class1_coverage,10,0.8843478260869565,0.08667102892419364,0.7304347826086957,0.8260869565217391,0.8826086956521739,0.9630434782608696,0.991304347826087
Switzerland,isotonic,False,ood_test,label_conditional,0.1,class0_avg_set_size,10,1.3625,0.19048549084437436,1.125,1.25,1.3125,1.5,1.625
Switzerland,isotonic,False,ood_test,label_conditional,0.1,class1_avg_set_size,10,1.5739130434782607,0.14830839194743226,1.3043478260869565,1.4717391304347824,1.6,1.658695652173913,1.817391304347826
Switzerland,isotonic,False,ood_test,label_conditional,0.1,class0_singleton_accuracy,10,0.7561904761904762,0.13515013161326142,0.6666666666666666,0.6666666666666666,0.6904761904761905,0.7785714285714286,1.0
Switzerland,isotonic,False,ood_test,label_conditional,0.1,class1_singleton_accuracy,10,0.7187917643916879,0.20339946355690747,0.38095238095238093,0.5769736842105264,0.7350378787878789,0.8966733870967742,0.9772727272727273
Switzerland,isotonic,False,ood_test,label_conditional,0.1,empty_rate,10,0.0,0.0,0.0,0.0,0.0,0.0,0.0
Switzerland,isotonic,False,ood_test,label_conditional,0.2,coverage,10,0.7975609756097561,0.06149433080110929,0.6504065040650406,0.7845528455284553,0.8170731707317074,0.8292682926829268,0.8699186991869918
Switzerland,isotonic,False,ood_test,label_conditional,0.2,avg_set_size,10,1.3308943089430894,0.09466105653021417,1.1951219512195121,1.2439024390243902,1.3495934959349594,1.3902439024390245,1.4634146341463414
Switzerland,isotonic,False,ood_test,label_conditional,0.2,singleton_rate,10,0.6691056910569105,0.09466105653021413,0.5365853658536586,0.6097560975609757,0.6504065040650406,0.7560975609756098,0.8048780487804879
Switzerland,isotonic,False,ood_test,label_conditional,0.2,singleton_accuracy,10,0.6927413461470222,0.1014353920493424,0.45569620253164556,0.6667972831765935,0.7174831081081081,0.7556281771968046,0.797979797979798
Switzerland,isotonic,False,ood_test,label_conditional,0.2,class0_coverage,10,0.7375,0.03952847075210474,0.625,0.75,0.75,0.75,0.75
Switzerland,isotonic,False,ood_test,label_conditional,0.2,class1_coverage,10,0.8017391304347825,0.0664520806071054,0.6434782608695652,0.7869565217391304,0.8217391304347826,0.8347826086956521,0.8782608695652174
Switzerland,isotonic,False,ood_test,label_conditional,0.2,class0_avg_set_size,10,1.2,0.08740073734751262,1.0,1.15625,1.25,1.25,1.25
Switzerland,isotonic,False,ood_test,label_conditional,0.2,class1_avg_set_size,10,1.34,0.10019514670287345,1.2,1.2456521739130435,1.3608695652173912,1.4021739130434783,1.4782608695652173
Switzerland,isotonic,False,ood_test,label_conditional,0.2,class0_singleton_accuracy,10,0.6702380952380953,0.044913202593399724,0.5714285714285714,0.6666666666666666,0.6666666666666666,0.6666666666666666,0.75
Switzerland,isotonic,False,ood_test,label_conditional,0.2,class1_singleton_accuracy,10,0.693432901796353,0.11453707425150735,0.4225352112676056,0.665625,0.7214052287581699,0.7639784946236559,0.8152173913043478
Switzerland,isotonic,False,ood_test,label_conditional,0.2,empty_rate,10,0.0,0.0,0.0,0.0,0.0,0.0,0.0
Switzerland,isotonic,False,ood_test,marginal,0.05,coverage,10,0.959349593495935,0.04534742691241602,0.8373983739837398,0.9552845528455285,0.9715447154471545,0.9817073170731707,1.0
Switzerland,isotonic,False,ood_test,marginal,0.05,avg_set_size,10,1.7138211382113824,0.13624726942038934,1.5772357723577235,1.6260162601626016,1.6626016260162602,1.7560975609756098,2.0
Switzerland,isotonic,False,ood_test,marginal,0.05,singleton_rate,10,0.28617886178861796,0.13624726942038934,0.0,0.24390243902439024,0.33739837398373984,0.37398373983739835,0.42276422764227645
Switzerland,isotonic,False,ood_test,marginal,0.05,singleton_accuracy,9,0.8472452507235115,0.13009255837898231,0.5652173913043478,0.8,0.9130434782608695,0.9333333333333333,0.96
Switzerland,isotonic,False,ood_test,marginal,0.05,class0_coverage,10,0.9,0.09860132971832694,0.75,0.875,0.875,1.0,1.0
Switzerland,isotonic,False,ood_test,marginal,0.05,class1_coverage,10,0.9634782608695653,0.05083631598468117,0.8260869565217391,0.9586956521739131,0.9782608695652174,0.9891304347826088,1.0
Switzerland,isotonic,False,ood_test,marginal,0.05,class0_avg_set_size,10,1.6,0.16457014715109583,1.375,1.5,1.625,1.625,2.0
Switzerland,isotonic,False,ood_test,marginal,0.05,class1_avg_set_size,10,1.7217391304347829,0.1381000492703953,1.5739130434782609,1.6369565217391306,1.6695652173913045,1.7717391304347827,2.0
Switzerland,isotonic,False,ood_test,marginal,0.05,class0_singleton_accuracy,9,0.7370370370370369,0.2604453687886517,0.3333333333333333,0.6666666666666666,0.75,1.0,1.0
Switzerland,isotonic,False,ood_test,marginal,0.05,class1_singleton_accuracy,9,0.8487642109399754,0.15931316291546135,0.5238095238095238,0.8076923076923077,0.9259259259259259,0.9512195121951219,1.0
Switzerland,isotonic,False,ood_test,marginal,0.05,empty_rate,10,0.0,0.0,0.0,0.0,0.0,0.0,0.0
Switzerland,isotonic,False,ood_test,marginal,0.1,coverage,10,0.8853658536585367,0.06004407377464807,0.7967479674796748,0.8495934959349594,0.8699186991869918,0.9247967479674797,0.975609756097561
Switzerland,isotonic,False,ood_test,marginal,0.1,avg_set_size,10,1.4918699186991868,0.10909331819983925,1.3008130081300813,1.4654471544715446,1.5162601626016259,1.5691056910569106,1.6260162601626016
Switzerland,isotonic,False,ood_test,marginal,0.1,singleton_rate,10,0.508130081300813,0.10909331819983928,0.37398373983739835,0.43089430894308944,0.483739837398374,0.5345528455284553,0.6991869918699187
Switzerland,isotonic,False,ood_test,marginal,0.1,singleton_accuracy,10,0.7817087267811232,0.09940586573119624,0.6615384615384615,0.7134283570892723,0.7553258145363408,0.846185064935065,0.9423076923076923
Switzerland,isotonic,False,ood_test,marginal,0.1,class0_coverage,10,0.7875,0.06038073644245599,0.75,0.75,0.75,0.84375,0.875
Switzerland,isotonic,False,ood_test,marginal,0.1,class1_coverage,10,0.8921739130434782,0.06273203096078278,0.8,0.8543478260869565,0.8782608695652174,0.9304347826086956,0.991304347826087
Switzerland,isotonic,False,ood_test,marginal,0.1,class0_avg_set_size,10,1.3125,0.13501543121683043,1.125,1.25,1.25,1.375,1.625
Switzerland,isotonic,False,ood_test,marginal,0.1,class1_avg_set_size,10,1.5043478260869565,0.11128321055334765,1.3130434782608695,1.4804347826086957,1.5304347826086957,1.5695652173913044,1.6434782608695653
Switzerland,isotonic,False,ood_test,marginal,0.1,class0_singleton_accuracy,10,0.6780952380952382,0.13556707880095129,0.3333333333333333,0.6666666666666666,0.6666666666666666,0.7785714285714286,0.8
Switzerland,isotonic,False,ood_test,marginal,0.1,class1_singleton_accuracy,10,0.7899216968789888,0.10998889776295225,0.6610169491525424,0.7114701310237619,0.7635746606334841,0.8607843137254902,0.9795918367346939
Switzerland,isotonic,False,ood_test,marginal,0.1,empty_rate,10,0.0,0.0,0.0,0.0,0.0,0.0,0.0
Switzerland,isotonic,False,ood_test,marginal,0.2,coverage,10,0.7300813008130081,0.1228691739012199,0.5040650406504065,0.6910569105691057,0.7723577235772358,0.8028455284552846,0.8699186991869918
Switzerland,isotonic,False,ood_test,marginal,0.2,avg_set_size,10,1.1211382113821138,0.1628476007627056,0.8780487804878049,0.9939024390243902,1.1097560975609757,1.2337398373983741,1.3658536585365855
Switzerland,isotonic,False,ood_test,marginal,0.2,singleton_rate,10,0.8512195121951219,0.13501538872025257,0.6341463414634146,0.7662601626016261,0.8414634146341464,0.9878048780487805,1.0
Switzerland,isotonic,False,ood_test,marginal,0.2,singleton_accuracy,10,0.6975976075699,0.10986954302753334,0.5081967213114754,0.6153100775193798,0.700354609929078,0.7971958584987058,0.8383838383838383
Switzerland,isotonic,False,ood_test,marginal,0.2,class0_coverage,10,0.6875,0.10622957319984969,0.5,0.65625,0.75,0.75,0.75
Switzerland,isotonic,False,ood_test,marginal,0.2,class1_coverage,10,0.7330434782608696,0.13232447564869693,0.48695652173913045,0.6869565217391305,0.7739130434782608,0.8239130434782609,0.8782608695652174
Switzerland,isotonic,False,ood_test,marginal,0.2,class0_avg_set_size,10,1.1,0.14191155304938666,0.875,1.0,1.0625,1.25,1.25
Switzerland,isotonic,False,ood_test,marginal,0.2,class1_avg_set_size,10,1.122608695652174,0.16531652251059736,0.8782608695652174,0.9934782608695653,1.108695652173913,1.232608695652174,1.373913043478261
Switzerland,isotonic,False,ood_test,marginal,0.2,class0_singleton_accuracy,10,0.6595238095238096,0.09035079029052513,0.5,0.6666666666666666,0.6666666666666666,0.7142857142857143,0.75
Switzerland,isotonic,False,ood_test,marginal,0.2,class1_singleton_accuracy,10,0.6998642081899369,0.12202264531136138,0.49122807017543857,0.6080335881689435,0.6996753246753247,0.815050266114725,0.8494623655913979
Switzerland,isotonic,False,ood_test,marginal,0.2,empty_rate,10,0.013821138211382113,0.03814308990840498,0.0,0.0,0.0,0.006097560975609756,0.12195121951219512
Switzerland,isotonic,True,id_test,label_conditional,0.05,coverage,10,0.9775,0.017590155776652853,0.9416666666666667,0.96875,0.975,0.9895833333333334,1.0
Switzerland,isotonic,True,id_test,label_conditional,0.05,avg_set_size,10,1.6849999999999998,0.15712501902923756,1.5,1.5625,1.6541666666666668,1.7770833333333333,1.9583333333333333
Switzerland,isotonic,True,id_test,label_conditional,0.05,singleton_rate,10,0.31500000000000006,0.15712501902923756,0.041666666666666664,0.22291666666666668,0.3458333333333333,0.4375,0.5
Switzerland,isotonic,True,id_test,label_conditional,0.05,singleton_accuracy,10,0.9410453944939869,0.0388644246792811,0.8833333333333333,0.9166666666666666,0.9300285597715219,0.9673611111111111,1.0
Switzerland,isotonic,True,id_test,label_conditional,0.05,class0_coverage,10,0.9737704918032787,0.024681070580625634,0.9508196721311475,0.9508196721311475,0.9672131147540983,1.0,1.0
Switzerland,isotonic,True,id_test,label_conditional,0.05,class1_coverage,10,0.98135593220339,0.02703612681131165,0.9322033898305084,0.9830508474576272,0.9915254237288136,1.0,1.0
Switzerland,isotonic,True,id_test,label_conditional,0.05,class0_avg_set_size,10,1.6688524590163936,0.22448310904969873,1.278688524590164,1.5450819672131146,1.6639344262295084,1.7991803278688525,2.0
Switzerland,isotonic,True,id_test,label_conditional,0.05,class1_avg_set_size,10,1.7016949152542373,0.26235623824934706,1.305084745762712,1.5084745762711864,1.7796610169491527,1.9279661016949152,2.0
Switzerland,isotonic,True,id_test,label_conditional,0.05,class0_singleton_accuracy,9,0.8196696912383187,0.3169429295931588,0.0,0.8571428571428571,0.9117647058823529,1.0,1.0
Switzerland,isotonic,True,id_test,label_conditional,0.05,class1_singleton_accuracy,9,0.8310541310541311,0.3235235375718314,0.0,0.8461538461538461,0.9666666666666667,1.0,1.0
Switzerland,isotonic,True,id_test,label_conditional,0.05,empty_rate,10,0.0,0.0,0.0,0.0,0.0,0.0,0.0
Switzerland,isotonic,True,id_test,label_conditional,0.1,coverage,10,0.9408333333333332,0.03858012345659258,0.8416666666666667,0.9354166666666667,0.9458333333333333,0.95625,0.9833333333333333
Switzerland,isotonic,True,id_test,label_conditional,0.1,avg_set_size,10,1.3708333333333331,0.1403946158089695,1.1833333333333333,1.28125,1.3291666666666666,1.45,1.6583333333333334
Switzerland,isotonic,True,id_test,label_conditional,0.1,singleton_rate,10,0.6291666666666667,0.14039461580896948,0.3416666666666667,0.55,0.6708333333333334,0.71875,0.8166666666666667
Switzerland,isotonic,True,id_test,label_conditional,0.1,singleton_accuracy,10,0.9109724681834077,0.04177155461989073,0.8061224489795918,0.9032738095238095,0.9137991573033708,0.9386038687973086,0.9512195121951219
Switzerland,isotonic,True,id_test,label_conditional,0.1,class0_coverage,10,0.9426229508196723,0.03301378681309992,0.8688524590163934,0.9344262295081968,0.9426229508196722,0.9508196721311475,1.0
Switzerland,isotonic,True,id_test,label_conditional,0.1,class1_coverage,10,0.9389830508474576,0.048731883961238,0.8135593220338984,0.9322033898305084,0.9491525423728814,0.961864406779661,1.0
Switzerland,isotonic,True,id_test,label_conditional,0.1,class0_avg_set_size,10,1.3426229508196719,0.20084476256776101,1.1147540983606556,1.2172131147540983,1.2704918032786887,1.3729508196721312,1.7704918032786885
Switzerland,isotonic,True,id_test,label_conditional,0.1,class1_avg_set_size,10,1.4,0.15923786693742661,1.2542372881355932,1.2796610169491525,1.347457627118644,1.4618644067796611,1.7627118644067796
Switzerland,isotonic,True,id_test,label_conditional,0.1,class0_singleton_accuracy,10,0.9061020273016354,0.049109362590278774,0.8333333333333334,0.8665413533834586,0.9157801418439716,0.9296328671328671,1.0
Switzerland,isotonic,True,id_test,label_conditional,0.1,class1_singleton_accuracy,10,0.8946498580046816,0.07645112337435613,0.75,0.8761987794245859,0.9071018651362984,0.9450581395348837,1.0
Switzerland,isotonic,True,id_test,label_conditional,0.1,empty_rate,10,0.0,0.0,0.0,0.0,0.0,0.0,0.0
Switzerland,isotonic,True,id_test,label_conditional,0.2,coverage,10,0.8699999999999999,0.065991956112885,0.7166666666666667,0.8520833333333333,0.875,0.9166666666666666,0.9416666666666667
Switzerland,isotonic,True,id_test,label_conditional,0.2,avg_set_size,10,1.1300000000000001,0.12718461355811056,0.9,1.03125,1.1375,1.2416666666666667,1.275
Switzerland,isotonic,True,id_test,label_conditional,0.2,singleton_rate,10,0.85,0.09976824997815541,0.725,0.7583333333333333,0.8625,0.89375,1.0
Switzerland,isotonic,True,id_test,label_conditional,0.2,singleton_accuracy,10,0.8615138475077624,0.04044309984683674,0.7962962962962963,0.830952380952381,0.8577380952380952,0.8949412656309208,0.9230769230769231
Switzerland,isotonic,True,id_test,label_conditional,0.2,class0_coverage,10,0.8737704918032787,0.07084884375240631,0.7377049180327869,0.8524590163934426,0.8770491803278688,0.930327868852459,0.9672131147540983
Switzerland,isotonic,True,id_test,label_conditional,0.2,class1_coverage,10,0.8661016949152541,0.08732423878092682,0.6949152542372882,0.809322033898305,0.9067796610169492,0.9322033898305084,0.9491525423728814
Switzerland,isotonic,True,id_test,label_conditional,0.2,class0_avg_set_size,10,1.1081967213114754,0.1031615260495231,0.9180327868852459,1.028688524590164,1.1311475409836065,1.1762295081967213,1.2459016393442623
Switzerland,isotonic,True,id_test,label_conditional,0.2,class1_avg_set_size,10,1.152542372881356,0.16432813075987554,0.8813559322033898,1.0296610169491525,1.1271186440677967,1.288135593220339,1.3728813559322033
Switzerland,isotonic,True,id_test,label_conditional,0.2,class0_singleton_accuracy,10,0.8655106220725701,0.06425296339622517,0.7547169811320755,0.8163756236635781,0.8657987785278045,0.9178860223334617,0.96
Switzerland,isotonic,True,id_test,label_conditional,0.2,class1_singleton_accuracy,10,0.8549286531048115,0.06744625079820801,0.7307692307692307,0.8069170865781035,0.8627532038032244,0.9070175438596491,0.9411764705882353
Switzerland,isotonic,True,id_test,label_conditional,0.2,empty_rate,10,0.01,0.03162277660168379,0.0,0.0,0.0,0.0,0.1
Switzerland,isotonic,True,id_test,marginal,0.05,coverage,10,0.9666666666666666,0.02939723678960655,0.9,0.9604166666666667,0.9791666666666666,0.9833333333333333,0.9916666666666667
Switzerland,isotonic,True,id_test,marginal,0.05,avg_set_size,10,1.5716666666666665,0.13939906300055283,1.3583333333333334,1.4749999999999999,1.5875,1.6666666666666667,1.775
Switzerland,isotonic,True,id_test,marginal,0.05,singleton_rate,10,0.42833333333333334,0.13939906300055285,0.225,0.3333333333333333,0.4125,0.5249999999999999,0.6416666666666667
Switzerland,isotonic,True,id_test,marginal,0.05,singleton_accuracy,10,0.9289846594761455,0.042257995865517976,0.8378378378378378,0.912781954887218,0.9321937321937321,0.9580882352941177,0.9791666666666666
Switzerland,isotonic,True,id_test,marginal,0.05,class0_coverage,10,0.9590163934426229,0.04107458026877844,0.8688524590163934,0.9385245901639344,0.9590163934426229,0.9959016393442623,1.0
Switzerland,isotonic,True,id_test,marginal,0.05,class1_coverage,10,0.9745762711864409,0.025580184006037923,0.9322033898305084,0.9661016949152542,0.9830508474576272,0.9957627118644068,1.0
Switzerland,isotonic,True,id_test,marginal,0.05,class0_avg_set_size,10,1.544262295081967,0.17050581419240565,1.2459016393442623,1.430327868852459,1.5901639344262295,1.6516393442622952,1.7868852459016393
Switzerland,isotonic,True,id_test,marginal,0.05,class1_avg_set_size,10,1.6,0.2000989253891856,1.3559322033898304,1.4364406779661016,1.5508474576271187,1.788135593220339,1.88135593220339
Switzerland,isotonic,True,id_test,marginal,0.05,class0_singleton_accuracy,10,0.906964526529744,0.07922488337688918,0.7837837837837838,0.8489010989010989,0.9009661835748792,0.9886363636363636,1.0
Switzerland,isotonic,True,id_test,marginal,0.05,class1_singleton_accuracy,10,0.913808446060019,0.096713504249787,0.7142857142857143,0.8761987794245859,0.9436274509803921,0.993421052631579,1.0
Switzerland,isotonic,True,id_test,marginal,0.05,empty_rate,10,0.0,0.0,0.0,0.0,0.0,0.0,0.0
Switzerland,isotonic,True,id_test,marginal,0.1,coverage,10,0.9408333333333332,0.03877960836175833,0.8416666666666667,0.9416666666666667,0.9458333333333333,0.95625,0.9833333333333333
Switzerland,isotonic,True,id_test,marginal,0.1,avg_set_size,10,1.3475,0.16597309390752038,1.125,1.2625,1.2958333333333334,1.3791666666666667,1.6583333333333334
Switzerland,isotonic,True,id_test,marginal,0.1,singleton_rate,10,0.6525000000000001,0.16597309390752035,0.3416666666666667,0.6208333333333333,0.7041666666666666,0.7375,0.875
Switzerland,isotonic,True,id_test,marginal,0.1,singleton_accuracy,10,0.9145533478608454,0.03759474434340569,0.819047619047619,0.9059989959839357,0.9240887914497122,0.9356441430909517,0.9512195121951219
Switzerland,isotonic,True,id_test,marginal,0.1,class0_coverage,10,0.939344262295082,0.04766957046462159,0.819672131147541,0.9344262295081968,0.9508196721311475,0.9631147540983607,1.0
Switzerland,isotonic,True,id_test,marginal,0.1,class1_coverage,10,0.9423728813559322,0.03313644813246368,0.864406779661017,0.9364406779661016,0.9491525423728814,0.9491525423728814,1.0
Switzerland,isotonic,True,id_test,marginal,0.1,class0_avg_set_size,10,1.3065573770491803,0.18499507496109577,1.098360655737705,1.2172131147540983,1.2295081967213115,1.360655737704918,1.7704918032786885
Switzerland,isotonic,True,id_test,marginal,0.1,class1_avg_set_size,10,1.3898305084745763,0.19701238162895696,1.152542372881356,1.2796610169491525,1.347457627118644,1.4152542372881356,1.8644067796610169
Switzerland,isotonic,True,id_test,marginal,0.1,class0_singleton_accuracy,10,0.9118926444296387,0.05499826749508697,0.8,0.8955424274973147,0.9189852700490999,0.9371675531914894,1.0
Switzerland,isotonic,True,id_test,marginal,0.1,class1_singleton_accuracy,10,0.8875734902079166,0.10032702247136235,0.625,0.8966623876765083,0.9142156862745098,0.9284436493738819,1.0
Switzerland,isotonic,True,id_test,marginal,0.1,empty_rate,10,0.0,0.0,0.0,0.0,0.0,0.0,0.0
Switzerland,isotonic,True,id_test,marginal,0.2,coverage,10,0.8483333333333334,0.058240667137679454,0.75,0.825,0.8583333333333334,0.8854166666666667,0.925
Switzerland,isotonic,True,id_test,marginal,0.2,avg_set_size,10,1.0741666666666667,0.13536929370803538,0.85,1.0,1.0333333333333332,1.2104166666666667,1.2416666666666667
Switzerland,isotonic,True,id_test,marginal,0.2,singleton_rate,10,0.8875000000000002,0.10185395620721724,0.7583333333333333,0.7895833333333333,0.8916666666666666,0.9895833333333334,1.0
Switzerland,isotonic,True,id_test,marginal,0.2,singleton_accuracy,10,0.8531527147054744,0.03225891992848554,0.8,0.82875,0.8535714285714285,0.8764386189258312,0.9032258064516129
Switzerland,isotonic,True,id_test,marginal,0.2,class0_coverage,10,0.8098360655737705,0.08185785054021423,0.7049180327868853,0.7377049180327869,0.7950819672131147,0.8647540983606556,0.9344262295081968
Switzerland,isotonic,True,id_test,marginal,0.2,class1_coverage,10,0.888135593220339,0.09985785805778848,0.6271186440677966,0.902542372881356,0.9322033898305084,0.9322033898305084,0.9491525423728814
Switzerland,isotonic,True,id_test,marginal,0.2,class0_avg_set_size,10,1.0737704918032789,0.11878177660811017,0.9180327868852459,1.0,1.0327868852459017,1.151639344262295,1.2622950819672132
Switzerland,isotonic,True,id_test,marginal,0.2,class1_avg_set_size,10,1.0745762711864406,0.16706358940814658,0.7796610169491526,1.0,1.0338983050847457,1.1822033898305084,1.3728813559322033
Switzerland,isotonic,True,id_test,marginal,0.2,class0_singleton_accuracy,10,0.8061104385207456,0.08513073801945521,0.7049180327868853,0.7504985044865404,0.7794075352315214,0.8677536231884058,0.9464285714285714
Switzerland,isotonic,True,id_test,marginal,0.2,class1_singleton_accuracy,10,0.8989470727880032,0.04873537233332521,0.8043478260869565,0.8711180124223602,0.9159604519774012,0.9287443791075752,0.9491525423728814
Switzerland,isotonic,True,id_test,marginal,0.2,empty_rate,10,0.019166666666666665,0.04779876799899995,0.0,0.0,0.0,0.0,0.15
Switzerland,isotonic,True,ood_test,label_conditional,0.05,coverage,10,0.9691056910569106,0.043664247286987146,0.8617886178861789,0.9654471544715447,0.991869918699187,0.991869918699187,1.0
Switzerland,isotonic,True,ood_test,label_conditional,0.05,avg_set_size,10,1.8390243902439025,0.1211233568552508,1.6747967479674797,1.7357723577235773,1.829268292682927,1.9491869918699187,1.991869918699187
Switzerland,isotonic,True,ood_test,label_conditional,0.05,singleton_rate,10,0.16097560975609754,0.1211233568552508,0.008130081300813009,0.0508130081300813,0.17073170731707318,0.26422764227642276,0.3252032520325203
Switzerland,isotonic,True,ood_test,label_conditional,0.05,singleton_accuracy,10,0.6900173392915329,0.35087756439105805,0.0,0.5568181818181819,0.7976190476190477,0.9619175627240144,1.0
Switzerland,isotonic,True,ood_test,label_conditional,0.05,class0_coverage,10,0.9375,0.06588078458684124,0.875,0.875,0.9375,1.0,1.0
Switzerland,isotonic,True,ood_test,label_conditional,0.05,class1_coverage,10,0.971304347826087,0.04710479363823713,0.8521739130434782,0.9717391304347827,0.991304347826087,0.9978260869565218,1.0
Switzerland,isotonic,True,ood_test,label_conditional,0.05,class0_avg_set_size,10,1.825,0.17873008824606013,1.5,1.875,1.875,1.875,2.0
Switzerland,isotonic,True,ood_test,label_conditional,0.05,class1_avg_set_size,10,1.8400000000000003,0.12522275887583173,1.6608695652173913,1.741304347826087,1.8391304347826085,1.9521739130434783,1.991304347826087
Switzerland,isotonic,True,ood_test,label_conditional,0.05,class0_singleton_accuracy,8,0.46875,0.5077524002897476,0.0,0.0,0.375,1.0,1.0
Switzerland,isotonic,True,ood_test,label_conditional,0.05,class1_singleton_accuracy,10,0.6295566502463055,0.44530057936648776,0.0,0.1810344827586207,0.8,0.9928571428571429,1.0
Switzerland,isotonic,True,ood_test,label_conditional,0.05,empty_rate,10,0.0,0.0,0.0,0.0,0.0,0.0,0.0
Switzerland,isotonic,True,ood_test,label_conditional,0.1,coverage,10,0.8878048780487806,0.06069492760615465,0.7804878048780488,0.8556910569105691,0.8739837398373984,0.9329268292682927,0.975609756097561
Switzerland,isotonic,True,ood_test,label_conditional,0.1,avg_set_size,10,1.516260162601626,0.15578531326427944,1.3252032520325203,1.443089430894309,1.5081300813008132,1.5609756097560976,1.886178861788618
Switzerland,isotonic,True,ood_test,label_conditional,0.1,singleton_rate,10,0.483739837398374,0.1557853132642794,0.11382113821138211,0.43902439024390244,0.49186991869918695,0.556910569105691,0.6747967479674797
Switzerland,isotonic,True,ood_test,label_conditional,0.1,singleton_accuracy,10,0.7453243201593982,0.1350922007455309,0.5,0.6768574297188754,0.717843631778058,0.80625,0.95
Switzerland,isotonic,True,ood_test,label_conditional,0.1,class0_coverage,10,0.8,0.08740073734751262,0.75,0.75,0.75,0.84375,1.0
Switzerland,isotonic,True,ood_test,label_conditional,0.1,class1_coverage,10,0.8939130434782608,0.0638734308212838,0.782608695652174,0.8608695652173913,0.8782608695652174,0.932608695652174,0.991304347826087
Switzerland,isotonic,True,ood_test,label_conditional,0.1,class0_avg_set_size,10,1.4,0.19364916731037085,1.25,1.25,1.3125,1.5625,1.75
Switzerland,isotonic,True,ood_test,label_conditional,0.1,class1_avg_set_size,10,1.5243478260869565,0.16107442237740108,1.3304347826086957,1.4369565217391305,1.508695652173913,1.576086956521739,1.9043478260869566
Switzerland,isotonic,True,ood_test,label_conditional,0.1,class0_singleton_accuracy,10,0.6266666666666667,0.27612843674682785,0.0,0.6666666666666666,0.6666666666666666,0.7666666666666667,1.0
Switzerland,isotonic,True,ood_test,label_conditional,0.1,class1_singleton_accuracy,10,0.7386606680214608,0.1765780196592948,0.36363636363636365,0.6777898027898028,0.716247582205029,0.820013979496738,0.9827586206896551
Switzerland,isotonic,True,ood_test,label_conditional,0.1,empty_rate,10,0.0,0.0,0.0,0.0,0.0,0.0,0.0
Switzerland,isotonic,True,ood_test,label_conditional,0.2,coverage,10,0.7829268292682927,0.10060371082182065,0.5853658536585366,0.7682926829268293,0.8252032520325203,0.8414634146341464,0.8943089430894309
Switzerland,isotonic,True,ood_test,label_conditional,0.2,avg_set_size,10,1.1878048780487804,0.2059781052086697,0.8048780487804879,1.0386178861788617,1.2317073170731707,1.3231707317073171,1.4959349593495934
Switzerland,isotonic,True,ood_test,label_conditional,0.2,singleton_rate,10,0.7715447154471545,0.153706563951555,0.5040650406504065,0.676829268292683,0.7682926829268293,0.8353658536585367,1.0
Switzerland,isotonic,True,ood_test,label_conditional,0.2,singleton_accuracy,10,0.7437431743330969,0.07241475762290299,0.6260162601626016,0.7140762463343109,0.7630801687763713,0.775,0.875
Switzerland,isotonic,True,ood_test,label_conditional,0.2,class0_coverage,10,0.675,0.08740073734751264,0.5,0.625,0.6875,0.75,0.75
Switzerland,isotonic,True,ood_test,label_conditional,0.2,class1_coverage,10,0.7904347826086956,0.1038191114270418,0.591304347826087,0.7717391304347826,0.8347826086956521,0.8478260869565217,0.9130434782608695
Switzerland,isotonic,True,ood_test,label_conditional,0.2,class0_avg_set_size,10,1.15,0.14191155304938669,0.875,1.03125,1.25,1.25,1.25
Switzerland,isotonic,True,ood_test,label_conditional,0.2,class1_avg_set_size,10,1.1904347826086956,0.211393591619069,0.8,1.0369565217391306,1.2347826086956522,1.3282608695652174,1.5130434782608695
Switzerland,isotonic,True,ood_test,label_conditional,0.2,class0_singleton_accuracy,10,0.6226190476190476,0.0577241160189466,0.5,0.5848214285714286,0.6458333333333333,0.6666666666666666,0.6666666666666666
Switzerland,isotonic,True,ood_test,label_conditional,0.2,class1_singleton_accuracy,10,0.7523928499458464,0.07911156327296925,0.6260869565217392,0.7204968944099379,0.7704664057403783,0.7885610766045549,0.8979591836734694
Switzerland,isotonic,True,ood_test,label_conditional,0.2,empty_rate,10,0.02032520325203252,0.06147044022880084,0.0,0.0,0.0,0.0,0.1951219512195122
Switzerland,isotonic,True,ood_test,marginal,0.05,coverage,10,0.9520325203252031,0.043605338186054964,0.8617886178861789,0.934959349593496,0.9715447154471545,0.9817073170731707,0.991869918699187
Switzerland,isotonic,True,ood_test,marginal,0.05,avg_set_size,10,1.7081300813008131,0.18765641312000558,1.4878048780487805,1.516260162601626,1.7398373983739837,1.8495934959349594,1.951219512195122
Switzerland,isotonic,True,ood_test,marginal,0.05,singleton_rate,10,0.291869918699187,0.18765641312000558,0.04878048780487805,0.15040650406504064,0.2601626016260163,0.483739837398374,0.5121951219512195
Switzerland,isotonic,True,ood_test,marginal,0.05,singleton_accuracy,10,0.7883954506689069,0.19807507196016827,0.2777777777777778,0.7714285714285714,0.8166666666666667,0.9119601328903655,0.9666666666666667
Switzerland,isotonic,True,ood_test,marginal,0.05,class0_coverage,10,0.8625,0.12430361575146916,0.75,0.75,0.8125,1.0,1.0
Switzerland,isotonic,True,ood_test,marginal,0.05,class1_coverage,10,0.9582608695652175,0.045976533469909237,0.8695652173913043,0.9456521739130435,0.9739130434782608,0.991304347826087,1.0
Switzerland,isotonic,True,ood_test,marginal,0.05,class0_avg_set_size,10,1.6875,0.21449229460389585,1.25,1.53125,1.75,1.875,1.875
Switzerland,isotonic,True,ood_test,marginal,0.05,class1_avg_set_size,10,1.709565217391304,0.192713300784084,1.4869565217391305,1.508695652173913,1.7391304347826086,1.867391304347826,1.9565217391304348
Switzerland,isotonic,True,ood_test,marginal,0.05,class0_singleton_accuracy,10,0.55,0.44479153113884656,0.0,0.08333333333333333,0.5833333333333333,1.0,1.0
Switzerland,isotonic,True,ood_test,marginal,0.05,class1_singleton_accuracy,10,0.7789333047848384,0.26780026667283435,0.07142857142857142,0.7807017543859649,0.8,0.9515889830508475,1.0
Switzerland,isotonic,True,ood_test,marginal,0.05,empty_rate,10,0.0,0.0,0.0,0.0,0.0,0.0,0.0
Switzerland,isotonic,True,ood_test,marginal,0.1,coverage,10,0.8837398373983738,0.04802944874062416,0.8373983739837398,0.8536585365853658,0.8577235772357723,0.9207317073170732,0.975609756097561
Switzerland,isotonic,True,ood_test,marginal,0.1,avg_set_size,10,1.4967479674796749,0.17042817256057016,1.2195121951219512,1.394308943089431,1.5081300813008132,1.565040650406504,1.853658536585366
Switzerland,isotonic,True,ood_test,marginal,0.1,singleton_rate,10,0.5032520325203252,0.17042817256057016,0.14634146341463414,0.43495934959349597,0.49186991869918695,0.6056910569105691,0.7804878048780488
Switzerland,isotonic,True,ood_test,marginal,0.1,singleton_accuracy,10,0.7510410959400502,0.10978152586120174,0.5555555555555556,0.6762295081967213,0.7735042735042735,0.8072916666666666,0.95
Switzerland,isotonic,True,ood_test,marginal,0.1,class0_coverage,10,0.7875,0.10290907529357057,0.625,0.75,0.75,0.84375,1.0
Switzerland,isotonic,True,ood_test,marginal,0.1,class1_coverage,10,0.8904347826086957,0.05023782966560765,0.8347826086956521,0.8608695652173913,0.8608695652173913,0.9260869565217391,0.991304347826087
Switzerland,isotonic,True,ood_test,marginal,0.1,class0_avg_set_size,10,1.3625,0.19048549084437433,1.125,1.25,1.3125,1.375,1.75
Switzerland,isotonic,True,ood_test,marginal,0.1,class1_avg_set_size,10,1.5060869565217392,0.1734195898025485,1.2260869565217392,1.4043478260869566,1.508695652173913,1.5782608695652174,1.8695652173913044
Switzerland,isotonic,True,ood_test,marginal,0.1,class0_singleton_accuracy,10,0.6438095238095237,0.2580700509000991,0.0,0.6166666666666667,0.6666666666666666,0.7666666666666667,1.0
Switzerland,isotonic,True,ood_test,marginal,0.1,class1_singleton_accuracy,10,0.7504282788626148,0.14114431536584268,0.4666666666666667,0.666403162055336,0.7822222222222222,0.8229368461836497,0.9827586206896551
Switzerland,isotonic,True,ood_test,marginal,0.1,empty_rate,10,0.0,0.0,0.0,0.0,0.0,0.0,0.0
Switzerland,isotonic,True,ood_test,marginal,0.2,coverage,10,0.8008130081300813,0.10868864298187247,0.5203252032520326,0.7764227642276423,0.8292682926829268,0.8495934959349594,0.9024390243902439
Switzerland,isotonic,True,ood_test,marginal,0.2,avg_set_size,10,1.0674796747967479,0.18575254045820028,0.7235772357723578,0.9939024390243902,1.040650406504065,1.1321138211382114,1.3495934959349594
Switzerland,isotonic,True,ood_test,marginal,0.2,singleton_rate,10,0.8626016260162601,0.1363361816952126,0.6504065040650406,0.758130081300813,0.910569105691057,0.9715447154471545,1.0
Switzerland,isotonic,True,ood_test,marginal,0.2,singleton_accuracy,10,0.8007938101207799,0.07825282091655256,0.6419753086419753,0.753125,0.8267284390591589,0.8477793455620507,0.8899082568807339
Switzerland,isotonic,True,ood_test,marginal,0.2,class0_coverage,10,0.575,0.10540925533894598,0.5,0.5,0.5,0.625,0.75
Switzerland,isotonic,True,ood_test,marginal,0.2,class1_coverage,10,0.8165217391304347,0.11827010478290875,0.5130434782608696,0.7956521739130435,0.8434782608695652,0.8739130434782609,0.9304347826086956
Switzerland,isotonic,True,ood_test,marginal,0.2,class0_avg_set_size,10,1.075,0.1343709624716425,0.875,1.0,1.0,1.21875,1.25
Switzerland,isotonic,True,ood_test,marginal,0.2,class1_avg_set_size,10,1.0669565217391304,0.1901612753665249,0.7130434782608696,0.9934782608695653,1.0434782608695652,1.126086956521739,1.3565217391304347
Switzerland,isotonic,True,ood_test,marginal,0.2,class0_singleton_accuracy,10,0.5476190476190477,0.09655178619520983,0.42857142857142855,0.5,0.5,0.625,0.7142857142857143
Switzerland,isotonic,True,ood_test,marginal,0.2,class1_singleton_accuracy,10,0.8184500350400008,0.08939541511933932,0.64,0.7630399090679464,0.8503853090670601,0.872297037322047,0.9215686274509803
Switzerland,isotonic,True,ood_test,marginal,0.2,empty_rate,10,0.034959349593495934,0.08723172700756875,0.0,0.0,0.0,0.006097560975609756,0.2764227642276423
Switzerland,platt,False,id_test,label_conditional,0.05,coverage,10,0.9591666666666665,0.02706017528435013,0.9166666666666666,0.94375,0.9666666666666667,0.98125,0.9916666666666667
Switzerland,platt,False,id_test,label_conditional,0.05,avg_set_size,10,1.5125,0.14525679687036003,1.3333333333333333,1.4270833333333335,1.4708333333333332,1.5854166666666667,1.825
Switzerland,platt,False,id_test,label_conditional,0.05,singleton_rate,10,0.4875,0.14525679687036003,0.175,0.41458333333333336,0.5291666666666667,0.5729166666666666,0.6666666666666666
Switzerland,platt,False,id_test,label_conditional,0.05,singleton_accuracy,10,0.9200516344512488,0.042307541286293895,0.8484848484848485,0.9043545081967213,0.931060606060606,0.9507722007722007,0.9710144927536232
Switzerland,platt,False,id_test,label_conditional,0.05,class0_coverage,10,0.9622950819672133,0.03372961609182724,0.9016393442622951,0.9508196721311475,0.9672131147540983,0.9918032786885246,1.0
Switzerland,platt,False,id_test,label_conditional,0.05,class1_coverage,10,0.9559322033898306,0.048072423471599214,0.864406779661017,0.9406779661016949,0.9745762711864407,0.9830508474576272,1.0
Switzerland,platt,False,id_test,label_conditional,0.05,class0_avg_set_size,10,1.4688524590163936,0.15382295274537086,1.278688524590164,1.3401639344262295,1.4918032786885247,1.5163934426229508,1.7377049180327868
Switzerland,platt,False,id_test,label_conditional,0.05,class1_avg_set_size,10,1.5576271186440678,0.19578533388503294,1.2881355932203389,1.4279661016949152,1.5338983050847457,1.652542372881356,1.9152542372881356
Switzerland,platt,False,id_test,label_conditional,0.05,class0_singleton_accuracy,10,0.9277650934689318,0.06472365173730192,0.8387096774193549,0.8692073170731707,0.9332591768631813,0.9883720930232558,1.0
Switzerland,platt,False,id_test,label_conditional,0.05,class1_singleton_accuracy,10,0.8737593984962407,0.115348263879612,0.68,0.8083333333333333,0.880701754385965,0.9738095238095238,1.0
Switzerland,platt,False,id_test,label_conditional,0.05,empty_rate,10,0.0,0.0,0.0,0.0,0.0,0.0,0.0
Switzerland,platt,False,id_test,label_conditional,0.1,coverage,10,0.9108333333333334,0.044626363796292125,0.8333333333333334,0.875,0.9291666666666667,0.9333333333333333,0.9666666666666667
Switzerland,platt,False,id_test,label_conditional,0.1,avg_set_size,10,1.2733333333333334,0.12049281521534187,1.0916666666666666,1.1875,1.2791666666666668,1.3479166666666667,1.5
Switzerland,platt,False,id_test,label_conditional,0.1,singleton_rate,10,0.7266666666666667,0.12049281521534187,0.5,0.6520833333333333,0.7208333333333333,0.8125,0.9083333333333333
Switzerland,platt,False,id_test,label_conditional,0.1,singleton_accuracy,10,0.8809416359420996,0.04781087123526398,0.7959183673469388,0.8537636785674809,0.8954203691045797,0.9087780729292442,0.9444444444444444
Switzerland,platt,False,id_test,label_conditional,0.1,class0_coverage,10,0.9245901639344263,0.04103821498474007,0.8360655737704918,0.9221311475409837,0.9344262295081968,0.9508196721311475,0.9672131147540983
Switzerland,platt,False,id_test,label_conditional,0.1,class1_coverage,10,0.8966101694915254,0.06800814456860636,0.7796610169491526,0.8686440677966102,0.9067796610169492,0.9449152542372882,0.9830508474576272
Switzerland,platt,False,id_test,label_conditional,0.1,class0_avg_set_size,10,1.2688524590163934,0.1615860946734533,1.1147540983606556,1.1639344262295082,1.237704918032787,1.3278688524590163,1.6557377049180328
Switzerland,platt,False,id_test,label_conditional,0.1,class1_avg_set_size,10,1.2779661016949153,0.10144350593203817,1.0677966101694916,1.211864406779661,1.2966101694915255,1.3516949152542372,1.3898305084745763
Switzerland,platt,False,id_test,label_conditional,0.1,class0_singleton_accuracy,10,0.8952505921067614,0.046441192393113825,0.8148148148148148,0.8616071428571428,0.9067750677506775,0.9255141080822573,0.9629629629629629
Switzerland,platt,False,id_test,label_conditional,0.1,class1_singleton_accuracy,10,0.859419529598974,0.08698522096326783,0.7111111111111111,0.8048712206047033,0.876010101010101,0.913109756097561,0.9743589743589743
Switzerland,platt,False,id_test,label_conditional,0.1,empty_rate,10,0.0,0.0,0.0,0.0,0.0,0.0,0.0
Switzerland,platt,False,id_test,label_conditional,0.2,coverage,10,0.8150000000000001,0.06547546897149373,0.7,0.8,0.825,0.85625,0.9083333333333333
Switzerland,platt,False,id_test,label_conditional,0.2,avg_set_size,10,1.0116666666666667,0.08408916490440957,0.9,0.9479166666666666,1.0083333333333333,1.075,1.15
Switzerland,platt,False,id_test,label_conditional,0.2,singleton_rate,10,0.9333333333333333,0.04779069592801458,0.85,0.9020833333333333,0.9291666666666667,0.9729166666666667,1.0
Switzerland,platt,False,id_test,label_conditional,0.2,singleton_accuracy,10,0.8312283537048156,0.03698319793683354,0.7777777777777778,0.8064220183486239,0.8347701149425287,0.8490325483725814,0.897196261682243
Switzerland,platt,False,id_test,label_conditional,0.2,class0_coverage,10,0.822950819672131,0.05976053820543088,0.7377049180327869,0.7745901639344261,0.819672131147541,0.8811475409836065,0.9016393442622951
Switzerland,platt,False,id_test,label_conditional,0.2,class1_coverage,10,0.8067796610169491,0.08832371636548159,0.6271186440677966,0.788135593220339,0.8305084745762712,0.8432203389830508,0.9322033898305084
Switzerland,platt,False,id_test,label_conditional,0.2,class0_avg_set_size,10,1.0131147540983607,0.07199855340765293,0.9344262295081968,0.9508196721311475,1.0081967213114753,1.069672131147541,1.1311475409836065
Switzerland,platt,False,id_test,label_conditional,0.2,class1_avg_set_size,10,1.0101694915254238,0.09824662200806396,0.864406779661017,0.9449152542372881,1.0,1.0847457627118644,1.1694915254237288
Switzerland,platt,False,id_test,label_conditional,0.2,class0_singleton_accuracy,10,0.8369142600994743,0.043665540373723395,0.7540983606557377,0.8163098424026167,0.8423645320197044,0.8664606376057254,0.9
Switzerland,platt,False,id_test,label_conditional,0.2,class1_singleton_accuracy,10,0.8245089407752688,0.05604585221540856,0.7254901960784313,0.7933192144782442,0.8304625199362041,0.8468001168907071,0.9230769230769231
Switzerland,platt,False,id_test,label_conditional,0.2,empty_rate,10,0.027500000000000004,0.039293529766126656,0.0,0.0,0.0,0.052083333333333336,0.1
Switzerland,platt,False,id_test,marginal,0.05,coverage,10,0.9574999999999999,0.029252519148668384,0.8833333333333333,0.9520833333333333,0.9625,0.9666666666666667,0.9916666666666667
Switzerland,platt,False,id_test,marginal,0.05,avg_set_size,10,1.4591666666666667,0.13376377279958965,1.3,1.3666666666666667,1.4666666666666668,1.4916666666666667,1.7666666666666666
Switzerland,platt,False,id_test,marginal,0.05,singleton_rate,10,0.5408333333333333,0.13376377279958968,0.23333333333333334,0.5083333333333333,0.5333333333333334,0.6333333333333333,0.7
Switzerland,platt,False,id_test,marginal,0.05,singleton_accuracy,10,0.9252435120044649,0.039053669273249145,0.8333333333333334,0.9137187230371009,0.92875157629256,0.9491289198606272,0.9696969696969697
Switzerland,platt,False,id_test,marginal,0.05,class0_coverage,10,0.9540983606557377,0.03438717534984103,0.8852459016393442,0.9508196721311475,0.9508196721311475,0.9672131147540983,1.0
Switzerland,platt,False,id_test,marginal,0.05,class1_coverage,10,0.9610169491525422,0.030996308981571092,0.8813559322033898,0.9533898305084746,0.9661016949152542,0.9830508474576272,0.9830508474576272
Switzerland,platt,False,id_test,marginal,0.05,class0_avg_set_size,10,1.4377049180327868,0.12746421427971272,1.3114754098360655,1.3360655737704916,1.4262295081967213,1.4713114754098362,1.7377049180327868
Switzerland,platt,False,id_test,marginal,0.05,class1_avg_set_size,10,1.4813559322033896,0.14671871492094404,1.2881355932203389,1.3898305084745763,1.4915254237288136,1.538135593220339,1.7966101694915255
Switzerland,platt,False,id_test,marginal,0.05,class0_singleton_accuracy,10,0.922333577370342,0.05615165223689077,0.8333333333333334,0.9022727272727273,0.9201680672268908,0.9503968253968254,1.0
Switzerland,platt,False,id_test,marginal,0.05,class1_singleton_accuracy,10,0.9259100529100527,0.043157467767075276,0.8333333333333334,0.9166666666666666,0.9296296296296296,0.9607142857142857,0.9722222222222222
Switzerland,platt,False,id_test,marginal,0.05,empty_rate,10,0.0,0.0,0.0,0.0,0.0,0.0,0.0
Switzerland,platt,False,id_test,marginal,0.1,coverage,10,0.9099999999999999,0.04594682917363409,0.825,0.8833333333333333,0.925,0.9416666666666667,0.9583333333333334
Switzerland,platt,False,id_test,marginal,0.1,avg_set_size,10,1.2466666666666668,0.10730998135665398,1.0416666666666667,1.2020833333333334,1.2583333333333333,1.2833333333333334,1.3916666666666666
Switzerland,platt,False,id_test,marginal,0.1,singleton_rate,10,0.7533333333333333,0.10730998135665404,0.6083333333333333,0.7166666666666667,0.7416666666666667,0.7979166666666667,0.9583333333333334
Switzerland,platt,False,id_test,marginal,0.1,singleton_accuracy,10,0.8840290022463518,0.04687507880232864,0.7980769230769231,0.8506319514661274,0.8888364037159502,0.9255274514504915,0.9340659340659341
Switzerland,platt,False,id_test,marginal,0.1,class0_coverage,10,0.9081967213114754,0.048997839937617256,0.819672131147541,0.8770491803278688,0.9180327868852459,0.9344262295081968,0.9836065573770492
Switzerland,platt,False,id_test,marginal,0.1,class1_coverage,10,0.9118644067796609,0.05465937456473593,0.8305084745762712,0.8644067796610169,0.9322033898305084,0.9491525423728814,0.9661016949152542
Switzerland,platt,False,id_test,marginal,0.1,class0_avg_set_size,10,1.2491803278688525,0.1196708835426646,1.0327868852459017,1.2008196721311475,1.2459016393442623,1.331967213114754,1.4098360655737705
Switzerland,platt,False,id_test,marginal,0.1,class1_avg_set_size,10,1.2440677966101696,0.10207086816394316,1.0508474576271187,1.1822033898305084,1.2542372881355932,1.2881355932203389,1.3898305084745763
Switzerland,platt,False,id_test,marginal,0.1,class0_singleton_accuracy,10,0.881215856980962,0.05414055409321173,0.7962962962962963,0.851502311248074,0.8834459459459459,0.912733843537415,0.9722222222222222
Switzerland,platt,False,id_test,marginal,0.1,class1_singleton_accuracy,10,0.886061214679227,0.06318951435145136,0.7727272727272727,0.8497023809523809,0.9042792792792793,0.9284554730983302,0.9565217391304348
Switzerland,platt,False,id_test,marginal,0.1,empty_rate,10,0.0,0.0,0.0,0.0,0.0,0.0,0.0
Switzerland,platt,False,id_test,marginal,0.2,coverage,10,0.8116666666666668,0.0646930072355984,0.7,0.79375,0.825,0.85625,0.8916666666666667
Switzerland,platt,False,id_test,marginal,0.2,avg_set_size,10,1.0066666666666666,0.08349983366583562,0.9,0.9375,1.0125,1.075,1.1416666666666666
Switzerland,platt,False,id_test,marginal,0.2,singleton_rate,10,0.9316666666666666,0.042817441928883766,0.8583333333333333,0.9083333333333333,0.9208333333333334,0.96875,0.9916666666666667
Switzerland,platt,False,id_test,marginal,0.2,singleton_accuracy,10,0.830470365903334,0.03532933145683815,0.7777777777777778,0.808874782175753,0.8295107033639144,0.8571428571428571,0.8807339449541285
Switzerland,platt,False,id_test,marginal,0.2,class0_coverage,10,0.8147540983606557,0.06136298158963843,0.7213114754098361,0.7745901639344261,0.819672131147541,0.860655737704918,0.9016393442622951
Switzerland,platt,False,id_test,marginal,0.2,class1_coverage,10,0.8084745762711865,0.08381789599165294,0.6271186440677966,0.8008474576271186,0.8389830508474576,0.8601694915254238,0.8813559322033898
Switzerland,platt,False,id_test,marginal,0.2,class0_avg_set_size,10,1.0065573770491805,0.07850616391723703,0.9180327868852459,0.9385245901639344,1.0081967213114753,1.0655737704918034,1.1475409836065573
Switzerland,platt,False,id_test,marginal,0.2,class1_avg_set_size,10,1.006779661016949,0.09255885837863226,0.864406779661017,0.9322033898305084,1.0169491525423728,1.0847457627118644,1.1355932203389831
Switzerland,platt,False,id_test,marginal,0.2,class0_singleton_accuracy,10,0.8318279579999702,0.038444912960032544,0.7833333333333333,0.8046016483516484,0.8289473684210527,0.854064039408867,0.8928571428571429
Switzerland,platt,False,id_test,marginal,0.2,class1_singleton_accuracy,10,0.8283051649889005,0.05007618357798773,0.7254901960784313,0.8004799735187025,0.8426212590299278,0.8664606376057254,0.8813559322033898
Switzerland,platt,False,id_test,marginal,0.2,empty_rate,10,0.030833333333333334,0.041952721773414546,0.0,0.0,0.0,0.0625,0.1
Switzerland,platt,False,ood_test,label_conditional,0.05,coverage,10,0.9325203252032519,0.05685246743755152,0.8292682926829268,0.8882113821138211,0.967479674796748,0.967479674796748,0.991869918699187
Switzerland,platt,False,ood_test,label_conditional,0.05,avg_set_size,10,1.71869918699187,0.11857413813778585,1.4796747967479675,1.6788617886178863,1.7113821138211383,1.7479674796747968,1.9268292682926829
Switzerland,platt,False,ood_test,label_conditional,0.05,singleton_rate,10,0.28130081300813015,0.11857413813778586,0.07317073170731707,0.25203252032520324,0.28861788617886175,0.32113821138211385,0.5203252032520326
Switzerland,platt,False,ood_test,label_conditional,0.05,singleton_accuracy,10,0.7712506449948401,0.16181396637470355,0.475,0.6408730158730158,0.8552083333333333,0.8872549019607843,0.9166666666666666
Switzerland,platt,False,ood_test,label_conditional,0.05,class0_coverage,10,0.95,0.08740073734751262,0.75,0.90625,1.0,1.0,1.0
Switzerland,platt,False,ood_test,label_conditional,0.05,class1_coverage,10,0.931304347826087,0.06002869859062706,0.8173913043478261,0.8847826086956522,0.9652173913043478,0.9717391304347827,0.991304347826087
Switzerland,platt,False,ood_test,label_conditional,0.05,class0_avg_set_size,10,1.525,0.17480147469502527,1.25,1.40625,1.5,1.625,1.875
Switzerland,platt,False,ood_test,label_conditional,0.05,class1_avg_set_size,10,1.7321739130434781,0.1159275353259737,1.4956521739130435,1.6934782608695653,1.7217391304347827,1.758695652173913,1.9304347826086956
Switzerland,platt,False,ood_test,label_conditional,0.05,class0_singleton_accuracy,10,0.9266666666666665,0.12352837430833151,0.6666666666666666,0.8500000000000001,1.0,1.0,1.0
Switzerland,platt,False,ood_test,label_conditional,0.05,class1_singleton_accuracy,10,0.750746590204321,0.18322716181921753,0.4166666666666667,0.609009009009009,0.8569604086845466,0.8729166666666667,0.9090909090909091
Switzerland,platt,False,ood_test,label_conditional,0.05,empty_rate,10,0.0,0.0,0.0,0.0,0.0,0.0,0.0
Switzerland,platt,False,ood_test,label_conditional,0.1,coverage,10,0.8195121951219513,0.08137304830714932,0.6991869918699187,0.7723577235772358,0.8252032520325203,0.8617886178861789,0.975609756097561
Switzerland,platt,False,ood_test,label_conditional,0.1,avg_set_size,10,1.3894308943089428,0.12679046496023474,1.170731707317073,1.2886178861788617,1.4308943089430894,1.4654471544715446,1.5609756097560976
Switzerland,platt,False,ood_test,label_conditional,0.1,singleton_rate,10,0.6105691056910569,0.12679046496023474,0.43902439024390244,0.5345528455284553,0.5691056910569106,0.7113821138211383,0.8292682926829268
Switzerland,platt,False,ood_test,label_conditional,0.1,singleton_accuracy,10,0.7066584595838642,0.12030649070150012,0.5142857142857142,0.6287002775208141,0.7127450980392156,0.7560483870967742,0.9538461538461539
Switzerland,platt,False,ood_test,label_conditional,0.1,class0_coverage,10,0.775,0.05270462766947299,0.75,0.75,0.75,0.75,0.875
Switzerland,platt,False,ood_test,label_conditional,0.1,class1_coverage,10,0.8226086956521739,0.08639431784469169,0.6956521739130435,0.7739130434782608,0.8260869565217391,0.8695652173913043,0.991304347826087
Switzerland,platt,False,ood_test,label_conditional,0.1,class0_avg_set_size,10,1.2375,0.10944937947136414,1.125,1.125,1.25,1.34375,1.375
Switzerland,platt,False,ood_test,label_conditional,0.1,class1_avg_set_size,10,1.4,0.12936761509809502,1.173913043478261,1.2978260869565217,1.4478260869565218,1.4739130434782608,1.5739130434782609
Switzerland,platt,False,ood_test,label_conditional,0.1,class0_singleton_accuracy,10,0.7057142857142857,0.06130355187435056,0.6,0.6666666666666666,0.7142857142857143,0.7142857142857143,0.8
Switzerland,platt,False,ood_test,label_conditional,0.1,class1_singleton_accuracy,10,0.7059947228530387,0.13479371367915158,0.49206349206349204,0.6218052738336715,0.7147203947368421,0.7571448783248443,0.9833333333333333
Switzerland,platt,False,ood_test,label_conditional,0.1,empty_rate,10,0.0,0.0,0.0,0.0,0.0,0.0,0.0
Switzerland,platt,False,ood_test,label_conditional,0.2,coverage,10,0.6813008130081302,0.09339179621187178,0.5121951219512195,0.6544715447154471,0.6707317073170731,0.7621951219512195,0.7967479674796748
Switzerland,platt,False,ood_test,label_conditional,0.2,avg_set_size,10,1.0032520325203254,0.12360813572696766,0.7967479674796748,0.9146341463414634,1.0081300813008132,1.113821138211382,1.170731707317073
Switzerland,platt,False,ood_test,label_conditional,0.2,singleton_rate,10,0.9008130081300811,0.06602685022370108,0.7967479674796748,0.8699186991869918,0.8861788617886179,0.9471544715447154,1.0
Switzerland,platt,False,ood_test,label_conditional,0.2,singleton_accuracy,10,0.6995433842139962,0.049175598265005116,0.6260869565217392,0.652344046804954,0.714063714063714,0.737561847168774,0.7663551401869159
Switzerland,platt,False,ood_test,label_conditional,0.2,class0_coverage,10,0.7,0.06454972243679027,0.625,0.625,0.75,0.75,0.75
Switzerland,platt,False,ood_test,label_conditional,0.2,class1_coverage,10,0.6799999999999999,0.09844836969439437,0.5043478260869565,0.6499999999999999,0.6695652173913044,0.7652173913043478,0.8
Switzerland,platt,False,ood_test,label_conditional,0.2,class0_avg_set_size,10,1.0375,0.13241873818392252,0.875,1.0,1.0,1.09375,1.25
Switzerland,platt,False,ood_test,label_conditional,0.2,class1_avg_set_size,10,1.0008695652173913,0.12470170246541773,0.7913043478260869,0.9108695652173914,1.008695652173913,1.108695652173913,1.1652173913043478
Switzerland,platt,False,ood_test,label_conditional,0.2,class0_singleton_accuracy,10,0.6976190476190476,0.04890782461571948,0.625,0.6666666666666666,0.7142857142857143,0.7410714285714286,0.75
Switzerland,platt,False,ood_test,label_conditional,0.2,class1_singleton_accuracy,10,0.699435760165346,0.05532567519754421,0.616822429906542,0.6454132823698041,0.7172566371681416,0.7418265264026402,0.77
Switzerland,platt,False,ood_test,label_conditional,0.2,empty_rate,10,0.047967479674796754,0.07235823107116773,0.0,0.0,0.0,0.08536585365853659,0.2032520325203252
Switzerland,platt,False,ood_test,marginal,0.05,coverage,10,0.9276422764227641,0.04100119646783647,0.8699186991869918,0.8922764227642277,0.9308943089430894,0.9573170731707317,0.991869918699187
Switzerland,platt,False,ood_test,marginal,0.05,avg_set_size,10,1.6414634146341462,0.12486433321999965,1.3902439024390243,1.5752032520325203,1.6788617886178863,1.6971544715447155,1.8455284552845528
Switzerland,platt,False,ood_test,marginal,0.05,singleton_rate,10,0.35853658536585364,0.12486433321999961,0.15447154471544716,0.30284552845528456,0.32113821138211385,0.4247967479674797,0.6097560975609756
Switzerland,platt,False,ood_test,marginal,0.05,singleton_accuracy,10,0.8059154960243438,0.09101670331740151,0.68,0.7412807318467696,0.7815789473684212,0.8884311140408702,0.9473684210526315
Switzerland,platt,False,ood_test,marginal,0.05,class0_coverage,10,0.9125,0.10290907529357057,0.75,0.875,0.9375,1.0,1.0
Switzerland,platt,False,ood_test,marginal,0.05,class1_coverage,10,0.928695652173913,0.041561619313472284,0.8695652173913043,0.8913043478260869,0.9260869565217391,0.9652173913043478,0.991304347826087
Switzerland,platt,False,ood_test,marginal,0.05,class0_avg_set_size,10,1.4875,0.181142209327368,1.25,1.375,1.4375,1.59375,1.875
Switzerland,platt,False,ood_test,marginal,0.05,class1_avg_set_size,10,1.652173913043478,0.12235867199539383,1.4,1.5891304347826087,1.6956521739130435,1.7043478260869565,1.8434782608695652
Switzerland,platt,False,ood_test,marginal,0.05,class0_singleton_accuracy,10,0.8666666666666666,0.1539600717839002,0.6,0.8,0.9,1.0,1.0
Switzerland,platt,False,ood_test,marginal,0.05,class1_singleton_accuracy,10,0.7991288773034297,0.10408765276435246,0.6666666666666666,0.7302083333333333,0.7734441602728048,0.8872549019607843,0.9444444444444444
Switzerland,platt,False,ood_test,marginal,0.05,empty_rate,10,0.0,0.0,0.0,0.0,0.0,0.0,0.0
Switzerland,platt,False,ood_test,marginal,0.1,coverage,10,0.829268292682927,0.0681290248779216,0.7073170731707317,0.7886178861788617,0.8333333333333333,0.8678861788617886,0.926829268292683
Switzerland,platt,False,ood_test,marginal,0.1,avg_set_size,10,1.3528455284552847,0.12833058564947555,1.1382113821138211,1.290650406504065,1.3943089430894309,1.410569105691057,1.5203252032520325
Switzerland,platt,False,ood_test,marginal,0.1,singleton_rate,10,0.6471544715447154,0.1283305856494756,0.4796747967479675,0.589430894308943,0.6056910569105691,0.709349593495935,0.8617886178861789
Switzerland,platt,False,ood_test,marginal,0.1,singleton_accuracy,10,0.740726052609216,0.07390672890969349,0.6538461538461539,0.6810515873015873,0.7307496175420704,0.7845535408826547,0.88
Switzerland,platt,False,ood_test,marginal,0.1,class0_coverage,10,0.75,0.05892556509887896,0.625,0.75,0.75,0.75,0.875
Switzerland,platt,False,ood_test,marginal,0.1,class1_coverage,10,0.8347826086956521,0.07111793708049448,0.7043478260869566,0.7978260869565217,0.8391304347826087,0.8760869565217392,0.9391304347826087
Switzerland,platt,False,ood_test,marginal,0.1,class0_avg_set_size,10,1.2125,0.11858541225631423,1.0,1.125,1.25,1.25,1.375
Switzerland,platt,False,ood_test,marginal,0.1,class1_avg_set_size,10,1.362608695652174,0.1309201917901035,1.1478260869565218,1.2999999999999998,1.4,1.4282608695652175,1.5304347826086957
Switzerland,platt,False,ood_test,marginal,0.1,class0_singleton_accuracy,10,0.6834523809523809,0.055720983860014936,0.6,0.6666666666666666,0.6666666666666666,0.7142857142857143,0.8
Switzerland,platt,False,ood_test,marginal,0.1,class1_singleton_accuracy,10,0.7452412027660268,0.0807573833454821,0.6494845360824743,0.6787449392712551,0.737845138055222,0.7944198227236099,0.9
Switzerland,platt,False,ood_test,marginal,0.1,empty_rate,10,0.0,0.0,0.0,0.0,0.0,0.0,0.0
Switzerland,platt,False,ood_test,marginal,0.2,coverage,10,0.6845528455284553,0.09549144951997937,0.5284552845528455,0.6524390243902439,0.6747967479674797,0.7479674796747968,0.8455284552845529
Switzerland,platt,False,ood_test,marginal,0.2,avg_set_size,10,1.013008130081301,0.12752686109357395,0.8130081300813008,0.9146341463414634,1.024390243902439,1.113821138211382,1.1869918699186992
Switzerland,platt,False,ood_test,marginal,0.2,singleton_rate,10,0.8943089430894309,0.06355576910329849,0.8130081300813008,0.8455284552845528,0.8861788617886179,0.9471544715447154,0.991869918699187
Switzerland,platt,False,ood_test,marginal,0.2,singleton_accuracy,10,0.6996865235905183,0.05890140860555975,0.6260869565217392,0.6461448598130841,0.7089743589743589,0.7340661866094683,0.8155339805825242
Switzerland,platt,False,ood_test,marginal,0.2,class0_coverage,10,0.6875,0.06588078458684124,0.625,0.625,0.6875,0.75,0.75
Switzerland,platt,False,ood_test,marginal,0.2,class1_coverage,10,0.6843478260869565,0.10248334273799017,0.5217391304347826,0.6456521739130434,0.6782608695652175,0.75,0.8608695652173913
Switzerland,platt,False,ood_test,marginal,0.2,class0_avg_set_size,10,1.025,0.11486707293408518,0.875,1.0,1.0,1.09375,1.25
Switzerland,platt,False,ood_test,marginal,0.2,class1_avg_set_size,10,1.0121739130434784,0.1302865502313363,0.808695652173913,0.9108695652173914,1.026086956521739,1.108695652173913,1.191304347826087
Switzerland,platt,False,ood_test,marginal,0.2,class0_singleton_accuracy,10,0.6880952380952381,0.06288148879163934,0.5714285714285714,0.6354166666666666,0.7142857142857143,0.7410714285714286,0.75
Switzerland,platt,False,ood_test,marginal,0.2,class1_singleton_accuracy,10,0.7003368124052661,0.06749240186785872,0.616822429906542,0.6385630498533724,0.7085532746823069,0.7389482369289561,0.8333333333333334
Switzerland,platt,False,ood_test,marginal,0.2,empty_rate,10,0.046341463414634146,0.06856422121324288,0.0,0.0,0.0,0.08536585365853659,0.18699186991869918
Switzerland,platt,True,id_test,label_conditional,0.05,coverage,10,0.96,0.029606472432164944,0.9,0.9583333333333334,0.9666666666666667,0.98125,0.9916666666666667
Switzerland,platt,True,id_test,label_conditional,0.05,avg_set_size,10,1.4991666666666668,0.15373186935154656,1.3333333333333333,1.3875,1.4708333333333332,1.5729166666666665,1.8416666666666666
Switzerland,platt,True,id_test,label_conditional,0.05,singleton_rate,10,0.5008333333333332,0.1537318693515466,0.15833333333333333,0.4270833333333333,0.5291666666666667,0.6125,0.6666666666666666
Switzerland,platt,True,id_test,label_conditional,0.05,singleton_accuracy,10,0.9239286924497108,0.04276557896869086,0.8421052631578947,0.9062280084447571,0.941722972972973,0.9487065120428189,0.9705882352941176
Switzerland,platt,True,id_test,label_conditional,0.05,class0_coverage,10,0.9639344262295083,0.025396612106278155,0.9344262295081968,0.9508196721311475,0.9508196721311475,0.9877049180327868,1.0
Switzerland,platt,True,id_test,label_conditional,0.05,class1_coverage,10,0.9559322033898306,0.04533876304573759,0.864406779661017,0.9661016949152542,0.9661016949152542,0.9830508474576272,1.0
Switzerland,platt,True,id_test,label_conditional,0.05,class0_avg_set_size,10,1.4704918032786884,0.19196589871049935,1.2295081967213115,1.3237704918032787,1.4426229508196722,1.5901639344262295,1.8032786885245902
Switzerland,platt,True,id_test,label_conditional,0.05,class1_avg_set_size,10,1.528813559322034,0.19122436882536661,1.2542372881355932,1.423728813559322,1.5254237288135593,1.576271186440678,1.88135593220339
Switzerland,platt,True,id_test,label_conditional,0.05,class0_singleton_accuracy,10,0.9288215389811135,0.05681912529963771,0.8333333333333334,0.897420634920635,0.9198717948717949,0.9840425531914894,1.0
Switzerland,platt,True,id_test,label_conditional,0.05,class1_singleton_accuracy,10,0.8911938813874298,0.09645760130620035,0.72,0.8571428571428571,0.9215384615384616,0.9636363636363636,1.0
Switzerland,platt,True,id_test,label_conditional,0.05,empty_rate,10,0.0,0.0,0.0,0.0,0.0,0.0,0.0
Switzerland,platt,True,id_test,label_conditional,0.1,coverage,10,0.9133333333333333,0.039126259692575584,0.825,0.8916666666666666,0.925,0.9395833333333333,0.95
Switzerland,platt,True,id_test,label_conditional,0.1,avg_set_size,10,1.2633333333333334,0.09222891541976504,1.15,1.19375,1.2583333333333333,1.3020833333333335,1.425
Switzerland,platt,True,id_test,label_conditional,0.1,singleton_rate,10,0.7366666666666666,0.09222891541976506,0.575,0.6979166666666666,0.7416666666666667,0.80625,0.85
Switzerland,platt,True,id_test,label_conditional,0.1,singleton_accuracy,10,0.8843333799190631,0.04242431478213002,0.7941176470588235,0.8609306595113684,0.8981818181818182,0.9157608695652173,0.927710843373494
Switzerland,platt,True,id_test,label_conditional,0.1,class0_coverage,10,0.9180327868852458,0.03541388359785715,0.8688524590163934,0.9016393442622951,0.9180327868852459,0.9426229508196721,0.9672131147540983
Switzerland,platt,True,id_test,label_conditional,0.1,class1_coverage,10,0.9084745762711863,0.05604337522095929,0.7796610169491526,0.902542372881356,0.923728813559322,0.9449152542372882,0.9661016949152542
Switzerland,platt,True,id_test,label_conditional,0.1,class0_avg_set_size,10,1.2409836065573772,0.12293260338642896,1.0819672131147542,1.1680327868852458,1.1967213114754098,1.3278688524590163,1.4754098360655739
Switzerland,platt,True,id_test,label_conditional,0.1,class1_avg_set_size,10,1.2864406779661017,0.09993773796661667,1.152542372881356,1.2245762711864407,1.2796610169491527,1.3347457627118644,1.4745762711864407
Switzerland,platt,True,id_test,label_conditional,0.1,class0_singleton_accuracy,10,0.8916376590605232,0.04577198931871123,0.8125,0.8609422492401215,0.8979166666666667,0.9177978883861238,0.96
Switzerland,platt,True,id_test,label_conditional,0.1,class1_singleton_accuracy,10,0.869819871687211,0.07532475491652821,0.717391304347826,0.8625,0.872983870967742,0.9251219512195122,0.9591836734693877
Switzerland,platt,True,id_test,label_conditional,0.1,empty_rate,10,0.0,0.0,0.0,0.0,0.0,0.0,0.0
Switzerland,platt,True,id_test,label_conditional,0.2,coverage,10,0.8049999999999999,0.06348908723182956,0.675,0.79375,0.825,0.8416666666666667,0.875
Switzerland,platt,True,id_test,label_conditional,0.2,avg_set_size,10,0.9824999999999999,0.09098653407354329,0.85,0.9208333333333333,0.9916666666666667,1.0333333333333334,1.1333333333333333
Switzerland,platt,True,id_test,label_conditional,0.2,singleton_rate,10,0.9225,0.044104603494224,0.85,0.8854166666666666,0.9333333333333333,0.9625,0.9666666666666667
Switzerland,platt,True,id_test,label_conditional,0.2,singleton_accuracy,10,0.8395770606924124,0.03502902313006824,0.7931034482758621,0.817742673992674,0.8379002463054187,0.8629156403940887,0.8909090909090909
Switzerland,platt,True,id_test,label_conditional,0.2,class0_coverage,10,0.8032786885245902,0.0408924304565458,0.7213114754098361,0.7868852459016393,0.8032786885245902,0.8319672131147542,0.8524590163934426
Switzerland,platt,True,id_test,label_conditional,0.2,class1_coverage,10,0.8067796610169491,0.1020708681639432,0.6271186440677966,0.771186440677966,0.8389830508474576,0.864406779661017,0.9322033898305084
Switzerland,platt,True,id_test,label_conditional,0.2,class0_avg_set_size,10,0.9836065573770492,0.07918785107207343,0.8852459016393442,0.9221311475409837,0.9754098360655737,1.028688524590164,1.1311475409836065
Switzerland,platt,True,id_test,label_conditional,0.2,class1_avg_set_size,10,0.9813559322033898,0.1055303110840797,0.8135593220338984,0.9194915254237288,0.9915254237288136,1.0635593220338984,1.1355932203389831
Switzerland,platt,True,id_test,label_conditional,0.2,class0_singleton_accuracy,10,0.8335699554101392,0.03141913866813634,0.7666666666666667,0.8186582809224319,0.8363068688670829,0.8559718969555035,0.8727272727272727
Switzerland,platt,True,id_test,label_conditional,0.2,class1_singleton_accuracy,10,0.8455001857734056,0.06890431810326254,0.7543859649122807,0.7791053921568628,0.8545454545454545,0.90625,0.9272727272727272
Switzerland,platt,True,id_test,label_conditional,0.2,empty_rate,10,0.0475,0.05720468987076039,0.0,0.0,0.025,0.07916666666666666,0.15
Switzerland,platt,True,id_test,marginal,0.05,coverage,10,0.9566666666666667,0.027159792359067358,0.8916666666666667,0.9583333333333334,0.9625,0.9666666666666667,0.9916666666666667
Switzerland,platt,True,id_test,marginal,0.05,avg_set_size,10,1.4591666666666667,0.1607971077990621,1.2916666666666667,1.3625,1.4,1.5083333333333333,1.8416666666666666
Switzerland,platt,True,id_test,marginal,0.05,singleton_rate,10,0.5408333333333333,0.16079710779906214,0.15833333333333333,0.49166666666666664,0.6,0.6375000000000001,0.7083333333333334
Switzerland,platt,True,id_test,marginal,0.05,singleton_accuracy,10,0.9226648765445139,0.03557470944406109,0.8375,0.9095214356929212,0.9381207028265852,0.9444444444444444,0.9491525423728814
Switzerland,platt,True,id_test,marginal,0.05,class0_coverage,10,0.9491803278688525,0.03319419136281408,0.8688524590163934,0.9508196721311475,0.9508196721311475,0.9631147540983607,1.0
Switzerland,platt,True,id_test,marginal,0.05,class1_coverage,10,0.964406779661017,0.023225768125530493,0.9152542372881356,0.9661016949152542,0.9661016949152542,0.9830508474576272,0.9830508474576272
Switzerland,platt,True,id_test,marginal,0.05,class0_avg_set_size,10,1.4360655737704917,0.16560172174754806,1.278688524590164,1.3155737704918031,1.3852459016393444,1.512295081967213,1.8032786885245902
Switzerland,platt,True,id_test,marginal,0.05,class1_avg_set_size,10,1.4830508474576272,0.16669060442860945,1.2881355932203389,1.3644067796610169,1.4745762711864407,1.5296610169491527,1.88135593220339
Switzerland,platt,True,id_test,marginal,0.05,class0_singleton_accuracy,10,0.9157327871877727,0.049265573605335684,0.8095238095238095,0.8996865203761756,0.919296987087518,0.9356831395348837,1.0
Switzerland,platt,True,id_test,marginal,0.05,class1_singleton_accuracy,10,0.9252154759659004,0.04413987147039043,0.8571428571428571,0.883225806451613,0.9399641577060931,0.9603174603174602,0.9736842105263158
Switzerland,platt,True,id_test,marginal,0.05,empty_rate,10,0.0,0.0,0.0,0.0,0.0,0.0,0.0
Switzerland,platt,True,id_test,marginal,0.1,coverage,10,0.9183333333333333,0.03904729642401238,0.8416666666666667,0.9083333333333333,0.925,0.9479166666666666,0.9666666666666667
Switzerland,platt,True,id_test,marginal,0.1,avg_set_size,10,1.2525,0.10844367599909886,1.125,1.1687500000000002,1.2458333333333333,1.3041666666666667,1.4333333333333333
Switzerland,platt,True,id_test,marginal,0.1,singleton_rate,10,0.7474999999999998,0.10844367599909888,0.5666666666666667,0.6958333333333333,0.7541666666666667,0.83125,0.875
Switzerland,platt,True,id_test,marginal,0.1,singleton_accuracy,10,0.8936019829391766,0.04042301426797759,0.819047619047619,0.8769613337069206,0.9021153846153847,0.9161764705882353,0.9444444444444444
Switzerland,platt,True,id_test,marginal,0.1,class0_coverage,10,0.9098360655737707,0.04588211919056465,0.819672131147541,0.889344262295082,0.9098360655737705,0.9344262295081968,0.9836065573770492
Switzerland,platt,True,id_test,marginal,0.1,class1_coverage,10,0.9271186440677965,0.03998946524109919,0.847457627118644,0.9194915254237288,0.9491525423728814,0.9491525423728814,0.9661016949152542
Switzerland,platt,True,id_test,marginal,0.1,class0_avg_set_size,10,1.2508196721311475,0.11306326538604192,1.098360655737705,1.1434426229508197,1.2704918032786887,1.3401639344262295,1.4098360655737705
Switzerland,platt,True,id_test,marginal,0.1,class1_avg_set_size,10,1.254237288135593,0.114118699868498,1.152542372881356,1.1567796610169492,1.228813559322034,1.2838983050847457,1.4576271186440677
Switzerland,platt,True,id_test,marginal,0.1,class0_singleton_accuracy,10,0.8822455914091751,0.05208345818751822,0.8,0.857225034514496,0.8888888888888888,0.9,0.9743589743589743
Switzerland,platt,True,id_test,marginal,0.1,class1_singleton_accuracy,10,0.9041851565426244,0.04571416393015545,0.8043478260869565,0.9022727272727273,0.9242857142857144,0.9325581395348838,0.9387755102040817
Switzerland,platt,True,id_test,marginal,0.1,empty_rate,10,0.0,0.0,0.0,0.0,0.0,0.0,0.0
Switzerland,platt,True,id_test,marginal,0.2,coverage,10,0.8133333333333332,0.057089922571845024,0.7166666666666667,0.79375,0.8208333333333333,0.8645833333333334,0.8666666666666667
Switzerland,platt,True,id_test,marginal,0.2,avg_set_size,10,0.9824999999999999,0.0884930422039977,0.8833333333333333,0.90625,0.9875,1.0125,1.1416666666666666
Switzerland,platt,True,id_test,marginal,0.2,singleton_rate,10,0.9308333333333332,0.05343884239523916,0.8583333333333333,0.8875,0.9125000000000001,0.9833333333333333,1.0
Switzerland,platt,True,id_test,marginal,0.2,singleton_accuracy,10,0.8455461194588446,0.035035845535530616,0.7966101694915254,0.812374061183367,0.8583583583583584,0.8713276836158192,0.8962264150943396
Switzerland,platt,True,id_test,marginal,0.2,class0_coverage,10,0.8163934426229508,0.04875346015999006,0.7213114754098361,0.7868852459016393,0.8278688524590164,0.8524590163934426,0.8688524590163934
Switzerland,platt,True,id_test,marginal,0.2,class1_coverage,10,0.8101694915254237,0.07571464663390262,0.6610169491525424,0.771186440677966,0.847457627118644,0.864406779661017,0.8813559322033898
Switzerland,platt,True,id_test,marginal,0.2,class0_avg_set_size,10,0.9918032786885247,0.08040403808503914,0.9016393442622951,0.9221311475409837,1.0,1.0,1.1475409836065573
Switzerland,platt,True,id_test,marginal,0.2,class1_avg_set_size,10,0.9728813559322033,0.09921650358650934,0.847457627118644,0.8813559322033898,0.9745762711864407,1.0254237288135593,1.1355932203389831
Switzerland,platt,True,id_test,marginal,0.2,class0_singleton_accuracy,10,0.8390887218907063,0.030767448445965895,0.7857142857142857,0.8361400894187779,0.8406954887218046,0.8647540983606556,0.8727272727272727
Switzerland,platt,True,id_test,marginal,0.2,class1_singleton_accuracy,10,0.8521085315423008,0.054471925443105085,0.7543859649122807,0.8407843137254902,0.866165653981452,0.8880094043887147,0.9215686274509803
Switzerland,platt,True,id_test,marginal,0.2,empty_rate,10,0.043333333333333335,0.052086111037040986,0.0,0.0,0.0125,0.09375,0.11666666666666667
Switzerland,platt,True,ood_test,label_conditional,0.05,coverage,10,0.9447154471544718,0.04627723405124458,0.8536585365853658,0.943089430894309,0.9634146341463414,0.9735772357723578,0.991869918699187
Switzerland,platt,True,ood_test,label_conditional,0.05,avg_set_size,10,1.7048780487804875,0.10369528370741843,1.5528455284552845,1.6402439024390243,1.6951219512195124,1.75,1.91869918699187
Switzerland,platt,True,ood_test,label_conditional,0.05,singleton_rate,10,0.2951219512195122,0.1036952837074184,0.08130081300813008,0.25,0.30487804878048785,0.3597560975609756,0.44715447154471544
Switzerland,platt,True,ood_test,label_conditional,0.05,singleton_accuracy,10,0.8209685817923805,0.12731943522055864,0.5384615384615384,0.8051948051948051,0.8756410256410256,0.8986842105263158,0.918918918918919
Switzerland,platt,True,ood_test,label_conditional,0.05,class0_coverage,10,0.9,0.09860132971832694,0.75,0.875,0.875,1.0,1.0
Switzerland,platt,True,ood_test,label_conditional,0.05,class1_coverage,10,0.9478260869565217,0.050036743482991516,0.8434782608695652,0.95,0.9695652173913043,0.9739130434782609,0.991304347826087
Switzerland,platt,True,ood_test,label_conditional,0.05,class0_avg_set_size,10,1.6625,0.21286732957408003,1.375,1.5,1.75,1.75,2.0
Switzerland,platt,True,ood_test,label_conditional,0.05,class1_avg_set_size,10,1.7078260869565216,0.09728082069984013,1.565217391304348,1.6478260869565218,1.6956521739130435,1.75,1.9130434782608696
Switzerland,platt,True,ood_test,label_conditional,0.05,class0_singleton_accuracy,9,0.7166666666666667,0.2263846284534354,0.5,0.5,0.6,1.0,1.0
Switzerland,platt,True,ood_test,label_conditional,0.05,class1_singleton_accuracy,10,0.8258053344504959,0.14817224076052402,0.4857142857142857,0.8191244239631336,0.8831818181818182,0.9125,0.9428571428571428
Switzerland,platt,True,ood_test,label_conditional,0.05,empty_rate,10,0.0,0.0,0.0,0.0,0.0,0.0,0.0
Switzerland,platt,True,ood_test,label_conditional,0.1,coverage,10,0.8609756097560975,0.054531509821514196,0.7642276422764228,0.8373983739837398,0.8536585365853658,0.8780487804878049,0.959349593495935
Switzerland,platt,True,ood_test,label_conditional,0.1,avg_set_size,10,1.4008130081300814,0.10341159455345598,1.1951219512195121,1.3658536585365852,1.4065040650406504,1.4369918699186992,1.5528455284552845
Switzerland,platt,True,ood_test,label_conditional,0.1,singleton_rate,10,0.5991869918699188,0.103411594553456,0.44715447154471544,0.5630081300813008,0.5934959349593496,0.6341463414634146,0.8048780487804879
Switzerland,platt,True,ood_test,label_conditional,0.1,singleton_accuracy,10,0.7644618509137571,0.08821329218880397,0.6627906976744186,0.6990595611285266,0.7315315315315315,0.8115530303030303,0.9367088607594937
Switzerland,platt,True,ood_test,label_conditional,0.1,class0_coverage,10,0.75,0.05892556509887896,0.625,0.75,0.75,0.75,0.875
Switzerland,platt,True,ood_test,label_conditional,0.1,class1_coverage,10,0.8686956521739131,0.0580361952404878,0.7652173913043478,0.8434782608695652,0.8652173913043478,0.8847826086956522,0.9739130434782609
Switzerland,platt,True,ood_test,label_conditional,0.1,class0_avg_set_size,10,1.2875,0.1449377260910507,1.125,1.25,1.25,1.34375,1.625
Switzerland,platt,True,ood_test,label_conditional,0.1,class1_avg_set_size,10,1.408695652173913,0.10759832575809036,1.2,1.3543478260869566,1.4173913043478261,1.4434782608695653,1.565217391304348
Switzerland,platt,True,ood_test,label_conditional,0.1,class0_singleton_accuracy,10,0.6352380952380952,0.12238084944306296,0.3333333333333333,0.6166666666666667,0.6666666666666666,0.6666666666666666,0.8
Switzerland,platt,True,ood_test,label_conditional,0.1,class1_singleton_accuracy,10,0.7723598233397533,0.09795800893709225,0.6582278481012658,0.6992307692307692,0.7372122762148338,0.8284749670619236,0.9605263157894737
Switzerland,platt,True,ood_test,label_conditional,0.1,empty_rate,10,0.0,0.0,0.0,0.0,0.0,0.0,0.0
Switzerland,platt,True,ood_test,label_conditional,0.2,coverage,10,0.7146341463414634,0.1172192454149739,0.5284552845528455,0.6422764227642277,0.7520325203252032,0.7967479674796748,0.8536585365853658
Switzerland,platt,True,ood_test,label_conditional,0.2,avg_set_size,10,0.9577235772357723,0.14210468406356377,0.7235772357723578,0.8353658536585367,1.0,1.0772357723577235,1.1056910569105691
Switzerland,platt,True,ood_test,label_conditional,0.2,singleton_rate,10,0.8796747967479674,0.07805630797786316,0.7235772357723578,0.8272357723577236,0.9186991869918699,0.9329268292682926,0.943089430894309
Switzerland,platt,True,ood_test,label_conditional,0.2,singleton_accuracy,10,0.7660869195324962,0.0570554408142127,0.6701030927835051,0.7309424641611778,0.7776436935728971,0.8044133353677144,0.8363636363636363
Switzerland,platt,True,ood_test,label_conditional,0.2,class0_coverage,10,0.5625,0.06588078458684124,0.5,0.5,0.5625,0.625,0.625
Switzerland,platt,True,ood_test,label_conditional,0.2,class1_coverage,10,0.7252173913043478,0.12468485794041682,0.5217391304347826,0.65,0.7652173913043478,0.817391304347826,0.8695652173913043
Switzerland,platt,True,ood_test,label_conditional,0.2,class0_avg_set_size,10,0.9625,0.13241873818392252,0.75,0.875,0.9375,1.09375,1.125
Switzerland,platt,True,ood_test,label_conditional,0.2,class1_avg_set_size,10,0.957391304347826,0.14384815443860138,0.7217391304347827,0.8326086956521739,1.0,1.0760869565217392,1.1043478260869566
Switzerland,platt,True,ood_test,label_conditional,0.2,class0_singleton_accuracy,10,0.5934523809523808,0.060184821790867586,0.5,0.5714285714285714,0.5714285714285714,0.6116071428571428,0.7142857142857143
Switzerland,platt,True,ood_test,label_conditional,0.2,class1_singleton_accuracy,10,0.7779897476580575,0.06395747476750581,0.6666666666666666,0.7369846357908699,0.7960662525879918,0.8196944781028216,0.8543689320388349
Switzerland,platt,True,ood_test,label_conditional,0.2,empty_rate,10,0.08130081300813008,0.10628006260773755,0.0,0.0,0.028455284552845527,0.16463414634146342,0.2764227642276423
Switzerland,platt,True,ood_test,marginal,0.05,coverage,10,0.9422764227642275,0.033945726330887244,0.9024390243902439,0.9105691056910569,0.9471544715447154,0.967479674796748,0.991869918699187
Switzerland,platt,True,ood_test,marginal,0.05,avg_set_size,10,1.6430894308943091,0.1295409962356166,1.4634146341463414,1.5467479674796747,1.6504065040650406,1.7093495934959348,1.910569105691057
Switzerland,platt,True,ood_test,marginal,0.05,singleton_rate,10,0.356910569105691,0.1295409962356166,0.08943089430894309,0.29065040650406504,0.34959349593495936,0.4532520325203252,0.5365853658536586
Switzerland,platt,True,ood_test,marginal,0.05,singleton_accuracy,10,0.8402349200471797,0.08141546843092483,0.717948717948718,0.7689839572192513,0.8640350877192983,0.9103084415584415,0.9310344827586207
Switzerland,platt,True,ood_test,marginal,0.05,class0_coverage,10,0.8375,0.0843685697138191,0.75,0.75,0.875,0.875,1.0
Switzerland,platt,True,ood_test,marginal,0.05,class1_coverage,10,0.9495652173913042,0.03449153572323137,0.9043478260869565,0.9152173913043478,0.9565217391304348,0.9804347826086957,0.991304347826087
Switzerland,platt,True,ood_test,marginal,0.05,class0_avg_set_size,10,1.55,0.2581988897471611,1.25,1.375,1.5,1.75,2.0
Switzerland,platt,True,ood_test,marginal,0.05,class1_avg_set_size,10,1.6495652173913045,0.12487675083277402,1.4695652173913043,1.5673913043478263,1.6608695652173915,1.7108695652173913,1.9043478260869566
Switzerland,platt,True,ood_test,marginal,0.05,class0_singleton_accuracy,9,0.5962962962962962,0.15406027359846722,0.3333333333333333,0.5,0.6,0.6666666666666666,0.8
Switzerland,platt,True,ood_test,marginal,0.05,class1_singleton_accuracy,10,0.8542392853564674,0.09292229029435714,0.7058823529411765,0.7849170918367347,0.8807749627421758,0.9337121212121212,0.9636363636363636
Switzerland,platt,True,ood_test,marginal,0.05,empty_rate,10,0.0,0.0,0.0,0.0,0.0,0.0,0.0
Switzerland,platt,True,ood_test,marginal,0.1,coverage,10,0.8796747967479674,0.04298618982958991,0.8211382113821138,0.8536585365853658,0.8617886178861789,0.9085365853658536,0.959349593495935
Switzerland,platt,True,ood_test,marginal,0.1,avg_set_size,10,1.3658536585365852,0.12442536892410835,1.1869918699186992,1.2337398373983741,1.4308943089430894,1.459349593495935,1.5040650406504066
Switzerland,platt,True,ood_test,marginal,0.1,singleton_rate,10,0.6341463414634145,0.12442536892410835,0.4959349593495935,0.540650406504065,0.5691056910569106,0.766260162601626,0.8130081300813008
Switzerland,platt,True,ood_test,marginal,0.1,singleton_accuracy,10,0.8108234430009901,0.06122396974857509,0.7230769230769231,0.7591704627187725,0.821764705882353,0.841602233676976,0.9264705882352942
Switzerland,platt,True,ood_test,marginal,0.1,class0_coverage,10,0.7125,0.06038073644245599,0.625,0.65625,0.75,0.75,0.75
Switzerland,platt,True,ood_test,marginal,0.1,class1_coverage,10,0.8913043478260869,0.04438664588728567,0.8260869565217391,0.8630434782608696,0.8739130434782609,0.9195652173913044,0.9739130434782609
Switzerland,platt,True,ood_test,marginal,0.1,class0_avg_set_size,10,1.275,0.1536590742882148,1.125,1.15625,1.25,1.34375,1.625
Switzerland,platt,True,ood_test,marginal,0.1,class1_avg_set_size,10,1.3721739130434785,0.12619851802826756,1.191304347826087,1.2391304347826089,1.4260869565217391,1.4739130434782608,1.5130434782608695
Switzerland,platt,True,ood_test,marginal,0.1,class0_singleton_accuracy,10,0.5914285714285714,0.10033453742531898,0.3333333333333333,0.5714285714285714,0.6,0.6666666666666666,0.6666666666666666
Switzerland,platt,True,ood_test,marginal,0.1,class1_singleton_accuracy,10,0.8267417376464609,0.0683038323765805,0.7288135593220338,0.7680555555555555,0.8387096774193549,0.8603648424543946,0.9538461538461539
Switzerland,platt,True,ood_test,marginal,0.1,empty_rate,10,0.0,0.0,0.0,0.0,0.0,0.0,0.0
Switzerland,platt,True,ood_test,marginal,0.2,coverage,10,0.7121951219512195,0.07551207374251755,0.5772357723577236,0.6707317073170732,0.7113821138211383,0.7479674796747967,0.8536585365853658
Switzerland,platt,True,ood_test,marginal,0.2,avg_set_size,10,0.9715447154471544,0.13941502565736566,0.8048780487804879,0.8434959349593496,0.9715447154471545,1.0609756097560976,1.2357723577235773
Switzerland,platt,True,ood_test,marginal,0.2,singleton_rate,10,0.8853658536585366,0.07573059085913911,0.7642276422764228,0.8373983739837398,0.8821138211382114,0.9512195121951219,0.983739837398374
Switzerland,platt,True,ood_test,marginal,0.2,singleton_accuracy,10,0.7547723452646966,0.06139789687279054,0.6702127659574468,0.6988084730803178,0.768997175141243,0.7950867902324213,0.8421052631578947
Switzerland,platt,True,ood_test,marginal,0.2,class0_coverage,10,0.5875,0.0843685697138191,0.5,0.5,0.625,0.625,0.75
Switzerland,platt,True,ood_test,marginal,0.2,class1_coverage,10,0.7208695652173913,0.07932184737850974,0.5739130434782609,0.6804347826086956,0.7217391304347827,0.7608695652173914,0.8695652173913043
Switzerland,platt,True,ood_test,marginal,0.2,class0_avg_set_size,10,1.0,0.14433756729740643,0.875,0.875,0.9375,1.125,1.25
Switzerland,platt,True,ood_test,marginal,0.2,class1_avg_set_size,10,0.9695652173913043,0.13968789286981437,0.8,0.8413043478260869,0.9739130434782608,1.0565217391304347,1.2347826086956522
Switzerland,platt,True,ood_test,marginal,0.2,class0_singleton_accuracy,10,0.6005952380952381,0.051468881174967014,0.5714285714285714,0.5714285714285714,0.5714285714285714,0.6116071428571428,0.7142857142857143
Switzerland,platt,True,ood_test,marginal,0.2,class1_singleton_accuracy,10,0.7653362071834376,0.0680818054822308,0.6704545454545454,0.6992533185840708,0.7813521486087858,0.8119338768115942,0.8598130841121495
Switzerland,platt,True,ood_test,marginal,0.2,empty_rate,10,0.07154471544715446,0.08218132047316663,0.0,0.0,0.02845528455284553,0.1565040650406504,0.1951219512195122
Switzerland,raw,False,id_test,label_conditional,0.05,coverage,10,0.9591666666666665,0.02706017528435013,0.9166666666666666,0.94375,0.9666666666666667,0.98125,0.9916666666666667
Switzerland,raw,False,id_test,label_conditional,0.05,avg_set_size,10,1.5125,0.14525679687036003,1.3333333333333333,1.4270833333333335,1.4708333333333332,1.5854166666666667,1.825
Switzerland,raw,False,id_test,label_conditional,0.05,singleton_rate,10,0.4875,0.14525679687036003,0.175,0.41458333333333336,0.5291666666666667,0.5729166666666666,0.6666666666666666
Switzerland,raw,False,id_test,label_conditional,0.05,singleton_accuracy,10,0.9200516344512488,0.042307541286293895,0.8484848484848485,0.9043545081967213,0.931060606060606,0.9507722007722007,0.9710144927536232
Switzerland,raw,False,id_test,label_conditional,0.05,class0_coverage,10,0.9622950819672133,0.03372961609182724,0.9016393442622951,0.9508196721311475,0.9672131147540983,0.9918032786885246,1.0
Switzerland,raw,False,id_test,label_conditional,0.05,class1_coverage,10,0.9559322033898306,0.048072423471599214,0.864406779661017,0.9406779661016949,0.9745762711864407,0.9830508474576272,1.0
Switzerland,raw,False,id_test,label_conditional,0.05,class0_avg_set_size,10,1.4688524590163936,0.15382295274537086,1.278688524590164,1.3401639344262295,1.4918032786885247,1.5163934426229508,1.7377049180327868
Switzerland,raw,False,id_test,label_conditional,0.05,class1_avg_set_size,10,1.5576271186440678,0.19578533388503294,1.2881355932203389,1.4279661016949152,1.5338983050847457,1.652542372881356,1.9152542372881356
Switzerland,raw,False,id_test,label_conditional,0.05,class0_singleton_accuracy,10,0.9277650934689318,0.06472365173730192,0.8387096774193549,0.8692073170731707,0.9332591768631813,0.9883720930232558,1.0
Switzerland,raw,False,id_test,label_conditional,0.05,class1_singleton_accuracy,10,0.8737593984962407,0.115348263879612,0.68,0.8083333333333333,0.880701754385965,0.9738095238095238,1.0
Switzerland,raw,False,id_test,label_conditional,0.05,empty_rate,10,0.0,0.0,0.0,0.0,0.0,0.0,0.0
Switzerland,raw,False,id_test,label_conditional,0.1,coverage,10,0.9108333333333334,0.044626363796292125,0.8333333333333334,0.875,0.9291666666666667,0.9333333333333333,0.9666666666666667
Switzerland,raw,False,id_test,label_conditional,0.1,avg_set_size,10,1.2733333333333334,0.12049281521534187,1.0916666666666666,1.1875,1.2791666666666668,1.3479166666666667,1.5
Switzerland,raw,False,id_test,label_conditional,0.1,singleton_rate,10,0.7266666666666667,0.12049281521534187,0.5,0.6520833333333333,0.7208333333333333,0.8125,0.9083333333333333
Switzerland,raw,False,id_test,label_conditional,0.1,singleton_accuracy,10,0.8809416359420996,0.04781087123526398,0.7959183673469388,0.8537636785674809,0.8954203691045797,0.9087780729292442,0.9444444444444444
Switzerland,raw,False,id_test,label_conditional,0.1,class0_coverage,10,0.9245901639344263,0.04103821498474007,0.8360655737704918,0.9221311475409837,0.9344262295081968,0.9508196721311475,0.9672131147540983
Switzerland,raw,False,id_test,label_conditional,0.1,class1_coverage,10,0.8966101694915254,0.06800814456860636,0.7796610169491526,0.8686440677966102,0.9067796610169492,0.9449152542372882,0.9830508474576272
Switzerland,raw,False,id_test,label_conditional,0.1,class0_avg_set_size,10,1.2688524590163934,0.1615860946734533,1.1147540983606556,1.1639344262295082,1.237704918032787,1.3278688524590163,1.6557377049180328
Switzerland,raw,False,id_test,label_conditional,0.1,class1_avg_set_size,10,1.2779661016949153,0.10144350593203817,1.0677966101694916,1.211864406779661,1.2966101694915255,1.3516949152542372,1.3898305084745763
Switzerland,raw,False,id_test,label_conditional,0.1,class0_singleton_accuracy,10,0.8952505921067614,0.046441192393113825,0.8148148148148148,0.8616071428571428,0.9067750677506775,0.9255141080822573,0.9629629629629629
Switzerland,raw,False,id_test,label_conditional,0.1,class1_singleton_accuracy,10,0.859419529598974,0.08698522096326783,0.7111111111111111,0.8048712206047033,0.876010101010101,0.913109756097561,0.9743589743589743
Switzerland,raw,False,id_test,label_conditional,0.1,empty_rate,10,0.0,0.0,0.0,0.0,0.0,0.0,0.0
Switzerland,raw,False,id_test,label_conditional,0.2,coverage,10,0.8150000000000001,0.06547546897149373,0.7,0.8,0.825,0.85625,0.9083333333333333
Switzerland,raw,False,id_test,label_conditional,0.2,avg_set_size,10,1.0116666666666667,0.08408916490440957,0.9,0.9479166666666666,1.0083333333333333,1.075,1.15
Switzerland,raw,False,id_test,label_conditional,0.2,singleton_rate,10,0.9333333333333333,0.04779069592801458,0.85,0.9020833333333333,0.9291666666666667,0.9729166666666667,1.0
Switzerland,raw,False,id_test,label_conditional,0.2,singleton_accuracy,10,0.8312283537048156,0.03698319793683354,0.7777777777777778,0.8064220183486239,0.8347701149425287,0.8490325483725814,0.897196261682243
Switzerland,raw,False,id_test,label_conditional,0.2,class0_coverage,10,0.822950819672131,0.05976053820543088,0.7377049180327869,0.7745901639344261,0.819672131147541,0.8811475409836065,0.9016393442622951
Switzerland,raw,False,id_test,label_conditional,0.2,class1_coverage,10,0.8067796610169491,0.08832371636548159,0.6271186440677966,0.788135593220339,0.8305084745762712,0.8432203389830508,0.9322033898305084
Switzerland,raw,False,id_test,label_conditional,0.2,class0_avg_set_size,10,1.0131147540983607,0.07199855340765293,0.9344262295081968,0.9508196721311475,1.0081967213114753,1.069672131147541,1.1311475409836065
Switzerland,raw,False,id_test,label_conditional,0.2,class1_avg_set_size,10,1.0101694915254238,0.09824662200806396,0.864406779661017,0.9449152542372881,1.0,1.0847457627118644,1.1694915254237288
Switzerland,raw,False,id_test,label_conditional,0.2,class0_singleton_accuracy,10,0.8369142600994743,0.043665540373723395,0.7540983606557377,0.8163098424026167,0.8423645320197044,0.8664606376057254,0.9
Switzerland,raw,False,id_test,label_conditional,0.2,class1_singleton_accuracy,10,0.8245089407752688,0.05604585221540856,0.7254901960784313,0.7933192144782442,0.8304625199362041,0.8468001168907071,0.9230769230769231
Switzerland,raw,False,id_test,label_conditional,0.2,empty_rate,10,0.027500000000000004,0.039293529766126656,0.0,0.0,0.0,0.052083333333333336,0.1
Switzerland,raw,False,id_test,marginal,0.05,coverage,10,0.9558333333333333,0.030187173304215914,0.8833333333333333,0.9520833333333333,0.9625,0.9666666666666667,0.9916666666666667
Switzerland,raw,False,id_test,marginal,0.05,avg_set_size,10,1.4508333333333332,0.13830153583678964,1.3,1.3395833333333333,1.4375,1.5020833333333332,1.7666666666666666
Switzerland,raw,False,id_test,marginal,0.05,singleton_rate,10,0.5491666666666667,0.13830153583678967,0.23333333333333334,0.4979166666666667,0.5625,0.6604166666666667,0.7
Switzerland,raw,False,id_test,marginal,0.05,singleton_accuracy,10,0.9237898231542282,0.04009599923867098,0.8333333333333334,0.916279387643521,0.9277003484320558,0.948921880523153,0.9696969696969697
Switzerland,raw,False,id_test,marginal,0.05,class0_coverage,10,0.9557377049180328,0.03460358513439905,0.8852459016393442,0.9508196721311475,0.9590163934426229,0.9672131147540983,1.0
Switzerland,raw,False,id_test,marginal,0.05,class1_coverage,10,0.9559322033898306,0.029028774189073746,0.8813559322033898,0.9491525423728814,0.9661016949152542,0.9661016949152542,0.9830508474576272
Switzerland,raw,False,id_test,marginal,0.05,class0_avg_set_size,10,1.4262295081967211,0.12954392995770164,1.3114754098360655,1.3237704918032787,1.401639344262295,1.459016393442623,1.7377049180327868
Switzerland,raw,False,id_test,marginal,0.05,class1_avg_set_size,10,1.476271186440678,0.15727133165643456,1.2881355932203389,1.3389830508474576,1.4745762711864407,1.5593220338983051,1.7966101694915255
Switzerland,raw,False,id_test,marginal,0.05,class0_singleton_accuracy,10,0.9280511380511379,0.05236300430940434,0.8333333333333334,0.9022727272727273,0.933982683982684,0.9507722007722007,1.0
Switzerland,raw,False,id_test,marginal,0.05,class1_singleton_accuracy,10,0.9160883516575046,0.03823664047122424,0.8333333333333334,0.9079483695652174,0.9208333333333334,0.9327586206896552,0.9722222222222222
Switzerland,raw,False,id_test,marginal,0.05,empty_rate,10,0.0,0.0,0.0,0.0,0.0,0.0,0.0
Switzerland,raw,False,id_test,marginal,0.1,coverage,10,0.9041666666666668,0.04685313275953611,0.825,0.8687499999999999,0.9166666666666667,0.9416666666666667,0.95
Switzerland,raw,False,id_test,marginal,0.1,avg_set_size,10,1.2291666666666665,0.09916705571041025,1.0166666666666666,1.1854166666666668,1.2416666666666667,1.2895833333333333,1.35
Switzerland,raw,False,id_test,marginal,0.1,singleton_rate,10,0.7708333333333333,0.0991670557104102,0.65,0.7104166666666667,0.7583333333333333,0.8145833333333333,0.9833333333333333
Switzerland,raw,False,id_test,marginal,0.1,singleton_accuracy,10,0.8785417332531305,0.04883633939080315,0.7961165048543689,0.8443535672053606,0.8833104395604395,0.9217194570135747,0.9340659340659341
Switzerland,raw,False,id_test,marginal,0.1,class0_coverage,10,0.9098360655737705,0.04716578279134443,0.819672131147541,0.9057377049180328,0.9180327868852459,0.9344262295081968,0.9672131147540983
Switzerland,raw,False,id_test,marginal,0.1,class1_coverage,10,0.8983050847457628,0.05925473718475432,0.7966101694915254,0.8516949152542372,0.923728813559322,0.9322033898305084,0.9661016949152542
Switzerland,raw,False,id_test,marginal,0.1,class0_avg_set_size,10,1.2311475409836063,0.11263990507733956,1.0163934426229508,1.1844262295081966,1.237704918032787,1.2909836065573772,1.3934426229508197
Switzerland,raw,False,id_test,marginal,0.1,class1_avg_set_size,10,1.2271186440677966,0.09921650358650934,1.0169491525423728,1.1779661016949152,1.2203389830508475,1.3008474576271187,1.3728813559322033
Switzerland,raw,False,id_test,marginal,0.1,class0_singleton_accuracy,10,0.886003953262259,0.04691844942294273,0.7962962962962963,0.8656759906759907,0.8897771317829457,0.9165532879818594,0.9459459459459459
Switzerland,raw,False,id_test,marginal,0.1,class1_singleton_accuracy,10,0.8699972413125826,0.07164014400898754,0.7391304347826086,0.81486543313709,0.8927544565842438,0.9143852663016426,0.9565217391304348
Switzerland,raw,False,id_test,marginal,0.1,empty_rate,10,0.0,0.0,0.0,0.0,0.0,0.0,0.0
Switzerland,raw,False,id_test,marginal,0.2,coverage,10,0.8058333333333334,0.06503204338375558,0.7,0.775,0.8083333333333333,0.85625,0.8916666666666667
Switzerland,raw,False,id_test,marginal,0.2,avg_set_size,10,0.9974999999999999,0.08435027644176671,0.9,0.9145833333333333,1.0166666666666666,1.0291666666666668,1.15
Switzerland,raw,False,id_test,marginal,0.2,singleton_rate,10,0.9324999999999999,0.04538076222637641,0.85,0.9083333333333333,0.9208333333333334,0.9791666666666666,0.9833333333333333
Switzerland,raw,False,id_test,marginal,0.2,singleton_accuracy,10,0.8291514414690679,0.03600314741643222,0.7777777777777778,0.8025642898889538,0.8386850152905199,0.8547215496368038,0.8807339449541285
Switzerland,raw,False,id_test,marginal,0.2,class0_coverage,10,0.8196721311475411,0.059359456236066754,0.7213114754098361,0.790983606557377,0.8032786885245902,0.8688524590163934,0.9016393442622951
Switzerland,raw,False,id_test,marginal,0.2,class1_coverage,10,0.7915254237288135,0.08266755010601885,0.6271186440677966,0.7457627118644068,0.8220338983050848,0.8305084745762712,0.8813559322033898
Switzerland,raw,False,id_test,marginal,0.2,class0_avg_set_size,10,1.0032786885245903,0.06946556757189377,0.9180327868852459,0.9385245901639344,1.0163934426229508,1.028688524590164,1.1311475409836065
Switzerland,raw,False,id_test,marginal,0.2,class1_avg_set_size,10,0.9915254237288137,0.10082806947782343,0.864406779661017,0.902542372881356,1.0084745762711864,1.0423728813559323,1.1694915254237288
Switzerland,raw,False,id_test,marginal,0.2,class0_singleton_accuracy,10,0.8372426724763233,0.04242972162738008,0.7833333333333333,0.8033898305084746,0.8346944948578343,0.8658556769281696,0.9
Switzerland,raw,False,id_test,marginal,0.2,class1_singleton_accuracy,10,0.8200311219249004,0.04795575788569085,0.7254901960784313,0.7978316326530612,0.8272546419098143,0.8578399479505531,0.8813559322033898
Switzerland,raw,False,id_test,marginal,0.2,empty_rate,10,0.034999999999999996,0.04594682917363407,0.0,0.0,0.0,0.08541666666666667,0.1
Switzerland,raw,False,ood_test,label_conditional,0.05,coverage,10,0.9325203252032519,0.05685246743755152,0.8292682926829268,0.8882113821138211,0.967479674796748,0.967479674796748,0.991869918699187
Switzerland,raw,False,ood_test,label_conditional,0.05,avg_set_size,10,1.71869918699187,0.11857413813778585,1.4796747967479675,1.6788617886178863,1.7113821138211383,1.7479674796747968,1.9268292682926829
Switzerland,raw,False,ood_test,label_conditional,0.05,singleton_rate,10,0.28130081300813015,0.11857413813778586,0.07317073170731707,0.25203252032520324,0.28861788617886175,0.32113821138211385,0.5203252032520326
Switzerland,raw,False,ood_test,label_conditional,0.05,singleton_accuracy,10,0.7712506449948401,0.16181396637470355,0.475,0.6408730158730158,0.8552083333333333,0.8872549019607843,0.9166666666666666
Switzerland,raw,False,ood_test,label_conditional,0.05,class0_coverage,10,0.95,0.08740073734751262,0.75,0.90625,1.0,1.0,1.0
Switzerland,raw,False,ood_test,label_conditional,0.05,class1_coverage,10,0.931304347826087,0.06002869859062706,0.8173913043478261,0.8847826086956522,0.9652173913043478,0.9717391304347827,0.991304347826087
Switzerland,raw,False,ood_test,label_conditional,0.05,class0_avg_set_size,10,1.525,0.17480147469502527,1.25,1.40625,1.5,1.625,1.875
Switzerland,raw,False,ood_test,label_conditional,0.05,class1_avg_set_size,10,1.7321739130434781,0.1159275353259737,1.4956521739130435,1.6934782608695653,1.7217391304347827,1.758695652173913,1.9304347826086956
Switzerland,raw,False,ood_test,label_conditional,0.05,class0_singleton_accuracy,10,0.9266666666666665,0.12352837430833151,0.6666666666666666,0.8500000000000001,1.0,1.0,1.0
Switzerland,raw,False,ood_test,label_conditional,0.05,class1_singleton_accuracy,10,0.750746590204321,0.18322716181921753,0.4166666666666667,0.609009009009009,0.8569604086845466,0.8729166666666667,0.9090909090909091
Switzerland,raw,False,ood_test,label_conditional,0.05,empty_rate,10,0.0,0.0,0.0,0.0,0.0,0.0,0.0
Switzerland,raw,False,ood_test,label_conditional,0.1,coverage,10,0.8195121951219513,0.08137304830714932,0.6991869918699187,0.7723577235772358,0.8252032520325203,0.8617886178861789,0.975609756097561
Switzerland,raw,False,ood_test,label_conditional,0.1,avg_set_size,10,1.3894308943089428,0.12679046496023474,1.170731707317073,1.2886178861788617,1.4308943089430894,1.4654471544715446,1.5609756097560976
Switzerland,raw,False,ood_test,label_conditional,0.1,singleton_rate,10,0.6105691056910569,0.12679046496023474,0.43902439024390244,0.5345528455284553,0.5691056910569106,0.7113821138211383,0.8292682926829268
Switzerland,raw,False,ood_test,label_conditional,0.1,singleton_accuracy,10,0.7066584595838642,0.12030649070150012,0.5142857142857142,0.6287002775208141,0.7127450980392156,0.7560483870967742,0.9538461538461539
Switzerland,raw,False,ood_test,label_conditional,0.1,class0_coverage,10,0.775,0.05270462766947299,0.75,0.75,0.75,0.75,0.875
Switzerland,raw,False,ood_test,label_conditional,0.1,class1_coverage,10,0.8226086956521739,0.08639431784469169,0.6956521739130435,0.7739130434782608,0.8260869565217391,0.8695652173913043,0.991304347826087
Switzerland,raw,False,ood_test,label_conditional,0.1,class0_avg_set_size,10,1.2375,0.10944937947136414,1.125,1.125,1.25,1.34375,1.375
Switzerland,raw,False,ood_test,label_conditional,0.1,class1_avg_set_size,10,1.4,0.12936761509809502,1.173913043478261,1.2978260869565217,1.4478260869565218,1.4739130434782608,1.5739130434782609
Switzerland,raw,False,ood_test,label_conditional,0.1,class0_singleton_accuracy,10,0.7057142857142857,0.06130355187435056,0.6,0.6666666666666666,0.7142857142857143,0.7142857142857143,0.8
Switzerland,raw,False,ood_test,label_conditional,0.1,class1_singleton_accuracy,10,0.7059947228530387,0.13479371367915158,0.49206349206349204,0.6218052738336715,0.7147203947368421,0.7571448783248443,0.9833333333333333
Switzerland,raw,False,ood_test,label_conditional,0.1,empty_rate,10,0.0,0.0,0.0,0.0,0.0,0.0,0.0
Switzerland,raw,False,ood_test,label_conditional,0.2,coverage,10,0.6813008130081302,0.09339179621187178,0.5121951219512195,0.6544715447154471,0.6707317073170731,0.7621951219512195,0.7967479674796748
Switzerland,raw,False,ood_test,label_conditional,0.2,avg_set_size,10,1.0032520325203254,0.12360813572696766,0.7967479674796748,0.9146341463414634,1.0081300813008132,1.113821138211382,1.170731707317073
Switzerland,raw,False,ood_test,label_conditional,0.2,singleton_rate,10,0.9008130081300811,0.06602685022370108,0.7967479674796748,0.8699186991869918,0.8861788617886179,0.9471544715447154,1.0
Switzerland,raw,False,ood_test,label_conditional,0.2,singleton_accuracy,10,0.6995433842139962,0.049175598265005116,0.6260869565217392,0.652344046804954,0.714063714063714,0.737561847168774,0.7663551401869159
Switzerland,raw,False,ood_test,label_conditional,0.2,class0_coverage,10,0.7,0.06454972243679027,0.625,0.625,0.75,0.75,0.75
Switzerland,raw,False,ood_test,label_conditional,0.2,class1_coverage,10,0.6799999999999999,0.09844836969439437,0.5043478260869565,0.6499999999999999,0.6695652173913044,0.7652173913043478,0.8
Switzerland,raw,False,ood_test,label_conditional,0.2,class0_avg_set_size,10,1.0375,0.13241873818392252,0.875,1.0,1.0,1.09375,1.25
Switzerland,raw,False,ood_test,label_conditional,0.2,class1_avg_set_size,10,1.0008695652173913,0.12470170246541773,0.7913043478260869,0.9108695652173914,1.008695652173913,1.108695652173913,1.1652173913043478
Switzerland,raw,False,ood_test,label_conditional,0.2,class0_singleton_accuracy,10,0.6976190476190476,0.04890782461571948,0.625,0.6666666666666666,0.7142857142857143,0.7410714285714286,0.75
Switzerland,raw,False,ood_test,label_conditional,0.2,class1_singleton_accuracy,10,0.699435760165346,0.05532567519754421,0.616822429906542,0.6454132823698041,0.7172566371681416,0.7418265264026402,0.77
Switzerland,raw,False,ood_test,label_conditional,0.2,empty_rate,10,0.047967479674796754,0.07235823107116773,0.0,0.0,0.0,0.08536585365853659,0.2032520325203252
Switzerland,raw,False,ood_test,marginal,0.05,coverage,10,0.9203252032520325,0.03866896256203135,0.8699186991869918,0.8882113821138211,0.9227642276422765,0.9471544715447154,0.991869918699187
Switzerland,raw,False,ood_test,marginal,0.05,avg_set_size,10,1.635772357723577,0.11165837859571243,1.4065040650406504,1.5995934959349594,1.6341463414634145,1.6971544715447155,1.8130081300813008
Switzerland,raw,False,ood_test,marginal,0.05,singleton_rate,10,0.36422764227642274,0.11165837859571243,0.18699186991869918,0.30284552845528456,0.36585365853658536,0.40040650406504064,0.5934959349593496
Switzerland,raw,False,ood_test,marginal,0.05,singleton_accuracy,10,0.7892629222682732,0.08347170909389419,0.68,0.7358937885253675,0.7603668261562999,0.8486301369863014,0.9565217391304348
Switzerland,raw,False,ood_test,marginal,0.05,class0_coverage,10,0.9,0.11486707293408518,0.75,0.78125,0.9375,1.0,1.0
Switzerland,raw,False,ood_test,marginal,0.05,class1_coverage,10,0.9217391304347826,0.040991697460089724,0.8695652173913043,0.8869565217391304,0.9173913043478261,0.9565217391304348,0.991304347826087
Switzerland,raw,False,ood_test,marginal,0.05,class0_avg_set_size,10,1.4625,0.18680426476216577,1.25,1.375,1.4375,1.5,1.875
Switzerland,raw,False,ood_test,marginal,0.05,class1_avg_set_size,10,1.6478260869565218,0.10901402648748688,1.4173913043478261,1.6130434782608696,1.6565217391304348,1.7108695652173913,1.808695652173913
Switzerland,raw,False,ood_test,marginal,0.05,class0_singleton_accuracy,10,0.8533333333333333,0.16570090562050888,0.6,0.7,0.9,1.0,1.0
Switzerland,raw,False,ood_test,marginal,0.05,class1_singleton_accuracy,10,0.7837889734456491,0.10043270930006382,0.6666666666666666,0.7065891472868218,0.7426470588235294,0.874569460390356,0.9545454545454546
Switzerland,raw,False,ood_test,marginal,0.05,empty_rate,10,0.0,0.0,0.0,0.0,0.0,0.0,0.0
Switzerland,raw,False,ood_test,marginal,0.1,coverage,10,0.8162601626016259,0.059645227727858165,0.7073170731707317,0.782520325203252,0.8333333333333333,0.8556910569105691,0.9024390243902439
Switzerland,raw,False,ood_test,marginal,0.1,avg_set_size,10,1.3333333333333333,0.1318199079351253,1.1056910569105691,1.2703252032520327,1.3577235772357723,1.4410569105691058,1.4878048780487805
Switzerland,raw,False,ood_test,marginal,0.1,singleton_rate,10,0.6666666666666667,0.1318199079351253,0.5121951219512195,0.5589430894308943,0.6422764227642277,0.7296747967479675,0.8943089430894309
Switzerland,raw,False,ood_test,marginal,0.1,singleton_accuracy,10,0.7256243159567559,0.06355313049160452,0.6533333333333333,0.6751803751803752,0.7088543767648245,0.7874584717607973,0.8181818181818182
Switzerland,raw,False,ood_test,marginal,0.1,class0_coverage,10,0.75,0.05892556509887896,0.625,0.75,0.75,0.75,0.875
Switzerland,raw,False,ood_test,marginal,0.1,class1_coverage,10,0.8208695652173914,0.06299931820010274,0.7043478260869566,0.7913043478260869,0.8347826086956521,0.8630434782608696,0.9130434782608695
Switzerland,raw,False,ood_test,marginal,0.1,class0_avg_set_size,10,1.2,0.10540925533894598,1.0,1.125,1.25,1.25,1.375
Switzerland,raw,False,ood_test,marginal,0.1,class1_avg_set_size,10,1.342608695652174,0.13565712861012177,1.1043478260869566,1.2782608695652173,1.3695652173913044,1.4478260869565218,1.5043478260869565
Switzerland,raw,False,ood_test,marginal,0.1,class0_singleton_accuracy,10,0.6901190476190477,0.04809304437345994,0.625,0.6666666666666666,0.6666666666666666,0.7142857142857143,0.8
Switzerland,raw,False,ood_test,marginal,0.1,class1_singleton_accuracy,10,0.7286663260722138,0.07103806199896162,0.6470588235294118,0.6734798160449669,0.7070683111954459,0.7975193298969072,0.8333333333333334
Switzerland,raw,False,ood_test,marginal,0.1,empty_rate,10,0.0,0.0,0.0,0.0,0.0,0.0,0.0
Switzerland,raw,False,ood_test,marginal,0.2,coverage,10,0.6691056910569106,0.09317528772060044,0.5447154471544715,0.589430894308943,0.6585365853658536,0.75,0.7967479674796748
Switzerland,raw,False,ood_test,marginal,0.2,avg_set_size,10,0.9902439024390244,0.11953646614278783,0.8455284552845529,0.8719512195121951,1.016260162601626,1.056910569105691,1.1869918699186992
Switzerland,raw,False,ood_test,marginal,0.2,singleton_rate,10,0.902439024390244,0.06179812602163351,0.8130081300813008,0.8556910569105691,0.8902439024390244,0.959349593495935,0.983739837398374
Switzerland,raw,False,ood_test,marginal,0.2,singleton_accuracy,10,0.6926742154878547,0.05171393425704873,0.6386554621848739,0.6443301017164653,0.6833333333333333,0.7358722358722358,0.7685185185185185
Switzerland,raw,False,ood_test,marginal,0.2,class0_coverage,10,0.7,0.06454972243679027,0.625,0.625,0.75,0.75,0.75
Switzerland,raw,False,ood_test,marginal,0.2,class1_coverage,10,0.6669565217391303,0.09804216608481688,0.5391304347826087,0.5847826086956521,0.6565217391304348,0.7521739130434782,0.8
Switzerland,raw,False,ood_test,marginal,0.2,class0_avg_set_size,10,1.025,0.11486707293408518,0.875,1.0,1.0,1.09375,1.25
Switzerland,raw,False,ood_test,marginal,0.2,class1_avg_set_size,10,0.9878260869565217,0.12182191802030096,0.8434782608695652,0.8630434782608696,1.017391304347826,1.0478260869565217,1.191304347826087
Switzerland,raw,False,ood_test,marginal,0.2,class0_singleton_accuracy,10,0.7023809523809524,0.047866420959582615,0.625,0.6785714285714286,0.7142857142857143,0.7410714285714286,0.75
Switzerland,raw,False,ood_test,marginal,0.2,class1_singleton_accuracy,10,0.6917648335986537,0.05785447603257105,0.6306306306306306,0.6376699206276799,0.6810950186526223,0.7443079302345562,0.7722772277227723
Switzerland,raw,False,ood_test,marginal,0.2,empty_rate,10,0.05365853658536586,0.0707934606710274,0.0,0.0,0.0,0.12804878048780488,0.15447154471544716
Switzerland,raw,True,id_test,label_conditional,0.05,coverage,10,0.96,0.029606472432164944,0.9,0.9583333333333334,0.9666666666666667,0.98125,0.9916666666666667
Switzerland,raw,True,id_test,label_conditional,0.05,avg_set_size,10,1.4991666666666668,0.15373186935154656,1.3333333333333333,1.3875,1.4708333333333332,1.5729166666666665,1.8416666666666666
Switzerland,raw,True,id_test,label_conditional,0.05,singleton_rate,10,0.5008333333333332,0.1537318693515466,0.15833333333333333,0.4270833333333333,0.5291666666666667,0.6125,0.6666666666666666
Switzerland,raw,True,id_test,label_conditional,0.05,singleton_accuracy,10,0.9239286924497108,0.04276557896869086,0.8421052631578947,0.9062280084447571,0.941722972972973,0.9487065120428189,0.9705882352941176
Switzerland,raw,True,id_test,label_conditional,0.05,class0_coverage,10,0.9639344262295083,0.025396612106278155,0.9344262295081968,0.9508196721311475,0.9508196721311475,0.9877049180327868,1.0
Switzerland,raw,True,id_test,label_conditional,0.05,class1_coverage,10,0.9559322033898306,0.04533876304573759,0.864406779661017,0.9661016949152542,0.9661016949152542,0.9830508474576272,1.0
Switzerland,raw,True,id_test,label_conditional,0.05,class0_avg_set_size,10,1.4704918032786884,0.19196589871049935,1.2295081967213115,1.3237704918032787,1.4426229508196722,1.5901639344262295,1.8032786885245902
Switzerland,raw,True,id_test,label_conditional,0.05,class1_avg_set_size,10,1.528813559322034,0.19122436882536661,1.2542372881355932,1.423728813559322,1.5254237288135593,1.576271186440678,1.88135593220339
Switzerland,raw,True,id_test,label_conditional,0.05,class0_singleton_accuracy,10,0.9288215389811135,0.05681912529963771,0.8333333333333334,0.897420634920635,0.9198717948717949,0.9840425531914894,1.0
Switzerland,raw,True,id_test,label_conditional,0.05,class1_singleton_accuracy,10,0.8911938813874298,0.09645760130620035,0.72,0.8571428571428571,0.9215384615384616,0.9636363636363636,1.0
Switzerland,raw,True,id_test,label_conditional,0.05,empty_rate,10,0.0,0.0,0.0,0.0,0.0,0.0,0.0
Switzerland,raw,True,id_test,label_conditional,0.1,coverage,10,0.9133333333333333,0.039126259692575584,0.825,0.8916666666666666,0.925,0.9395833333333333,0.95
Switzerland,raw,True,id_test,label_conditional,0.1,avg_set_size,10,1.2633333333333334,0.09222891541976504,1.15,1.19375,1.2583333333333333,1.3020833333333335,1.425
Switzerland,raw,True,id_test,label_conditional,0.1,singleton_rate,10,0.7366666666666666,0.09222891541976506,0.575,0.6979166666666666,0.7416666666666667,0.80625,0.85
Switzerland,raw,True,id_test,label_conditional,0.1,singleton_accuracy,10,0.8843333799190631,0.04242431478213002,0.7941176470588235,0.8609306595113684,0.8981818181818182,0.9157608695652173,0.927710843373494
Switzerland,raw,True,id_test,label_conditional,0.1,class0_coverage,10,0.9180327868852458,0.03541388359785715,0.8688524590163934,0.9016393442622951,0.9180327868852459,0.9426229508196721,0.9672131147540983
Switzerland,raw,True,id_test,label_conditional,0.1,class1_coverage,10,0.9084745762711863,0.05604337522095929,0.7796610169491526,0.902542372881356,0.923728813559322,0.9449152542372882,0.9661016949152542
Switzerland,raw,True,id_test,label_conditional,0.1,class0_avg_set_size,10,1.2409836065573772,0.12293260338642896,1.0819672131147542,1.1680327868852458,1.1967213114754098,1.3278688524590163,1.4754098360655739
Switzerland,raw,True,id_test,label_conditional,0.1,class1_avg_set_size,10,1.2864406779661017,0.09993773796661667,1.152542372881356,1.2245762711864407,1.2796610169491527,1.3347457627118644,1.4745762711864407
Switzerland,raw,True,id_test,label_conditional,0.1,class0_singleton_accuracy,10,0.8916376590605232,0.04577198931871123,0.8125,0.8609422492401215,0.8979166666666667,0.9177978883861238,0.96
Switzerland,raw,True,id_test,label_conditional,0.1,class1_singleton_accuracy,10,0.869819871687211,0.07532475491652821,0.717391304347826,0.8625,0.872983870967742,0.9251219512195122,0.9591836734693877
Switzerland,raw,True,id_test,label_conditional,0.1,empty_rate,10,0.0,0.0,0.0,0.0,0.0,0.0,0.0
Switzerland,raw,True,id_test,label_conditional,0.2,coverage,10,0.8049999999999999,0.06348908723182956,0.675,0.79375,0.825,0.8416666666666667,0.875
Switzerland,raw,True,id_test,label_conditional,0.2,avg_set_size,10,0.9824999999999999,0.09098653407354329,0.85,0.9208333333333333,0.9916666666666667,1.0333333333333334,1.1333333333333333
Switzerland,raw,True,id_test,label_conditional,0.2,singleton_rate,10,0.9225,0.044104603494224,0.85,0.8854166666666666,0.9333333333333333,0.9625,0.9666666666666667
Switzerland,raw,True,id_test,label_conditional,0.2,singleton_accuracy,10,0.8395770606924124,0.03502902313006824,0.7931034482758621,0.817742673992674,0.8379002463054187,0.8629156403940887,0.8909090909090909
Switzerland,raw,True,id_test,label_conditional,0.2,class0_coverage,10,0.8032786885245902,0.0408924304565458,0.7213114754098361,0.7868852459016393,0.8032786885245902,0.8319672131147542,0.8524590163934426
Switzerland,raw,True,id_test,label_conditional,0.2,class1_coverage,10,0.8067796610169491,0.1020708681639432,0.6271186440677966,0.771186440677966,0.8389830508474576,0.864406779661017,0.9322033898305084
Switzerland,raw,True,id_test,label_conditional,0.2,class0_avg_set_size,10,0.9836065573770492,0.07918785107207343,0.8852459016393442,0.9221311475409837,0.9754098360655737,1.028688524590164,1.1311475409836065
Switzerland,raw,True,id_test,label_conditional,0.2,class1_avg_set_size,10,0.9813559322033898,0.1055303110840797,0.8135593220338984,0.9194915254237288,0.9915254237288136,1.0635593220338984,1.1355932203389831
Switzerland,raw,True,id_test,label_conditional,0.2,class0_singleton_accuracy,10,0.8335699554101392,0.03141913866813634,0.7666666666666667,0.8186582809224319,0.8363068688670829,0.8559718969555035,0.8727272727272727
Switzerland,raw,True,id_test,label_conditional,0.2,class1_singleton_accuracy,10,0.8455001857734056,0.06890431810326254,0.7543859649122807,0.7791053921568628,0.8545454545454545,0.90625,0.9272727272727272
Switzerland,raw,True,id_test,label_conditional,0.2,empty_rate,10,0.0475,0.05720468987076039,0.0,0.0,0.025,0.07916666666666666,0.15
Switzerland,raw,True,id_test,marginal,0.05,coverage,10,0.9566666666666667,0.022838671990104965,0.9083333333333333,0.9520833333333333,0.9583333333333334,0.9666666666666667,0.9916666666666667
Switzerland,raw,True,id_test,marginal,0.05,avg_set_size,10,1.45,0.15102530243409096,1.2916666666666667,1.3666666666666667,1.3916666666666666,1.4895833333333333,1.8083333333333333
Switzerland,raw,True,id_test,marginal,0.05,singleton_rate,10,0.55,0.15102530243409096,0.19166666666666668,0.5104166666666666,0.6083333333333333,0.6333333333333333,0.7083333333333334
Switzerland,raw,True,id_test,marginal,0.05,singleton_accuracy,10,0.9235261804517944,0.031372608800135836,0.8607594936708861,0.9029411764705882,0.9381207028265852,0.9452054794520548,0.9565217391304348
Switzerland,raw,True,id_test,marginal,0.05,class0_coverage,10,0.9540983606557377,0.02654635585025381,0.9016393442622951,0.9508196721311475,0.9508196721311475,0.9631147540983607,1.0
Switzerland,raw,True,id_test,marginal,0.05,class1_coverage,10,0.9593220338983051,0.02143917057741275,0.9152542372881356,0.9533898305084746,0.9661016949152542,0.9661016949152542,0.9830508474576272
Switzerland,raw,True,id_test,marginal,0.05,class0_avg_set_size,10,1.4278688524590164,0.16328651563890714,1.2950819672131149,1.3155737704918031,1.360655737704918,1.4549180327868854,1.8032786885245902
Switzerland,raw,True,id_test,marginal,0.05,class1_avg_set_size,10,1.4728813559322032,0.15042472347884722,1.2881355932203389,1.3644067796610169,1.4745762711864407,1.538135593220339,1.8135593220338984
Switzerland,raw,True,id_test,marginal,0.05,class0_singleton_accuracy,10,0.9243243814658684,0.042959974129694926,0.8536585365853658,0.9065126050420168,0.922874093605801,0.946843853820598,1.0
Switzerland,raw,True,id_test,marginal,0.05,class1_singleton_accuracy,10,0.9204527598415544,0.03386660476946922,0.868421052631579,0.9046920821114369,0.9230769230769231,0.9422043010752688,0.9743589743589743
Switzerland,raw,True,id_test,marginal,0.05,empty_rate,10,0.0,0.0,0.0,0.0,0.0,0.0,0.0
Switzerland,raw,True,id_test,marginal,0.1,coverage,10,0.9124999999999999,0.04551658224492761,0.8166666666666667,0.8916666666666666,0.9291666666666667,0.9479166666666666,0.95
Switzerland,raw,True,id_test,marginal,0.1,avg_set_size,10,1.2341666666666666,0.10441267247245185,1.1,1.1604166666666669,1.1958333333333333,1.3166666666666667,1.4333333333333333
Switzerland,raw,True,id_test,marginal,0.1,singleton_rate,10,0.7658333333333334,0.10441267247245185,0.5666666666666667,0.6833333333333333,0.8041666666666667,0.8395833333333333,0.9
Switzerland,raw,True,id_test,marginal,0.1,singleton_accuracy,10,0.8890497469865911,0.04551433487787492,0.7962962962962963,0.8681657848324514,0.9059803921568628,0.9161764705882353,0.9368421052631579
Switzerland,raw,True,id_test,marginal,0.1,class0_coverage,10,0.9098360655737705,0.045882119190564646,0.819672131147541,0.8770491803278688,0.9180327868852459,0.9467213114754098,0.9672131147540983
Switzerland,raw,True,id_test,marginal,0.1,class1_coverage,10,0.9152542372881356,0.04925309540723924,0.8135593220338984,0.902542372881356,0.9322033898305084,0.9491525423728814,0.9661016949152542
Switzerland,raw,True,id_test,marginal,0.1,class0_avg_set_size,10,1.2327868852459016,0.11166810731755016,1.098360655737705,1.1352459016393441,1.2131147540983607,1.3401639344262295,1.3934426229508197
Switzerland,raw,True,id_test,marginal,0.1,class1_avg_set_size,10,1.235593220338983,0.10762674792705705,1.1016949152542372,1.1694915254237288,1.211864406779661,1.288135593220339,1.4745762711864407
Switzerland,raw,True,id_test,marginal,0.1,class0_singleton_accuracy,10,0.8861223898298471,0.046980470102274366,0.8,0.850462962962963,0.9,0.9215370455591348,0.9459459459459459
Switzerland,raw,True,id_test,marginal,0.1,class1_singleton_accuracy,10,0.8907783967219347,0.05489658968678555,0.7924528301886793,0.8699158485273493,0.9089795918367347,0.93125,0.9512195121951219
Switzerland,raw,True,id_test,marginal,0.1,empty_rate,10,0.0,0.0,0.0,0.0,0.0,0.0,0.0
Switzerland,raw,True,id_test,marginal,0.2,coverage,10,0.8116666666666665,0.05973191135873605,0.7083333333333334,0.78125,0.825,0.8625,0.875
Switzerland,raw,True,id_test,marginal,0.2,avg_set_size,10,0.9841666666666666,0.08970545078887103,0.875,0.9041666666666667,0.9958333333333333,1.0250000000000001,1.15
Switzerland,raw,True,id_test,marginal,0.2,singleton_rate,10,0.9308333333333334,0.05486374817853344,0.85,0.89375,0.9166666666666666,0.9854166666666667,1.0
Switzerland,raw,True,id_test,marginal,0.2,singleton_accuracy,10,0.8425159683205502,0.034335568041508044,0.8017241379310345,0.8105742296918768,0.8409090909090908,0.8721288515406163,0.897196261682243
Switzerland,raw,True,id_test,marginal,0.2,class0_coverage,10,0.8262295081967214,0.051955691033900374,0.7213114754098361,0.7950819672131147,0.8278688524590164,0.8647540983606556,0.9016393442622951
Switzerland,raw,True,id_test,marginal,0.2,class1_coverage,10,0.7966101694915254,0.08226112869243524,0.6610169491525424,0.7415254237288136,0.7966101694915255,0.864406779661017,0.8983050847457628
Switzerland,raw,True,id_test,marginal,0.2,class0_avg_set_size,10,0.9967213114754099,0.08134554782919518,0.9016393442622951,0.9385245901639344,1.0,1.0368852459016393,1.1639344262295082
Switzerland,raw,True,id_test,marginal,0.2,class1_avg_set_size,10,0.9711864406779661,0.10044746515194011,0.847457627118644,0.8813559322033898,0.9915254237288136,1.0127118644067796,1.1355932203389831
Switzerland,raw,True,id_test,marginal,0.2,class0_singleton_accuracy,10,0.848402212776131,0.02850428062866082,0.8,0.8312159709618875,0.8572639909553419,0.8688524590163934,0.8823529411764706
Switzerland,raw,True,id_test,marginal,0.2,class1_singleton_accuracy,10,0.8365612728070397,0.060059275738715896,0.7450980392156863,0.786896551724138,0.845664928292047,0.8764638906961614,0.9230769230769231
Switzerland,raw,True,id_test,marginal,0.2,empty_rate,10,0.0425,0.05407042732502778,0.0,0.0,0.004166666666666667,0.09583333333333334,0.125
Switzerland,raw,True,ood_test,label_conditional,0.05,coverage,10,0.9447154471544718,0.04627723405124458,0.8536585365853658,0.943089430894309,0.9634146341463414,0.9735772357723578,0.991869918699187
Switzerland,raw,True,ood_test,label_conditional,0.05,avg_set_size,10,1.7048780487804875,0.10369528370741843,1.5528455284552845,1.6402439024390243,1.6951219512195124,1.75,1.91869918699187
Switzerland,raw,True,ood_test,label_conditional,0.05,singleton_rate,10,0.2951219512195122,0.1036952837074184,0.08130081300813008,0.25,0.30487804878048785,0.3597560975609756,0.44715447154471544
Switzerland,raw,True,ood_test,label_conditional,0.05,singleton_accuracy,10,0.8209685817923805,0.12731943522055864,0.5384615384615384,0.8051948051948051,0.8756410256410256,0.8986842105263158,0.918918918918919
Switzerland,raw,True,ood_test,label_conditional,0.05,class0_coverage,10,0.9,0.09860132971832694,0.75,0.875,0.875,1.0,1.0
Switzerland,raw,True,ood_test,label_conditional,0.05,class1_coverage,10,0.9478260869565217,0.050036743482991516,0.8434782608695652,0.95,0.9695652173913043,0.9739130434782609,0.991304347826087
Switzerland,raw,True,ood_test,label_conditional,0.05,class0_avg_set_size,10,1.6625,0.21286732957408003,1.375,1.5,1.75,1.75,2.0
Switzerland,raw,True,ood_test,label_conditional,0.05,class1_avg_set_size,10,1.7078260869565216,0.09728082069984013,1.565217391304348,1.6478260869565218,1.6956521739130435,1.75,1.9130434782608696
Switzerland,raw,True,ood_test,label_conditional,0.05,class0_singleton_accuracy,9,0.7166666666666667,0.2263846284534354,0.5,0.5,0.6,1.0,1.0
Switzerland,raw,True,ood_test,label_conditional,0.05,class1_singleton_accuracy,10,0.8258053344504959,0.14817224076052402,0.4857142857142857,0.8191244239631336,0.8831818181818182,0.9125,0.9428571428571428
Switzerland,raw,True,ood_test,label_conditional,0.05,empty_rate,10,0.0,0.0,0.0,0.0,0.0,0.0,0.0
Switzerland,raw,True,ood_test,label_conditional,0.1,coverage,10,0.8609756097560975,0.054531509821514196,0.7642276422764228,0.8373983739837398,0.8536585365853658,0.8780487804878049,0.959349593495935
Switzerland,raw,True,ood_test,label_conditional,0.1,avg_set_size,10,1.4008130081300814,0.10341159455345598,1.1951219512195121,1.3658536585365852,1.4065040650406504,1.4369918699186992,1.5528455284552845
Switzerland,raw,True,ood_test,label_conditional,0.1,singleton_rate,10,0.5991869918699188,0.103411594553456,0.44715447154471544,0.5630081300813008,0.5934959349593496,0.6341463414634146,0.8048780487804879
Switzerland,raw,True,ood_test,label_conditional,0.1,singleton_accuracy,10,0.7644618509137571,0.08821329218880397,0.6627906976744186,0.6990595611285266,0.7315315315315315,0.8115530303030303,0.9367088607594937
Switzerland,raw,True,ood_test,label_conditional,0.1,class0_coverage,10,0.75,0.05892556509887896,0.625,0.75,0.75,0.75,0.875
Switzerland,raw,True,ood_test,label_conditional,0.1,class1_coverage,10,0.8686956521739131,0.0580361952404878,0.7652173913043478,0.8434782608695652,0.8652173913043478,0.8847826086956522,0.9739130434782609
Switzerland,raw,True,ood_test,label_conditional,0.1,class0_avg_set_size,10,1.2875,0.1449377260910507,1.125,1.25,1.25,1.34375,1.625
Switzerland,raw,True,ood_test,label_conditional,0.1,class1_avg_set_size,10,1.408695652173913,0.10759832575809036,1.2,1.3543478260869566,1.4173913043478261,1.4434782608695653,1.565217391304348
Switzerland,raw,True,ood_test,label_conditional,0.1,class0_singleton_accuracy,10,0.6352380952380952,0.12238084944306296,0.3333333333333333,0.6166666666666667,0.6666666666666666,0.6666666666666666,0.8
Switzerland,raw,True,ood_test,label_conditional,0.1,class1_singleton_accuracy,10,0.7723598233397533,0.09795800893709225,0.6582278481012658,0.6992307692307692,0.7372122762148338,0.8284749670619236,0.9605263157894737
Switzerland,raw,True,ood_test,label_conditional,0.1,empty_rate,10,0.0,0.0,0.0,0.0,0.0,0.0,0.0
Switzerland,raw,True,ood_test,label_conditional,0.2,coverage,10,0.7146341463414634,0.1172192454149739,0.5284552845528455,0.6422764227642277,0.7520325203252032,0.7967479674796748,0.8536585365853658
Switzerland,raw,True,ood_test,label_conditional,0.2,avg_set_size,10,0.9577235772357723,0.14210468406356377,0.7235772357723578,0.8353658536585367,1.0,1.0772357723577235,1.1056910569105691
Switzerland,raw,True,ood_test,label_conditional,0.2,singleton_rate,10,0.8796747967479674,0.07805630797786316,0.7235772357723578,0.8272357723577236,0.9186991869918699,0.9329268292682926,0.943089430894309
Switzerland,raw,True,ood_test,label_conditional,0.2,singleton_accuracy,10,0.7660869195324962,0.0570554408142127,0.6701030927835051,0.7309424641611778,0.7776436935728971,0.8044133353677144,0.8363636363636363
Switzerland,raw,True,ood_test,label_conditional,0.2,class0_coverage,10,0.5625,0.06588078458684124,0.5,0.5,0.5625,0.625,0.625
Switzerland,raw,True,ood_test,label_conditional,0.2,class1_coverage,10,0.7252173913043478,0.12468485794041682,0.5217391304347826,0.65,0.7652173913043478,0.817391304347826,0.8695652173913043
Switzerland,raw,True,ood_test,label_conditional,0.2,class0_avg_set_size,10,0.9625,0.13241873818392252,0.75,0.875,0.9375,1.09375,1.125
Switzerland,raw,True,ood_test,label_conditional,0.2,class1_avg_set_size,10,0.957391304347826,0.14384815443860138,0.7217391304347827,0.8326086956521739,1.0,1.0760869565217392,1.1043478260869566
Switzerland,raw,True,ood_test,label_conditional,0.2,class0_singleton_accuracy,10,0.5934523809523808,0.060184821790867586,0.5,0.5714285714285714,0.5714285714285714,0.6116071428571428,0.7142857142857143
Switzerland,raw,True,ood_test,label_conditional,0.2,class1_singleton_accuracy,10,0.7779897476580575,0.06395747476750581,0.6666666666666666,0.7369846357908699,0.7960662525879918,0.8196944781028216,0.8543689320388349
Switzerland,raw,True,ood_test,label_conditional,0.2,empty_rate,10,0.08130081300813008,0.10628006260773755,0.0,0.0,0.028455284552845527,0.16463414634146342,0.2764227642276423
Switzerland,raw,True,ood_test,marginal,0.05,coverage,10,0.9398373983739837,0.031182980734184337,0.9024390243902439,0.9105691056910569,0.9390243902439024,0.959349593495935,0.991869918699187
Switzerland,raw,True,ood_test,marginal,0.05,avg_set_size,10,1.6439024390243901,0.09859434657185692,1.5040650406504066,1.5691056910569106,1.6382113821138211,1.7052845528455285,1.829268292682927
Switzerland,raw,True,ood_test,marginal,0.05,singleton_rate,10,0.35609756097560974,0.09859434657185691,0.17073170731707318,0.2947154471544715,0.3617886178861789,0.43089430894308944,0.4959349593495935
Switzerland,raw,True,ood_test,marginal,0.05,singleton_accuracy,10,0.8356407852207417,0.07744298892616656,0.7380952380952381,0.7863672496025437,0.8079842137219186,0.9080357142857143,0.9523809523809523
Switzerland,raw,True,ood_test,marginal,0.05,class0_coverage,10,0.85,0.09860132971832694,0.75,0.75,0.875,0.875,1.0
Switzerland,raw,True,ood_test,marginal,0.05,class1_coverage,10,0.9460869565217391,0.03196301159904981,0.9043478260869565,0.9217391304347826,0.9391304347826086,0.9739130434782609,0.991304347826087
Switzerland,raw,True,ood_test,marginal,0.05,class0_avg_set_size,10,1.525,0.24152294576982397,1.25,1.375,1.5,1.625,2.0
Switzerland,raw,True,ood_test,marginal,0.05,class1_avg_set_size,10,1.652173913043478,0.09129284491607897,1.5130434782608695,1.5847826086956522,1.6565217391304348,1.7108695652173913,1.817391304347826
Switzerland,raw,True,ood_test,marginal,0.05,class0_singleton_accuracy,9,0.6703703703703703,0.19035379665568683,0.3333333333333333,0.6,0.6666666666666666,0.8,1.0
Switzerland,raw,True,ood_test,marginal,0.05,class1_singleton_accuracy,10,0.8464761669004472,0.08885960427875753,0.7297297297297297,0.7766544117647058,0.8258928571428572,0.938588007736944,0.9523809523809523
Switzerland,raw,True,ood_test,marginal,0.05,empty_rate,10,0.0,0.0,0.0,0.0,0.0,0.0,0.0
Switzerland,raw,True,ood_test,marginal,0.1,coverage,10,0.865040650406504,0.04439815157999435,0.7967479674796748,0.8414634146341463,0.8577235772357723,0.8922764227642277,0.9349593495934959
Switzerland,raw,True,ood_test,marginal,0.1,avg_set_size,10,1.3463414634146342,0.11795313178307158,1.1626016260162602,1.2520325203252032,1.3983739837398375,1.4369918699186992,1.4715447154471544
Switzerland,raw,True,ood_test,marginal,0.1,singleton_rate,10,0.6536585365853659,0.11795313178307161,0.5284552845528455,0.5630081300813008,0.6016260162601625,0.7479674796747968,0.8373983739837398
Switzerland,raw,True,ood_test,marginal,0.1,singleton_accuracy,10,0.7946323093413916,0.05622268129008404,0.7384615384615385,0.7437388193202147,0.7882152447841355,0.8230926033779848,0.8840579710144928
Switzerland,raw,True,ood_test,marginal,0.1,class0_coverage,10,0.7125,0.06038073644245599,0.625,0.65625,0.75,0.75,0.75
Switzerland,raw,True,ood_test,marginal,0.1,class1_coverage,10,0.8756521739130434,0.04583927612271747,0.808695652173913,0.8478260869565217,0.8695652173913043,0.9043478260869565,0.9478260869565217
Switzerland,raw,True,ood_test,marginal,0.1,class0_avg_set_size,10,1.2375,0.09223309842157773,1.125,1.15625,1.25,1.25,1.375
Switzerland,raw,True,ood_test,marginal,0.1,class1_avg_set_size,10,1.3539130434782607,0.12098107670199833,1.1652173913043478,1.258695652173913,1.4043478260869566,1.4434782608695653,1.4869565217391305
Switzerland,raw,True,ood_test,marginal,0.1,class0_singleton_accuracy,10,0.6247619047619047,0.045386834287394325,0.5714285714285714,0.5785714285714285,0.6333333333333333,0.6666666666666666,0.6666666666666666
Switzerland,raw,True,ood_test,marginal,0.1,class1_singleton_accuracy,10,0.8083369406609796,0.06242066050811901,0.7457627118644068,0.75,0.8047715053763441,0.840089263878699,0.90625
Switzerland,raw,True,ood_test,marginal,0.1,empty_rate,10,0.0,0.0,0.0,0.0,0.0,0.0,0.0
Switzerland,raw,True,ood_test,marginal,0.2,coverage,10,0.7008130081300814,0.0901099292818229,0.5772357723577236,0.6158536585365854,0.7195121951219512,0.7398373983739838,0.8211382113821138
Switzerland,raw,True,ood_test,marginal,0.2,avg_set_size,10,0.9715447154471546,0.1471547210865941,0.7804878048780488,0.8495934959349594,0.9715447154471545,1.0995934959349594,1.1788617886178863
Switzerland,raw,True,ood_test,marginal,0.2,singleton_rate,10,0.8739837398373984,0.07006874511570675,0.7804878048780488,0.8272357723577236,0.8617886178861789,0.9288617886178863,1.0
Switzerland,raw,True,ood_test,marginal,0.2,singleton_accuracy,10,0.7450321728140292,0.05259800421542735,0.6697247706422018,0.7003532182103611,0.7449186991869918,0.7883051398828888,0.8207547169811321
Switzerland,raw,True,ood_test,marginal,0.2,class0_coverage,10,0.575,0.06454972243679027,0.5,0.5,0.625,0.625,0.625
Switzerland,raw,True,ood_test,marginal,0.2,class1_coverage,10,0.7095652173913043,0.09684803618556995,0.5739130434782609,0.6217391304347826,0.7347826086956522,0.7478260869565218,0.8347826086956521
Switzerland,raw,True,ood_test,marginal,0.2,class0_avg_set_size,10,0.975,0.11486707293408518,0.875,0.875,0.9375,1.09375,1.125
Switzerland,raw,True,ood_test,marginal,0.2,class1_avg_set_size,10,0.9713043478260868,0.1498889878364925,0.7739130434782608,0.8478260869565217,0.9739130434782608,1.1,1.182608695652174
Switzerland,raw,True,ood_test,marginal,0.2,class0_singleton_accuracy,10,0.5982142857142856,0.0679979741594992,0.5,0.5714285714285714,0.5714285714285714,0.6116071428571428,0.7142857142857143
Switzerland,raw,True,ood_test,marginal,0.2,class1_singleton_accuracy,10,0.7555356901700223,0.058730282761641155,0.6764705882352942,0.699935702595277,0.7559355153883732,0.8033083124826244,0.8383838383838383
Switzerland,raw,True,ood_test,marginal,0.2,empty_rate,10,0.07723577235772358,0.09192146669998172,0.0,0.0,0.028455284552845527,0.15040650406504066,0.21951219512195122
VA Long Beach,isotonic,False,id_test,label_conditional,0.05,coverage,10,0.9898148148148147,0.01600778083937029,0.9537037037037037,0.9837962962962963,1.0,1.0,1.0
VA Long Beach,isotonic,False,id_test,label_conditional,0.05,avg_set_size,10,1.827777777777778,0.05843041761086039,1.6944444444444444,1.8078703703703705,1.824074074074074,1.8703703703703702,1.8981481481481481
VA Long Beach,isotonic,False,id_test,label_conditional,0.05,singleton_rate,10,0.17222222222222222,0.058430417610860416,0.10185185185185185,0.12962962962962962,0.17592592592592593,0.19212962962962962,0.3055555555555556
VA Long Beach,isotonic,False,id_test,label_conditional,0.05,singleton_accuracy,10,0.9540361599185129,0.0652743463302496,0.8484848484848485,0.899859943977591,1.0,1.0,1.0
VA Long Beach,isotonic,False,id_test,label_conditional,0.05,class0_coverage,10,0.9962962962962963,0.011712139482105127,0.9629629629629629,1.0,1.0,1.0,1.0
VA Long Beach,isotonic,False,id_test,label_conditional,0.05,class1_coverage,10,0.9833333333333334,0.03201556167874059,0.9074074074074074,0.9861111111111112,1.0,1.0,1.0
VA Long Beach,isotonic,False,id_test,label_conditional,0.05,class0_avg_set_size,10,1.8703703703703702,0.15858311825512503,1.5555555555555556,1.800925925925926,1.9351851851851851,2.0,2.0
VA Long Beach,isotonic,False,id_test,label_conditional,0.05,class1_avg_set_size,10,1.7851851851851852,0.11587851881735618,1.6296296296296295,1.7222222222222223,1.7685185185185186,1.824074074074074,2.0
VA Long Beach,isotonic,False,id_test,label_conditional,0.05,class0_singleton_accuracy,6,0.8333333333333334,0.408248290463863,0.0,1.0,1.0,1.0,1.0
VA Long Beach,isotonic,False,id_test,label_conditional,0.05,class1_singleton_accuracy,9,0.8170594837261504,0.3563182120078336,0.0,0.9090909090909091,1.0,1.0,1.0
VA Long Beach,isotonic,False,id_test,label_conditional,0.05,empty_rate,10,0.0,0.0,0.0,0.0,0.0,0.0,0.0
VA Long Beach,isotonic,False,id_test,label_conditional,0.1,coverage,10,0.951851851851852,0.046357983593873046,0.8611111111111112,0.9351851851851852,0.9722222222222222,0.9814814814814815,1.0
VA Long Beach,isotonic,False,id_test,label_conditional,0.1,avg_set_size,10,1.488888888888889,0.2460943198574847,1.1666666666666667,1.2384259259259258,1.5925925925925926,1.6851851851851851,1.8148148148148149
VA Long Beach,isotonic,False,id_test,label_conditional,0.1,singleton_rate,10,0.5111111111111111,0.24609431985748467,0.18518518518518517,0.3148148148148148,0.4074074074074074,0.7615740740740741,0.8333333333333334
VA Long Beach,isotonic,False,id_test,label_conditional,0.1,singleton_accuracy,10,0.9242311642395812,0.04978225811348289,0.8333333333333334,0.9099431818181818,0.9255732607850757,0.9542811839323467,1.0
VA Long Beach,isotonic,False,id_test,label_conditional,0.1,class0_coverage,10,0.9703703703703704,0.03171662365102501,0.9074074074074074,0.9490740740740741,0.9722222222222222,1.0,1.0
VA Long Beach,isotonic,False,id_test,label_conditional,0.1,class1_coverage,10,0.9333333333333333,0.06716775559869355,0.8148148148148148,0.9259259259259259,0.9629629629629629,0.9629629629629629,1.0
VA Long Beach,isotonic,False,id_test,label_conditional,0.1,class0_avg_set_size,10,1.4666666666666668,0.2782300844285457,1.1481481481481481,1.2222222222222223,1.4537037037037037,1.6574074074074074,1.962962962962963
VA Long Beach,isotonic,False,id_test,label_conditional,0.1,class1_avg_set_size,10,1.511111111111111,0.2452412502880772,1.1851851851851851,1.2685185185185186,1.6574074074074074,1.6851851851851851,1.7777777777777777
VA Long Beach,isotonic,False,id_test,label_conditional,0.1,class0_singleton_accuracy,10,0.9545081879510595,0.041883725979260385,0.8913043478260869,0.9265873015873016,0.9413067552602437,1.0,1.0
VA Long Beach,isotonic,False,id_test,label_conditional,0.1,class1_singleton_accuracy,10,0.8804897269912748,0.07802868449981776,0.7727272727272727,0.8416666666666667,0.8823529411764706,0.8986842105263158,1.0
VA Long Beach,isotonic,False,id_test,label_conditional,0.1,empty_rate,10,0.0,0.0,0.0,0.0,0.0,0.0,0.0
VA Long Beach,isotonic,False,id_test,label_conditional,0.2,coverage,10,0.9,0.05465665091649052,0.8148148148148148,0.8587962962962963,0.8888888888888888,0.9351851851851852,0.9814814814814815
VA Long Beach,isotonic,False,id_test,label_conditional,0.2,avg_set_size,10,1.1870370370370371,0.2068039427849717,0.9351851851851852,1.0462962962962963,1.1666666666666665,1.2268518518518519,1.5648148148148149
VA Long Beach,isotonic,False,id_test,label_conditional,0.2,singleton_rate,10,0.8,0.1928555501458794,0.4351851851851852,0.7731481481481481,0.8333333333333333,0.9490740740740741,1.0
VA Long Beach,isotonic,False,id_test,label_conditional,0.2,singleton_accuracy,10,0.8901317855019991,0.04222415259365479,0.8297872340425532,0.8631706193875202,0.8813376483279396,0.9171509567682494,0.9629629629629629
VA Long Beach,isotonic,False,id_test,label_conditional,0.2,class0_coverage,10,0.9092592592592592,0.07222486013964817,0.7777777777777778,0.875,0.9259259259259259,0.9583333333333333,1.0
VA Long Beach,isotonic,False,id_test,label_conditional,0.2,class1_coverage,10,0.8907407407407406,0.05687728148044169,0.7962962962962963,0.8611111111111112,0.8888888888888888,0.9259259259259259,0.9629629629629629
VA Long Beach,isotonic,False,id_test,label_conditional,0.2,class0_avg_set_size,10,1.1722222222222223,0.2194702716131108,0.9259259259259259,1.0416666666666665,1.1296296296296298,1.2083333333333335,1.6851851851851851
VA Long Beach,isotonic,False,id_test,label_conditional,0.2,class1_avg_set_size,10,1.201851851851852,0.21373540357281923,0.9444444444444444,1.0416666666666665,1.175925925925926,1.287037037037037,1.6296296296296295
VA Long Beach,isotonic,False,id_test,label_conditional,0.2,class0_singleton_accuracy,10,0.9056378346210279,0.05821468684581211,0.803921568627451,0.8712606837606838,0.9156462585034013,0.9392156862745098,1.0
VA Long Beach,isotonic,False,id_test,label_conditional,0.2,class1_singleton_accuracy,10,0.8714171002715894,0.05841132077535865,0.7555555555555555,0.8829185520361991,0.8918128654970761,0.9,0.9333333333333333
VA Long Beach,isotonic,False,id_test,label_conditional,0.2,empty_rate,10,0.006481481481481481,0.02049624409368394,0.0,0.0,0.0,0.0,0.06481481481481481
VA Long Beach,isotonic,False,id_test,marginal,0.05,coverage,10,0.9685185185185187,0.03329902212163254,0.8888888888888888,0.9652777777777777,0.9814814814814815,0.9884259259259259,1.0
VA Long Beach,isotonic,False,id_test,marginal,0.05,avg_set_size,10,1.576851851851852,0.17890854802558337,1.2407407407407407,1.4606481481481481,1.5972222222222223,1.7199074074074074,1.8148148148148149
VA Long Beach,isotonic,False,id_test,marginal,0.05,singleton_rate,10,0.42314814814814816,0.17890854802558334,0.18518518518518517,0.2800925925925926,0.4027777777777778,0.5393518518518519,0.7592592592592593
VA Long Beach,isotonic,False,id_test,marginal,0.05,singleton_accuracy,10,0.9386252745929544,0.0429529625324611,0.8536585365853658,0.9145768025078369,0.9517441860465117,0.965566037735849,1.0
VA Long Beach,isotonic,False,id_test,marginal,0.05,class0_coverage,10,0.9814814814814815,0.02138334330331949,0.9444444444444444,0.9629629629629629,0.9907407407407407,1.0,1.0
VA Long Beach,isotonic,False,id_test,marginal,0.05,class1_coverage,10,0.9555555555555555,0.05030012046287249,0.8333333333333334,0.9629629629629629,0.9629629629629629,0.9814814814814815,1.0
VA Long Beach,isotonic,False,id_test,marginal,0.05,class0_avg_set_size,10,1.585185185185185,0.21333390489178122,1.1851851851851851,1.5046296296296298,1.5462962962962963,1.7175925925925926,1.962962962962963
VA Long Beach,isotonic,False,id_test,marginal,0.05,class1_avg_set_size,10,1.5685185185185184,0.19501679432445584,1.2777777777777777,1.3842592592592593,1.6574074074074074,1.6851851851851851,1.7962962962962963
VA Long Beach,isotonic,False,id_test,marginal,0.05,class0_singleton_accuracy,10,0.9610531175748566,0.04135237888475703,0.9130434782608695,0.9237891737891738,0.9659090909090908,1.0,1.0
VA Long Beach,isotonic,False,id_test,marginal,0.05,class1_singleton_accuracy,10,0.9057480106706114,0.07181394733405994,0.7631578947368421,0.8744343891402715,0.8957219251336899,0.957002457002457,1.0
VA Long Beach,isotonic,False,id_test,marginal,0.05,empty_rate,10,0.0,0.0,0.0,0.0,0.0,0.0,0.0
VA Long Beach,isotonic,False,id_test,marginal,0.1,coverage,10,0.9407407407407409,0.03908923505922853,0.8611111111111112,0.9282407407407407,0.9351851851851852,0.9699074074074074,1.0
VA Long Beach,isotonic,False,id_test,marginal,0.1,avg_set_size,10,1.3824074074074075,0.19801493541437082,1.1666666666666667,1.2523148148148149,1.3101851851851851,1.4791666666666667,1.8148148148148149
VA Long Beach,isotonic,False,id_test,marginal,0.1,singleton_rate,10,0.6175925925925926,0.19801493541437082,0.18518518518518517,0.5208333333333334,0.6898148148148148,0.7476851851851851,0.8333333333333334
VA Long Beach,isotonic,False,id_test,marginal,0.1,singleton_accuracy,10,0.9153712512168305,0.04428694715172561,0.8333333333333334,0.8989130434782608,0.9140813253012048,0.9364235055724417,1.0
VA Long Beach,isotonic,False,id_test,marginal,0.1,class0_coverage,10,0.9425925925925924,0.044039651806757944,0.8518518518518519,0.9166666666666667,0.9444444444444444,0.9768518518518519,1.0
VA Long Beach,isotonic,False,id_test,marginal,0.1,class1_coverage,10,0.9388888888888889,0.05384895922855405,0.8148148148148148,0.9259259259259259,0.9629629629629629,0.9629629629629629,1.0
VA Long Beach,isotonic,False,id_test,marginal,0.1,class0_avg_set_size,10,1.4277777777777778,0.25428053136208056,1.1481481481481481,1.2314814814814816,1.3888888888888888,1.5509259259259258,1.962962962962963
VA Long Beach,isotonic,False,id_test,marginal,0.1,class1_avg_set_size,10,1.3370370370370368,0.1807704219034383,1.1111111111111112,1.2453703703703702,1.2777777777777777,1.4074074074074074,1.6666666666666667
VA Long Beach,isotonic,False,id_test,marginal,0.1,class0_singleton_accuracy,10,0.907090357345373,0.07127401632895494,0.7575757575757576,0.8705533596837944,0.9294019933554818,0.9477941176470588,1.0
VA Long Beach,isotonic,False,id_test,marginal,0.1,class1_singleton_accuracy,10,0.9136870863411299,0.06612265687457068,0.7727272727272727,0.8960526315789474,0.9190476190476191,0.955592105263158,1.0
VA Long Beach,isotonic,False,id_test,marginal,0.1,empty_rate,10,0.0,0.0,0.0,0.0,0.0,0.0,0.0
VA Long Beach,isotonic,False,id_test,marginal,0.2,coverage,10,0.8388888888888889,0.07943559477602671,0.6574074074074074,0.8194444444444444,0.8425925925925926,0.8865740740740741,0.9259259259259259
VA Long Beach,isotonic,False,id_test,marginal,0.2,avg_set_size,10,1.025,0.13254007857242103,0.75,0.9861111111111112,1.0138888888888888,1.0439814814814814,1.2685185185185186
VA Long Beach,isotonic,False,id_test,marginal,0.2,singleton_rate,10,0.9175925925925925,0.10351706455982543,0.7314814814814815,0.8703703703703703,0.9675925925925926,0.9814814814814815,1.0
VA Long Beach,isotonic,False,id_test,marginal,0.2,singleton_accuracy,10,0.8580194718442478,0.03909453602607205,0.7924528301886793,0.8369047619047619,0.8614215057702876,0.8858024691358024,0.9120879120879121
VA Long Beach,isotonic,False,id_test,marginal,0.2,class0_coverage,10,0.798148148148148,0.13952529094392108,0.46296296296296297,0.75,0.8148148148148148,0.8842592592592592,0.9814814814814815
VA Long Beach,isotonic,False,id_test,marginal,0.2,class1_coverage,10,0.8796296296296295,0.04880058117543796,0.8148148148148148,0.8518518518518519,0.8796296296296295,0.9166666666666666,0.9629629629629629
VA Long Beach,isotonic,False,id_test,marginal,0.2,class0_avg_set_size,10,1.0166666666666666,0.16960150358948486,0.6111111111111112,1.0,1.0185185185185186,1.0555555555555556,1.2592592592592593
VA Long Beach,isotonic,False,id_test,marginal,0.2,class1_avg_set_size,10,1.0333333333333334,0.12152814520814534,0.8888888888888888,1.0,1.0,1.0462962962962963,1.3518518518518519
VA Long Beach,isotonic,False,id_test,marginal,0.2,class0_singleton_accuracy,10,0.8232535764888705,0.07335868352046915,0.7407407407407407,0.7658371040723981,0.8093681917211328,0.8615384615384616,0.9772727272727273
VA Long Beach,isotonic,False,id_test,marginal,0.2,class1_singleton_accuracy,10,0.8851537781698715,0.05749806884691964,0.8,0.8475783475783476,0.8856209150326797,0.9259259259259259,0.9607843137254902
VA Long Beach,isotonic,False,id_test,marginal,0.2,empty_rate,10,0.028703703703703703,0.07813581124707109,0.0,0.0,0.0,0.013888888888888888,0.25
VA Long Beach,isotonic,False,ood_test,label_conditional,0.05,coverage,10,0.9889999999999999,0.006992058987801017,0.98,0.985,0.985,0.99375,1.0
VA Long Beach,isotonic,False,ood_test,label_conditional,0.05,avg_set_size,10,1.9170000000000003,0.06912950809089337,1.815,1.85625,1.9275,1.9775,2.0
VA Long Beach,isotonic,False,ood_test,label_conditional,0.05,singleton_rate,10,0.083,0.06912950809089335,0.0,0.0225,0.07250000000000001,0.14375,0.185
VA Long Beach,isotonic,False,ood_test,label_conditional,0.05,singleton_accuracy,8,0.8099541337948596,0.13441716591671765,0.5,0.8016826923076923,0.8484848484848485,0.8848973607038123,0.918918918918919
VA Long Beach,isotonic,False,ood_test,label_conditional,0.05,class0_coverage,10,0.9588235294117649,0.02988007699519599,0.9215686274509803,0.9411764705882353,0.9411764705882353,0.9901960784313726,1.0
VA Long Beach,isotonic,False,ood_test,label_conditional,0.05,class1_coverage,10,0.9993288590604028,0.0021223340001130034,0.9932885906040269,1.0,1.0,1.0,1.0
VA Long Beach,isotonic,False,ood_test,label_conditional,0.05,class0_avg_set_size,10,1.9588235294117649,0.02988007699519597,1.9215686274509804,1.9411764705882353,1.9411764705882353,1.9901960784313726,2.0
VA Long Beach,isotonic,False,ood_test,label_conditional,0.05,class1_avg_set_size,10,1.902684563758389,0.08407883880521759,1.7718120805369129,1.8271812080536913,1.922818791946309,1.9731543624161074,2.0
VA Long Beach,isotonic,False,ood_test,label_conditional,0.05,class0_singleton_accuracy,7,0.0,0.0,0.0,0.0,0.0,0.0,0.0
VA Long Beach,isotonic,False,ood_test,label_conditional,0.05,class1_singleton_accuracy,8,0.9375,0.1767766952966369,0.5,1.0,1.0,1.0,1.0
VA Long Beach,isotonic,False,ood_test,label_conditional,0.05,empty_rate,10,0.0,0.0,0.0,0.0,0.0,0.0,0.0
VA Long Beach,isotonic,False,ood_test,label_conditional,0.1,coverage,10,0.9215,0.07168798132648643,0.835,0.8412499999999999,0.965,0.9824999999999999,0.985
VA Long Beach,isotonic,False,ood_test,label_conditional,0.1,avg_set_size,10,1.6469999999999998,0.2689403072967845,1.28,1.37875,1.7799999999999998,1.86625,1.93
VA Long Beach,isotonic,False,ood_test,label_conditional,0.1,singleton_rate,10,0.353,0.26894030729678453,0.07,0.13375,0.22,0.6212500000000001,0.72
VA Long Beach,isotonic,False,ood_test,label_conditional,0.1,singleton_accuracy,10,0.8037652085921654,0.05462846730031377,0.7181818181818181,0.7689125295508275,0.7998338870431894,0.8536096256684492,0.8780487804878049
VA Long Beach,isotonic,False,ood_test,label_conditional,0.1,class0_coverage,10,0.8568627450980392,0.10336307361004919,0.7058823529411765,0.7549019607843137,0.9117647058823529,0.9411764705882353,0.9607843137254902
VA Long Beach,isotonic,False,ood_test,label_conditional,0.1,class1_coverage,10,0.9436241610738255,0.062094139630713446,0.8657718120805369,0.8758389261744967,0.976510067114094,0.9983221476510067,1.0
VA Long Beach,isotonic,False,ood_test,label_conditional,0.1,class0_avg_set_size,10,1.6784313725490196,0.27978131736057993,1.3137254901960784,1.3774509803921569,1.8235294117647058,1.9166666666666667,1.9411764705882353
VA Long Beach,isotonic,False,ood_test,label_conditional,0.1,class1_avg_set_size,10,1.6362416107382551,0.26727555367376943,1.25503355704698,1.3758389261744968,1.7550335570469797,1.848993288590604,1.9261744966442953
VA Long Beach,isotonic,False,ood_test,label_conditional,0.1,class0_singleton_accuracy,10,0.4190683040078202,0.25677210039213394,0.0,0.2708333333333333,0.563049853372434,0.6,0.65625
VA Long Beach,isotonic,False,ood_test,label_conditional,0.1,class1_singleton_accuracy,10,0.8913907381562367,0.09101377029478361,0.7435897435897436,0.8272777494475608,0.8939393939393939,0.9797297297297297,1.0
VA Long Beach,isotonic,False,ood_test,label_conditional,0.1,empty_rate,10,0.0,0.0,0.0,0.0,0.0,0.0,0.0
VA Long Beach,isotonic,False,ood_test,label_conditional,0.2,coverage,10,0.8059999999999998,0.07748835037890822,0.7,0.76625,0.8,0.83,0.94
VA Long Beach,isotonic,False,ood_test,label_conditional,0.2,avg_set_size,10,1.2590000000000001,0.26294063546317403,0.945,1.0574999999999999,1.2375,1.355,1.77
VA Long Beach,isotonic,False,ood_test,label_conditional,0.2,singleton_rate,10,0.7300000000000001,0.25034420748685643,0.23,0.645,0.7625,0.9425,1.0
VA Long Beach,isotonic,False,ood_test,label_conditional,0.2,singleton_accuracy,10,0.7384415143360058,0.060653829393005496,0.6304347826086957,0.7176851851851851,0.745108896271687,0.7568912875204266,0.8604651162790697
VA Long Beach,isotonic,False,ood_test,label_conditional,0.2,class0_coverage,10,0.6627450980392158,0.16216527943635556,0.45098039215686275,0.5098039215686274,0.7156862745098039,0.7598039215686274,0.9411764705882353
VA Long Beach,isotonic,False,ood_test,label_conditional,0.2,class1_coverage,10,0.8550335570469798,0.06645462728584636,0.7785234899328859,0.8036912751677852,0.848993288590604,0.8808724832214765,1.0
VA Long Beach,isotonic,False,ood_test,label_conditional,0.2,class0_avg_set_size,10,1.2823529411764707,0.2754729446679863,0.9607843137254902,1.1176470588235294,1.2352941176470589,1.3627450980392157,1.7450980392156863
VA Long Beach,isotonic,False,ood_test,label_conditional,0.2,class1_avg_set_size,10,1.2510067114093961,0.262636390984847,0.9395973154362416,1.0369127516778525,1.238255033557047,1.3724832214765101,1.778523489932886
VA Long Beach,isotonic,False,ood_test,label_conditional,0.2,class0_singleton_accuracy,10,0.5230623211378943,0.19364973316549355,0.07692307692307693,0.45068027210884354,0.545224541429475,0.6388157894736842,0.7692307692307693
VA Long Beach,isotonic,False,ood_test,label_conditional,0.2,class1_singleton_accuracy,10,0.7963645276301168,0.11503643276906457,0.5757575757575758,0.7798385633956104,0.8031315974665728,0.8391369047619048,1.0
VA Long Beach,isotonic,False,ood_test,label_conditional,0.2,empty_rate,10,0.0055,0.017392527130926087,0.0,0.0,0.0,0.0,0.055
VA Long Beach,isotonic,False,ood_test,marginal,0.05,coverage,10,0.959,0.03687817782917154,0.87,0.9462499999999999,0.9724999999999999,0.985,0.985
VA Long Beach,isotonic,False,ood_test,marginal,0.05,avg_set_size,10,1.7495,0.17834813022724838,1.425,1.6075,1.8175,1.8737499999999998,1.93
VA Long Beach,isotonic,False,ood_test,marginal,0.05,singleton_rate,10,0.25050000000000006,0.1783481302272484,0.07,0.12625,0.1825,0.3925,0.575
VA Long Beach,isotonic,False,ood_test,marginal,0.05,singleton_accuracy,10,0.8399617354508658,0.04333067378836285,0.7739130434782608,0.8112331081081081,0.8527777777777779,0.8636363636363636,0.9142857142857143
VA Long Beach,isotonic,False,ood_test,marginal,0.05,class0_coverage,10,0.8882352941176469,0.08623984251004309,0.7450980392156863,0.8186274509803921,0.9411764705882353,0.9411764705882353,0.9607843137254902
VA Long Beach,isotonic,False,ood_test,marginal,0.05,class1_coverage,10,0.9832214765100671,0.030877346178618023,0.8993288590604027,0.9832214765100671,0.9932885906040269,1.0,1.0
VA Long Beach,isotonic,False,ood_test,marginal,0.05,class0_avg_set_size,10,1.8372549019607842,0.15385182217300555,1.4509803921568627,1.7892156862745097,1.892156862745098,1.9411764705882353,1.9411764705882353
VA Long Beach,isotonic,False,ood_test,marginal,0.05,class1_avg_set_size,10,1.7194630872483223,0.19236251762744608,1.4161073825503356,1.5503355704697985,1.7852348993288591,1.854026845637584,1.9261744966442953
VA Long Beach,isotonic,False,ood_test,marginal,0.05,class0_singleton_accuracy,10,0.22452380952380951,0.25238107716878216,0.0,0.0,0.16666666666666666,0.38333333333333336,0.6071428571428571
VA Long Beach,isotonic,False,ood_test,marginal,0.05,class1_singleton_accuracy,10,0.9484275688586035,0.0622474788874643,0.8275862068965517,0.9115479115479115,0.9768398268398268,1.0,1.0
VA Long Beach,isotonic,False,ood_test,marginal,0.05,empty_rate,10,0.0,0.0,0.0,0.0,0.0,0.0,0.0
VA Long Beach,isotonic,False,ood_test,marginal,0.1,coverage,10,0.8985000000000001,0.05185717565261983,0.835,0.855,0.895,0.93875,0.985
VA Long Beach,isotonic,False,ood_test,marginal,0.1,avg_set_size,10,1.4745000000000001,0.20739723023972886,1.245,1.315,1.4325,1.5475,1.89
VA Long Beach,isotonic,False,ood_test,marginal,0.1,singleton_rate,10,0.5255,0.20739723023972886,0.11,0.4525,0.5675,0.6849999999999999,0.755
VA Long Beach,isotonic,False,ood_test,marginal,0.1,singleton_accuracy,10,0.8131372690958237,0.048960528239366155,0.7363636363636363,0.783993783993784,0.7982042791645441,0.8628435517970402,0.875
VA Long Beach,isotonic,False,ood_test,marginal,0.1,class0_coverage,10,0.7529411764705882,0.12544933975435374,0.49019607843137253,0.7107843137254902,0.7549019607843137,0.7794117647058824,0.9411764705882353
VA Long Beach,isotonic,False,ood_test,marginal,0.1,class1_coverage,10,0.9483221476510068,0.05256556665300644,0.87248322147651,0.8993288590604027,0.9664429530201342,0.9932885906040269,1.0
VA Long Beach,isotonic,False,ood_test,marginal,0.1,class0_avg_set_size,10,1.5803921568627453,0.2222606656482035,1.3137254901960784,1.392156862745098,1.5588235294117647,1.7450980392156863,1.9411764705882353
VA Long Beach,isotonic,False,ood_test,marginal,0.1,class1_avg_set_size,10,1.4382550335570472,0.21462640002913888,1.1946308724832215,1.2835570469798658,1.3926174496644297,1.5,1.8724832214765101
VA Long Beach,isotonic,False,ood_test,marginal,0.1,class0_singleton_accuracy,10,0.33353819418335545,0.2667359290552206,0.0,0.08547008547008547,0.3399044205495818,0.5863636363636363,0.6451612903225806
VA Long Beach,isotonic,False,ood_test,marginal,0.1,class1_singleton_accuracy,10,0.9102117264879228,0.08880063232785816,0.7721518987341772,0.8386363636363636,0.9208333333333334,0.9902434014583548,1.0
VA Long Beach,isotonic,False,ood_test,marginal,0.1,empty_rate,10,0.0,0.0,0.0,0.0,0.0,0.0,0.0
VA Long Beach,isotonic,False,ood_test,marginal,0.2,coverage,10,0.7434999999999999,0.057157190662631814,0.61,0.73,0.7475,0.775,0.815
VA Long Beach,isotonic,False,ood_test,marginal,0.2,avg_set_size,10,1.0320000000000003,0.14685972142755066,0.755,0.98125,1.0150000000000001,1.0725,1.33
VA Long Beach,isotonic,False,ood_test,marginal,0.2,singleton_rate,10,0.9040000000000001,0.11164925237347338,0.67,0.8674999999999999,0.95,0.97375,1.0
VA Long Beach,isotonic,False,ood_test,marginal,0.2,singleton_accuracy,10,0.7523960144576934,0.026741176343285086,0.71,0.7384294871794872,0.7540060510981623,0.7620743034055728,0.8079470198675497
VA Long Beach,isotonic,False,ood_test,marginal,0.2,class0_coverage,10,0.4549019607843137,0.16683958734260898,0.09803921568627451,0.4215686274509804,0.48039215686274506,0.5098039215686274,0.7647058823529411
VA Long Beach,isotonic,False,ood_test,marginal,0.2,class1_coverage,10,0.8422818791946309,0.04152284383282011,0.7785234899328859,0.8171140939597316,0.8456375838926175,0.8657718120805369,0.9060402684563759
VA Long Beach,isotonic,False,ood_test,marginal,0.2,class0_avg_set_size,10,1.0333333333333332,0.1943386871180772,0.6078431372549019,0.9852941176470588,1.0392156862745097,1.0980392156862746,1.2941176470588236
VA Long Beach,isotonic,False,ood_test,marginal,0.2,class1_avg_set_size,10,1.0315436241610738,0.13549181495752452,0.8053691275167785,0.9798657718120806,1.0067114093959733,1.063758389261745,1.342281879194631
VA Long Beach,isotonic,False,ood_test,marginal,0.2,class0_singleton_accuracy,10,0.42089914393800915,0.14020831692495503,0.16129032258064516,0.35282608695652173,0.4516651248843663,0.49648337595907927,0.6666666666666666
VA Long Beach,isotonic,False,ood_test,marginal,0.2,class1_singleton_accuracy,10,0.8550306600370906,0.06490279457353096,0.7448979591836735,0.8216454366981693,0.8615640096618358,0.8877274904214559,0.975
VA Long Beach,isotonic,False,ood_test,marginal,0.2,empty_rate,10,0.032,0.07667391270105425,0.0,0.0,0.0,0.018750000000000003,0.245
VA Long Beach,isotonic,True,id_test,label_conditional,0.05,coverage,10,0.987037037037037,0.014607604402715094,0.9537037037037037,0.9837962962962963,0.9907407407407407,0.9976851851851851,1.0
VA Long Beach,isotonic,True,id_test,label_conditional,0.05,avg_set_size,10,1.7916666666666667,0.09801508955679271,1.6018518518518519,1.7916666666666665,1.8055555555555556,1.8472222222222223,1.9074074074074074
VA Long Beach,isotonic,True,id_test,label_conditional,0.05,singleton_rate,10,0.20833333333333334,0.09801508955679271,0.09259259259259259,0.15277777777777776,0.19444444444444445,0.20833333333333334,0.39814814814814814
VA Long Beach,isotonic,True,id_test,label_conditional,0.05,singleton_accuracy,10,0.9505572978588651,0.042505286255279925,0.8717948717948718,0.9320494186046512,0.9523809523809523,0.9891304347826086,1.0
VA Long Beach,isotonic,True,id_test,label_conditional,0.05,class0_coverage,10,0.9944444444444445,0.012499047365010252,0.9629629629629629,1.0,1.0,1.0,1.0
VA Long Beach,isotonic,True,id_test,label_conditional,0.05,class1_coverage,10,0.9796296296296296,0.028220072717685084,0.9074074074074074,0.9814814814814815,0.9814814814814815,1.0,1.0
VA Long Beach,isotonic,True,id_test,label_conditional,0.05,class0_avg_set_size,10,1.7814814814814812,0.18820581728552593,1.537037037037037,1.6064814814814814,1.7777777777777777,1.9675925925925926,2.0
VA Long Beach,isotonic,True,id_test,label_conditional,0.05,class1_avg_set_size,10,1.8018518518518516,0.1332675878145022,1.6296296296296295,1.7407407407407407,1.7685185185185186,1.925925925925926,1.9814814814814814
VA Long Beach,isotonic,True,id_test,label_conditional,0.05,class0_singleton_accuracy,8,0.8641304347826086,0.350484792140842,0.0,0.9782608695652174,1.0,1.0,1.0
VA Long Beach,isotonic,True,id_test,label_conditional,0.05,class1_singleton_accuracy,10,0.650952380952381,0.4617181753725835,0.0,0.16071428571428573,0.9333333333333333,1.0,1.0
VA Long Beach,isotonic,True,id_test,label_conditional,0.05,empty_rate,10,0.0,0.0,0.0,0.0,0.0,0.0,0.0
VA Long Beach,isotonic,True,id_test,label_conditional,0.1,coverage,10,0.9453703703703702,0.03337046400191486,0.8888888888888888,0.9189814814814814,0.9444444444444444,0.9791666666666667,0.9814814814814815
VA Long Beach,isotonic,True,id_test,label_conditional,0.1,avg_set_size,10,1.3833333333333333,0.19545592299198167,1.1203703703703705,1.2384259259259258,1.384259259259259,1.4907407407407407,1.7222222222222223
VA Long Beach,isotonic,True,id_test,label_conditional,0.1,singleton_rate,10,0.6166666666666667,0.19545592299198164,0.2777777777777778,0.5092592592592593,0.6157407407407407,0.7615740740740741,0.8796296296296297
VA Long Beach,isotonic,True,id_test,label_conditional,0.1,singleton_accuracy,10,0.9161746298846796,0.03486742564319492,0.8651685393258427,0.890625,0.9131884681583476,0.9463386727688787,0.9636363636363636
VA Long Beach,isotonic,True,id_test,label_conditional,0.1,class0_coverage,10,0.9574074074074075,0.036046423013966496,0.9074074074074074,0.9259259259259259,0.9537037037037037,0.9953703703703703,1.0
VA Long Beach,isotonic,True,id_test,label_conditional,0.1,class1_coverage,10,0.9333333333333332,0.04953679666108365,0.8333333333333334,0.9120370370370371,0.9537037037037037,0.9629629629629629,0.9814814814814815
VA Long Beach,isotonic,True,id_test,label_conditional,0.1,class0_avg_set_size,10,1.348148148148148,0.19807025121660649,1.0925925925925926,1.2638888888888888,1.287037037037037,1.5,1.6851851851851851
VA Long Beach,isotonic,True,id_test,label_conditional,0.1,class1_avg_set_size,10,1.4185185185185185,0.23846662523700893,1.1481481481481481,1.2314814814814816,1.3518518518518519,1.6342592592592593,1.7592592592592593
VA Long Beach,isotonic,True,id_test,label_conditional,0.1,class0_singleton_accuracy,10,0.9373468914761821,0.05534040670164022,0.84,0.902668759811617,0.9430719656283566,0.9891304347826086,1.0
VA Long Beach,isotonic,True,id_test,label_conditional,0.1,class1_singleton_accuracy,10,0.8770162787187292,0.07360240826328303,0.7692307692307693,0.8365384615384616,0.8717105263157895,0.9433771486349849,0.96875
VA Long Beach,isotonic,True,id_test,label_conditional,0.1,empty_rate,10,0.0,0.0,0.0,0.0,0.0,0.0,0.0
VA Long Beach,isotonic,True,id_test,label_conditional,0.2,coverage,10,0.8842592592592593,0.06374035934587462,0.8055555555555556,0.8263888888888888,0.875,0.9375,0.9814814814814815
VA Long Beach,isotonic,True,id_test,label_conditional,0.2,avg_set_size,10,1.124074074074074,0.19196439173437638,0.9722222222222222,0.9930555555555556,1.050925925925926,1.1712962962962963,1.5740740740740742
VA Long Beach,isotonic,True,id_test,label_conditional,0.2,singleton_rate,10,0.8648148148148149,0.18343826236136168,0.42592592592592593,0.8287037037037037,0.9351851851851851,0.9884259259259259,1.0
VA Long Beach,isotonic,True,id_test,label_conditional,0.2,singleton_accuracy,10,0.8803672207849285,0.05224249175321057,0.8055555555555556,0.8427458834000889,0.8653467297084318,0.9280400656044986,0.9565217391304348
VA Long Beach,isotonic,True,id_test,label_conditional,0.2,class0_coverage,10,0.8870370370370371,0.07582800068679968,0.7592592592592593,0.8564814814814815,0.8796296296296295,0.9351851851851851,1.0
VA Long Beach,isotonic,True,id_test,label_conditional,0.2,class1_coverage,10,0.8814814814814815,0.06367307139865494,0.7777777777777778,0.8518518518518519,0.8611111111111112,0.9444444444444444,0.9629629629629629
VA Long Beach,isotonic,True,id_test,label_conditional,0.2,class0_avg_set_size,10,1.1166666666666665,0.15121567027308308,0.9629629629629629,1.0,1.0555555555555556,1.2314814814814814,1.3888888888888888
VA Long Beach,isotonic,True,id_test,label_conditional,0.2,class1_avg_set_size,10,1.1314814814814813,0.2498970981639881,0.9814814814814815,0.9861111111111112,1.0277777777777777,1.0925925925925926,1.7592592592592593
VA Long Beach,isotonic,True,id_test,label_conditional,0.2,class0_singleton_accuracy,10,0.8828706952848773,0.0735804777572318,0.7592592592592593,0.8394454382826476,0.8693221523410203,0.9299768518518519,1.0
VA Long Beach,isotonic,True,id_test,label_conditional,0.2,class1_singleton_accuracy,10,0.869248441192313,0.047236496560238185,0.7924528301886793,0.8475783475783476,0.8572984749455338,0.9008046614872364,0.9387755102040817
VA Long Beach,isotonic,True,id_test,label_conditional,0.2,empty_rate,10,0.005555555555555555,0.009953404627529073,0.0,0.0,0.0,0.006944444444444444,0.027777777777777776
VA Long Beach,isotonic,True,id_test,marginal,0.05,coverage,10,0.9638888888888888,0.023281508846476676,0.9259259259259259,0.9537037037037037,0.962962962962963,0.9814814814814815,1.0
VA Long Beach,isotonic,True,id_test,marginal,0.05,avg_set_size,10,1.5194444444444444,0.16969415363105017,1.2407407407407407,1.4212962962962963,1.550925925925926,1.6296296296296295,1.7592592592592593
VA Long Beach,isotonic,True,id_test,marginal,0.05,singleton_rate,10,0.4805555555555555,0.16969415363105017,0.24074074074074073,0.37037037037037035,0.44907407407407407,0.5787037037037037,0.7592592592592593
VA Long Beach,isotonic,True,id_test,marginal,0.05,singleton_accuracy,10,0.929616095286827,0.03036602000900216,0.8974358974358975,0.9104767184035476,0.9230769230769231,0.9395833333333333,1.0
VA Long Beach,isotonic,True,id_test,marginal,0.05,class0_coverage,10,0.9666666666666668,0.03242944576929308,0.9074074074074074,0.9490740740740741,0.9722222222222222,0.9953703703703703,1.0
VA Long Beach,isotonic,True,id_test,marginal,0.05,class1_coverage,10,0.961111111111111,0.03201556167874061,0.8888888888888888,0.9629629629629629,0.9629629629629629,0.9814814814814815,1.0
VA Long Beach,isotonic,True,id_test,marginal,0.05,class0_avg_set_size,10,1.487037037037037,0.17612615852251182,1.2407407407407407,1.337962962962963,1.5277777777777777,1.5833333333333333,1.7407407407407407
VA Long Beach,isotonic,True,id_test,marginal,0.05,class1_avg_set_size,10,1.5518518518518518,0.20911262570717207,1.2222222222222223,1.4166666666666665,1.5925925925925926,1.7314814814814814,1.7777777777777777
VA Long Beach,isotonic,True,id_test,marginal,0.05,class0_singleton_accuracy,10,0.9354358732346537,0.060094551309989384,0.84,0.8854166666666666,0.941722972972973,0.9939024390243902,1.0
VA Long Beach,isotonic,True,id_test,marginal,0.05,class1_singleton_accuracy,10,0.9108716904143733,0.0622897559065222,0.8333333333333334,0.848030018761726,0.9384469696969697,0.9517857142857142,1.0
VA Long Beach,isotonic,True,id_test,marginal,0.05,empty_rate,10,0.0,0.0,0.0,0.0,0.0,0.0,0.0
VA Long Beach,isotonic,True,id_test,marginal,0.1,coverage,10,0.9203703703703704,0.05056456152166022,0.8333333333333334,0.8819444444444444,0.9259259259259259,0.9629629629629629,0.9814814814814815
VA Long Beach,isotonic,True,id_test,marginal,0.1,avg_set_size,10,1.2611111111111113,0.17745168996376248,1.0833333333333333,1.1157407407407407,1.2314814814814814,1.3425925925925926,1.5833333333333333
VA Long Beach,isotonic,True,id_test,marginal,0.1,singleton_rate,10,0.7388888888888889,0.17745168996376245,0.4166666666666667,0.6574074074074074,0.7685185185185185,0.8842592592592592,0.9166666666666666
VA Long Beach,isotonic,True,id_test,marginal,0.1,singleton_accuracy,10,0.9002805646529051,0.047417937999343886,0.8181818181818182,0.8702651515151516,0.9005494505494506,0.9412776412776412,0.96
VA Long Beach,isotonic,True,id_test,marginal,0.1,class0_coverage,10,0.9203703703703704,0.06931744216607305,0.7592592592592593,0.9074074074074074,0.9259259259259259,0.9722222222222222,1.0
VA Long Beach,isotonic,True,id_test,marginal,0.1,class1_coverage,10,0.9203703703703703,0.05018636203500701,0.8333333333333334,0.8796296296296297,0.9351851851851851,0.9444444444444444,1.0
VA Long Beach,isotonic,True,id_test,marginal,0.1,class0_avg_set_size,10,1.277777777777778,0.18824630471576426,1.0740740740740742,1.125,1.2314814814814814,1.3842592592592593,1.6666666666666667
VA Long Beach,isotonic,True,id_test,marginal,0.1,class1_avg_set_size,10,1.2444444444444445,0.22046631379640694,1.0555555555555556,1.0972222222222223,1.1481481481481481,1.3564814814814816,1.7592592592592593
VA Long Beach,isotonic,True,id_test,marginal,0.1,class0_singleton_accuracy,10,0.8978986251688739,0.07549930117199223,0.7291666666666666,0.8896396396396395,0.8961925287356323,0.9383333333333334,1.0
VA Long Beach,isotonic,True,id_test,marginal,0.1,class1_singleton_accuracy,10,0.8934170937938749,0.0513256366661792,0.8163265306122449,0.8563112745098039,0.9055258467023173,0.9127237851662404,1.0
VA Long Beach,isotonic,True,id_test,marginal,0.1,empty_rate,10,0.0,0.0,0.0,0.0,0.0,0.0,0.0
VA Long Beach,isotonic,True,id_test,marginal,0.2,coverage,10,0.8657407407407407,0.06521773644788714,0.7685185185185185,0.8125,0.8796296296296295,0.9097222222222222,0.9629629629629629
VA Long Beach,isotonic,True,id_test,marginal,0.2,avg_set_size,10,1.0694444444444444,0.12920639314157087,0.8796296296296297,0.9837962962962963,1.0648148148148149,1.1273148148148149,1.3148148148148149
VA Long Beach,isotonic,True,id_test,marginal,0.2,singleton_rate,10,0.8898148148148148,0.09253599093021246,0.6851851851851852,0.8726851851851851,0.9027777777777778,0.9444444444444444,0.9907407407407407
VA Long Beach,isotonic,True,id_test,marginal,0.2,singleton_accuracy,10,0.8753305040102152,0.04237453812149917,0.794392523364486,0.8515331664580725,0.8768421052631579,0.8995356037151703,0.9459459459459459
VA Long Beach,isotonic,True,id_test,marginal,0.2,class0_coverage,10,0.8537037037037036,0.08069674491289383,0.6851851851851852,0.8148148148148148,0.8703703703703703,0.9027777777777778,0.9814814814814815
VA Long Beach,isotonic,True,id_test,marginal,0.2,class1_coverage,10,0.8777777777777777,0.0815188840455268,0.7407407407407407,0.8564814814814815,0.8888888888888888,0.9398148148148148,0.9629629629629629
VA Long Beach,isotonic,True,id_test,marginal,0.2,class0_avg_set_size,10,1.0907407407407406,0.14142405056761523,0.8888888888888888,0.9675925925925926,1.1018518518518519,1.1944444444444444,1.2962962962962963
VA Long Beach,isotonic,True,id_test,marginal,0.2,class1_avg_set_size,10,1.0481481481481483,0.1318735821553243,0.8703703703703703,1.0,1.0277777777777777,1.0694444444444446,1.3703703703703705
VA Long Beach,isotonic,True,id_test,marginal,0.2,class0_singleton_accuracy,10,0.8602106625678317,0.07487373296752091,0.6981132075471698,0.8394454382826476,0.8717105263157895,0.8940972222222222,0.975
VA Long Beach,isotonic,True,id_test,marginal,0.2,class1_singleton_accuracy,10,0.8875840968831854,0.05387314524657489,0.7843137254901961,0.8545751633986929,0.8867521367521367,0.9179411764705883,0.9622641509433962
VA Long Beach,isotonic,True,id_test,marginal,0.2,empty_rate,10,0.020370370370370372,0.039235181684125195,0.0,0.0,0.0,0.016203703703703703,0.12037037037037036
VA Long Beach,isotonic,True,ood_test,label_conditional,0.05,coverage,10,0.991,0.01074967699773141,0.97,0.985,0.995,1.0,1.0
VA Long Beach,isotonic,True,ood_test,label_conditional,0.05,avg_set_size,10,1.921,0.07873302286136923,1.8,1.86375,1.9375,1.9900000000000002,2.0
VA Long Beach,isotonic,True,ood_test,label_conditional,0.05,singleton_rate,10,0.07899999999999999,0.07873302286136923,0.0,0.01,0.0625,0.13624999999999998,0.2
VA Long Beach,isotonic,True,ood_test,label_conditional,0.05,singleton_accuracy,8,0.9195723684210526,0.07650170994465337,0.8,0.881578947368421,0.9098684210526315,1.0,1.0
VA Long Beach,isotonic,True,ood_test,label_conditional,0.05,class0_coverage,10,0.9705882352941178,0.03489241258833762,0.9019607843137255,0.946078431372549,0.9803921568627452,1.0,1.0
VA Long Beach,isotonic,True,ood_test,label_conditional,0.05,class1_coverage,10,0.997986577181208,0.004529856092017127,0.9865771812080537,1.0,1.0,1.0,1.0
VA Long Beach,isotonic,True,ood_test,label_conditional,0.05,class0_avg_set_size,10,1.9588235294117649,0.046630219560096664,1.8823529411764706,1.9411764705882353,1.9705882352941178,2.0,2.0
VA Long Beach,isotonic,True,ood_test,label_conditional,0.05,class1_avg_set_size,10,1.908053691275168,0.09218793944139557,1.7516778523489933,1.8506711409395973,1.9261744966442953,1.9916107382550337,2.0
VA Long Beach,isotonic,True,ood_test,label_conditional,0.05,class0_singleton_accuracy,6,0.3055555555555555,0.4270918020840571,0.0,0.0,0.08333333333333333,0.5416666666666666,1.0
VA Long Beach,isotonic,True,ood_test,label_conditional,0.05,class1_singleton_accuracy,7,0.9851190476190477,0.026115965438667024,0.9375,0.9791666666666667,1.0,1.0,1.0
VA Long Beach,isotonic,True,ood_test,label_conditional,0.05,empty_rate,10,0.0,0.0,0.0,0.0,0.0,0.0,0.0
VA Long Beach,isotonic,True,ood_test,label_conditional,0.1,coverage,10,0.9049999999999999,0.06311365409587164,0.82,0.85125,0.905,0.955,1.0
VA Long Beach,isotonic,True,ood_test,label_conditional,0.1,avg_set_size,10,1.5485,0.24587767961596949,1.295,1.33,1.5150000000000001,1.7025,1.97
VA Long Beach,isotonic,True,ood_test,label_conditional,0.1,singleton_rate,10,0.45149999999999996,0.24587767961596949,0.03,0.2975,0.485,0.67,0.705
VA Long Beach,isotonic,True,ood_test,label_conditional,0.1,singleton_accuracy,10,0.8067681318665245,0.10718997147782132,0.6470588235294118,0.7336094418277299,0.792989417989418,0.8800840336134453,1.0
VA Long Beach,isotonic,True,ood_test,label_conditional,0.1,class0_coverage,10,0.7666666666666667,0.18170639944932399,0.5098039215686274,0.6029411764705883,0.7647058823529411,0.9313725490196079,1.0
VA Long Beach,isotonic,True,ood_test,label_conditional,0.1,class1_coverage,10,0.9523489932885907,0.042381781294482376,0.8859060402684564,0.9161073825503356,0.9530201342281879,0.9949664429530202,1.0
VA Long Beach,isotonic,True,ood_test,label_conditional,0.1,class0_avg_set_size,10,1.6666666666666667,0.2177559640386625,1.392156862745098,1.4901960784313726,1.6470588235294117,1.838235294117647,2.0
VA Long Beach,isotonic,True,ood_test,label_conditional,0.1,class1_avg_set_size,10,1.5080536912751679,0.26329965249728293,1.2416107382550337,1.278523489932886,1.4395973154362416,1.674496644295302,1.9597315436241611
VA Long Beach,isotonic,True,ood_test,label_conditional,0.1,class0_singleton_accuracy,9,0.29370369244619676,0.3024394511975486,0.0,0.08695652173913043,0.1935483870967742,0.3333333333333333,0.8823529411764706
VA Long Beach,isotonic,True,ood_test,label_conditional,0.1,class1_singleton_accuracy,10,0.8860428949228141,0.13854855425260768,0.6382978723404256,0.8826025744167337,0.9226785714285715,0.9924999999999999,1.0
VA Long Beach,isotonic,True,ood_test,label_conditional,0.1,empty_rate,10,0.0,0.0,0.0,0.0,0.0,0.0,0.0
VA Long Beach,isotonic,True,ood_test,label_conditional,0.2,coverage,10,0.7805000000000001,0.08845745995800593,0.68,0.715,0.75,0.83125,0.94
VA Long Beach,isotonic,True,ood_test,label_conditional,0.2,avg_set_size,10,1.1649999999999998,0.26030964467555,0.95,0.995,1.045,1.2037499999999999,1.68
VA Long Beach,isotonic,True,ood_test,label_conditional,0.2,singleton_rate,10,0.82,0.24902030260826347,0.32,0.79625,0.9299999999999999,0.9924999999999999,1.0
VA Long Beach,isotonic,True,ood_test,label_conditional,0.2,singleton_accuracy,10,0.7469332001350842,0.0505027875764158,0.68,0.7178681870892926,0.7416110072134652,0.7507953971038624,0.8571428571428571
VA Long Beach,isotonic,True,ood_test,label_conditional,0.2,class0_coverage,10,0.47058823529411764,0.2768342298633643,0.19607843137254902,0.22549019607843138,0.4117647058823529,0.6029411764705882,0.9607843137254902
VA Long Beach,isotonic,True,ood_test,label_conditional,0.2,class1_coverage,10,0.8865771812080536,0.06354806551408317,0.738255033557047,0.87248322147651,0.8859060402684564,0.9261744966442953,0.9731543624161074
VA Long Beach,isotonic,True,ood_test,label_conditional,0.2,class0_avg_set_size,10,1.2156862745098038,0.30947557128762654,0.9019607843137255,0.9852941176470588,1.0686274509803921,1.406862745098039,1.7450980392156863
VA Long Beach,isotonic,True,ood_test,label_conditional,0.2,class1_avg_set_size,10,1.1476510067114094,0.24987923052247338,0.9664429530201343,0.9949664429530202,1.0369127516778525,1.1342281879194631,1.6845637583892616
VA Long Beach,isotonic,True,ood_test,label_conditional,0.2,class0_singleton_accuracy,10,0.35821099801093,0.2154570914702536,0.13636363636363635,0.22154731457800514,0.3011963406052076,0.40497737556561086,0.8823529411764706
VA Long Beach,isotonic,True,ood_test,label_conditional,0.2,class1_singleton_accuracy,10,0.8598296241214689,0.09830390597323638,0.6382978723404256,0.8473723723723724,0.894341909023117,0.9210173456578797,0.9436619718309859
VA Long Beach,isotonic,True,ood_test,label_conditional,0.2,empty_rate,10,0.0075000000000000015,0.01567907310185565,0.0,0.0,0.0,0.005,0.05
VA Long Beach,isotonic,True,ood_test,marginal,0.05,coverage,10,0.9424999999999999,0.056087728901546126,0.85,0.8975,0.975,0.985,1.0
VA Long Beach,isotonic,True,ood_test,marginal,0.05,avg_set_size,10,1.6925000000000001,0.23186741901353886,1.34,1.4775,1.7650000000000001,1.865,1.97
VA Long Beach,isotonic,True,ood_test,marginal,0.05,singleton_rate,10,0.3075,0.23186741901353886,0.03,0.135,0.23500000000000001,0.5225,0.66
VA Long Beach,isotonic,True,ood_test,marginal,0.05,singleton_accuracy,10,0.8464493075775585,0.08992331374916847,0.703125,0.7945075757575757,0.8320695807314897,0.9151785714285714,1.0
VA Long Beach,isotonic,True,ood_test,marginal,0.05,class0_coverage,10,0.8333333333333333,0.1899364847937306,0.5098039215686274,0.6666666666666667,0.9411764705882353,0.9558823529411765,1.0
VA Long Beach,isotonic,True,ood_test,marginal,0.05,class1_coverage,10,0.9798657718120806,0.035933732447894856,0.8859060402684564,0.9697986577181208,1.0,1.0,1.0
VA Long Beach,isotonic,True,ood_test,marginal,0.05,class0_avg_set_size,10,1.7882352941176467,0.2016210099530599,1.4509803921568627,1.607843137254902,1.9117647058823528,1.9362745098039216,2.0
VA Long Beach,isotonic,True,ood_test,marginal,0.05,class1_avg_set_size,10,1.6597315436241609,0.2467765349837759,1.2684563758389262,1.441275167785235,1.7281879194630871,1.8439597315436242,1.9597315436241611
VA Long Beach,isotonic,True,ood_test,marginal,0.05,class0_singleton_accuracy,9,0.202939146673162,0.30402077767000363,0.0,0.0,0.08695652173913043,0.25,0.8823529411764706
VA Long Beach,isotonic,True,ood_test,marginal,0.05,class1_singleton_accuracy,10,0.9389234823345696,0.11593032082332388,0.6382978723404256,0.9486384930704665,1.0,1.0,1.0
VA Long Beach,isotonic,True,ood_test,marginal,0.05,empty_rate,10,0.0,0.0,0.0,0.0,0.0,0.0,0.0
VA Long Beach,isotonic,True,ood_test,marginal,0.1,coverage,10,0.8640000000000001,0.07175575857649956,0.755,0.795,0.895,0.92125,0.94
VA Long Beach,isotonic,True,ood_test,marginal,0.1,avg_set_size,10,1.3639999999999999,0.23181410176643213,1.075,1.13375,1.37,1.5725,1.68
VA Long Beach,isotonic,True,ood_test,marginal,0.1,singleton_rate,10,0.636,0.2318141017664322,0.32,0.4275,0.63,0.86625,0.925
VA Long Beach,isotonic,True,ood_test,marginal,0.1,singleton_accuracy,10,0.7920477102491421,0.056674279300849034,0.703125,0.7543918918918919,0.786936704506364,0.8432539682539683,0.8686868686868687
VA Long Beach,isotonic,True,ood_test,marginal,0.1,class0_coverage,10,0.6137254901960785,0.26258734248890997,0.21568627450980393,0.42647058823529416,0.6274509803921569,0.8186274509803921,0.9607843137254902
VA Long Beach,isotonic,True,ood_test,marginal,0.1,class1_coverage,10,0.9496644295302014,0.041643200154331726,0.8859060402684564,0.9161073825503356,0.9530201342281879,0.9798657718120806,1.0
VA Long Beach,isotonic,True,ood_test,marginal,0.1,class0_avg_set_size,10,1.5019607843137255,0.26600584531945065,1.1372549019607843,1.2254901960784315,1.607843137254902,1.7254901960784315,1.803921568627451
VA Long Beach,isotonic,True,ood_test,marginal,0.1,class1_avg_set_size,10,1.316778523489933,0.2276565291353871,1.0469798657718121,1.1023489932885906,1.2885906040268456,1.4983221476510067,1.6845637583892616
VA Long Beach,isotonic,True,ood_test,marginal,0.1,class0_singleton_accuracy,10,0.25766229637895166,0.28672998387598525,0.0,0.07505285412262157,0.16818181818181818,0.31733630952380953,0.8823529411764706
VA Long Beach,isotonic,True,ood_test,marginal,0.1,class1_singleton_accuracy,10,0.9083641248214616,0.10807390850353334,0.6382978723404256,0.8896724158581867,0.9319759134517248,0.9769433911159263,1.0
VA Long Beach,isotonic,True,ood_test,marginal,0.1,empty_rate,10,0.0,0.0,0.0,0.0,0.0,0.0,0.0
VA Long Beach,isotonic,True,ood_test,marginal,0.2,coverage,10,0.7635000000000001,0.09448838846945987,0.58,0.72375,0.7575000000000001,0.8099999999999999,0.94
VA Long Beach,isotonic,True,ood_test,marginal,0.2,avg_set_size,10,1.1085,0.22676529716868052,0.755,0.98375,1.09,1.22,1.595
VA Long Beach,isotonic,True,ood_test,marginal,0.2,singleton_rate,10,0.8285,0.17838862071331793,0.405,0.74375,0.905,0.94375,0.995
VA Long Beach,isotonic,True,ood_test,marginal,0.2,singleton_accuracy,10,0.7593329217072664,0.036536854986132065,0.7307692307692307,0.7367527760197917,0.7471245114461195,0.7653481295865402,0.8518518518518519
VA Long Beach,isotonic,True,ood_test,marginal,0.2,class0_coverage,10,0.3843137254901961,0.24336204381386117,0.09803921568627451,0.22058823529411764,0.28431372549019607,0.5686274509803921,0.8431372549019608
VA Long Beach,isotonic,True,ood_test,marginal,0.2,class1_coverage,10,0.8932885906040268,0.0802536654710211,0.7046979865771812,0.8557046979865772,0.9194630872483222,0.9496644295302012,0.9731543624161074
VA Long Beach,isotonic,True,ood_test,marginal,0.2,class0_avg_set_size,10,1.1549019607843136,0.3178446895890935,0.6274509803921569,0.9803921568627451,1.1274509803921569,1.3039215686274508,1.803921568627451
VA Long Beach,isotonic,True,ood_test,marginal,0.2,class1_avg_set_size,10,1.0926174496644294,0.1965576157923964,0.7986577181208053,0.9848993288590604,1.0671140939597317,1.1812080536912752,1.523489932885906
VA Long Beach,isotonic,True,ood_test,marginal,0.2,class0_singleton_accuracy,10,0.24896234402852052,0.1372204071508959,0.1,0.14227272727272727,0.18333333333333335,0.3411458333333333,0.475
VA Long Beach,isotonic,True,ood_test,marginal,0.2,class1_singleton_accuracy,10,0.9066026613959798,0.042167850121673976,0.8357142857142857,0.8761826408885233,0.925898352193766,0.9387048474639715,0.9530201342281879
VA Long Beach,isotonic,True,ood_test,marginal,0.2,empty_rate,10,0.0315,0.07641444017112647,0.0,0.0,0.0,0.01625,0.245
VA Long Beach,platt,False,id_test,label_conditional,0.05,coverage,10,0.975,0.0222778795464427,0.9444444444444444,0.9560185185185185,0.9814814814814814,0.9907407407407407,1.0
VA Long Beach,platt,False,id_test,label_conditional,0.05,avg_set_size,10,1.6388888888888886,0.11581273481045505,1.4351851851851851,1.5555555555555556,1.6296296296296295,1.7384259259259258,1.7962962962962963
VA Long Beach,platt,False,id_test,label_conditional,0.05,singleton_rate,10,0.36111111111111105,0.11581273481045504,0.2037037037037037,0.26157407407407407,0.37037037037037035,0.4444444444444444,0.5648148148148148
VA Long Beach,platt,False,id_test,label_conditional,0.05,singleton_accuracy,10,0.9412028380513402,0.04567889263634842,0.875,0.9004098360655738,0.9495192307692308,0.9726293103448276,1.0
VA Long Beach,platt,False,id_test,label_conditional,0.05,class0_coverage,10,0.9777777777777779,0.031232371952280288,0.9074074074074074,0.9675925925925926,0.9907407407407407,1.0,1.0
VA Long Beach,platt,False,id_test,label_conditional,0.05,class1_coverage,10,0.9722222222222223,0.03625722260639114,0.9074074074074074,0.9675925925925926,0.9814814814814815,1.0,1.0
VA Long Beach,platt,False,id_test,label_conditional,0.05,class0_avg_set_size,10,1.6981481481481482,0.1924599891712403,1.4074074074074074,1.5231481481481481,1.759259259259259,1.8518518518518519,1.9259259259259258
VA Long Beach,platt,False,id_test,label_conditional,0.05,class1_avg_set_size,10,1.5796296296296297,0.17677400092013185,1.2037037037037037,1.5,1.6574074074074074,1.6944444444444444,1.7407407407407407
VA Long Beach,platt,False,id_test,label_conditional,0.05,class0_singleton_accuracy,10,0.9021227152477153,0.1864394421293463,0.4,0.913961038961039,0.984375,1.0,1.0
VA Long Beach,platt,False,id_test,label_conditional,0.05,class1_singleton_accuracy,10,0.9177907899396903,0.11490412319688523,0.6875,0.8988095238095237,0.968052738336714,1.0,1.0
VA Long Beach,platt,False,id_test,label_conditional,0.05,empty_rate,10,0.0,0.0,0.0,0.0,0.0,0.0,0.0
VA Long Beach,platt,False,id_test,label_conditional,0.1,coverage,10,0.9240740740740743,0.033184395199297834,0.8425925925925926,0.9351851851851852,0.9351851851851852,0.9351851851851852,0.9537037037037037
VA Long Beach,platt,False,id_test,label_conditional,0.1,avg_set_size,10,1.2648148148148148,0.10219731908741131,1.0648148148148149,1.2245370370370372,1.2592592592592593,1.324074074074074,1.4537037037037037
VA Long Beach,platt,False,id_test,label_conditional,0.1,singleton_rate,10,0.7351851851851852,0.10219731908741135,0.5462962962962963,0.6759259259259259,0.7407407407407407,0.775462962962963,0.9351851851851852
VA Long Beach,platt,False,id_test,label_conditional,0.1,singleton_accuracy,10,0.8987836828246575,0.030290054659372123,0.8316831683168316,0.8994232580037665,0.9053362573099415,0.9148719879518072,0.9375
VA Long Beach,platt,False,id_test,label_conditional,0.1,class0_coverage,10,0.937037037037037,0.034034688276765965,0.8888888888888888,0.9074074074074074,0.9444444444444444,0.9583333333333333,1.0
VA Long Beach,platt,False,id_test,label_conditional,0.1,class1_coverage,10,0.9111111111111111,0.06343324730205002,0.7962962962962963,0.8842592592592593,0.9259259259259259,0.9583333333333333,0.9814814814814815
VA Long Beach,platt,False,id_test,label_conditional,0.1,class0_avg_set_size,10,1.2814814814814812,0.13686453384607988,1.0925925925925926,1.2222222222222223,1.2407407407407407,1.324074074074074,1.6111111111111112
VA Long Beach,platt,False,id_test,label_conditional,0.1,class1_avg_set_size,10,1.248148148148148,0.09961058150095956,1.037037037037037,1.1898148148148149,1.287037037037037,1.3101851851851851,1.3518518518518519
VA Long Beach,platt,False,id_test,label_conditional,0.1,class0_singleton_accuracy,10,0.9045678111628368,0.06597709738468949,0.7619047619047619,0.8707035445757251,0.9214285714285715,0.9459727736812251,1.0
VA Long Beach,platt,False,id_test,label_conditional,0.1,class1_singleton_accuracy,10,0.885059536741459,0.07178075471532398,0.7777777777777778,0.822972972972973,0.8973684210526316,0.9391025641025641,0.9736842105263158
VA Long Beach,platt,False,id_test,label_conditional,0.1,empty_rate,10,0.0,0.0,0.0,0.0,0.0,0.0,0.0
VA Long Beach,platt,False,id_test,label_conditional,0.2,coverage,10,0.8333333333333334,0.052013270204792336,0.7592592592592593,0.7939814814814815,0.8240740740740741,0.8680555555555556,0.9074074074074074
VA Long Beach,platt,False,id_test,label_conditional,0.2,avg_set_size,10,0.9777777777777776,0.06388217892837163,0.8611111111111112,0.9398148148148149,1.0,1.0185185185185186,1.0462962962962963
VA Long Beach,platt,False,id_test,label_conditional,0.2,singleton_rate,10,0.9537037037037036,0.04741447992511486,0.8611111111111112,0.9328703703703703,0.9722222222222222,0.9814814814814815,1.0
VA Long Beach,platt,False,id_test,label_conditional,0.2,singleton_accuracy,10,0.8620553582997055,0.039294887092932225,0.7924528301886793,0.8326781970649895,0.8728990500052197,0.8888541666666667,0.9056603773584906
VA Long Beach,platt,False,id_test,label_conditional,0.2,class0_coverage,10,0.8296296296296297,0.05437707542109934,0.7777777777777778,0.7777777777777778,0.8148148148148149,0.8842592592592592,0.9074074074074074
VA Long Beach,platt,False,id_test,label_conditional,0.2,class1_coverage,10,0.837037037037037,0.06750727463946822,0.7407407407407407,0.7685185185185186,0.8611111111111112,0.8842592592592592,0.9259259259259259
VA Long Beach,platt,False,id_test,label_conditional,0.2,class0_avg_set_size,10,0.9814814814814815,0.06983770678385659,0.8888888888888888,0.912037037037037,1.0,1.0277777777777777,1.0740740740740742
VA Long Beach,platt,False,id_test,label_conditional,0.2,class1_avg_set_size,10,0.9740740740740741,0.06426871646824875,0.8333333333333334,0.9675925925925926,1.0,1.0138888888888888,1.037037037037037
VA Long Beach,platt,False,id_test,label_conditional,0.2,class0_singleton_accuracy,10,0.8582519849739606,0.03907603042198237,0.7777777777777778,0.8400000000000001,0.875,0.8805147058823529,0.9038461538461539
VA Long Beach,platt,False,id_test,label_conditional,0.2,class1_singleton_accuracy,10,0.8657740015051336,0.056243939896094004,0.7592592592592593,0.8558700209643606,0.8867521367521367,0.9018429487179487,0.9245283018867925
VA Long Beach,platt,False,id_test,label_conditional,0.2,empty_rate,10,0.03425925925925925,0.053467267242321585,0.0,0.0,0.0,0.06018518518518518,0.1388888888888889
VA Long Beach,platt,False,id_test,marginal,0.05,coverage,10,0.962962962962963,0.02430249343830804,0.9259259259259259,0.9467592592592593,0.9583333333333333,0.9884259259259259,0.9907407407407407
VA Long Beach,platt,False,id_test,marginal,0.05,avg_set_size,10,1.4694444444444446,0.1647726167831871,1.2777777777777777,1.3379629629629628,1.4398148148148149,1.587962962962963,1.7222222222222223
VA Long Beach,platt,False,id_test,marginal,0.05,singleton_rate,10,0.5305555555555556,0.16477261678318705,0.2777777777777778,0.41203703703703703,0.5601851851851852,0.662037037037037,0.7222222222222222
VA Long Beach,platt,False,id_test,marginal,0.05,singleton_accuracy,10,0.9357879073694834,0.03255807854480018,0.8888888888888888,0.9071864594894562,0.941025641025641,0.9630952380952381,0.9807692307692307
VA Long Beach,platt,False,id_test,marginal,0.05,class0_coverage,10,0.9648148148148149,0.028220072717685098,0.9259259259259259,0.9444444444444444,0.9537037037037037,0.9953703703703703,1.0
VA Long Beach,platt,False,id_test,marginal,0.05,class1_coverage,10,0.9611111111111112,0.030802407283641104,0.9074074074074074,0.9629629629629629,0.9629629629629629,0.9814814814814815,1.0
VA Long Beach,platt,False,id_test,marginal,0.05,class0_avg_set_size,10,1.5222222222222224,0.18349018521964672,1.3148148148148149,1.3611111111111112,1.5,1.6851851851851853,1.7962962962962963
VA Long Beach,platt,False,id_test,marginal,0.05,class1_avg_set_size,10,1.4166666666666667,0.15888318118807102,1.1666666666666667,1.3055555555555556,1.4166666666666665,1.4907407407407407,1.7037037037037037
VA Long Beach,platt,False,id_test,marginal,0.05,class0_singleton_accuracy,10,0.9364011297321255,0.047927856311736905,0.8695652173913043,0.9109848484848484,0.9237451737451738,0.9838709677419355,1.0
VA Long Beach,platt,False,id_test,marginal,0.05,class1_singleton_accuracy,10,0.9376768076314356,0.04347217420234715,0.8611111111111112,0.9277777777777778,0.9433811802232854,0.9627742946708464,1.0
VA Long Beach,platt,False,id_test,marginal,0.05,empty_rate,10,0.0,0.0,0.0,0.0,0.0,0.0,0.0
VA Long Beach,platt,False,id_test,marginal,0.1,coverage,10,0.9064814814814814,0.044609176878635214,0.8148148148148148,0.9074074074074074,0.9166666666666666,0.9328703703703705,0.9629629629629629
VA Long Beach,platt,False,id_test,marginal,0.1,avg_set_size,10,1.2046296296296295,0.0965659803906931,1.0555555555555556,1.1527777777777777,1.2037037037037037,1.2777777777777777,1.3518518518518519
VA Long Beach,platt,False,id_test,marginal,0.1,singleton_rate,10,0.7953703703703703,0.09656598039069313,0.6481481481481481,0.7222222222222222,0.7962962962962963,0.8472222222222223,0.9444444444444444
VA Long Beach,platt,False,id_test,marginal,0.1,singleton_accuracy,10,0.8859467476028069,0.041217058528292605,0.803921568627451,0.8839445438282647,0.8885442514474773,0.9133124627310674,0.9428571428571428
VA Long Beach,platt,False,id_test,marginal,0.1,class0_coverage,10,0.9055555555555557,0.039477227050171565,0.8148148148148148,0.8935185185185185,0.9074074074074074,0.9212962962962963,0.9629629629629629
VA Long Beach,platt,False,id_test,marginal,0.1,class1_coverage,10,0.9074074074074074,0.05984789947427566,0.7962962962962963,0.8842592592592593,0.9259259259259259,0.9444444444444444,0.9629629629629629
VA Long Beach,platt,False,id_test,marginal,0.1,class0_avg_set_size,10,1.2277777777777779,0.1029403119236096,1.0740740740740742,1.1574074074074074,1.25,1.2916666666666665,1.4074074074074074
VA Long Beach,platt,False,id_test,marginal,0.1,class1_avg_set_size,10,1.1814814814814814,0.10210406483029795,1.037037037037037,1.1157407407407407,1.1851851851851851,1.2731481481481481,1.2962962962962963
VA Long Beach,platt,False,id_test,marginal,0.1,class0_singleton_accuracy,10,0.8802510421065923,0.03854233447846834,0.8,0.8687070938215103,0.8733974358974359,0.8962170233947238,0.9375
VA Long Beach,platt,False,id_test,marginal,0.1,class1_singleton_accuracy,10,0.8902037899131233,0.05979947586611008,0.7884615384615384,0.8486842105263158,0.906164757228587,0.9323369565217392,0.9583333333333334
VA Long Beach,platt,False,id_test,marginal,0.1,empty_rate,10,0.0,0.0,0.0,0.0,0.0,0.0,0.0
VA Long Beach,platt,False,id_test,marginal,0.2,coverage,10,0.8240740740740741,0.05451704238473979,0.7314814814814815,0.7824074074074074,0.8472222222222222,0.8587962962962963,0.8888888888888888
VA Long Beach,platt,False,id_test,marginal,0.2,avg_set_size,10,0.962037037037037,0.07231054006956146,0.8240740740740741,0.9375,0.9861111111111112,1.0069444444444444,1.0555555555555556
VA Long Beach,platt,False,id_test,marginal,0.2,singleton_rate,10,0.9453703703703704,0.05928015320955308,0.8240740740740741,0.9375,0.962962962962963,0.9884259259259259,1.0
VA Long Beach,platt,False,id_test,marginal,0.2,singleton_accuracy,10,0.8633799516318925,0.03224328606799038,0.801980198019802,0.8469755826859046,0.8691474493361286,0.8910277594183741,0.897196261682243
VA Long Beach,platt,False,id_test,marginal,0.2,class0_coverage,10,0.8092592592592593,0.054551978013051124,0.7222222222222222,0.7592592592592592,0.8240740740740741,0.8518518518518519,0.8703703703703703
VA Long Beach,platt,False,id_test,marginal,0.2,class1_coverage,10,0.8388888888888889,0.06535635028427864,0.7407407407407407,0.7962962962962963,0.8425925925925926,0.8842592592592592,0.9259259259259259
VA Long Beach,platt,False,id_test,marginal,0.2,class0_avg_set_size,10,0.9555555555555555,0.06884860984493177,0.8333333333333334,0.9259259259259259,0.9907407407407407,1.0,1.037037037037037
VA Long Beach,platt,False,id_test,marginal,0.2,class1_avg_set_size,10,0.9685185185185186,0.07712344789696537,0.8148148148148148,0.9490740740740741,0.9814814814814815,1.0138888888888888,1.0740740740740742
VA Long Beach,platt,False,id_test,marginal,0.2,class0_singleton_accuracy,10,0.8501030034893858,0.027792046507518077,0.8,0.8365384615384616,0.8518518518518519,0.868840579710145,0.8867924528301887
VA Long Beach,platt,False,id_test,marginal,0.2,class1_singleton_accuracy,10,0.8767199219504459,0.052370897173468496,0.7924528301886793,0.8422641509433962,0.8942307692307692,0.9134429400386848,0.9433962264150944
VA Long Beach,platt,False,id_test,marginal,0.2,empty_rate,10,0.046296296296296294,0.06370298592762436,0.0,0.0,0.013888888888888888,0.0625,0.17592592592592593
VA Long Beach,platt,False,ood_test,label_conditional,0.05,coverage,10,0.9715,0.017802933590968795,0.94,0.96,0.98,0.985,0.985
VA Long Beach,platt,False,ood_test,label_conditional,0.05,avg_set_size,10,1.765,0.1483614205617859,1.5,1.63875,1.83,1.8725,1.9
VA Long Beach,platt,False,ood_test,label_conditional,0.05,singleton_rate,10,0.23499999999999996,0.14836142056178592,0.1,0.1275,0.16999999999999998,0.36124999999999996,0.5
VA Long Beach,platt,False,ood_test,label_conditional,0.05,singleton_accuracy,10,0.8741588184276715,0.030602904563005302,0.8181818181818182,0.8539634146341464,0.8818604651162791,0.8908969210174029,0.9142857142857143
VA Long Beach,platt,False,ood_test,label_conditional,0.05,class0_coverage,10,0.8980392156862745,0.07554605634928048,0.7647058823529411,0.8529411764705882,0.9411764705882353,0.9411764705882353,0.9607843137254902
VA Long Beach,platt,False,ood_test,label_conditional,0.05,class1_coverage,10,0.9966442953020135,0.0057036012456295054,0.9865771812080537,0.9949664429530202,1.0,1.0,1.0
VA Long Beach,platt,False,ood_test,label_conditional,0.05,class0_avg_set_size,10,1.8823529411764706,0.06792356108113243,1.7647058823529411,1.838235294117647,1.9019607843137254,1.9411764705882353,1.9411764705882353
VA Long Beach,platt,False,ood_test,label_conditional,0.05,class1_avg_set_size,10,1.7248322147651005,0.17753901457741833,1.4093959731543624,1.5805369127516777,1.7919463087248322,1.8590604026845639,1.8859060402684564
VA Long Beach,platt,False,ood_test,label_conditional,0.05,class0_singleton_accuracy,10,0.15,0.24608038433722332,0.0,0.0,0.0,0.30000000000000004,0.6
VA Long Beach,platt,False,ood_test,label_conditional,0.05,class1_singleton_accuracy,10,0.9787122416534182,0.036286455719134955,0.9,0.9594594594594594,1.0,1.0,1.0
VA Long Beach,platt,False,ood_test,label_conditional,0.05,empty_rate,10,0.0,0.0,0.0,0.0,0.0,0.0,0.0
VA Long Beach,platt,False,ood_test,label_conditional,0.1,coverage,10,0.8625,0.04373213921133977,0.78,0.83375,0.875,0.88,0.935
VA Long Beach,platt,False,ood_test,label_conditional,0.1,avg_set_size,10,1.3699999999999999,0.12362577940435132,1.085,1.325,1.4024999999999999,1.4475,1.515
VA Long Beach,platt,False,ood_test,label_conditional,0.1,singleton_rate,10,0.6300000000000001,0.12362577940435132,0.485,0.5525,0.5974999999999999,0.675,0.915
VA Long Beach,platt,False,ood_test,label_conditional,0.1,singleton_accuracy,10,0.7850621945471319,0.04094052603409252,0.7181818181818181,0.7588562276238929,0.7875939849624061,0.8056124031007752,0.865979381443299
VA Long Beach,platt,False,ood_test,label_conditional,0.1,class0_coverage,10,0.7333333333333333,0.06613914060482884,0.5686274509803921,0.7254901960784313,0.7549019607843137,0.7794117647058824,0.7843137254901961
VA Long Beach,platt,False,ood_test,label_conditional,0.1,class1_coverage,10,0.9067114093959731,0.04512698532794511,0.8523489932885906,0.8674496644295302,0.9093959731543624,0.9295302013422819,1.0
VA Long Beach,platt,False,ood_test,label_conditional,0.1,class0_avg_set_size,10,1.4588235294117646,0.18305321533527116,1.1176470588235294,1.3725490196078431,1.4803921568627452,1.5833333333333335,1.7450980392156863
VA Long Beach,platt,False,ood_test,label_conditional,0.1,class1_avg_set_size,10,1.3395973154362415,0.11792064934506839,1.0738255033557047,1.2953020134228188,1.3523489932885906,1.424496644295302,1.476510067114094
VA Long Beach,platt,False,ood_test,label_conditional,0.1,class0_singleton_accuracy,10,0.467249840427472,0.19052028548494518,0.0,0.4435672514619883,0.5470085470085471,0.561875,0.65625
VA Long Beach,platt,False,ood_test,label_conditional,0.1,class1_singleton_accuracy,10,0.8599634770406202,0.06742445126136391,0.7435897435897436,0.8282004830917874,0.8572963800904977,0.8900663942798774,1.0
VA Long Beach,platt,False,ood_test,label_conditional,0.1,empty_rate,10,0.0,0.0,0.0,0.0,0.0,0.0,0.0
VA Long Beach,platt,False,ood_test,label_conditional,0.2,coverage,10,0.712,0.05303038961031893,0.63,0.675,0.725,0.74375,0.785
VA Long Beach,platt,False,ood_test,label_conditional,0.2,avg_set_size,10,0.9875000000000002,0.08223442101699262,0.855,0.925,0.9974999999999999,1.05875,1.075
VA Long Beach,platt,False,ood_test,label_conditional,0.2,singleton_rate,10,0.9335000000000001,0.044972213643537706,0.855,0.9137500000000001,0.9325,0.96375,0.995
VA Long Beach,platt,False,ood_test,label_conditional,0.2,singleton_accuracy,10,0.7336526993530393,0.019018570738279943,0.6972972972972973,0.7272839438473349,0.7338056680161943,0.7383635348459469,0.7724867724867724
VA Long Beach,platt,False,ood_test,label_conditional,0.2,class0_coverage,10,0.5,0.06486742889306932,0.4117647058823529,0.45588235294117646,0.49019607843137253,0.5294117647058824,0.6470588235294118
VA Long Beach,platt,False,ood_test,label_conditional,0.2,class1_coverage,10,0.7845637583892617,0.07084697188462669,0.6711409395973155,0.7399328859060403,0.8020134228187918,0.8288590604026846,0.8859060402684564
VA Long Beach,platt,False,ood_test,label_conditional,0.2,class0_avg_set_size,10,0.9921568627450981,0.08015534492421383,0.8823529411764706,0.926470588235294,0.9901960784313726,1.053921568627451,1.1176470588235294
VA Long Beach,platt,False,ood_test,label_conditional,0.2,class1_avg_set_size,10,0.9859060402684566,0.08515529995825855,0.8456375838926175,0.924496644295302,1.0,1.0536912751677852,1.087248322147651
VA Long Beach,platt,False,ood_test,label_conditional,0.2,class0_singleton_accuracy,10,0.5044148824192026,0.06205278067895294,0.4222222222222222,0.46968787515006005,0.49468085106382975,0.5327777777777778,0.6170212765957447
VA Long Beach,platt,False,ood_test,label_conditional,0.2,class1_singleton_accuracy,10,0.8117872062901055,0.04225352400687363,0.7246376811594203,0.8048262548262548,0.816137566137566,0.8287902628656053,0.8819444444444444
VA Long Beach,platt,False,ood_test,label_conditional,0.2,empty_rate,10,0.0395,0.05668872119841045,0.0,0.0,0.005,0.075,0.145
VA Long Beach,platt,False,ood_test,marginal,0.05,coverage,10,0.9400000000000001,0.03324989557209999,0.88,0.92125,0.935,0.965,0.985
VA Long Beach,platt,False,ood_test,marginal,0.05,avg_set_size,10,1.6035,0.15248041768626483,1.425,1.5187499999999998,1.565,1.71,1.85
VA Long Beach,platt,False,ood_test,marginal,0.05,singleton_rate,10,0.39649999999999996,0.1524804176862648,0.15,0.29,0.435,0.48124999999999996,0.575
VA Long Beach,platt,False,ood_test,marginal,0.05,singleton_accuracy,10,0.858539812546147,0.0404056322976516,0.7913043478260869,0.8406850025947068,0.8634244733303451,0.8847727272727273,0.9166666666666666
VA Long Beach,platt,False,ood_test,marginal,0.05,class0_coverage,10,0.8254901960784314,0.0742053175397907,0.7450980392156863,0.7647058823529411,0.803921568627451,0.8725490196078431,0.9411764705882353
VA Long Beach,platt,False,ood_test,marginal,0.05,class1_coverage,10,0.9791946308724832,0.027843138374446668,0.9194630872483222,0.976510067114094,0.9899328859060403,0.9983221476510067,1.0
VA Long Beach,platt,False,ood_test,marginal,0.05,class0_avg_set_size,10,1.752941176470588,0.1294711687781896,1.5490196078431373,1.6862745098039216,1.7058823529411766,1.8529411764705883,1.9411764705882353
VA Long Beach,platt,False,ood_test,marginal,0.05,class1_avg_set_size,10,1.5523489932885908,0.16252915744352897,1.342281879194631,1.4614093959731544,1.5100671140939599,1.6644295302013423,1.8187919463087248
VA Long Beach,platt,False,ood_test,marginal,0.05,class0_singleton_accuracy,10,0.2174164230909755,0.18215202951835305,0.0,0.046875,0.23214285714285715,0.28308823529411764,0.5
VA Long Beach,platt,False,ood_test,marginal,0.05,class1_singleton_accuracy,10,0.9619621098193167,0.0500988649902167,0.8695652173913043,0.9620348139255702,0.9806005398110661,0.9969135802469136,1.0
VA Long Beach,platt,False,ood_test,marginal,0.05,empty_rate,10,0.0,0.0,0.0,0.0,0.0,0.0,0.0
VA Long Beach,platt,False,ood_test,marginal,0.1,coverage,10,0.8564999999999999,0.05270726283497897,0.76,0.8200000000000001,0.8725,0.88375,0.93
VA Long Beach,platt,False,ood_test,marginal,0.1,avg_set_size,10,1.302,0.1394871559200583,1.06,1.21,1.35,1.4049999999999998,1.435
VA Long Beach,platt,False,ood_test,marginal,0.1,singleton_rate,10,0.6980000000000001,0.13948715592005834,0.565,0.595,0.65,0.79,0.94
VA Long Beach,platt,False,ood_test,marginal,0.1,singleton_accuracy,10,0.7996989339152821,0.036835241251647124,0.7446808510638298,0.7758879781420766,0.7994889377668521,0.8166270582244102,0.8761061946902655
VA Long Beach,platt,False,ood_test,marginal,0.1,class0_coverage,10,0.6862745098039216,0.11909063502149411,0.45098039215686275,0.6225490196078431,0.7549019607843137,0.7647058823529411,0.7843137254901961
VA Long Beach,platt,False,ood_test,marginal,0.1,class1_coverage,10,0.914765100671141,0.035661106086819654,0.8657718120805369,0.8892617449664431,0.9161073825503356,0.9312080536912751,0.9798657718120806
VA Long Beach,platt,False,ood_test,marginal,0.1,class0_avg_set_size,10,1.4176470588235295,0.19933033257824398,1.0980392156862746,1.2647058823529411,1.4705882352941178,1.5490196078431373,1.6666666666666667
VA Long Beach,platt,False,ood_test,marginal,0.1,class1_avg_set_size,10,1.2624161073825504,0.1219372773524395,1.0469798657718121,1.191275167785235,1.2953020134228188,1.360738255033557,1.389261744966443
VA Long Beach,platt,False,ood_test,marginal,0.1,class0_singleton_accuracy,10,0.4562911148370571,0.10393259450767228,0.2608695652173913,0.3957509881422925,0.46640316205533594,0.5447154471544715,0.5925925925925926
VA Long Beach,platt,False,ood_test,marginal,0.1,class1_singleton_accuracy,10,0.8870650366078519,0.03802083531819633,0.8421052631578947,0.8631161971830985,0.8820855614973262,0.901608187134503,0.96875
VA Long Beach,platt,False,ood_test,marginal,0.1,empty_rate,10,0.0,0.0,0.0,0.0,0.0,0.0,0.0
VA Long Beach,platt,False,ood_test,marginal,0.2,coverage,10,0.6970000000000001,0.05245103536738918,0.605,0.665,0.7,0.7424999999999999,0.76
VA Long Beach,platt,False,ood_test,marginal,0.2,avg_set_size,10,0.9560000000000001,0.08455110223343566,0.815,0.9025,0.9975,1.0,1.065
VA Long Beach,platt,False,ood_test,marginal,0.2,singleton_rate,10,0.938,0.07091465919602866,0.815,0.90125,0.9575,0.99875,1.0
VA Long Beach,platt,False,ood_test,marginal,0.2,singleton_accuracy,10,0.7341639809224055,0.020615949309375617,0.695,0.7292045454545455,0.7391431722616668,0.7449202127659574,0.7590361445783133
VA Long Beach,platt,False,ood_test,marginal,0.2,class0_coverage,10,0.4549019607843137,0.06652554588235018,0.35294117647058826,0.4215686274509804,0.4607843137254902,0.49019607843137253,0.5490196078431373
VA Long Beach,platt,False,ood_test,marginal,0.2,class1_coverage,10,0.7798657718120806,0.06059295576637208,0.6912751677852349,0.7265100671140939,0.7919463087248322,0.8288590604026846,0.8523489932885906
VA Long Beach,platt,False,ood_test,marginal,0.2,class0_avg_set_size,10,0.9509803921568629,0.09616953574877231,0.7843137254901961,0.9019607843137255,0.9901960784313726,1.0,1.0980392156862746
VA Long Beach,platt,False,ood_test,marginal,0.2,class1_avg_set_size,10,0.9577181208053691,0.08328940481436632,0.825503355704698,0.9026845637583893,1.0,1.0,1.080536912751678
VA Long Beach,platt,False,ood_test,marginal,0.2,class0_singleton_accuracy,10,0.47691986359761296,0.048286887532162516,0.391304347826087,0.4502450980392157,0.47549019607843135,0.5163043478260869,0.54
VA Long Beach,platt,False,ood_test,marginal,0.2,class1_singleton_accuracy,10,0.8203245270839643,0.036632044768193824,0.7516778523489933,0.7993668436186685,0.8348065695422056,0.8464900411344447,0.8591549295774648
VA Long Beach,platt,False,ood_test,marginal,0.2,empty_rate,10,0.053000000000000005,0.07509993342207436,0.0,0.0,0.0025,0.0975,0.185
VA Long Beach,platt,True,id_test,label_conditional,0.05,coverage,10,0.9740740740740741,0.012190381270451543,0.9537037037037037,0.9652777777777777,0.9722222222222222,0.9814814814814815,0.9907407407407407
VA Long Beach,platt,True,id_test,label_conditional,0.05,avg_set_size,10,1.5935185185185183,0.07527954305251056,1.4351851851851851,1.5601851851851851,1.625,1.6435185185185186,1.6666666666666667
VA Long Beach,platt,True,id_test,label_conditional,0.05,singleton_rate,10,0.4064814814814815,0.07527954305251053,0.3333333333333333,0.3564814814814815,0.375,0.43981481481481477,0.5648148148148148
VA Long Beach,platt,True,id_test,label_conditional,0.05,singleton_accuracy,10,0.9367848656175791,0.027895481442445722,0.8913043478260869,0.9186320754716981,0.9424342105263157,0.9506147540983606,0.975
VA Long Beach,platt,True,id_test,label_conditional,0.05,class0_coverage,10,0.9777777777777779,0.022764307301957765,0.9444444444444444,0.9629629629629629,0.9814814814814815,1.0,1.0
VA Long Beach,platt,True,id_test,label_conditional,0.05,class1_coverage,10,0.9703703703703704,0.026478531592008914,0.9074074074074074,0.9675925925925926,0.9814814814814815,0.9814814814814815,1.0
VA Long Beach,platt,True,id_test,label_conditional,0.05,class0_avg_set_size,10,1.624074074074074,0.14451565196390126,1.4074074074074074,1.5,1.6296296296296298,1.7407407407407407,1.8333333333333333
VA Long Beach,platt,True,id_test,label_conditional,0.05,class1_avg_set_size,10,1.5629629629629629,0.19445914112595475,1.1851851851851851,1.4537037037037037,1.5833333333333335,1.7268518518518519,1.7777777777777777
VA Long Beach,platt,True,id_test,label_conditional,0.05,class0_singleton_accuracy,10,0.9388810039065794,0.06615418871801562,0.8235294117647058,0.9017857142857143,0.948849104859335,1.0,1.0
VA Long Beach,platt,True,id_test,label_conditional,0.05,class1_singleton_accuracy,10,0.8990072252225954,0.1167357203095349,0.6428571428571429,0.8699095022624435,0.9553571428571428,0.9658064516129032,1.0
VA Long Beach,platt,True,id_test,label_conditional,0.05,empty_rate,10,0.0,0.0,0.0,0.0,0.0,0.0,0.0
VA Long Beach,platt,True,id_test,label_conditional,0.1,coverage,10,0.924074074074074,0.03540649481407404,0.8518518518518519,0.9097222222222222,0.9259259259259259,0.9513888888888888,0.9722222222222222
VA Long Beach,platt,True,id_test,label_conditional,0.1,avg_set_size,10,1.202777777777778,0.08147797411082015,1.0925925925925926,1.136574074074074,1.199074074074074,1.2523148148148149,1.3240740740740742
VA Long Beach,platt,True,id_test,label_conditional,0.1,singleton_rate,10,0.7972222222222223,0.08147797411082013,0.6759259259259259,0.7476851851851851,0.8009259259259259,0.8634259259259259,0.9074074074074074
VA Long Beach,platt,True,id_test,label_conditional,0.1,singleton_accuracy,10,0.906402208422344,0.03719245978217694,0.8367346938775511,0.8846385542168674,0.9084441873915559,0.9287763791188449,0.963855421686747
VA Long Beach,platt,True,id_test,label_conditional,0.1,class0_coverage,10,0.924074074074074,0.040430920725463754,0.8703703703703703,0.8935185185185185,0.9259259259259259,0.9444444444444444,0.9814814814814815
VA Long Beach,platt,True,id_test,label_conditional,0.1,class1_coverage,10,0.9240740740740743,0.0548306617066727,0.8333333333333334,0.8981481481481481,0.9444444444444444,0.9629629629629629,0.9814814814814815
VA Long Beach,platt,True,id_test,label_conditional,0.1,class0_avg_set_size,10,1.2222222222222223,0.12710654495045676,1.0740740740740742,1.125,1.2222222222222223,1.2546296296296298,1.5
VA Long Beach,platt,True,id_test,label_conditional,0.1,class1_avg_set_size,10,1.1833333333333331,0.08210108601565795,1.0740740740740742,1.1481481481481481,1.1666666666666665,1.212962962962963,1.3703703703703705
VA Long Beach,platt,True,id_test,label_conditional,0.1,class0_singleton_accuracy,10,0.8987327535350182,0.058747707990533395,0.8148148148148148,0.846875,0.9104031856645097,0.937142857142857,0.9761904761904762
VA Long Beach,platt,True,id_test,label_conditional,0.1,class1_singleton_accuracy,10,0.9066874730804304,0.06456840328634132,0.7954545454545454,0.8634453781512604,0.9321314952279958,0.9560276679841897,0.9782608695652174
VA Long Beach,platt,True,id_test,label_conditional,0.1,empty_rate,10,0.0,0.0,0.0,0.0,0.0,0.0,0.0
VA Long Beach,platt,True,id_test,label_conditional,0.2,coverage,10,0.8416666666666666,0.048693101538914554,0.7685185185185185,0.8171296296296295,0.8287037037037037,0.8587962962962963,0.9444444444444444
VA Long Beach,platt,True,id_test,label_conditional,0.2,avg_set_size,10,0.9833333333333334,0.06292058607813338,0.9166666666666666,0.9375,0.9583333333333333,1.0277777777777777,1.1018518518518519
VA Long Beach,platt,True,id_test,label_conditional,0.2,singleton_rate,10,0.9444444444444443,0.028953183702613763,0.8981481481481481,0.9282407407407407,0.9444444444444444,0.9583333333333333,1.0
VA Long Beach,platt,True,id_test,label_conditional,0.2,singleton_accuracy,10,0.8712542493587441,0.03462373719711702,0.8240740740740741,0.8496565934065934,0.8707664884135473,0.888905066977286,0.9381443298969072
VA Long Beach,platt,True,id_test,label_conditional,0.2,class0_coverage,10,0.8425925925925926,0.0654728501098655,0.7222222222222222,0.8055555555555556,0.8425925925925926,0.8842592592592592,0.9444444444444444
VA Long Beach,platt,True,id_test,label_conditional,0.2,class1_coverage,10,0.8407407407407407,0.06426871646824873,0.7592592592592593,0.787037037037037,0.8240740740740741,0.8842592592592592,0.9444444444444444
VA Long Beach,platt,True,id_test,label_conditional,0.2,class0_avg_set_size,10,0.9851851851851852,0.07081298962814808,0.9074074074074074,0.9259259259259259,0.9814814814814815,1.0416666666666667,1.1111111111111112
VA Long Beach,platt,True,id_test,label_conditional,0.2,class1_avg_set_size,10,0.9814814814814815,0.06234262307630913,0.8888888888888888,0.9351851851851851,0.9722222222222222,1.0138888888888888,1.0925925925925926
VA Long Beach,platt,True,id_test,label_conditional,0.2,class0_singleton_accuracy,10,0.8724694726947382,0.05128324905974159,0.78,0.8392857142857143,0.8733962264150943,0.9047354790972993,0.9387755102040817
VA Long Beach,platt,True,id_test,label_conditional,0.2,class1_singleton_accuracy,10,0.8694601025380319,0.047167240276145786,0.8076923076923077,0.8306862745098039,0.8701923076923077,0.8850943396226415,0.9433962264150944
VA Long Beach,platt,True,id_test,label_conditional,0.2,empty_rate,10,0.03611111111111111,0.034216133461519964,0.0,0.0,0.041666666666666664,0.0625,0.08333333333333333
VA Long Beach,platt,True,id_test,marginal,0.05,coverage,10,0.9546296296296296,0.025244574131701888,0.8981481481481481,0.9444444444444444,0.9629629629629629,0.9699074074074074,0.9814814814814815
VA Long Beach,platt,True,id_test,marginal,0.05,avg_set_size,10,1.4101851851851852,0.12575408875981328,1.212962962962963,1.349537037037037,1.4351851851851851,1.4953703703703702,1.6018518518518519
VA Long Beach,platt,True,id_test,marginal,0.05,singleton_rate,10,0.5898148148148149,0.12575408875981334,0.39814814814814814,0.5046296296296297,0.5648148148148149,0.650462962962963,0.7870370370370371
VA Long Beach,platt,True,id_test,marginal,0.05,singleton_accuracy,10,0.9252135808740286,0.03080518150823205,0.8690476190476191,0.913235294117647,0.9272486772486772,0.9475724194206446,0.9692307692307692
VA Long Beach,platt,True,id_test,marginal,0.05,class0_coverage,10,0.95,0.031535900677641476,0.9074074074074074,0.9305555555555556,0.9444444444444444,0.9768518518518519,1.0
VA Long Beach,platt,True,id_test,marginal,0.05,class1_coverage,10,0.9592592592592594,0.029987550127138586,0.8888888888888888,0.9490740740740741,0.9629629629629629,0.9768518518518519,1.0
VA Long Beach,platt,True,id_test,marginal,0.05,class0_avg_set_size,10,1.4462962962962964,0.11661603186253906,1.2222222222222223,1.4444444444444444,1.4814814814814814,1.5,1.5740740740740742
VA Long Beach,platt,True,id_test,marginal,0.05,class1_avg_set_size,10,1.374074074074074,0.15660044909063287,1.1851851851851851,1.2268518518518519,1.3796296296296298,1.4861111111111112,1.6296296296296295
VA Long Beach,platt,True,id_test,marginal,0.05,class0_singleton_accuracy,10,0.9133099918294821,0.044749907189643695,0.8666666666666667,0.8829365079365079,0.89272030651341,0.9465579710144928,1.0
VA Long Beach,platt,True,id_test,marginal,0.05,class1_singleton_accuracy,10,0.9343739188528051,0.03955006085509665,0.8636363636363636,0.909375,0.9451127819548872,0.9526162790697674,1.0
VA Long Beach,platt,True,id_test,marginal,0.05,empty_rate,10,0.0,0.0,0.0,0.0,0.0,0.0,0.0
VA Long Beach,platt,True,id_test,marginal,0.1,coverage,10,0.9055555555555556,0.042722114748143886,0.8333333333333334,0.8773148148148148,0.912037037037037,0.9328703703703705,0.9629629629629629
VA Long Beach,platt,True,id_test,marginal,0.1,avg_set_size,10,1.1490740740740741,0.077154320740721,1.0462962962962963,1.1041666666666667,1.125,1.2106481481481481,1.2592592592592593
VA Long Beach,platt,True,id_test,marginal,0.1,singleton_rate,10,0.850925925925926,0.07715432074072098,0.7407407407407407,0.7893518518518519,0.875,0.8958333333333333,0.9537037037037037
VA Long Beach,platt,True,id_test,marginal,0.1,singleton_accuracy,10,0.8917717342648755,0.04174845735399457,0.8235294117647058,0.868988484985324,0.8953399122807018,0.9169586983729662,0.9506172839506173
VA Long Beach,platt,True,id_test,marginal,0.1,class0_coverage,10,0.9000000000000001,0.051052032415148975,0.8148148148148148,0.875,0.9074074074074074,0.9351851851851851,0.9814814814814815
VA Long Beach,platt,True,id_test,marginal,0.1,class1_coverage,10,0.9111111111111112,0.049996189460040946,0.8333333333333334,0.8888888888888888,0.9259259259259259,0.9398148148148148,0.9814814814814815
VA Long Beach,platt,True,id_test,marginal,0.1,class0_avg_set_size,10,1.172222222222222,0.09878472033878898,1.037037037037037,1.1018518518518519,1.1481481481481481,1.2175925925925926,1.3703703703703705
VA Long Beach,platt,True,id_test,marginal,0.1,class1_avg_set_size,10,1.1259259259259258,0.07027283689263063,1.0185185185185186,1.0925925925925926,1.1111111111111112,1.1851851851851851,1.2407407407407407
VA Long Beach,platt,True,id_test,marginal,0.1,class0_singleton_accuracy,10,0.8821260798673567,0.05295614987908518,0.7959183673469388,0.853414151410193,0.8913043478260869,0.9097850678733032,0.9761904761904762
VA Long Beach,platt,True,id_test,marginal,0.1,class1_singleton_accuracy,10,0.9000337561803098,0.051488751349989204,0.8235294117647058,0.8640988372093024,0.912672045562411,0.9327168367346939,0.9787234042553191
VA Long Beach,platt,True,id_test,marginal,0.1,empty_rate,10,0.0,0.0,0.0,0.0,0.0,0.0,0.0
VA Long Beach,platt,True,id_test,marginal,0.2,coverage,10,0.836111111111111,0.04661413530379393,0.75,0.8171296296296295,0.8287037037037037,0.8703703703703703,0.8981481481481481
VA Long Beach,platt,True,id_test,marginal,0.2,avg_set_size,10,0.9685185185185186,0.05402557157294092,0.8888888888888888,0.9212962962962963,0.9861111111111112,1.0162037037037037,1.0277777777777777
VA Long Beach,platt,True,id_test,marginal,0.2,singleton_rate,10,0.9537037037037036,0.04047801558211112,0.8888888888888888,0.9212962962962963,0.9722222222222222,0.9814814814814815,1.0
VA Long Beach,platt,True,id_test,marginal,0.2,singleton_accuracy,10,0.8690427000970192,0.027554398508999215,0.822429906542056,0.8523809523809524,0.8696058285073791,0.8864485062893082,0.9090909090909091
VA Long Beach,platt,True,id_test,marginal,0.2,class0_coverage,10,0.8185185185185185,0.04765496065584885,0.7222222222222222,0.787037037037037,0.8240740740740741,0.8518518518518519,0.8703703703703703
VA Long Beach,platt,True,id_test,marginal,0.2,class1_coverage,10,0.8537037037037039,0.06500559810815192,0.7592592592592593,0.7916666666666667,0.8703703703703703,0.8888888888888888,0.9444444444444444
VA Long Beach,platt,True,id_test,marginal,0.2,class0_avg_set_size,10,0.961111111111111,0.05949669511121725,0.8703703703703703,0.9074074074074074,1.0,1.0,1.0185185185185186
VA Long Beach,platt,True,id_test,marginal,0.2,class1_avg_set_size,10,0.975925925925926,0.05384895922855406,0.8888888888888888,0.9444444444444444,0.9814814814814814,1.0185185185185186,1.037037037037037
VA Long Beach,platt,True,id_test,marginal,0.2,class0_singleton_accuracy,10,0.8550884127682028,0.03834338786697215,0.7959183673469388,0.8349056603773586,0.8544973544973544,0.8703703703703703,0.9361702127659575
VA Long Beach,platt,True,id_test,marginal,0.2,class1_singleton_accuracy,10,0.882979756166295,0.04398602092538728,0.8235294117647058,0.8463010204081634,0.8846153846153846,0.9155982905982906,0.9433962264150944
VA Long Beach,platt,True,id_test,marginal,0.2,empty_rate,10,0.03888888888888889,0.04656301769295335,0.0,0.0,0.013888888888888888,0.07870370370370369,0.1111111111111111
VA Long Beach,platt,True,ood_test,label_conditional,0.05,coverage,10,0.968,0.020303256443788078,0.935,0.955,0.97,0.985,0.99
VA Long Beach,platt,True,ood_test,label_conditional,0.05,avg_set_size,10,1.7435000000000003,0.13715461672466184,1.54,1.6287500000000001,1.7925,1.84,1.905
VA Long Beach,platt,True,ood_test,label_conditional,0.05,singleton_rate,10,0.25650000000000006,0.13715461672466184,0.095,0.16,0.20750000000000002,0.37125,0.46
VA Long Beach,platt,True,ood_test,label_conditional,0.05,singleton_accuracy,10,0.8751661251838646,0.05727387031972157,0.7352941176470589,0.8603618421052632,0.8819444444444444,0.9003146453089245,0.9387755102040817
VA Long Beach,platt,True,ood_test,label_conditional,0.05,class0_coverage,10,0.8921568627450981,0.06353667351380256,0.7843137254901961,0.8431372549019608,0.9117647058823529,0.9411764705882353,0.9607843137254902
VA Long Beach,platt,True,ood_test,label_conditional,0.05,class1_coverage,10,0.9939597315436242,0.012831884026577152,0.9664429530201343,1.0,1.0,1.0,1.0
VA Long Beach,platt,True,ood_test,label_conditional,0.05,class0_avg_set_size,10,1.868627450980392,0.08113530788853712,1.7058823529411764,1.8284313725490196,1.8823529411764706,1.9362745098039216,1.9607843137254901
VA Long Beach,platt,True,ood_test,label_conditional,0.05,class1_avg_set_size,10,1.7006711409395971,0.16014522284552302,1.4429530201342282,1.570469798657718,1.7516778523489933,1.8187919463087248,1.8859060402684564
VA Long Beach,platt,True,ood_test,label_conditional,0.05,class0_singleton_accuracy,10,0.15357142857142855,0.17549286317094348,0.0,0.0,0.1,0.2767857142857143,0.4666666666666667
VA Long Beach,platt,True,ood_test,label_conditional,0.05,class1_singleton_accuracy,10,0.9786062378167643,0.049102158861616195,0.8518518518518519,1.0,1.0,1.0,1.0
VA Long Beach,platt,True,ood_test,label_conditional,0.05,empty_rate,10,0.0,0.0,0.0,0.0,0.0,0.0,0.0
VA Long Beach,platt,True,ood_test,label_conditional,0.1,coverage,10,0.8465,0.057689301916001336,0.765,0.8025,0.855,0.89625,0.925
VA Long Beach,platt,True,ood_test,label_conditional,0.1,avg_set_size,10,1.3065,0.12288318753099536,1.105,1.2325,1.3050000000000002,1.37625,1.545
VA Long Beach,platt,True,ood_test,label_conditional,0.1,singleton_rate,10,0.6935,0.12288318753099538,0.455,0.62375,0.6950000000000001,0.7675000000000001,0.895
VA Long Beach,platt,True,ood_test,label_conditional,0.1,singleton_accuracy,10,0.7846076548704514,0.051362893102600886,0.6912751677852349,0.7470766129032258,0.7918739635157546,0.8284569597069598,0.849624060150376
VA Long Beach,platt,True,ood_test,label_conditional,0.1,class0_coverage,10,0.6137254901960784,0.146746218216964,0.35294117647058826,0.5049019607843137,0.6372549019607843,0.7401960784313725,0.7843137254901961
VA Long Beach,platt,True,ood_test,label_conditional,0.1,class1_coverage,10,0.9261744966442953,0.06335481994857403,0.7718120805369127,0.9077181208053692,0.9295302013422819,0.9681208053691275,1.0
VA Long Beach,platt,True,ood_test,label_conditional,0.1,class0_avg_set_size,10,1.4705882352941175,0.18601633295108114,1.196078431372549,1.338235294117647,1.4705882352941178,1.6225490196078431,1.7450980392156863
VA Long Beach,platt,True,ood_test,label_conditional,0.1,class1_avg_set_size,10,1.2503355704697987,0.10682414467235468,1.0738255033557047,1.2181208053691275,1.238255033557047,1.2969798657718121,1.476510067114094
VA Long Beach,platt,True,ood_test,label_conditional,0.1,class0_singleton_accuracy,10,0.24839455888821593,0.1812836462083822,0.0,0.1520979020979021,0.20172764227642276,0.3223684210526316,0.6470588235294118
VA Long Beach,platt,True,ood_test,label_conditional,0.1,class1_singleton_accuracy,10,0.9038352498823802,0.08028473001438782,0.7043478260869566,0.8897058823529411,0.9099052835786832,0.9456293706293706,1.0
VA Long Beach,platt,True,ood_test,label_conditional,0.1,empty_rate,10,0.0,0.0,0.0,0.0,0.0,0.0,0.0
VA Long Beach,platt,True,ood_test,label_conditional,0.2,coverage,10,0.6955,0.051448463965841046,0.625,0.6587500000000001,0.6924999999999999,0.7175,0.785
VA Long Beach,platt,True,ood_test,label_conditional,0.2,avg_set_size,10,0.9654999999999999,0.10086982810643734,0.855,0.87375,0.95,1.04625,1.14
VA Long Beach,platt,True,ood_test,label_conditional,0.2,singleton_rate,10,0.9095000000000001,0.04895859929005776,0.855,0.86,0.92,0.9425,0.99
VA Long Beach,platt,True,ood_test,label_conditional,0.2,singleton_accuracy,10,0.734364114706491,0.030879602423354142,0.6594594594594595,0.7339181286549707,0.7466577540106951,0.7532757140086983,0.7558139534883721
VA Long Beach,platt,True,ood_test,label_conditional,0.2,class0_coverage,10,0.3431372549019608,0.2023506611818656,0.13725490196078433,0.19607843137254902,0.2450980392156863,0.48529411764705876,0.7058823529411765
VA Long Beach,platt,True,ood_test,label_conditional,0.2,class1_coverage,10,0.8161073825503354,0.07627290322097552,0.6778523489932886,0.7885906040268456,0.8456375838926175,0.8691275167785235,0.9060402684563759
VA Long Beach,platt,True,ood_test,label_conditional,0.2,class0_avg_set_size,10,0.9588235294117646,0.19065483832254465,0.7254901960784313,0.8480392156862745,0.9019607843137254,1.0931372549019607,1.3137254901960784
VA Long Beach,platt,True,ood_test,label_conditional,0.2,class1_avg_set_size,10,0.9677852348993289,0.07302802957710305,0.8590604026845637,0.9077181208053692,0.9664429530201343,1.0201342281879193,1.080536912751678
VA Long Beach,platt,True,ood_test,label_conditional,0.2,class0_singleton_accuracy,10,0.339749198041062,0.1552889291329858,0.15555555555555556,0.238022113022113,0.289961811238407,0.4226190476190476,0.6590909090909091
VA Long Beach,platt,True,ood_test,label_conditional,0.2,class1_singleton_accuracy,10,0.854706604582138,0.07912449218083455,0.6595744680851063,0.8344324188270829,0.8728087749173594,0.9007675438596492,0.9375
VA Long Beach,platt,True,ood_test,label_conditional,0.2,empty_rate,10,0.06250000000000001,0.06232753983771718,0.0,0.0025,0.05,0.12625,0.145
VA Long Beach,platt,True,ood_test,marginal,0.05,coverage,10,0.9215,0.05452063829413592,0.825,0.88375,0.9299999999999999,0.9612499999999999,0.985
VA Long Beach,platt,True,ood_test,marginal,0.05,avg_set_size,10,1.5325,0.1860294182231521,1.25,1.40875,1.5274999999999999,1.6912500000000001,1.795
VA Long Beach,platt,True,ood_test,marginal,0.05,singleton_rate,10,0.4674999999999999,0.1860294182231521,0.205,0.30874999999999997,0.4725,0.5912499999999999,0.75
VA Long Beach,platt,True,ood_test,marginal,0.05,singleton_accuracy,10,0.8507660709976269,0.06012510829295762,0.7666666666666667,0.8030892448512585,0.8526315789473684,0.8895110115714818,0.9411764705882353
VA Long Beach,platt,True,ood_test,marginal,0.05,class0_coverage,10,0.7470588235294119,0.16751673513681917,0.4117647058823529,0.6519607843137255,0.803921568627451,0.8480392156862746,0.9411764705882353
VA Long Beach,platt,True,ood_test,marginal,0.05,class1_coverage,10,0.9812080536912753,0.03330253971530808,0.8993288590604027,0.9731543624161074,1.0,1.0,1.0
VA Long Beach,platt,True,ood_test,marginal,0.05,class0_avg_set_size,10,1.6941176470588235,0.19371120055260344,1.3333333333333333,1.5539215686274508,1.715686274509804,1.8333333333333333,1.9411764705882353
VA Long Beach,platt,True,ood_test,marginal,0.05,class1_avg_set_size,10,1.4771812080536912,0.1879847015766593,1.221476510067114,1.342281879194631,1.459731543624161,1.6442953020134228,1.74496644295302
VA Long Beach,platt,True,ood_test,marginal,0.05,class0_singleton_accuracy,10,0.15500766175688777,0.18833062589786212,0.0,0.0533625730994152,0.10427807486631016,0.125,0.5833333333333334
VA Long Beach,platt,True,ood_test,marginal,0.05,class1_singleton_accuracy,10,0.9711569101724896,0.05369797283659707,0.8314606741573034,0.9638262599469496,1.0,1.0,1.0
VA Long Beach,platt,True,ood_test,marginal,0.05,empty_rate,10,0.0,0.0,0.0,0.0,0.0,0.0,0.0
VA Long Beach,platt,True,ood_test,marginal,0.1,coverage,10,0.8254999999999999,0.05413204021444026,0.73,0.79125,0.83,0.86625,0.9
VA Long Beach,platt,True,ood_test,marginal,0.1,avg_set_size,10,1.2334999999999998,0.12609630358490997,1.04,1.13125,1.29,1.32125,1.38
VA Long Beach,platt,True,ood_test,marginal,0.1,singleton_rate,10,0.7665,0.12609630358490997,0.62,0.67875,0.71,0.86875,0.96
VA Long Beach,platt,True,ood_test,marginal,0.1,singleton_accuracy,10,0.7764266232992574,0.0391615357684745,0.71875,0.7531116794543904,0.7598624904507257,0.813076101618705,0.8387096774193549
VA Long Beach,platt,True,ood_test,marginal,0.1,class0_coverage,10,0.5294117647058822,0.17947098323850955,0.21568627450980393,0.38235294117647056,0.588235294117647,0.6470588235294118,0.7647058823529411
VA Long Beach,platt,True,ood_test,marginal,0.1,class1_coverage,10,0.9268456375838925,0.04249970523218138,0.8523489932885906,0.9077181208053692,0.9295302013422819,0.9580536912751677,0.9865771812080537
VA Long Beach,platt,True,ood_test,marginal,0.1,class0_avg_set_size,10,1.3725490196078431,0.1903296703079874,1.0588235294117647,1.2450980392156863,1.4215686274509802,1.4852941176470589,1.6470588235294117
VA Long Beach,platt,True,ood_test,marginal,0.1,class1_avg_set_size,10,1.1859060402684565,0.10747805223758805,1.0335570469798658,1.092281879194631,1.2248322147651005,1.2818791946308725,1.2885906040268456
VA Long Beach,platt,True,ood_test,marginal,0.1,class0_singleton_accuracy,10,0.24603045732077988,0.17152698071042027,0.0,0.18006993006993008,0.1871871871871872,0.2451923076923077,0.6129032258064516
VA Long Beach,platt,True,ood_test,marginal,0.1,class1_singleton_accuracy,10,0.9093331178360936,0.058563139047541415,0.794392523364486,0.9043560606060606,0.9217989827509951,0.9465598739495797,0.9811320754716981
VA Long Beach,platt,True,ood_test,marginal,0.1,empty_rate,10,0.0,0.0,0.0,0.0,0.0,0.0,0.0
VA Long Beach,platt,True,ood_test,marginal,0.2,coverage,10,0.6925000000000001,0.04328522971073517,0.63,0.6625000000000001,0.6950000000000001,0.72,0.755
VA Long Beach,platt,True,ood_test,marginal,0.2,avg_set_size,10,0.9490000000000001,0.08445248499731799,0.815,0.8875,0.9749999999999999,1.01375,1.035
VA Long Beach,platt,True,ood_test,marginal,0.2,singleton_rate,10,0.9289999999999999,0.06649143637425133,0.815,0.8875,0.955,0.98,0.995
VA Long Beach,platt,True,ood_test,marginal,0.2,singleton_accuracy,10,0.7363553357297401,0.036939168543528564,0.6548223350253807,0.7214045651869486,0.7460728678345259,0.7561457953024218,0.7852760736196319
VA Long Beach,platt,True,ood_test,marginal,0.2,class0_coverage,10,0.28627450980392155,0.16719766750660894,0.13725490196078433,0.17647058823529413,0.20588235294117646,0.3284313725490196,0.6078431372549019
VA Long Beach,platt,True,ood_test,marginal,0.2,class1_coverage,10,0.8315436241610739,0.06495020165406443,0.6778523489932886,0.8003355704697986,0.8557046979865772,0.8691275167785235,0.8993288590604027
VA Long Beach,platt,True,ood_test,marginal,0.2,class0_avg_set_size,10,0.9137254901960784,0.1530584433956754,0.6666666666666666,0.7892156862745098,0.9509803921568627,1.0343137254901962,1.0980392156862746
VA Long Beach,platt,True,ood_test,marginal,0.2,class1_avg_set_size,10,0.9610738255033556,0.06181949268183984,0.8657718120805369,0.9211409395973155,0.9798657718120805,1.0067114093959733,1.0335570469798658
VA Long Beach,platt,True,ood_test,marginal,0.2,class0_singleton_accuracy,10,0.298478266377426,0.14322541428212596,0.17647058823529413,0.20746314496314497,0.25,0.2985294117647059,0.5833333333333334
VA Long Beach,platt,True,ood_test,marginal,0.2,class1_singleton_accuracy,10,0.8718396655647849,0.07578453604502426,0.6778523489932886,0.8641409266409266,0.9032250335441825,0.9133192389006342,0.9338235294117647
VA Long Beach,platt,True,ood_test,marginal,0.2,empty_rate,10,0.061,0.07467708260682568,0.0,0.0,0.0275,0.1125,0.185
VA Long Beach,raw,False,id_test,label_conditional,0.05,coverage,10,0.975,0.0222778795464427,0.9444444444444444,0.9560185185185185,0.9814814814814814,0.9907407407407407,1.0
VA Long Beach,raw,False,id_test,label_conditional,0.05,avg_set_size,10,1.6388888888888886,0.11581273481045505,1.4351851851851851,1.5555555555555556,1.6296296296296295,1.7384259259259258,1.7962962962962963
VA Long Beach,raw,False,id_test,label_conditional,0.05,singleton_rate,10,0.36111111111111105,0.11581273481045504,0.2037037037037037,0.26157407407407407,0.37037037037037035,0.4444444444444444,0.5648148148148148
VA Long Beach,raw,False,id_test,label_conditional,0.05,singleton_accuracy,10,0.9412028380513402,0.04567889263634842,0.875,0.9004098360655738,0.9495192307692308,0.9726293103448276,1.0
VA Long Beach,raw,False,id_test,label_conditional,0.05,class0_coverage,10,0.9777777777777779,0.031232371952280288,0.9074074074074074,0.9675925925925926,0.9907407407407407,1.0,1.0
VA Long Beach,raw,False,id_test,label_conditional,0.05,class1_coverage,10,0.9722222222222223,0.03625722260639114,0.9074074074074074,0.9675925925925926,0.9814814814814815,1.0,1.0
VA Long Beach,raw,False,id_test,label_conditional,0.05,class0_avg_set_size,10,1.6981481481481482,0.1924599891712403,1.4074074074074074,1.5231481481481481,1.759259259259259,1.8518518518518519,1.9259259259259258
VA Long Beach,raw,False,id_test,label_conditional,0.05,class1_avg_set_size,10,1.5796296296296297,0.17677400092013185,1.2037037037037037,1.5,1.6574074074074074,1.6944444444444444,1.7407407407407407
VA Long Beach,raw,False,id_test,label_conditional,0.05,class0_singleton_accuracy,10,0.9021227152477153,0.1864394421293463,0.4,0.913961038961039,0.984375,1.0,1.0
VA Long Beach,raw,False,id_test,label_conditional,0.05,class1_singleton_accuracy,10,0.9177907899396903,0.11490412319688523,0.6875,0.8988095238095237,0.968052738336714,1.0,1.0
VA Long Beach,raw,False,id_test,label_conditional,0.05,empty_rate,10,0.0,0.0,0.0,0.0,0.0,0.0,0.0
VA Long Beach,raw,False,id_test,label_conditional,0.1,coverage,10,0.9240740740740743,0.033184395199297834,0.8425925925925926,0.9351851851851852,0.9351851851851852,0.9351851851851852,0.9537037037037037
VA Long Beach,raw,False,id_test,label_conditional,0.1,avg_set_size,10,1.2648148148148148,0.10219731908741131,1.0648148148148149,1.2245370370370372,1.2592592592592593,1.324074074074074,1.4537037037037037
VA Long Beach,raw,False,id_test,label_conditional,0.1,singleton_rate,10,0.7351851851851852,0.10219731908741135,0.5462962962962963,0.6759259259259259,0.7407407407407407,0.775462962962963,0.9351851851851852
VA Long Beach,raw,False,id_test,label_conditional,0.1,singleton_accuracy,10,0.8987836828246575,0.030290054659372123,0.8316831683168316,0.8994232580037665,0.9053362573099415,0.9148719879518072,0.9375
VA Long Beach,raw,False,id_test,label_conditional,0.1,class0_coverage,10,0.937037037037037,0.034034688276765965,0.8888888888888888,0.9074074074074074,0.9444444444444444,0.9583333333333333,1.0
VA Long Beach,raw,False,id_test,label_conditional,0.1,class1_coverage,10,0.9111111111111111,0.06343324730205002,0.7962962962962963,0.8842592592592593,0.9259259259259259,0.9583333333333333,0.9814814814814815
VA Long Beach,raw,False,id_test,label_conditional,0.1,class0_avg_set_size,10,1.2814814814814812,0.13686453384607988,1.0925925925925926,1.2222222222222223,1.2407407407407407,1.324074074074074,1.6111111111111112
VA Long Beach,raw,False,id_test,label_conditional,0.1,class1_avg_set_size,10,1.248148148148148,0.09961058150095956,1.037037037037037,1.1898148148148149,1.287037037037037,1.3101851851851851,1.3518518518518519
VA Long Beach,raw,False,id_test,label_conditional,0.1,class0_singleton_accuracy,10,0.9045678111628368,0.06597709738468949,0.7619047619047619,0.8707035445757251,0.9214285714285715,0.9459727736812251,1.0
VA Long Beach,raw,False,id_test,label_conditional,0.1,class1_singleton_accuracy,10,0.885059536741459,0.07178075471532398,0.7777777777777778,0.822972972972973,0.8973684210526316,0.9391025641025641,0.9736842105263158
VA Long Beach,raw,False,id_test,label_conditional,0.1,empty_rate,10,0.0,0.0,0.0,0.0,0.0,0.0,0.0
VA Long Beach,raw,False,id_test,label_conditional,0.2,coverage,10,0.8333333333333334,0.052013270204792336,0.7592592592592593,0.7939814814814815,0.8240740740740741,0.8680555555555556,0.9074074074074074
VA Long Beach,raw,False,id_test,label_conditional,0.2,avg_set_size,10,0.9777777777777776,0.06388217892837163,0.8611111111111112,0.9398148148148149,1.0,1.0185185185185186,1.0462962962962963
VA Long Beach,raw,False,id_test,label_conditional,0.2,singleton_rate,10,0.9537037037037036,0.04741447992511486,0.8611111111111112,0.9328703703703703,0.9722222222222222,0.9814814814814815,1.0
VA Long Beach,raw,False,id_test,label_conditional,0.2,singleton_accuracy,10,0.8620553582997055,0.039294887092932225,0.7924528301886793,0.8326781970649895,0.8728990500052197,0.8888541666666667,0.9056603773584906
VA Long Beach,raw,False,id_test,label_conditional,0.2,class0_coverage,10,0.8296296296296297,0.05437707542109934,0.7777777777777778,0.7777777777777778,0.8148148148148149,0.8842592592592592,0.9074074074074074
VA Long Beach,raw,False,id_test,label_conditional,0.2,class1_coverage,10,0.837037037037037,0.06750727463946822,0.7407407407407407,0.7685185185185186,0.8611111111111112,0.8842592592592592,0.9259259259259259
VA Long Beach,raw,False,id_test,label_conditional,0.2,class0_avg_set_size,10,0.9814814814814815,0.06983770678385659,0.8888888888888888,0.912037037037037,1.0,1.0277777777777777,1.0740740740740742
VA Long Beach,raw,False,id_test,label_conditional,0.2,class1_avg_set_size,10,0.9740740740740741,0.06426871646824875,0.8333333333333334,0.9675925925925926,1.0,1.0138888888888888,1.037037037037037
VA Long Beach,raw,False,id_test,label_conditional,0.2,class0_singleton_accuracy,10,0.8582519849739606,0.03907603042198237,0.7777777777777778,0.8400000000000001,0.875,0.8805147058823529,0.9038461538461539
VA Long Beach,raw,False,id_test,label_conditional,0.2,class1_singleton_accuracy,10,0.8657740015051336,0.056243939896094004,0.7592592592592593,0.8558700209643606,0.8867521367521367,0.9018429487179487,0.9245283018867925
VA Long Beach,raw,False,id_test,label_conditional,0.2,empty_rate,10,0.03425925925925925,0.053467267242321585,0.0,0.0,0.0,0.06018518518518518,0.1388888888888889
VA Long Beach,raw,False,id_test,marginal,0.05,coverage,10,0.962962962962963,0.025451269293936152,0.9259259259259259,0.9398148148148149,0.962962962962963,0.9884259259259259,0.9907407407407407
VA Long Beach,raw,False,id_test,marginal,0.05,avg_set_size,10,1.4694444444444446,0.15834566649918225,1.3148148148148149,1.3449074074074074,1.4120370370370372,1.625,1.7037037037037037
VA Long Beach,raw,False,id_test,marginal,0.05,singleton_rate,10,0.5305555555555556,0.1583456664991823,0.2962962962962963,0.375,0.587962962962963,0.6550925925925926,0.6851851851851852
VA Long Beach,raw,False,id_test,marginal,0.05,singleton_accuracy,10,0.9357306138320682,0.03416144090488668,0.8904109589041096,0.9062150681868992,0.9376447876447876,0.9658482142857143,0.9824561403508771
VA Long Beach,raw,False,id_test,marginal,0.05,class0_coverage,10,0.9703703703703704,0.03289608048018328,0.9074074074074074,0.9444444444444444,0.9814814814814815,1.0,1.0
VA Long Beach,raw,False,id_test,marginal,0.05,class1_coverage,10,0.9555555555555555,0.031716623651025,0.9074074074074074,0.9351851851851851,0.9629629629629629,0.9768518518518519,1.0
VA Long Beach,raw,False,id_test,marginal,0.05,class0_avg_set_size,10,1.4851851851851854,0.18055951246059884,1.3148148148148149,1.3379629629629628,1.4166666666666665,1.6481481481481481,1.7777777777777777
VA Long Beach,raw,False,id_test,marginal,0.05,class1_avg_set_size,10,1.4537037037037037,0.1405592288485889,1.2962962962962963,1.3518518518518519,1.4074074074074074,1.5601851851851851,1.7037037037037037
VA Long Beach,raw,False,id_test,marginal,0.05,class0_singleton_accuracy,10,0.9514716177216176,0.04971665279413477,0.8611111111111112,0.9172297297297297,0.9544642857142858,1.0,1.0
VA Long Beach,raw,False,id_test,marginal,0.05,class1_singleton_accuracy,10,0.9233709104223126,0.05025710144799659,0.8484848484848485,0.8782258064516129,0.9428571428571428,0.9527511961722488,1.0
VA Long Beach,raw,False,id_test,marginal,0.05,empty_rate,10,0.0,0.0,0.0,0.0,0.0,0.0,0.0
VA Long Beach,raw,False,id_test,marginal,0.1,coverage,10,0.9166666666666666,0.03976573681088002,0.8425925925925926,0.9120370370370371,0.9259259259259259,0.9351851851851852,0.9629629629629629
VA Long Beach,raw,False,id_test,marginal,0.1,avg_set_size,10,1.213888888888889,0.095274933270076,1.0648148148148149,1.1365740740740742,1.2268518518518519,1.2939814814814814,1.3333333333333333
VA Long Beach,raw,False,id_test,marginal,0.1,singleton_rate,10,0.7861111111111112,0.09527493327007602,0.6666666666666666,0.7060185185185185,0.7731481481481481,0.8634259259259259,0.9351851851851852
VA Long Beach,raw,False,id_test,marginal,0.1,singleton_accuracy,10,0.8967196607883727,0.03820641337070921,0.8316831683168316,0.8926031294452347,0.9,0.9163218390804597,0.9444444444444444
VA Long Beach,raw,False,id_test,marginal,0.1,class0_coverage,10,0.9277777777777778,0.030802407283641114,0.8888888888888888,0.9074074074074074,0.9259259259259259,0.9444444444444444,0.9814814814814815
VA Long Beach,raw,False,id_test,marginal,0.1,class1_coverage,10,0.9055555555555556,0.06322265495836724,0.7962962962962963,0.8842592592592593,0.9259259259259259,0.9444444444444444,0.9629629629629629
VA Long Beach,raw,False,id_test,marginal,0.1,class0_avg_set_size,10,1.2259259259259259,0.0947485622437032,1.0925925925925926,1.1481481481481481,1.2222222222222223,1.3055555555555556,1.3703703703703705
VA Long Beach,raw,False,id_test,marginal,0.1,class1_avg_set_size,10,1.201851851851852,0.10419124081418278,1.037037037037037,1.134259259259259,1.2037037037037037,1.2962962962962963,1.3148148148148149
VA Long Beach,raw,False,id_test,marginal,0.1,class0_singleton_accuracy,10,0.9077979962068966,0.034424987248180355,0.8648648648648649,0.8815675206252713,0.8999374609130707,0.9274041483343809,0.9767441860465116
VA Long Beach,raw,False,id_test,marginal,0.1,class1_singleton_accuracy,10,0.884796733701189,0.06636394497590553,0.78,0.8317923186344239,0.9086663207057603,0.9308166862514688,0.9555555555555556
VA Long Beach,raw,False,id_test,marginal,0.1,empty_rate,10,0.0,0.0,0.0,0.0,0.0,0.0,0.0
VA Long Beach,raw,False,id_test,marginal,0.2,coverage,10,0.8351851851851853,0.04856577348832333,0.7407407407407407,0.8055555555555556,0.8425925925925926,0.8680555555555556,0.9074074074074074
VA Long Beach,raw,False,id_test,marginal,0.2,avg_set_size,10,0.975925925925926,0.06550194269077682,0.8425925925925926,0.9652777777777777,1.0,1.0231481481481481,1.037037037037037
VA Long Beach,raw,False,id_test,marginal,0.2,singleton_rate,10,0.9555555555555554,0.05234189364370389,0.8425925925925926,0.9629629629629629,0.9722222222222222,0.986111111111111,1.0
VA Long Beach,raw,False,id_test,marginal,0.2,singleton_accuracy,10,0.8639841806369105,0.027533309749804856,0.8269230769230769,0.8392195767195767,0.8685185185185185,0.884065934065934,0.9038461538461539
VA Long Beach,raw,False,id_test,marginal,0.2,class0_coverage,10,0.8425925925925928,0.04880058117543796,0.7777777777777778,0.8148148148148148,0.8333333333333334,0.8842592592592592,0.9074074074074074
VA Long Beach,raw,False,id_test,marginal,0.2,class1_coverage,10,0.8277777777777778,0.0665121666521036,0.7037037037037037,0.7962962962962963,0.8425925925925926,0.8518518518518519,0.9259259259259259
VA Long Beach,raw,False,id_test,marginal,0.2,class0_avg_set_size,10,0.975925925925926,0.05455197801305114,0.8888888888888888,0.9398148148148149,1.0,1.0138888888888888,1.037037037037037
VA Long Beach,raw,False,id_test,marginal,0.2,class1_avg_set_size,10,0.975925925925926,0.08097956147460555,0.7962962962962963,0.9722222222222222,1.0,1.0185185185185186,1.0555555555555556
VA Long Beach,raw,False,id_test,marginal,0.2,class0_singleton_accuracy,10,0.8695691555125518,0.035625082407353896,0.8148148148148148,0.84375,0.8798076923076923,0.8966981132075472,0.9056603773584906
VA Long Beach,raw,False,id_test,marginal,0.2,class1_singleton_accuracy,10,0.8590660264105324,0.05402846062468365,0.7592592592592593,0.8324564586357039,0.867786391042205,0.8976244343891403,0.9259259259259259
VA Long Beach,raw,False,id_test,marginal,0.2,empty_rate,10,0.03425925925925925,0.057419021790735596,0.0,0.0,0.0,0.034722222222222224,0.1574074074074074
VA Long Beach,raw,False,ood_test,label_conditional,0.05,coverage,10,0.9715,0.017802933590968795,0.94,0.96,0.98,0.985,0.985
VA Long Beach,raw,False,ood_test,label_conditional,0.05,avg_set_size,10,1.765,0.1483614205617859,1.5,1.63875,1.83,1.8725,1.9
VA Long Beach,raw,False,ood_test,label_conditional,0.05,singleton_rate,10,0.23499999999999996,0.14836142056178592,0.1,0.1275,0.16999999999999998,0.36124999999999996,0.5
VA Long Beach,raw,False,ood_test,label_conditional,0.05,singleton_accuracy,10,0.8741588184276715,0.030602904563005302,0.8181818181818182,0.8539634146341464,0.8818604651162791,0.8908969210174029,0.9142857142857143
VA Long Beach,raw,False,ood_test,label_conditional,0.05,class0_coverage,10,0.8980392156862745,0.07554605634928048,0.7647058823529411,0.8529411764705882,0.9411764705882353,0.9411764705882353,0.9607843137254902
VA Long Beach,raw,False,ood_test,label_conditional,0.05,class1_coverage,10,0.9966442953020135,0.0057036012456295054,0.9865771812080537,0.9949664429530202,1.0,1.0,1.0
VA Long Beach,raw,False,ood_test,label_conditional,0.05,class0_avg_set_size,10,1.8823529411764706,0.06792356108113243,1.7647058823529411,1.838235294117647,1.9019607843137254,1.9411764705882353,1.9411764705882353
VA Long Beach,raw,False,ood_test,label_conditional,0.05,class1_avg_set_size,10,1.7248322147651005,0.17753901457741833,1.4093959731543624,1.5805369127516777,1.7919463087248322,1.8590604026845639,1.8859060402684564
VA Long Beach,raw,False,ood_test,label_conditional,0.05,class0_singleton_accuracy,10,0.15,0.24608038433722332,0.0,0.0,0.0,0.30000000000000004,0.6
VA Long Beach,raw,False,ood_test,label_conditional,0.05,class1_singleton_accuracy,10,0.9787122416534182,0.036286455719134955,0.9,0.9594594594594594,1.0,1.0,1.0
VA Long Beach,raw,False,ood_test,label_conditional,0.05,empty_rate,10,0.0,0.0,0.0,0.0,0.0,0.0,0.0
VA Long Beach,raw,False,ood_test,label_conditional,0.1,coverage,10,0.8625,0.04373213921133977,0.78,0.83375,0.875,0.88,0.935
VA Long Beach,raw,False,ood_test,label_conditional,0.1,avg_set_size,10,1.3699999999999999,0.12362577940435132,1.085,1.325,1.4024999999999999,1.4475,1.515
VA Long Beach,raw,False,ood_test,label_conditional,0.1,singleton_rate,10,0.6300000000000001,0.12362577940435132,0.485,0.5525,0.5974999999999999,0.675,0.915
VA Long Beach,raw,False,ood_test,label_conditional,0.1,singleton_accuracy,10,0.7850621945471319,0.04094052603409252,0.7181818181818181,0.7588562276238929,0.7875939849624061,0.8056124031007752,0.865979381443299
VA Long Beach,raw,False,ood_test,label_conditional,0.1,class0_coverage,10,0.7333333333333333,0.06613914060482884,0.5686274509803921,0.7254901960784313,0.7549019607843137,0.7794117647058824,0.7843137254901961
VA Long Beach,raw,False,ood_test,label_conditional,0.1,class1_coverage,10,0.9067114093959731,0.04512698532794511,0.8523489932885906,0.8674496644295302,0.9093959731543624,0.9295302013422819,1.0
VA Long Beach,raw,False,ood_test,label_conditional,0.1,class0_avg_set_size,10,1.4588235294117646,0.18305321533527116,1.1176470588235294,1.3725490196078431,1.4803921568627452,1.5833333333333335,1.7450980392156863
VA Long Beach,raw,False,ood_test,label_conditional,0.1,class1_avg_set_size,10,1.3395973154362415,0.11792064934506839,1.0738255033557047,1.2953020134228188,1.3523489932885906,1.424496644295302,1.476510067114094
VA Long Beach,raw,False,ood_test,label_conditional,0.1,class0_singleton_accuracy,10,0.467249840427472,0.19052028548494518,0.0,0.4435672514619883,0.5470085470085471,0.561875,0.65625
VA Long Beach,raw,False,ood_test,label_conditional,0.1,class1_singleton_accuracy,10,0.8599634770406202,0.06742445126136391,0.7435897435897436,0.8282004830917874,0.8572963800904977,0.8900663942798774,1.0
VA Long Beach,raw,False,ood_test,label_conditional,0.1,empty_rate,10,0.0,0.0,0.0,0.0,0.0,0.0,0.0
VA Long Beach,raw,False,ood_test,label_conditional,0.2,coverage,10,0.712,0.05303038961031893,0.63,0.675,0.725,0.74375,0.785
VA Long Beach,raw,False,ood_test,label_conditional,0.2,avg_set_size,10,0.9875000000000002,0.08223442101699262,0.855,0.925,0.9974999999999999,1.05875,1.075
VA Long Beach,raw,False,ood_test,label_conditional,0.2,singleton_rate,10,0.9335000000000001,0.044972213643537706,0.855,0.9137500000000001,0.9325,0.96375,0.995
VA Long Beach,raw,False,ood_test,label_conditional,0.2,singleton_accuracy,10,0.7336526993530393,0.019018570738279943,0.6972972972972973,0.7272839438473349,0.7338056680161943,0.7383635348459469,0.7724867724867724
VA Long Beach,raw,False,ood_test,label_conditional,0.2,class0_coverage,10,0.5,0.06486742889306932,0.4117647058823529,0.45588235294117646,0.49019607843137253,0.5294117647058824,0.6470588235294118
VA Long Beach,raw,False,ood_test,label_conditional,0.2,class1_coverage,10,0.7845637583892617,0.07084697188462669,0.6711409395973155,0.7399328859060403,0.8020134228187918,0.8288590604026846,0.8859060402684564
VA Long Beach,raw,False,ood_test,label_conditional,0.2,class0_avg_set_size,10,0.9921568627450981,0.08015534492421383,0.8823529411764706,0.926470588235294,0.9901960784313726,1.053921568627451,1.1176470588235294
VA Long Beach,raw,False,ood_test,label_conditional,0.2,class1_avg_set_size,10,0.9859060402684566,0.08515529995825855,0.8456375838926175,0.924496644295302,1.0,1.0536912751677852,1.087248322147651
VA Long Beach,raw,False,ood_test,label_conditional,0.2,class0_singleton_accuracy,10,0.5044148824192026,0.06205278067895294,0.4222222222222222,0.46968787515006005,0.49468085106382975,0.5327777777777778,0.6170212765957447
VA Long Beach,raw,False,ood_test,label_conditional,0.2,class1_singleton_accuracy,10,0.8117872062901055,0.04225352400687363,0.7246376811594203,0.8048262548262548,0.816137566137566,0.8287902628656053,0.8819444444444444
VA Long Beach,raw,False,ood_test,label_conditional,0.2,empty_rate,10,0.0395,0.05668872119841045,0.0,0.0,0.005,0.075,0.145
VA Long Beach,raw,False,ood_test,marginal,0.05,coverage,10,0.9360000000000002,0.038930136855083806,0.885,0.90375,0.9325,0.975,0.985
VA Long Beach,raw,False,ood_test,marginal,0.05,avg_set_size,10,1.6285,0.15804447334707894,1.48,1.4975,1.5625,1.7825,1.88
VA Long Beach,raw,False,ood_test,marginal,0.05,singleton_rate,10,0.37150000000000005,0.15804447334707897,0.12,0.2175,0.4375,0.5025,0.52
VA Long Beach,raw,False,ood_test,marginal,0.05,singleton_accuracy,10,0.8434269322036982,0.0495000336899286,0.7788461538461539,0.8019732205778718,0.8325082508250825,0.8760533707865169,0.9166666666666666
VA Long Beach,raw,False,ood_test,marginal,0.05,class0_coverage,10,0.8372549019607843,0.07397468662442307,0.7647058823529411,0.7843137254901961,0.803921568627451,0.9117647058823529,0.9411764705882353
VA Long Beach,raw,False,ood_test,marginal,0.05,class1_coverage,10,0.9697986577181208,0.03005599293634095,0.9194630872483222,0.9463087248322147,0.976510067114094,0.9966442953020134,1.0
VA Long Beach,raw,False,ood_test,marginal,0.05,class0_avg_set_size,10,1.756862745098039,0.13963085169387274,1.5686274509803921,1.6666666666666667,1.7254901960784315,1.8970588235294117,1.9411764705882353
VA Long Beach,raw,False,ood_test,marginal,0.05,class1_avg_set_size,10,1.5845637583892616,0.1672459641006177,1.4228187919463087,1.4530201342281879,1.5100671140939597,1.7432885906040267,1.8590604026845639
VA Long Beach,raw,False,ood_test,marginal,0.05,class0_singleton_accuracy,10,0.2376934984520124,0.1822508267296824,0.0,0.0625,0.25,0.35294117647058826,0.5
VA Long Beach,raw,False,ood_test,marginal,0.05,class1_singleton_accuracy,10,0.9430581106279154,0.05367257293326631,0.8536585365853658,0.8975090579710144,0.9520697167755992,0.9935064935064934,1.0
VA Long Beach,raw,False,ood_test,marginal,0.05,empty_rate,10,0.0,0.0,0.0,0.0,0.0,0.0,0.0
VA Long Beach,raw,False,ood_test,marginal,0.1,coverage,10,0.8495000000000001,0.047225816856649255,0.77,0.81,0.87,0.8825000000000001,0.91
VA Long Beach,raw,False,ood_test,marginal,0.1,avg_set_size,10,1.3119999999999998,0.1358962022198478,1.09,1.1949999999999998,1.3925,1.41,1.43
VA Long Beach,raw,False,ood_test,marginal,0.1,singleton_rate,10,0.688,0.13589620221984786,0.57,0.59,0.6074999999999999,0.8049999999999999,0.91
VA Long Beach,raw,False,ood_test,marginal,0.1,singleton_accuracy,10,0.7850264458953891,0.029084632337756485,0.7386363636363636,0.7697802197802198,0.7848290598290598,0.7958386820710313,0.847457627118644
VA Long Beach,raw,False,ood_test,marginal,0.1,class0_coverage,10,0.7156862745098038,0.09021028589439384,0.5490196078431373,0.6617647058823529,0.7647058823529411,0.7647058823529411,0.7843137254901961
VA Long Beach,raw,False,ood_test,marginal,0.1,class1_coverage,10,0.8953020134228188,0.036650823116371176,0.8322147651006712,0.8674496644295302,0.9060402684563759,0.9177852348993288,0.9530201342281879
VA Long Beach,raw,False,ood_test,marginal,0.1,class0_avg_set_size,10,1.4019607843137254,0.18024290500833565,1.1372549019607843,1.2450980392156863,1.450980392156863,1.5294117647058825,1.6470588235294117
VA Long Beach,raw,False,ood_test,marginal,0.1,class1_avg_set_size,10,1.2812080536912753,0.12569641445610052,1.0738255033557047,1.1879194630872483,1.342281879194631,1.3775167785234899,1.395973154362416
VA Long Beach,raw,False,ood_test,marginal,0.1,class0_singleton_accuracy,10,0.5200588132128622,0.0659897056682132,0.3888888888888889,0.4806468716861082,0.5277777777777778,0.5574935400516796,0.6129032258064516
VA Long Beach,raw,False,ood_test,marginal,0.1,class1_singleton_accuracy,10,0.8565299228945576,0.03403406199204844,0.8148148148148148,0.8355384615384616,0.8548611111111111,0.8677536231884058,0.93
VA Long Beach,raw,False,ood_test,marginal,0.1,empty_rate,10,0.0,0.0,0.0,0.0,0.0,0.0,0.0
VA Long Beach,raw,False,ood_test,marginal,0.2,coverage,10,0.698,0.051596726855704926,0.615,0.6525,0.7024999999999999,0.73875,0.76
VA Long Beach,raw,False,ood_test,marginal,0.2,avg_set_size,10,0.9710000000000001,0.09734817238483046,0.8,0.9137500000000001,0.9949999999999999,1.0325,1.1
VA Long Beach,raw,False,ood_test,marginal,0.2,singleton_rate,10,0.9269999999999999,0.0670074622710038,0.8,0.89625,0.9475,0.98125,0.995
VA Long Beach,raw,False,ood_test,marginal,0.2,singleton_accuracy,10,0.7298902567591556,0.02877527847238869,0.6844919786096256,0.7079376163873371,0.7295116109549099,0.7552933940536013,0.76875
VA Long Beach,raw,False,ood_test,marginal,0.2,class0_coverage,10,0.5117647058823529,0.04753750730972075,0.45098039215686275,0.47549019607843135,0.5,0.5294117647058824,0.5882352941176471
VA Long Beach,raw,False,ood_test,marginal,0.2,class1_coverage,10,0.7617449664429532,0.06447068658160877,0.6711409395973155,0.7097315436241611,0.761744966442953,0.8053691275167786,0.8523489932885906
VA Long Beach,raw,False,ood_test,marginal,0.2,class0_avg_set_size,10,0.9647058823529411,0.1135074161887185,0.7254901960784313,0.9313725490196079,0.9803921568627452,1.0343137254901962,1.1176470588235294
VA Long Beach,raw,False,ood_test,marginal,0.2,class1_avg_set_size,10,0.9731543624161073,0.09315732802531099,0.825503355704698,0.9077181208053692,0.9966442953020134,1.0335570469798658,1.0939597315436242
VA Long Beach,raw,False,ood_test,marginal,0.2,class0_singleton_accuracy,10,0.5348401825538913,0.04569184656421462,0.46938775510204084,0.4996998799519808,0.5421768707482992,0.5569025235032162,0.6216216216216216
VA Long Beach,raw,False,ood_test,marginal,0.2,class1_singleton_accuracy,10,0.7958350712780747,0.04134515250580423,0.7266187050359713,0.7654040404040404,0.8047619047619048,0.8272520325203252,0.8523489932885906
VA Long Beach,raw,False,ood_test,marginal,0.2,empty_rate,10,0.051000000000000004,0.07582142763684215,0.0,0.0,0.0075,0.08625,0.2
VA Long Beach,raw,True,id_test,label_conditional,0.05,coverage,10,0.9740740740740741,0.012190381270451543,0.9537037037037037,0.9652777777777777,0.9722222222222222,0.9814814814814815,0.9907407407407407
VA Long Beach,raw,True,id_test,label_conditional,0.05,avg_set_size,10,1.5935185185185183,0.07527954305251056,1.4351851851851851,1.5601851851851851,1.625,1.6435185185185186,1.6666666666666667
VA Long Beach,raw,True,id_test,label_conditional,0.05,singleton_rate,10,0.4064814814814815,0.07527954305251053,0.3333333333333333,0.3564814814814815,0.375,0.43981481481481477,0.5648148148148148
VA Long Beach,raw,True,id_test,label_conditional,0.05,singleton_accuracy,10,0.9367848656175791,0.027895481442445722,0.8913043478260869,0.9186320754716981,0.9424342105263157,0.9506147540983606,0.975
VA Long Beach,raw,True,id_test,label_conditional,0.05,class0_coverage,10,0.9777777777777779,0.022764307301957765,0.9444444444444444,0.9629629629629629,0.9814814814814815,1.0,1.0
VA Long Beach,raw,True,id_test,label_conditional,0.05,class1_coverage,10,0.9703703703703704,0.026478531592008914,0.9074074074074074,0.9675925925925926,0.9814814814814815,0.9814814814814815,1.0
VA Long Beach,raw,True,id_test,label_conditional,0.05,class0_avg_set_size,10,1.624074074074074,0.14451565196390126,1.4074074074074074,1.5,1.6296296296296298,1.7407407407407407,1.8333333333333333
VA Long Beach,raw,True,id_test,label_conditional,0.05,class1_avg_set_size,10,1.5629629629629629,0.19445914112595475,1.1851851851851851,1.4537037037037037,1.5833333333333335,1.7268518518518519,1.7777777777777777
VA Long Beach,raw,True,id_test,label_conditional,0.05,class0_singleton_accuracy,10,0.9388810039065794,0.06615418871801562,0.8235294117647058,0.9017857142857143,0.948849104859335,1.0,1.0
VA Long Beach,raw,True,id_test,label_conditional,0.05,class1_singleton_accuracy,10,0.8990072252225954,0.1167357203095349,0.6428571428571429,0.8699095022624435,0.9553571428571428,0.9658064516129032,1.0
VA Long Beach,raw,True,id_test,label_conditional,0.05,empty_rate,10,0.0,0.0,0.0,0.0,0.0,0.0,0.0
VA Long Beach,raw,True,id_test,label_conditional,0.1,coverage,10,0.924074074074074,0.03540649481407404,0.8518518518518519,0.9097222222222222,0.9259259259259259,0.9513888888888888,0.9722222222222222
VA Long Beach,raw,True,id_test,label_conditional,0.1,avg_set_size,10,1.202777777777778,0.08147797411082015,1.0925925925925926,1.136574074074074,1.199074074074074,1.2523148148148149,1.3240740740740742
VA Long Beach,raw,True,id_test,label_conditional,0.1,singleton_rate,10,0.7972222222222223,0.08147797411082013,0.6759259259259259,0.7476851851851851,0.8009259259259259,0.8634259259259259,0.9074074074074074
VA Long Beach,raw,True,id_test,label_conditional,0.1,singleton_accuracy,10,0.906402208422344,0.03719245978217694,0.8367346938775511,0.8846385542168674,0.9084441873915559,0.9287763791188449,0.963855421686747
VA Long Beach,raw,True,id_test,label_conditional,0.1,class0_coverage,10,0.924074074074074,0.040430920725463754,0.8703703703703703,0.8935185185185185,0.9259259259259259,0.9444444444444444,0.9814814814814815
VA Long Beach,raw,True,id_test,label_conditional,0.1,class1_coverage,10,0.9240740740740743,0.0548306617066727,0.8333333333333334,0.8981481481481481,0.9444444444444444,0.9629629629629629,0.9814814814814815
VA Long Beach,raw,True,id_test,label_conditional,0.1,class0_avg_set_size,10,1.2222222222222223,0.12710654495045676,1.0740740740740742,1.125,1.2222222222222223,1.2546296296296298,1.5
VA Long Beach,raw,True,id_test,label_conditional,0.1,class1_avg_set_size,10,1.1833333333333331,0.08210108601565795,1.0740740740740742,1.1481481481481481,1.1666666666666665,1.212962962962963,1.3703703703703705
VA Long Beach,raw,True,id_test,label_conditional,0.1,class0_singleton_accuracy,10,0.8987327535350182,0.058747707990533395,0.8148148148148148,0.846875,0.9104031856645097,0.937142857142857,0.9761904761904762
VA Long Beach,raw,True,id_test,label_conditional,0.1,class1_singleton_accuracy,10,0.9066874730804304,0.06456840328634132,0.7954545454545454,0.8634453781512604,0.9321314952279958,0.9560276679841897,0.9782608695652174
VA Long Beach,raw,True,id_test,label_conditional,0.1,empty_rate,10,0.0,0.0,0.0,0.0,0.0,0.0,0.0
VA Long Beach,raw,True,id_test,label_conditional,0.2,coverage,10,0.8416666666666666,0.048693101538914554,0.7685185185185185,0.8171296296296295,0.8287037037037037,0.8587962962962963,0.9444444444444444
VA Long Beach,raw,True,id_test,label_conditional,0.2,avg_set_size,10,0.9833333333333334,0.06292058607813338,0.9166666666666666,0.9375,0.9583333333333333,1.0277777777777777,1.1018518518518519
VA Long Beach,raw,True,id_test,label_conditional,0.2,singleton_rate,10,0.9444444444444443,0.028953183702613763,0.8981481481481481,0.9282407407407407,0.9444444444444444,0.9583333333333333,1.0
VA Long Beach,raw,True,id_test,label_conditional,0.2,singleton_accuracy,10,0.8712542493587441,0.03462373719711702,0.8240740740740741,0.8496565934065934,0.8707664884135473,0.888905066977286,0.9381443298969072
VA Long Beach,raw,True,id_test,label_conditional,0.2,class0_coverage,10,0.8425925925925926,0.0654728501098655,0.7222222222222222,0.8055555555555556,0.8425925925925926,0.8842592592592592,0.9444444444444444
VA Long Beach,raw,True,id_test,label_conditional,0.2,class1_coverage,10,0.8407407407407407,0.06426871646824873,0.7592592592592593,0.787037037037037,0.8240740740740741,0.8842592592592592,0.9444444444444444
VA Long Beach,raw,True,id_test,label_conditional,0.2,class0_avg_set_size,10,0.9851851851851852,0.07081298962814808,0.9074074074074074,0.9259259259259259,0.9814814814814815,1.0416666666666667,1.1111111111111112
VA Long Beach,raw,True,id_test,label_conditional,0.2,class1_avg_set_size,10,0.9814814814814815,0.06234262307630913,0.8888888888888888,0.9351851851851851,0.9722222222222222,1.0138888888888888,1.0925925925925926
VA Long Beach,raw,True,id_test,label_conditional,0.2,class0_singleton_accuracy,10,0.8724694726947382,0.05128324905974159,0.78,0.8392857142857143,0.8733962264150943,0.9047354790972993,0.9387755102040817
VA Long Beach,raw,True,id_test,label_conditional,0.2,class1_singleton_accuracy,10,0.8694601025380319,0.047167240276145786,0.8076923076923077,0.8306862745098039,0.8701923076923077,0.8850943396226415,0.9433962264150944
VA Long Beach,raw,True,id_test,label_conditional,0.2,empty_rate,10,0.03611111111111111,0.034216133461519964,0.0,0.0,0.041666666666666664,0.0625,0.08333333333333333
VA Long Beach,raw,True,id_test,marginal,0.05,coverage,10,0.9574074074074075,0.017017344138382996,0.9259259259259259,0.9467592592592593,0.9583333333333333,0.9629629629629629,0.9814814814814815
VA Long Beach,raw,True,id_test,marginal,0.05,avg_set_size,10,1.401851851851852,0.12875957279852263,1.1944444444444444,1.3101851851851851,1.4305555555555554,1.474537037037037,1.6203703703703705
VA Long Beach,raw,True,id_test,marginal,0.05,singleton_rate,10,0.5981481481481481,0.1287595727985226,0.37962962962962965,0.5254629629629629,0.5694444444444444,0.6898148148148148,0.8055555555555556
VA Long Beach,raw,True,id_test,marginal,0.05,singleton_accuracy,10,0.9290789350057646,0.023827000257141365,0.8928571428571429,0.9189933401639344,0.9277003484320558,0.9464654816039686,0.967741935483871
VA Long Beach,raw,True,id_test,marginal,0.05,class0_coverage,10,0.961111111111111,0.02683588286331378,0.9259259259259259,0.9444444444444444,0.9629629629629629,0.9768518518518519,1.0
VA Long Beach,raw,True,id_test,marginal,0.05,class1_coverage,10,0.9537037037037036,0.02928034870526279,0.8888888888888888,0.9444444444444444,0.9629629629629629,0.9768518518518519,0.9814814814814815
VA Long Beach,raw,True,id_test,marginal,0.05,class0_avg_set_size,10,1.411111111111111,0.12089943873921077,1.2222222222222223,1.337962962962963,1.425925925925926,1.4861111111111112,1.5740740740740742
VA Long Beach,raw,True,id_test,marginal,0.05,class1_avg_set_size,10,1.3925925925925928,0.14550104215887494,1.1666666666666667,1.2824074074074074,1.4074074074074074,1.4537037037037037,1.6666666666666667
VA Long Beach,raw,True,id_test,marginal,0.05,class0_singleton_accuracy,10,0.9343200360260276,0.04380253577707729,0.8666666666666667,0.9059959349593496,0.9330357142857143,0.9538777908343126,1.0
VA Long Beach,raw,True,id_test,marginal,0.05,class1_singleton_accuracy,10,0.9224495782476364,0.044129219953816946,0.8518518518518519,0.8989762931034483,0.9375,0.9495257452574526,0.9777777777777777
VA Long Beach,raw,True,id_test,marginal,0.05,empty_rate,10,0.0,0.0,0.0,0.0,0.0,0.0,0.0
VA Long Beach,raw,True,id_test,marginal,0.1,coverage,10,0.9092592592592593,0.035940559575332445,0.8425925925925926,0.8842592592592593,0.9166666666666666,0.9351851851851852,0.9537037037037037
VA Long Beach,raw,True,id_test,marginal,0.1,avg_set_size,10,1.1472222222222221,0.0664046634839665,1.0648148148148149,1.0856481481481484,1.1527777777777777,1.1967592592592593,1.25
VA Long Beach,raw,True,id_test,marginal,0.1,singleton_rate,10,0.8527777777777776,0.06640466348396654,0.75,0.8032407407407407,0.8472222222222222,0.9143518518518519,0.9351851851851852
VA Long Beach,raw,True,id_test,marginal,0.1,singleton_accuracy,10,0.8952025095042669,0.03514662251301018,0.8316831683168316,0.8716011235955057,0.8998020781791193,0.9194062976834513,0.9411764705882353
VA Long Beach,raw,True,id_test,marginal,0.1,class0_coverage,10,0.912962962962963,0.03604642301396651,0.8703703703703703,0.8888888888888888,0.9074074074074074,0.9398148148148148,0.9814814814814815
VA Long Beach,raw,True,id_test,marginal,0.1,class1_coverage,10,0.9055555555555556,0.04737428112185159,0.8148148148148148,0.8888888888888888,0.9074074074074074,0.9444444444444444,0.9629629629629629
VA Long Beach,raw,True,id_test,marginal,0.1,class0_avg_set_size,10,1.151851851851852,0.06462346828791309,1.0555555555555556,1.1064814814814814,1.1666666666666667,1.1851851851851851,1.2407407407407407
VA Long Beach,raw,True,id_test,marginal,0.1,class1_avg_set_size,10,1.1425925925925926,0.07662779078361834,1.0555555555555556,1.0787037037037037,1.1296296296296298,1.1805555555555556,1.2777777777777777
VA Long Beach,raw,True,id_test,marginal,0.1,class0_singleton_accuracy,10,0.8985054336011856,0.03961110150338446,0.8536585365853658,0.8676470588235294,0.8876262626262625,0.9266414141414141,0.9761904761904762
VA Long Beach,raw,True,id_test,marginal,0.1,class1_singleton_accuracy,10,0.8908687338486478,0.0512900073925776,0.8,0.8512820512820513,0.900360144057623,0.9329545454545455,0.9512195121951219
VA Long Beach,raw,True,id_test,marginal,0.1,empty_rate,10,0.0,0.0,0.0,0.0,0.0,0.0,0.0
VA Long Beach,raw,True,id_test,marginal,0.2,coverage,10,0.8472222222222221,0.0476649543564213,0.7962962962962963,0.8078703703703703,0.8287037037037037,0.8842592592592592,0.9351851851851852
VA Long Beach,raw,True,id_test,marginal,0.2,avg_set_size,10,0.9851851851851852,0.063132186052077,0.8796296296296297,0.9513888888888888,0.9814814814814815,1.0277777777777777,1.0925925925925926
VA Long Beach,raw,True,id_test,marginal,0.2,singleton_rate,10,0.9499999999999998,0.038101973733360404,0.8796296296296297,0.923611111111111,0.9583333333333333,0.9791666666666667,1.0
VA Long Beach,raw,True,id_test,marginal,0.2,singleton_accuracy,10,0.8740461946079817,0.03414346893404607,0.819047619047619,0.8524787273399926,0.8714327743453957,0.8947649572649572,0.9285714285714286
VA Long Beach,raw,True,id_test,marginal,0.2,class0_coverage,10,0.8555555555555555,0.04999618946004095,0.7777777777777778,0.8240740740740741,0.8611111111111112,0.8703703703703703,0.9444444444444444
VA Long Beach,raw,True,id_test,marginal,0.2,class1_coverage,10,0.8388888888888889,0.06175925154706548,0.7592592592592593,0.7824074074074074,0.8333333333333334,0.8842592592592592,0.9259259259259259
VA Long Beach,raw,True,id_test,marginal,0.2,class0_avg_set_size,10,0.9925925925925926,0.07570227020620196,0.8703703703703703,0.9398148148148149,1.0,1.0416666666666667,1.1111111111111112
VA Long Beach,raw,True,id_test,marginal,0.2,class1_avg_set_size,10,0.9777777777777779,0.0522325822254474,0.8888888888888888,0.9629629629629629,0.9629629629629629,1.0138888888888888,1.0740740740740742
VA Long Beach,raw,True,id_test,marginal,0.2,class0_singleton_accuracy,10,0.8813153106150798,0.03677343012960241,0.8301886792452831,0.8625925925925926,0.8703703703703703,0.899874843554443,0.9387755102040817
VA Long Beach,raw,True,id_test,marginal,0.2,class1_singleton_accuracy,10,0.8665835214750309,0.0499943886948252,0.8076923076923077,0.8217307692307692,0.8666545718432511,0.9116981132075472,0.9375
VA Long Beach,raw,True,id_test,marginal,0.2,empty_rate,10,0.032407407407407406,0.04146613840291482,0.0,0.0,0.018518518518518517,0.048611111111111105,0.12037037037037036
VA Long Beach,raw,True,ood_test,label_conditional,0.05,coverage,10,0.968,0.020303256443788078,0.935,0.955,0.97,0.985,0.99
VA Long Beach,raw,True,ood_test,label_conditional,0.05,avg_set_size,10,1.7435000000000003,0.13715461672466184,1.54,1.6287500000000001,1.7925,1.84,1.905
VA Long Beach,raw,True,ood_test,label_conditional,0.05,singleton_rate,10,0.25650000000000006,0.13715461672466184,0.095,0.16,0.20750000000000002,0.37125,0.46
VA Long Beach,raw,True,ood_test,label_conditional,0.05,singleton_accuracy,10,0.8751661251838646,0.05727387031972157,0.7352941176470589,0.8603618421052632,0.8819444444444444,0.9003146453089245,0.9387755102040817
VA Long Beach,raw,True,ood_test,label_conditional,0.05,class0_coverage,10,0.8921568627450981,0.06353667351380256,0.7843137254901961,0.8431372549019608,0.9117647058823529,0.9411764705882353,0.9607843137254902
VA Long Beach,raw,True,ood_test,label_conditional,0.05,class1_coverage,10,0.9939597315436242,0.012831884026577152,0.9664429530201343,1.0,1.0,1.0,1.0
VA Long Beach,raw,True,ood_test,label_conditional,0.05,class0_avg_set_size,10,1.868627450980392,0.08113530788853712,1.7058823529411764,1.8284313725490196,1.8823529411764706,1.9362745098039216,1.9607843137254901
VA Long Beach,raw,True,ood_test,label_conditional,0.05,class1_avg_set_size,10,1.7006711409395971,0.16014522284552302,1.4429530201342282,1.570469798657718,1.7516778523489933,1.8187919463087248,1.8859060402684564
VA Long Beach,raw,True,ood_test,label_conditional,0.05,class0_singleton_accuracy,10,0.15357142857142855,0.17549286317094348,0.0,0.0,0.1,0.2767857142857143,0.4666666666666667
VA Long Beach,raw,True,ood_test,label_conditional,0.05,class1_singleton_accuracy,10,0.9786062378167643,0.049102158861616195,0.8518518518518519,1.0,1.0,1.0,1.0
VA Long Beach,raw,True,ood_test,label_conditional,0.05,empty_rate,10,0.0,0.0,0.0,0.0,0.0,0.0,0.0
VA Long Beach,raw,True,ood_test,label_conditional,0.1,coverage,10,0.8465,0.057689301916001336,0.765,0.8025,0.855,0.89625,0.925
VA Long Beach,raw,True,ood_test,label_conditional,0.1,avg_set_size,10,1.3065,0.12288318753099536,1.105,1.2325,1.3050000000000002,1.37625,1.545
VA Long Beach,raw,True,ood_test,label_conditional,0.1,singleton_rate,10,0.6935,0.12288318753099538,0.455,0.62375,0.6950000000000001,0.7675000000000001,0.895
VA Long Beach,raw,True,ood_test,label_conditional,0.1,singleton_accuracy,10,0.7846076548704514,0.051362893102600886,0.6912751677852349,0.7470766129032258,0.7918739635157546,0.8284569597069598,0.849624060150376
VA Long Beach,raw,True,ood_test,label_conditional,0.1,class0_coverage,10,0.6137254901960784,0.146746218216964,0.35294117647058826,0.5049019607843137,0.6372549019607843,0.7401960784313725,0.7843137254901961
VA Long Beach,raw,True,ood_test,label_conditional,0.1,class1_coverage,10,0.9261744966442953,0.06335481994857403,0.7718120805369127,0.9077181208053692,0.9295302013422819,0.9681208053691275,1.0
VA Long Beach,raw,True,ood_test,label_conditional,0.1,class0_avg_set_size,10,1.4705882352941175,0.18601633295108114,1.196078431372549,1.338235294117647,1.4705882352941178,1.6225490196078431,1.7450980392156863
VA Long Beach,raw,True,ood_test,label_conditional,0.1,class1_avg_set_size,10,1.2503355704697987,0.10682414467235468,1.0738255033557047,1.2181208053691275,1.238255033557047,1.2969798657718121,1.476510067114094
VA Long Beach,raw,True,ood_test,label_conditional,0.1,class0_singleton_accuracy,10,0.24839455888821593,0.1812836462083822,0.0,0.1520979020979021,0.20172764227642276,0.3223684210526316,0.6470588235294118
VA Long Beach,raw,True,ood_test,label_conditional,0.1,class1_singleton_accuracy,10,0.9038352498823802,0.08028473001438782,0.7043478260869566,0.8897058823529411,0.9099052835786832,0.9456293706293706,1.0
VA Long Beach,raw,True,ood_test,label_conditional,0.1,empty_rate,10,0.0,0.0,0.0,0.0,0.0,0.0,0.0
VA Long Beach,raw,True,ood_test,label_conditional,0.2,coverage,10,0.6955,0.051448463965841046,0.625,0.6587500000000001,0.6924999999999999,0.7175,0.785
VA Long Beach,raw,True,ood_test,label_conditional,0.2,avg_set_size,10,0.9654999999999999,0.10086982810643734,0.855,0.87375,0.95,1.04625,1.14
VA Long Beach,raw,True,ood_test,label_conditional,0.2,singleton_rate,10,0.9095000000000001,0.04895859929005776,0.855,0.86,0.92,0.9425,0.99
VA Long Beach,raw,True,ood_test,label_conditional,0.2,singleton_accuracy,10,0.734364114706491,0.030879602423354142,0.6594594594594595,0.7339181286549707,0.7466577540106951,0.7532757140086983,0.7558139534883721
VA Long Beach,raw,True,ood_test,label_conditional,0.2,class0_coverage,10,0.3431372549019608,0.2023506611818656,0.13725490196078433,0.19607843137254902,0.2450980392156863,0.48529411764705876,0.7058823529411765
VA Long Beach,raw,True,ood_test,label_conditional,0.2,class1_coverage,10,0.8161073825503354,0.07627290322097552,0.6778523489932886,0.7885906040268456,0.8456375838926175,0.8691275167785235,0.9060402684563759
VA Long Beach,raw,True,ood_test,label_conditional,0.2,class0_avg_set_size,10,0.9588235294117646,0.19065483832254465,0.7254901960784313,0.8480392156862745,0.9019607843137254,1.0931372549019607,1.3137254901960784
VA Long Beach,raw,True,ood_test,label_conditional,0.2,class1_avg_set_size,10,0.9677852348993289,0.07302802957710305,0.8590604026845637,0.9077181208053692,0.9664429530201343,1.0201342281879193,1.080536912751678
VA Long Beach,raw,True,ood_test,label_conditional,0.2,class0_singleton_accuracy,10,0.339749198041062,0.1552889291329858,0.15555555555555556,0.238022113022113,0.289961811238407,0.4226190476190476,0.6590909090909091
VA Long Beach,raw,True,ood_test,label_conditional,0.2,class1_singleton_accuracy,10,0.854706604582138,0.07912449218083455,0.6595744680851063,0.8344324188270829,0.8728087749173594,0.9007675438596492,0.9375
VA Long Beach,raw,True,ood_test,label_conditional,0.2,empty_rate,10,0.06250000000000001,0.06232753983771718,0.0,0.0025,0.05,0.12625,0.145
VA Long Beach,raw,True,ood_test,marginal,0.05,coverage,10,0.9265000000000001,0.04515713306518324,0.86,0.8925000000000001,0.9325,0.9624999999999999,0.985
VA Long Beach,raw,True,ood_test,marginal,0.05,avg_set_size,10,1.5785,0.15645464376475235,1.375,1.4649999999999999,1.5575,1.69875,1.85
VA Long Beach,raw,True,ood_test,marginal,0.05,singleton_rate,10,0.4215,0.15645464376475232,0.15,0.30125,0.4425,0.535,0.625
VA Long Beach,raw,True,ood_test,marginal,0.05,singleton_accuracy,10,0.8403259690580924,0.049662641805646154,0.7647058823529411,0.7973484848484849,0.8419980443285529,0.8758434547908232,0.90625
VA Long Beach,raw,True,ood_test,marginal,0.05,class0_coverage,10,0.7823529411764706,0.12889246836430102,0.5490196078431373,0.7009803921568627,0.8333333333333333,0.857843137254902,0.9411764705882353
VA Long Beach,raw,True,ood_test,marginal,0.05,class1_coverage,10,0.9758389261744966,0.03425084422193223,0.8993288590604027,0.9563758389261745,0.9966442953020134,1.0,1.0
VA Long Beach,raw,True,ood_test,marginal,0.05,class0_avg_set_size,10,1.7215686274509803,0.15433696358844903,1.4705882352941178,1.588235294117647,1.7647058823529411,1.838235294117647,1.9411764705882353
VA Long Beach,raw,True,ood_test,marginal,0.05,class1_avg_set_size,10,1.5295302013422818,0.1616460752020133,1.3154362416107384,1.3976510067114094,1.5033557046979866,1.6543624161073827,1.8187919463087248
VA Long Beach,raw,True,ood_test,marginal,0.05,class0_singleton_accuracy,10,0.18552146323885452,0.18142453851100013,0.0,0.09595959595959597,0.12771739130434784,0.22453703703703703,0.6363636363636364
VA Long Beach,raw,True,ood_test,marginal,0.05,class1_singleton_accuracy,10,0.95946940303694,0.0575292246274742,0.8255813953488372,0.9349424552429668,0.99,1.0,1.0
VA Long Beach,raw,True,ood_test,marginal,0.05,empty_rate,10,0.0,0.0,0.0,0.0,0.0,0.0,0.0
VA Long Beach,raw,True,ood_test,marginal,0.1,coverage,10,0.826,0.051251016250086844,0.755,0.7775000000000001,0.845,0.855,0.91
VA Long Beach,raw,True,ood_test,marginal,0.1,avg_set_size,10,1.2545,0.12336598666839521,1.07,1.16125,1.2774999999999999,1.3025,1.475
VA Long Beach,raw,True,ood_test,marginal,0.1,singleton_rate,10,0.7454999999999999,0.12336598666839522,0.525,0.6975,0.7224999999999999,0.83875,0.93
VA Long Beach,raw,True,ood_test,marginal,0.1,singleton_accuracy,10,0.7705465031275256,0.038173262417844224,0.7039473684210527,0.7517558580396544,0.7720336682052674,0.7968000599520384,0.8285714285714286
VA Long Beach,raw,True,ood_test,marginal,0.1,class0_coverage,10,0.5921568627450979,0.1570804589364685,0.35294117647058826,0.4509803921568627,0.6274509803921569,0.7254901960784313,0.7647058823529411
VA Long Beach,raw,True,ood_test,marginal,0.1,class1_coverage,10,0.9060402684563759,0.053504522340498434,0.7785234899328859,0.8875838926174497,0.912751677852349,0.9395973154362416,0.9664429530201343
VA Long Beach,raw,True,ood_test,marginal,0.1,class0_avg_set_size,10,1.4098039215686273,0.17179723331847077,1.1568627450980393,1.2598039215686274,1.450980392156863,1.4852941176470589,1.6666666666666667
VA Long Beach,raw,True,ood_test,marginal,0.1,class1_avg_set_size,10,1.2013422818791946,0.10872575284315766,1.0402684563758389,1.1275167785234899,1.2181208053691275,1.2432885906040267,1.4093959731543624
VA Long Beach,raw,True,ood_test,marginal,0.1,class0_singleton_accuracy,10,0.31050312196971913,0.1378532063590209,0.18518518518518517,0.23121645796064402,0.24727668845315903,0.3532388663967611,0.6470588235294118
VA Long Beach,raw,True,ood_test,marginal,0.1,class1_singleton_accuracy,10,0.8833077993694282,0.06621833068473838,0.7203389830508474,0.8641776234185066,0.9060379918588874,0.922742474916388,0.9431818181818182
VA Long Beach,raw,True,ood_test,marginal,0.1,empty_rate,10,0.0,0.0,0.0,0.0,0.0,0.0,0.0
VA Long Beach,raw,True,ood_test,marginal,0.2,coverage,10,0.6980000000000001,0.054984846397287804,0.61,0.6725000000000001,0.6924999999999999,0.735,0.785
VA Long Beach,raw,True,ood_test,marginal,0.2,avg_set_size,10,0.9625,0.11096170510586074,0.765,0.9075,0.9675,1.03125,1.135
VA Long Beach,raw,True,ood_test,marginal,0.2,singleton_rate,10,0.9105000000000001,0.07053171075638405,0.765,0.875,0.9175,0.9562499999999999,0.995
VA Long Beach,raw,True,ood_test,marginal,0.2,singleton_accuracy,10,0.739837533209449,0.037135613540776914,0.65625,0.7439302490714441,0.7487064807506796,0.7514707391319219,0.7973856209150327
VA Long Beach,raw,True,ood_test,marginal,0.2,class0_coverage,10,0.3431372549019608,0.17929237548163665,0.19607843137254902,0.21568627450980393,0.2647058823529412,0.47058823529411764,0.6470588235294118
VA Long Beach,raw,True,ood_test,marginal,0.2,class1_coverage,10,0.8194630872483222,0.06487310024790449,0.6778523489932886,0.7953020134228188,0.8422818791946309,0.8506711409395973,0.8993288590604027
VA Long Beach,raw,True,ood_test,marginal,0.2,class0_avg_set_size,10,0.9392156862745098,0.21046360564405503,0.5882352941176471,0.8284313725490196,0.9313725490196079,1.0588235294117647,1.2941176470588236
VA Long Beach,raw,True,ood_test,marginal,0.2,class1_avg_set_size,10,0.970469798657718,0.0775741383989256,0.825503355704698,0.9312080536912751,0.9798657718120805,1.0218120805369129,1.080536912751678
VA Long Beach,raw,True,ood_test,marginal,0.2,class0_singleton_accuracy,10,0.34847436048715563,0.11943770345594122,0.2391304347826087,0.2594280326838466,0.3137254901960784,0.4107142857142857,0.6170212765957447
VA Long Beach,raw,True,ood_test,marginal,0.2,class1_singleton_accuracy,10,0.8574269294640665,0.07238194312198847,0.6689655172413793,0.841608375082711,0.8793520309477756,0.9040099882491187,0.9105691056910569
VA Long Beach,raw,True,ood_test,marginal,0.2,empty_rate,10,0.0635,0.08048636875617855,0.0,0.0,0.0325,0.0925,0.235
