analysis_id,estimand,representation,horizon_day,domain,desired_selection_rate,metric,n_repeats,mean,sd,min,q25,median,q75,max
AAA-J,landmark_still_registered,score_free,14,id_test,0.5,selection_rate,10,0.47857142857142854,0.07932538689979848,0.3392857142857143,0.42857142857142855,0.5,0.5178571428571429,0.5892857142857143
AAA-J,landmark_still_registered,score_free,14,id_test,0.5,selective_risk,10,0.21861497548263675,0.034921047205601956,0.1724137931034483,0.19688542825361513,0.212406015037594,0.2353896103896104,0.2857142857142857
AAA-J,landmark_still_registered,score_free,14,id_test,0.5,selective_accuracy,10,0.7813850245173632,0.03492104720560196,0.7142857142857143,0.7646103896103896,0.7875939849624061,0.8031145717463848,0.8275862068965517
AAA-J,landmark_still_registered,score_free,14,id_test,0.7,selection_rate,10,0.725,0.050647731871863444,0.6428571428571429,0.6964285714285714,0.7142857142857143,0.7633928571428572,0.8035714285714286
AAA-J,landmark_still_registered,score_free,14,id_test,0.7,selective_risk,10,0.1977812079801064,0.025716690056999107,0.16279069767441862,0.1787878787878788,0.19210526315789472,0.21794871794871795,0.23809523809523808
AAA-J,landmark_still_registered,score_free,14,id_test,0.7,selective_accuracy,10,0.8022187920198937,0.0257166900569991,0.7619047619047619,0.782051282051282,0.8078947368421052,0.8212121212121212,0.8372093023255813
AAA-J,landmark_still_registered,score_free,14,id_test,0.8,selection_rate,10,0.8125,0.06747490505211093,0.7321428571428571,0.7544642857142857,0.8125,0.8660714285714286,0.9107142857142857
AAA-J,landmark_still_registered,score_free,14,id_test,0.8,selective_risk,10,0.19713893772273833,0.025129425105379053,0.16279069767441862,0.17644006227296316,0.19560019129603062,0.21602040816326532,0.23404255319148937
AAA-J,landmark_still_registered,score_free,14,id_test,0.8,selective_accuracy,10,0.8028610622772616,0.02512942510537905,0.7659574468085106,0.7839795918367347,0.8043998087039694,0.8235599377270368,0.8372093023255813
AAA-J,landmark_still_registered,score_free,14,id_test,0.9,selection_rate,10,0.9267857142857144,0.038067326084094,0.8571428571428571,0.9107142857142857,0.9196428571428572,0.9598214285714286,0.9821428571428571
AAA-J,landmark_still_registered,score_free,14,id_test,0.9,selective_risk,10,0.22270174603831655,0.026392603859166835,0.1875,0.19705882352941176,0.22859216255442671,0.23609625668449197,0.25925925925925924
AAA-J,landmark_still_registered,score_free,14,id_test,0.9,selective_accuracy,10,0.7772982539616835,0.026392603859166867,0.7407407407407407,0.763903743315508,0.7714078374455733,0.8029411764705883,0.8125
AAA-J,landmark_still_registered,score_free,14,id_test,0.95,selection_rate,10,0.9589285714285714,0.03155323400166325,0.9107142857142857,0.9330357142857143,0.9553571428571428,0.9821428571428571,1.0
AAA-J,landmark_still_registered,score_free,14,id_test,0.95,selective_risk,10,0.22858298399918825,0.025429755578081022,0.18867924528301888,0.20854499274310595,0.23636363636363636,0.25,0.25925925925925924
AAA-J,landmark_still_registered,score_free,14,id_test,0.95,selective_accuracy,10,0.7714170160008118,0.025429755578081047,0.7407407407407407,0.75,0.7636363636363637,0.7914550072568941,0.8113207547169812
AAA-J,landmark_still_registered,score_free,14,ood_test,0.5,selection_rate,10,0.47232704402515713,0.06966984108846867,0.330188679245283,0.42845911949685533,0.49528301886792453,0.514937106918239,0.5471698113207547
AAA-J,landmark_still_registered,score_free,14,ood_test,0.5,selective_risk,10,0.22468354427969808,0.03102840567856607,0.17177914110429449,0.20863741117726137,0.22465538847117794,0.23636414754835805,0.2893081761006289
AAA-J,landmark_still_registered,score_free,14,ood_test,0.5,selective_accuracy,10,0.7753164557203018,0.031028405678566056,0.7106918238993711,0.7636358524516419,0.7753446115288221,0.7913625888227387,0.8282208588957055
AAA-J,landmark_still_registered,score_free,14,ood_test,0.7,selection_rate,10,0.6852201257861635,0.05058561632713887,0.6069182389937107,0.6446540880503144,0.7028301886792452,0.7146226415094339,0.7610062893081762
AAA-J,landmark_still_registered,score_free,14,ood_test,0.7,selective_risk,10,0.24144810685555157,0.01897164844198216,0.22119815668202766,0.2294421674013353,0.2388340807174888,0.2446238826108956,0.28695652173913044
AAA-J,landmark_still_registered,score_free,14,ood_test,0.7,selective_accuracy,10,0.7585518931444484,0.018971648441982156,0.7130434782608696,0.7553761173891044,0.7611659192825112,0.7705578325986647,0.7788018433179723
AAA-J,landmark_still_registered,score_free,14,ood_test,0.8,selection_rate,10,0.7849056603773585,0.034230377881569546,0.7358490566037735,0.7672955974842768,0.7845911949685536,0.8081761006289309,0.8459119496855346
AAA-J,landmark_still_registered,score_free,14,ood_test,0.8,selective_risk,10,0.24275697864330104,0.014705196178287583,0.2222222222222222,0.23468447193613262,0.24266779037695374,0.2453220338983051,0.2786885245901639
AAA-J,landmark_still_registered,score_free,14,ood_test,0.8,selective_accuracy,10,0.757243021356699,0.014705196178287583,0.7213114754098361,0.7546779661016949,0.7573322096230463,0.7653155280638674,0.7777777777777778
AAA-J,landmark_still_registered,score_free,14,ood_test,0.9,selection_rate,10,0.8924528301886792,0.04522669064369927,0.789308176100629,0.8757861635220126,0.9056603773584906,0.9174528301886793,0.9465408805031447
AAA-J,landmark_still_registered,score_free,14,ood_test,0.9,selective_risk,10,0.2427764150155126,0.01531870047970428,0.2140221402214022,0.23517163231133437,0.24147151770521028,0.24996432139289282,0.2671232876712329
AAA-J,landmark_still_registered,score_free,14,ood_test,0.9,selective_accuracy,10,0.7572235849844874,0.01531870047970428,0.7328767123287672,0.7500356786071072,0.7585284822947898,0.7648283676886656,0.7859778597785978
AAA-J,landmark_still_registered,score_free,14,ood_test,0.95,selection_rate,10,0.9367924528301886,0.04353450255619683,0.8238993710691824,0.9394654088050315,0.949685534591195,0.9575471698113207,0.9779874213836478
AAA-J,landmark_still_registered,score_free,14,ood_test,0.95,selective_risk,10,0.2505172101343594,0.011604402862270173,0.2366412213740458,0.2429191777996746,0.2466776301168941,0.25577027156091814,0.2754098360655738
AAA-J,landmark_still_registered,score_free,14,ood_test,0.95,selective_accuracy,10,0.7494827898656407,0.011604402862270172,0.7245901639344262,0.7442297284390819,0.753322369883106,0.7570808222003255,0.7633587786259541
AAA-J,landmark_still_registered,score_free,56,id_test,0.5,selection_rate,10,0.5553571428571428,0.09276934188432509,0.44642857142857145,0.48660714285714285,0.5446428571428572,0.5982142857142857,0.75
AAA-J,landmark_still_registered,score_free,56,id_test,0.5,selective_risk,10,0.1842076252337163,0.06294363498615656,0.1111111111111111,0.14875565610859728,0.16993087557603687,0.18973214285714285,0.3333333333333333
AAA-J,landmark_still_registered,score_free,56,id_test,0.5,selective_accuracy,10,0.8157923747662836,0.06294363498615653,0.6666666666666667,0.8102678571428572,0.8300691244239631,0.8512443438914027,0.8888888888888888
AAA-J,landmark_still_registered,score_free,56,id_test,0.7,selection_rate,10,0.705357142857143,0.05907569417047383,0.6428571428571429,0.6651785714285714,0.6785714285714286,0.75,0.8214285714285714
AAA-J,landmark_still_registered,score_free,56,id_test,0.7,selective_risk,10,0.1897977486703472,0.05062885571458228,0.10526315789473684,0.16814565483476132,0.1876178504085481,0.19535024154589373,0.3076923076923077
AAA-J,landmark_still_registered,score_free,56,id_test,0.7,selective_accuracy,10,0.8102022513296527,0.05062885571458228,0.6923076923076923,0.8046497584541064,0.8123821495914518,0.8318543451652386,0.8947368421052632
AAA-J,landmark_still_registered,score_free,56,id_test,0.8,selection_rate,10,0.7892857142857144,0.06670917012439001,0.6964285714285714,0.7544642857142857,0.7857142857142857,0.8303571428571429,0.8928571428571429
AAA-J,landmark_still_registered,score_free,56,id_test,0.8,selective_risk,10,0.19133454163156577,0.043625396593046685,0.13953488372093023,0.16153846153846155,0.18181818181818182,0.20093356491532782,0.2857142857142857
AAA-J,landmark_still_registered,score_free,56,id_test,0.8,selective_accuracy,10,0.8086654583684343,0.04362539659304668,0.7142857142857143,0.7990664350846721,0.8181818181818181,0.8384615384615385,0.8604651162790697
AAA-J,landmark_still_registered,score_free,56,id_test,0.9,selection_rate,10,0.8839285714285714,0.05340582870513799,0.8035714285714286,0.84375,0.8839285714285714,0.9285714285714286,0.9642857142857143
AAA-J,landmark_still_registered,score_free,56,id_test,0.9,selective_risk,10,0.20562182261204334,0.029367651965140067,0.15555555555555556,0.19169394435351883,0.19782608695652176,0.2212519623233909,0.25
AAA-J,landmark_still_registered,score_free,56,id_test,0.9,selective_accuracy,10,0.7943781773879567,0.029367651965140077,0.75,0.778748037676609,0.8021739130434783,0.8083060556464812,0.8444444444444444
AAA-J,landmark_still_registered,score_free,56,id_test,0.95,selection_rate,10,0.9196428571428571,0.041453536539238466,0.8571428571428571,0.8883928571428572,0.9285714285714286,0.9464285714285714,0.9642857142857143
AAA-J,landmark_still_registered,score_free,56,id_test,0.95,selective_risk,10,0.2129490168910654,0.030125322716762524,0.18518518518518517,0.18870192307692307,0.205814401232191,0.22596153846153846,0.2777777777777778
AAA-J,landmark_still_registered,score_free,56,id_test,0.95,selective_accuracy,10,0.7870509831089346,0.030125322716762527,0.7222222222222222,0.7740384615384615,0.794185598767809,0.8112980769230769,0.8148148148148149
AAA-J,landmark_still_registered,score_free,56,ood_test,0.5,selection_rate,10,0.52,0.06124415760539067,0.43174603174603177,0.4880952380952381,0.5206349206349206,0.5380952380952381,0.6476190476190476
AAA-J,landmark_still_registered,score_free,56,ood_test,0.5,selective_risk,10,0.1890332094376212,0.04857715376824453,0.11764705882352941,0.15803717320261437,0.1854575163398693,0.207760989010989,0.29411764705882354
AAA-J,landmark_still_registered,score_free,56,ood_test,0.5,selective_accuracy,10,0.8109667905623787,0.04857715376824454,0.7058823529411764,0.792239010989011,0.8145424836601307,0.8419628267973857,0.8823529411764706
AAA-J,landmark_still_registered,score_free,56,ood_test,0.7,selection_rate,10,0.6733333333333335,0.05390493224702666,0.6031746031746031,0.6301587301587301,0.6666666666666667,0.7166666666666667,0.7555555555555555
AAA-J,landmark_still_registered,score_free,56,ood_test,0.7,selective_risk,10,0.20211604290207702,0.03536380761115195,0.16145833333333334,0.17700228832951947,0.19804050355774494,0.2151316278723879,0.2850467289719626
AAA-J,landmark_still_registered,score_free,56,ood_test,0.7,selective_accuracy,10,0.797883957097923,0.03536380761115196,0.7149532710280374,0.7848683721276121,0.8019594964422551,0.8229977116704805,0.8385416666666666
AAA-J,landmark_still_registered,score_free,56,ood_test,0.8,selection_rate,10,0.7612698412698412,0.041494437022315235,0.6857142857142857,0.7277777777777779,0.7777777777777778,0.7857142857142857,0.8126984126984127
AAA-J,landmark_still_registered,score_free,56,ood_test,0.8,selective_risk,10,0.21071524098577882,0.02542252764195023,0.18518518518518517,0.191,0.21007300204918034,0.21702545987736604,0.27235772357723576
AAA-J,landmark_still_registered,score_free,56,ood_test,0.8,selective_accuracy,10,0.7892847590142212,0.025422527641950243,0.7276422764227642,0.782974540122634,0.7899269979508197,0.809,0.8148148148148149
AAA-J,landmark_still_registered,score_free,56,ood_test,0.9,selection_rate,10,0.8739682539682541,0.03322987219072183,0.8126984126984127,0.8555555555555555,0.8761904761904762,0.8920634920634921,0.926984126984127
AAA-J,landmark_still_registered,score_free,56,ood_test,0.9,selective_risk,10,0.2205148867941274,0.017680693377026872,0.20921985815602837,0.2104834524907749,0.21496742917739736,0.21907962351922972,0.26765799256505574
AAA-J,landmark_still_registered,score_free,56,ood_test,0.9,selective_accuracy,10,0.7794851132058727,0.017680693377026862,0.7323420074349443,0.7809203764807703,0.7850325708226027,0.7895165475092251,0.7907801418439716
AAA-J,landmark_still_registered,score_free,56,ood_test,0.95,selection_rate,10,0.9209523809523809,0.037635378471831675,0.8571428571428571,0.8896825396825396,0.9301587301587302,0.9531746031746032,0.9682539682539683
AAA-J,landmark_still_registered,score_free,56,ood_test,0.95,selective_risk,10,0.22304599495280802,0.01208516182296583,0.2147887323943662,0.21524715711301926,0.2184169142058361,0.22326018632843192,0.25245901639344265
AAA-J,landmark_still_registered,score_free,56,ood_test,0.95,selective_accuracy,10,0.7769540050471919,0.01208516182296581,0.7475409836065574,0.7767398136715681,0.7815830857941639,0.7847528428869808,0.7852112676056338
BBB-B,landmark_still_registered,score_free,14,id_test,0.5,selection_rate,10,0.521900826446281,0.043906781683105765,0.45041322314049587,0.5134297520661156,0.5268595041322315,0.5361570247933884,0.6033057851239669
BBB-B,landmark_still_registered,score_free,14,id_test,0.5,selective_risk,10,0.19941145134448143,0.02674738682827908,0.13709677419354838,0.20253265371137305,0.2082547663943013,0.2142907551164432,0.224
BBB-B,landmark_still_registered,score_free,14,id_test,0.5,selective_accuracy,10,0.8005885486555184,0.026747386828279082,0.776,0.7857092448835568,0.7917452336056987,0.7974673462886269,0.8629032258064516
BBB-B,landmark_still_registered,score_free,14,id_test,0.7,selection_rate,10,0.7053719008264463,0.040207647328053875,0.6487603305785123,0.6745867768595042,0.7107438016528925,0.7210743801652892,0.768595041322314
BBB-B,landmark_still_registered,score_free,14,id_test,0.7,selective_risk,10,0.23565747134937656,0.0274527109648807,0.18562874251497005,0.22364906513252517,0.2384971098265896,0.2511792452830189,0.27906976744186046
BBB-B,landmark_still_registered,score_free,14,id_test,0.7,selective_accuracy,10,0.7643425286506235,0.02745271096488071,0.7209302325581395,0.7488207547169812,0.7615028901734104,0.7763509348674749,0.8143712574850299
BBB-B,landmark_still_registered,score_free,14,id_test,0.8,selection_rate,10,0.7842975206611571,0.04010133707827077,0.7148760330578512,0.7603305785123967,0.7830578512396694,0.8006198347107438,0.8471074380165289
BBB-B,landmark_still_registered,score_free,14,id_test,0.8,selective_risk,10,0.24810751322160057,0.0193176108073392,0.22099447513812154,0.23221127531472358,0.24866770054983786,0.2613725987268323,0.2736842105263158
BBB-B,landmark_still_registered,score_free,14,id_test,0.8,selective_accuracy,10,0.7518924867783994,0.019317610807339194,0.7263157894736842,0.7386274012731677,0.7513322994501621,0.7677887246852765,0.7790055248618785
BBB-B,landmark_still_registered,score_free,14,id_test,0.9,selection_rate,10,0.8917355371900826,0.029271187788737194,0.8305785123966942,0.8770661157024793,0.8925619834710743,0.9163223140495869,0.9214876033057852
BBB-B,landmark_still_registered,score_free,14,id_test,0.9,selective_risk,10,0.26866771305853576,0.02387919277395831,0.22885572139303484,0.2525376054787819,0.26884677214654373,0.2846939456645084,0.3013698630136986
BBB-B,landmark_still_registered,score_free,14,id_test,0.9,selective_accuracy,10,0.7313322869414642,0.023879192773958294,0.6986301369863014,0.7153060543354917,0.7311532278534563,0.7474623945212181,0.7711442786069651
BBB-B,landmark_still_registered,score_free,14,id_test,0.95,selection_rate,10,0.9433884297520662,0.02517686302482401,0.9090909090909091,0.9245867768595042,0.9400826446280992,0.9566115702479339,0.9834710743801653
BBB-B,landmark_still_registered,score_free,14,id_test,0.95,selective_risk,10,0.2768494413779191,0.022549434799298006,0.24890829694323144,0.2579684114494241,0.27669516082294987,0.2942477876106195,0.3094170403587444
BBB-B,landmark_still_registered,score_free,14,id_test,0.95,selective_accuracy,10,0.7231505586220808,0.022549434799298003,0.6905829596412556,0.7057522123893805,0.7233048391770501,0.7420315885505758,0.7510917030567685
BBB-B,landmark_still_registered,score_free,14,ood_test,0.5,selection_rate,10,0.466030230708035,0.04458175970077867,0.3937947494033413,0.44232299124900554,0.4538583929992045,0.4930389817024662,0.5576770087509945
BBB-B,landmark_still_registered,score_free,14,ood_test,0.5,selective_risk,10,0.2789581486770393,0.01456565590077319,0.2545454545454545,0.27200066225165564,0.27920529506150826,0.28371681415929206,0.30601092896174864
BBB-B,landmark_still_registered,score_free,14,ood_test,0.5,selective_accuracy,10,0.7210418513229607,0.014565655900773194,0.6939890710382514,0.7162831858407079,0.7207947049384917,0.7279993377483444,0.7454545454545455
BBB-B,landmark_still_registered,score_free,14,ood_test,0.7,selection_rate,10,0.6766905330151154,0.04232152906928977,0.6022275258552108,0.6429992044550518,0.6821797931583135,0.7082338902147971,0.7303102625298329
BBB-B,landmark_still_registered,score_free,14,ood_test,0.7,selective_risk,10,0.3136427615559776,0.014167867508921843,0.29052369077306733,0.30546326319113637,0.31261932035127915,0.32578508829264574,0.33517089305402425
BBB-B,landmark_still_registered,score_free,14,ood_test,0.7,selective_accuracy,10,0.6863572384440223,0.014167867508921841,0.6648291069459757,0.6742149117073543,0.6873806796487208,0.6945367368088636,0.7094763092269327
BBB-B,landmark_still_registered,score_free,14,ood_test,0.8,selection_rate,10,0.7689737470167064,0.03283801231866663,0.7199681782020684,0.7416467780429594,0.7744630071599046,0.7877883850437549,0.8289578361177407
BBB-B,landmark_still_registered,score_free,14,ood_test,0.8,selective_risk,10,0.3235171776265791,0.013924741567617109,0.3027027027027027,0.3173095694298832,0.3215597709855641,0.3351657111418157,0.34517766497461927
BBB-B,landmark_still_registered,score_free,14,ood_test,0.8,selective_accuracy,10,0.6764828223734208,0.013924741567617098,0.6548223350253808,0.6648342888581843,0.678440229014436,0.6826904305701167,0.6972972972972973
BBB-B,landmark_still_registered,score_free,14,ood_test,0.9,selection_rate,10,0.8884645982498011,0.019857838810479502,0.8512330946698489,0.8816626889419252,0.8854415274463008,0.8941925218774861,0.9315831344470963
BBB-B,landmark_still_registered,score_free,14,ood_test,0.9,selective_risk,10,0.3383257809298379,0.01152177303060611,0.32429990966576333,0.3294291180290014,0.3340798937280577,0.34946169232838026,0.35504014272970563
BBB-B,landmark_still_registered,score_free,14,ood_test,0.9,selective_accuracy,10,0.6616742190701622,0.011521773030606124,0.6449598572702944,0.6505383076716198,0.6659201062719423,0.6705708819709987,0.6757000903342367
BBB-B,landmark_still_registered,score_free,14,ood_test,0.95,selection_rate,10,0.9420843277645187,0.016504442297393725,0.9148766905330151,0.9301909307875895,0.9459029435163087,0.9524661893396977,0.9681782020684169
BBB-B,landmark_still_registered,score_free,14,ood_test,0.95,selective_risk,10,0.3449011121140226,0.01058616204737596,0.32956521739130434,0.3364532086994349,0.34417463223776273,0.3545298365492876,0.3595976529756915
BBB-B,landmark_still_registered,score_free,14,ood_test,0.95,selective_accuracy,10,0.6550988878859774,0.010586162047375926,0.6404023470243085,0.6454701634507124,0.6558253677622372,0.663546791300565,0.6704347826086956
BBB-B,landmark_still_registered,score_free,56,id_test,0.5,selection_rate,10,0.4850678733031675,0.05666857558998399,0.4072398190045249,0.4479638009049774,0.48190045248868774,0.5192307692307693,0.579185520361991
BBB-B,landmark_still_registered,score_free,56,id_test,0.5,selective_risk,10,0.17871841285169782,0.01887911101380175,0.14444444444444443,0.17189132706374086,0.1795209843990332,0.18586309523809524,0.21505376344086022
BBB-B,landmark_still_registered,score_free,56,id_test,0.5,selective_accuracy,10,0.8212815871483021,0.01887911101380176,0.7849462365591398,0.8141369047619047,0.8204790156009669,0.8281086729362591,0.8555555555555556
BBB-B,landmark_still_registered,score_free,56,id_test,0.7,selection_rate,10,0.6968325791855203,0.052725666042077034,0.6380090497737556,0.6628959276018099,0.6787330316742082,0.7285067873303167,0.8054298642533937
BBB-B,landmark_still_registered,score_free,56,id_test,0.7,selective_risk,10,0.21760775184979536,0.01385354195868827,0.19333333333333333,0.21224817257978248,0.2190909090909091,0.22526379118844872,0.23595505617977527
BBB-B,landmark_still_registered,score_free,56,id_test,0.7,selective_accuracy,10,0.7823922481502046,0.013853541958688258,0.7640449438202247,0.7747362088115513,0.780909090909091,0.7877518274202175,0.8066666666666666
BBB-B,landmark_still_registered,score_free,56,id_test,0.8,selection_rate,10,0.790497737556561,0.04678391683461659,0.7375565610859729,0.7658371040723981,0.7714932126696833,0.7975113122171946,0.8733031674208145
BBB-B,landmark_still_registered,score_free,56,id_test,0.8,selective_risk,10,0.23701725615031669,0.016863506966904637,0.19883040935672514,0.23322985929980528,0.23615928722029517,0.24602858092389499,0.26424870466321243
BBB-B,landmark_still_registered,score_free,56,id_test,0.8,selective_accuracy,10,0.7629827438496833,0.01686350696690465,0.7357512953367875,0.753971419076105,0.7638407127797049,0.7667701407001948,0.8011695906432749
BBB-B,landmark_still_registered,score_free,56,id_test,0.9,selection_rate,10,0.8954751131221721,0.0384807570355666,0.8190045248868778,0.8733031674208145,0.8981900452488688,0.9185520361990951,0.9592760180995475
BBB-B,landmark_still_registered,score_free,56,id_test,0.9,selective_risk,10,0.2575657038434477,0.016925995075039904,0.22448979591836735,0.24739583333333331,0.25992155901458514,0.2679009433962264,0.28431372549019607
BBB-B,landmark_still_registered,score_free,56,id_test,0.9,selective_accuracy,10,0.7424342961565522,0.0169259950750399,0.7156862745098039,0.7320990566037736,0.7400784409854149,0.7526041666666667,0.7755102040816326
BBB-B,landmark_still_registered,score_free,56,id_test,0.95,selection_rate,10,0.9470588235294117,0.01823104569338377,0.9230769230769231,0.9298642533936652,0.9502262443438914,0.9570135746606335,0.9773755656108597
BBB-B,landmark_still_registered,score_free,56,id_test,0.95,selective_risk,10,0.27138271767927413,0.025808113831154007,0.23333333333333334,0.2630173564753004,0.269524959742351,0.28614982578397213,0.3170731707317073
BBB-B,landmark_still_registered,score_free,56,id_test,0.95,selective_accuracy,10,0.7286172823207259,0.025808113831154007,0.6829268292682926,0.7138501742160278,0.730475040257649,0.7369826435246997,0.7666666666666666
BBB-B,landmark_still_registered,score_free,56,ood_test,0.5,selection_rate,10,0.42944078947368414,0.03673000122720957,0.3807565789473684,0.41426809210526316,0.423108552631579,0.4370888157894737,0.4909539473684211
BBB-B,landmark_still_registered,score_free,56,ood_test,0.5,selective_risk,10,0.1886102572973925,0.04046331950607317,0.14042553191489363,0.17273273387811924,0.18818106013227964,0.19057198312103663,0.29133858267716534
BBB-B,landmark_still_registered,score_free,56,ood_test,0.5,selective_accuracy,10,0.8113897427026077,0.04046331950607315,0.7086614173228347,0.8094280168789634,0.8118189398677204,0.8272672661218807,0.8595744680851064
BBB-B,landmark_still_registered,score_free,56,ood_test,0.7,selection_rate,10,0.6486842105263159,0.04223946938960259,0.5986842105263158,0.6116365131578947,0.6513157894736843,0.674342105263158,0.7113486842105263
BBB-B,landmark_still_registered,score_free,56,ood_test,0.7,selective_risk,10,0.2463497376713361,0.04235965146189055,0.18818681318681318,0.23297442989388123,0.24013839933651254,0.25943777542494134,0.3371501272264631
BBB-B,landmark_still_registered,score_free,56,ood_test,0.7,selective_accuracy,10,0.7536502623286638,0.04235965146189055,0.6628498727735369,0.7405622245750587,0.7598616006634875,0.7670255701061188,0.8118131868131868
BBB-B,landmark_still_registered,score_free,56,ood_test,0.8,selection_rate,10,0.7505756578947369,0.04475351816063095,0.680921052631579,0.7280016447368421,0.7450657894736843,0.7596628289473684,0.8495065789473685
BBB-B,landmark_still_registered,score_free,56,ood_test,0.8,selective_risk,10,0.2702619680571478,0.039120008503530486,0.22333333333333333,0.24702299197890343,0.2670402649851991,0.2802995706890021,0.3552036199095023
BBB-B,landmark_still_registered,score_free,56,ood_test,0.8,selective_accuracy,10,0.7297380319428521,0.03912000850353049,0.6447963800904977,0.7197004293109979,0.7329597350148008,0.7529770080210966,0.7766666666666666
BBB-B,landmark_still_registered,score_free,56,ood_test,0.9,selection_rate,10,0.879111842105263,0.03396247722961588,0.7919407894736842,0.8727384868421053,0.885279605263158,0.9000822368421053,0.9120065789473685
BBB-B,landmark_still_registered,score_free,56,ood_test,0.9,selective_risk,10,0.2949715357419088,0.03919095328979834,0.2542533081285444,0.2705660898102109,0.2855678124885881,0.30738671490394526,0.3876040703052729
BBB-B,landmark_still_registered,score_free,56,ood_test,0.9,selective_accuracy,10,0.7050284642580913,0.039190953289798346,0.6123959296947271,0.6926132850960547,0.7144321875114119,0.7294339101897891,0.7457466918714556
BBB-B,landmark_still_registered,score_free,56,ood_test,0.95,selection_rate,10,0.9407072368421053,0.00986423217627009,0.9235197368421053,0.9350328947368421,0.9407894736842105,0.946751644736842,0.9547697368421053
BBB-B,landmark_still_registered,score_free,56,ood_test,0.95,selective_risk,10,0.30745461087812626,0.03570079355745887,0.2631578947368421,0.287233240897034,0.3024067456532535,0.3159919376643807,0.39045936395759717
BBB-B,landmark_still_registered,score_free,56,ood_test,0.95,selective_accuracy,10,0.6925453891218737,0.035700793557458886,0.6095406360424028,0.6840080623356193,0.6975932543467465,0.712766759102966,0.736842105263158
BBB-J,landmark_still_registered,score_free,14,id_test,0.5,selection_rate,10,0.48781362007168455,0.037608798249676494,0.44086021505376344,0.4632616487455197,0.4838709677419355,0.49551971326164873,0.5555555555555556
BBB-J,landmark_still_registered,score_free,14,id_test,0.5,selective_risk,10,0.22703334070087297,0.02958617029211802,0.18421052631578946,0.2028538933559035,0.23135616819827345,0.23797534749541044,0.28
BBB-J,landmark_still_registered,score_free,14,id_test,0.5,selective_accuracy,10,0.7729666592991269,0.029586170292118023,0.72,0.7620246525045895,0.7686438318017266,0.7971461066440966,0.8157894736842105
BBB-J,landmark_still_registered,score_free,14,id_test,0.7,selection_rate,10,0.6921146953405019,0.05208997840044921,0.6057347670250897,0.6774193548387096,0.6953405017921147,0.717741935483871,0.7849462365591398
BBB-J,landmark_still_registered,score_free,14,id_test,0.7,selective_risk,10,0.2800399654740841,0.025932646366985,0.24338624338624337,0.2610304719792368,0.2813186813186813,0.29381443298969073,0.3275862068965517
BBB-J,landmark_still_registered,score_free,14,id_test,0.7,selective_accuracy,10,0.7199600345259158,0.025932646366985015,0.6724137931034483,0.7061855670103092,0.7186813186813187,0.7389695280207632,0.7566137566137566
BBB-J,landmark_still_registered,score_free,14,id_test,0.8,selection_rate,10,0.7910394265232974,0.034875450370570035,0.7275985663082437,0.775089605734767,0.8010752688172043,0.8154121863799284,0.8279569892473119
BBB-J,landmark_still_registered,score_free,14,id_test,0.8,selective_risk,10,0.29570107596302336,0.027707119069872364,0.2570093457943925,0.2789528432732316,0.29421152603442535,0.30219492314857943,0.35960591133004927
BBB-J,landmark_still_registered,score_free,14,id_test,0.8,selective_accuracy,10,0.7042989240369767,0.027707119069872364,0.6403940886699507,0.6978050768514206,0.7057884739655746,0.7210471567267684,0.7429906542056075
BBB-J,landmark_still_registered,score_free,14,id_test,0.9,selection_rate,10,0.8978494623655914,0.02396941773923402,0.8387096774193549,0.8933691756272402,0.9050179211469533,0.9121863799283154,0.921146953405018
BBB-J,landmark_still_registered,score_free,14,id_test,0.9,selective_risk,10,0.3113936389814075,0.023064706240443014,0.28112449799196787,0.29820750219159964,0.31102844299775245,0.315125,0.36752136752136755
BBB-J,landmark_still_registered,score_free,14,id_test,0.9,selective_accuracy,10,0.6886063610185925,0.02306470624044301,0.6324786324786325,0.6848749999999999,0.6889715570022475,0.7017924978084003,0.7188755020080322
BBB-J,landmark_still_registered,score_free,14,id_test,0.95,selection_rate,10,0.9455197132616489,0.015374631246972904,0.921146953405018,0.9363799283154122,0.9444444444444444,0.9560931899641577,0.9713261648745519
BBB-J,landmark_still_registered,score_free,14,id_test,0.95,selective_risk,10,0.3185553457432619,0.022851533509571594,0.2965779467680608,0.3047481671077177,0.3109965874094831,0.3226116554631423,0.37547892720306514
BBB-J,landmark_still_registered,score_free,14,id_test,0.95,selective_accuracy,10,0.681444654256738,0.022851533509571604,0.6245210727969348,0.6773883445368576,0.6890034125905169,0.6952518328922823,0.7034220532319392
BBB-J,landmark_still_registered,score_free,14,ood_test,0.5,selection_rate,10,0.7455113636363635,0.07846143125704234,0.5988636363636364,0.7004261363636364,0.7596590909090909,0.798153409090909,0.8477272727272728
BBB-J,landmark_still_registered,score_free,14,ood_test,0.5,selective_risk,10,0.3004897556357319,0.013123034203104938,0.2795138888888889,0.29347712961660566,0.30093468103754806,0.3090713320129523,0.32171581769436997
BBB-J,landmark_still_registered,score_free,14,ood_test,0.5,selective_accuracy,10,0.6995102443642681,0.013123034203104945,0.67828418230563,0.6909286679870477,0.6990653189624519,0.7065228703833943,0.7204861111111112
BBB-J,landmark_still_registered,score_free,14,ood_test,0.7,selection_rate,10,0.8539204545454545,0.04645015230813604,0.7636363636363637,0.8268465909090909,0.8625,0.8811079545454545,0.9079545454545455
BBB-J,landmark_still_registered,score_free,14,ood_test,0.7,selective_risk,10,0.3162824990091302,0.010985307838665893,0.2981586402266289,0.3137608910818229,0.3177139664940688,0.3221404789116281,0.3322884012539185
BBB-J,landmark_still_registered,score_free,14,ood_test,0.7,selective_accuracy,10,0.6837175009908698,0.010985307838665881,0.6677115987460815,0.677859521088372,0.6822860335059312,0.6862391089181771,0.701841359773371
BBB-J,landmark_still_registered,score_free,14,ood_test,0.8,selection_rate,10,0.9015909090909091,0.03051982111964928,0.8352272727272727,0.8860795454545454,0.9088068181818182,0.9161931818181819,0.9386363636363636
BBB-J,landmark_still_registered,score_free,14,ood_test,0.8,selective_risk,10,0.3226351500712014,0.010266727913191775,0.305249513933895,0.3193805970301037,0.32377587906671046,0.3287120417996656,0.3375912408759124
BBB-J,landmark_still_registered,score_free,14,ood_test,0.8,selective_accuracy,10,0.6773648499287986,0.010266727913191782,0.6624087591240876,0.6712879582003344,0.6762241209332895,0.6806194029698962,0.694750486066105
BBB-J,landmark_still_registered,score_free,14,ood_test,0.9,selection_rate,10,0.9523295454545455,0.017739348548202118,0.9073863636363636,0.9518465909090909,0.9579545454545455,0.9616477272727273,0.9670454545454545
BBB-J,landmark_still_registered,score_free,14,ood_test,0.9,selective_risk,10,0.3305564196030211,0.0073891520736766745,0.3168440826549781,0.3279317487460916,0.3292706579330166,0.3372056337264301,0.3401880141010576
BBB-J,landmark_still_registered,score_free,14,ood_test,0.9,selective_accuracy,10,0.6694435803969789,0.007389152073676668,0.6598119858989424,0.6627943662735699,0.6707293420669834,0.6720682512539083,0.6831559173450219
BBB-J,landmark_still_registered,score_free,14,ood_test,0.95,selection_rate,10,0.9769318181818182,0.00824766572425131,0.9659090909090909,0.9711647727272728,0.9769886363636364,0.9816761363636364,0.9886363636363636
BBB-J,landmark_still_registered,score_free,14,ood_test,0.95,selective_risk,10,0.3349361515926171,0.00556395275939315,0.32588235294117646,0.3304853593719524,0.3354786022868118,0.33846786833060616,0.3425287356321839
BBB-J,landmark_still_registered,score_free,14,ood_test,0.95,selective_accuracy,10,0.6650638484073828,0.005563952759393123,0.6574712643678161,0.6615321316693938,0.6645213977131882,0.6695146406280476,0.6741176470588235
BBB-J,landmark_still_registered,score_free,56,id_test,0.5,selection_rate,10,0.5204460966542751,0.04342358232449872,0.44609665427509293,0.49349442379182157,0.5185873605947955,0.5455390334572491,0.6022304832713755
BBB-J,landmark_still_registered,score_free,56,id_test,0.5,selective_risk,10,0.17309741809411988,0.036474794496203826,0.12213740458015267,0.13768939393939394,0.18438187045492982,0.2016593799682035,0.21768707482993196
BBB-J,landmark_still_registered,score_free,56,id_test,0.5,selective_accuracy,10,0.8269025819058801,0.03647479449620385,0.782312925170068,0.7983406200317965,0.8156181295450702,0.862310606060606,0.8778625954198473
BBB-J,landmark_still_registered,score_free,56,id_test,0.7,selection_rate,10,0.7066914498141263,0.040437181635268535,0.654275092936803,0.6737918215613382,0.7026022304832714,0.7323420074349443,0.7843866171003717
BBB-J,landmark_still_registered,score_free,56,id_test,0.7,selective_risk,10,0.20923716158195513,0.016383592016313186,0.18232044198895028,0.19888356324526535,0.20753588516746413,0.22036110376019438,0.233502538071066
BBB-J,landmark_still_registered,score_free,56,id_test,0.7,selective_accuracy,10,0.790762838418045,0.016383592016313193,0.766497461928934,0.7796388962398056,0.7924641148325359,0.8011164367547347,0.8176795580110497
BBB-J,landmark_still_registered,score_free,56,id_test,0.8,selection_rate,10,0.8152416356877323,0.04064927283172473,0.7657992565055762,0.7908921933085502,0.8048327137546468,0.8364312267657993,0.8996282527881041
BBB-J,landmark_still_registered,score_free,56,id_test,0.8,selective_risk,10,0.2374087553331537,0.021142440691981308,0.2087378640776699,0.22182914046121593,0.23023445463812436,0.25836536613492217,0.26666666666666666
BBB-J,landmark_still_registered,score_free,56,id_test,0.8,selective_accuracy,10,0.7625912446668464,0.021142440691981287,0.7333333333333334,0.7416346338650779,0.7697655453618757,0.7781708595387841,0.7912621359223301
BBB-J,landmark_still_registered,score_free,56,id_test,0.9,selection_rate,10,0.9022304832713756,0.039538636092263706,0.8401486988847584,0.8782527881040892,0.9033457249070632,0.9265799256505576,0.9591078066914498
BBB-J,landmark_still_registered,score_free,56,id_test,0.9,selective_risk,10,0.26034165757236033,0.01941072687643563,0.22566371681415928,0.2522410358565737,0.26549124513618677,0.2750428898208159,0.2809917355371901
BBB-J,landmark_still_registered,score_free,56,id_test,0.9,selective_accuracy,10,0.7396583424276396,0.019410726876435625,0.71900826446281,0.7249571101791841,0.7345087548638133,0.7477589641434264,0.7743362831858407
BBB-J,landmark_still_registered,score_free,56,id_test,0.95,selection_rate,10,0.9524163568773234,0.021376811551769816,0.9107806691449815,0.9377323420074349,0.9572490706319703,0.9656133828996283,0.9851301115241635
BBB-J,landmark_still_registered,score_free,56,id_test,0.95,selective_risk,10,0.2667988655268627,0.01686912465330929,0.24081632653061225,0.2605773961268393,0.26613199742623406,0.2773621330225104,0.2896825396825397
BBB-J,landmark_still_registered,score_free,56,id_test,0.95,selective_accuracy,10,0.7332011344731373,0.016869124653309295,0.7103174603174602,0.7226378669774897,0.7338680025737659,0.7394226038731607,0.7591836734693878
BBB-J,landmark_still_registered,score_free,56,ood_test,0.5,selection_rate,10,0.7780615206035985,0.12610132829247936,0.4590829947765525,0.7507254788160186,0.8377829367382472,0.853163087637841,0.8682530470110272
BBB-J,landmark_still_registered,score_free,56,ood_test,0.5,selective_risk,10,0.2466509605198008,0.02225689638898178,0.20480404551201012,0.23141150733060314,0.25631988297526187,0.26391933585028216,0.2680965147453083
BBB-J,landmark_still_registered,score_free,56,ood_test,0.5,selective_accuracy,10,0.7533490394801993,0.02225689638898176,0.7319034852546917,0.736080664149718,0.7436801170247382,0.7685884926693969,0.7951959544879899
BBB-J,landmark_still_registered,score_free,56,ood_test,0.7,selection_rate,10,0.8671503192106792,0.08050975025072864,0.6552524666279744,0.85664538595473,0.896401625072548,0.9165699361578642,0.922228670922809
BBB-J,landmark_still_registered,score_free,56,ood_test,0.7,selective_risk,10,0.26231445684703997,0.015091840797286652,0.22940655447298494,0.2535501402524544,0.269152439148176,0.27315970719546073,0.27605811749842074
BBB-J,landmark_still_registered,score_free,56,ood_test,0.7,selective_accuracy,10,0.7376855431529601,0.01509184079728663,0.7239418825015793,0.7268402928045393,0.730847560851824,0.7464498597475455,0.770593445527015
BBB-J,landmark_still_registered,score_free,56,ood_test,0.8,selection_rate,10,0.9116656993615786,0.05466484028725224,0.7765525246662798,0.894805571677307,0.934997098084736,0.9480557167730703,0.9518282066163668
BBB-J,landmark_still_registered,score_free,56,ood_test,0.8,selective_risk,10,0.27008483160543306,0.011766747865346422,0.2526158445440957,0.25909789503976777,0.2748268593797049,0.2800341079175892,0.2819571865443425
BBB-J,landmark_still_registered,score_free,56,ood_test,0.8,selective_accuracy,10,0.7299151683945669,0.011766747865346433,0.7180428134556576,0.7199658920824108,0.725173140620295,0.7409021049602322,0.7473841554559043
BBB-J,landmark_still_registered,score_free,56,ood_test,0.9,selection_rate,10,0.9607661056297158,0.019073725852606825,0.914683691236216,0.9548752176436448,0.9648868253047012,0.9730121880441092,0.9808473592571096
BBB-J,landmark_still_registered,score_free,56,ood_test,0.9,selective_risk,10,0.28040285513259644,0.007145663112150828,0.2703523693803159,0.273832766218553,0.2816179971943733,0.2856726178856017,0.28994082840236685
BBB-J,landmark_still_registered,score_free,56,ood_test,0.9,selective_accuracy,10,0.7195971448674036,0.00714566311215083,0.7100591715976332,0.7143273821143983,0.7183820028056267,0.7261672337814471,0.7296476306196841
BBB-J,landmark_still_registered,score_free,56,ood_test,0.95,selection_rate,10,0.9802089378990134,0.010391036005540174,0.95937318630296,0.9728670922809054,0.9834590829947765,0.987811955890888,0.9924550203134068
BBB-J,landmark_still_registered,score_free,56,ood_test,0.95,selective_risk,10,0.28494952426823844,0.007641641631922137,0.27093301435406697,0.2800952870320851,0.288410509867437,0.28951522200352753,0.2940483205657042
BBB-J,landmark_still_registered,score_free,56,ood_test,0.95,selective_accuracy,10,0.7150504757317616,0.007641641631922136,0.7059516794342958,0.7104847779964725,0.711589490132563,0.7199047129679148,0.7290669856459331
DDD-B,landmark_still_registered,score_free,14,id_test,0.5,selection_rate,10,0.4844444444444444,0.048062602066691364,0.4111111111111111,0.44305555555555554,0.4805555555555555,0.5319444444444444,0.5444444444444444
DDD-B,landmark_still_registered,score_free,14,id_test,0.5,selective_risk,10,0.23313989321494494,0.061637987786303056,0.16455696202531644,0.18584280303030304,0.225109649122807,0.2550932568149211,0.3673469387755102
DDD-B,landmark_still_registered,score_free,14,id_test,0.5,selective_accuracy,10,0.7668601067850551,0.061637987786303035,0.6326530612244898,0.7449067431850789,0.7748903508771929,0.8141571969696969,0.8354430379746836
DDD-B,landmark_still_registered,score_free,14,id_test,0.7,selection_rate,10,0.6688888888888889,0.04597667447017102,0.6,0.6458333333333334,0.6611111111111112,0.6819444444444445,0.7555555555555555
DDD-B,landmark_still_registered,score_free,14,id_test,0.7,selective_risk,10,0.2668528593394973,0.0452561402285306,0.19827586206896552,0.24468151670629457,0.25359657177838996,0.2807654489070418,0.36585365853658536
DDD-B,landmark_still_registered,score_free,14,id_test,0.7,selective_accuracy,10,0.7331471406605027,0.0452561402285306,0.6341463414634146,0.7192345510929582,0.74640342822161,0.7553184832937054,0.8017241379310345
DDD-B,landmark_still_registered,score_free,14,id_test,0.8,selection_rate,10,0.7705555555555554,0.03271546703418348,0.7055555555555556,0.7472222222222222,0.7833333333333333,0.7986111111111112,0.8
DDD-B,landmark_still_registered,score_free,14,id_test,0.8,selective_risk,10,0.2954847311998964,0.04996777634018277,0.24113475177304963,0.2632420770718643,0.28169870310328854,0.3187966417910448,0.39849624060150374
DDD-B,landmark_still_registered,score_free,14,id_test,0.8,selective_accuracy,10,0.7045152688001036,0.049967776340182776,0.6015037593984962,0.6812033582089553,0.7183012968967115,0.7367579229281357,0.7588652482269503
DDD-B,landmark_still_registered,score_free,14,id_test,0.9,selection_rate,10,0.8833333333333334,0.03840081732097726,0.8333333333333334,0.8444444444444444,0.8888888888888888,0.9166666666666667,0.9333333333333333
DDD-B,landmark_still_registered,score_free,14,id_test,0.9,selective_risk,10,0.30677609100609177,0.04895187374299985,0.23952095808383234,0.28422439759036144,0.2902230187176424,0.34059523809523806,0.3973509933774834
DDD-B,landmark_still_registered,score_free,14,id_test,0.9,selective_accuracy,10,0.6932239089939083,0.04895187374299986,0.6026490066225165,0.6594047619047619,0.7097769812823577,0.7157756024096386,0.7604790419161677
DDD-B,landmark_still_registered,score_free,14,id_test,0.95,selection_rate,10,0.928888888888889,0.023541109010475122,0.8833333333333333,0.9125,0.9388888888888889,0.9444444444444444,0.9555555555555556
DDD-B,landmark_still_registered,score_free,14,id_test,0.95,selective_risk,10,0.3170502229204019,0.048294812421092834,0.2441860465116279,0.28632610939112485,0.3103386809269162,0.34903464453265964,0.4088050314465409
DDD-B,landmark_still_registered,score_free,14,id_test,0.95,selective_accuracy,10,0.682949777079598,0.04829481242109283,0.5911949685534591,0.6509653554673404,0.6896613190730838,0.7136738906088751,0.7558139534883721
DDD-B,landmark_still_registered,score_free,14,ood_test,0.5,selection_rate,10,0.41944444444444445,0.05105631627411913,0.34424603174603174,0.38169642857142855,0.4236111111111111,0.4568452380952381,0.4880952380952381
DDD-B,landmark_still_registered,score_free,14,ood_test,0.5,selective_risk,10,0.2796050393186598,0.018553359912156217,0.2507204610951009,0.26867675261027063,0.27838170297369585,0.2865665074176515,0.3129251700680272
DDD-B,landmark_still_registered,score_free,14,ood_test,0.5,selective_accuracy,10,0.7203949606813402,0.018553359912156238,0.6870748299319728,0.7134334925823486,0.7216182970263041,0.7313232473897293,0.7492795389048992
DDD-B,landmark_still_registered,score_free,14,ood_test,0.7,selection_rate,10,0.6169642857142857,0.05861566563473908,0.5267857142857143,0.5870535714285714,0.6011904761904762,0.6455853174603174,0.7291666666666666
DDD-B,landmark_still_registered,score_free,14,ood_test,0.7,selective_risk,10,0.32475995535260044,0.017468671991643536,0.3032015065913371,0.31430762252413763,0.32229760289461784,0.3275544241573034,0.3659863945578231
DDD-B,landmark_still_registered,score_free,14,ood_test,0.7,selective_accuracy,10,0.6752400446473995,0.01746867199164353,0.6340136054421769,0.6724455758426966,0.6777023971053822,0.6856923774758623,0.6967984934086628
DDD-B,landmark_still_registered,score_free,14,ood_test,0.8,selection_rate,10,0.7458333333333333,0.039596467500462196,0.683531746031746,0.7197420634920635,0.7430555555555556,0.7748015873015873,0.8045634920634921
DDD-B,landmark_still_registered,score_free,14,ood_test,0.8,selective_risk,10,0.3466786439464268,0.01594860695112878,0.32365747460087085,0.33654526354510794,0.34468629961587705,0.35512865165015467,0.376078914919852
DDD-B,landmark_still_registered,score_free,14,ood_test,0.8,selective_accuracy,10,0.6533213560535733,0.015948606951128763,0.623921085080148,0.6448713483498454,0.655313700384123,0.6634547364548922,0.6763425253991291
DDD-B,landmark_still_registered,score_free,14,ood_test,0.9,selection_rate,10,0.8725198412698413,0.03285729329047349,0.8263888888888888,0.8444940476190477,0.8705357142857143,0.8980654761904762,0.9275793650793651
DDD-B,landmark_still_registered,score_free,14,ood_test,0.9,selective_risk,10,0.36452288131680827,0.013183364390619503,0.3526627218934911,0.35532858976924103,0.35896028596357904,0.36915252266914667,0.3909691629955947
DDD-B,landmark_still_registered,score_free,14,ood_test,0.9,selective_accuracy,10,0.6354771186831917,0.013183364390619503,0.6090308370044053,0.6308474773308533,0.6410397140364209,0.6446714102307589,0.6473372781065089
DDD-B,landmark_still_registered,score_free,14,ood_test,0.95,selection_rate,10,0.9236111111111113,0.027651514497839782,0.875,0.9079861111111112,0.9260912698412699,0.935515873015873,0.9702380952380952
DDD-B,landmark_still_registered,score_free,14,ood_test,0.95,selective_risk,10,0.3729326772858691,0.011457848289781537,0.36167800453514737,0.3661177046766253,0.36758445792953537,0.37685522544003003,0.39660657476139977
DDD-B,landmark_still_registered,score_free,14,ood_test,0.95,selective_accuracy,10,0.6270673227141309,0.01145784828978154,0.6033934252386002,0.6231447745599701,0.6324155420704647,0.6338822953233747,0.6383219954648527
DDD-B,landmark_still_registered,score_free,56,id_test,0.5,selection_rate,10,0.4963414634146341,0.07535142511046185,0.3719512195121951,0.47560975609756095,0.5060975609756098,0.5487804878048781,0.5914634146341463
DDD-B,landmark_still_registered,score_free,56,id_test,0.5,selective_risk,10,0.19905916037569585,0.06199544323574247,0.09836065573770492,0.16263440860215053,0.18305335968379446,0.2326923076923077,0.30927835051546393
DDD-B,landmark_still_registered,score_free,56,id_test,0.5,selective_accuracy,10,0.8009408396243041,0.06199544323574248,0.6907216494845361,0.7673076923076922,0.8169466403162056,0.8373655913978495,0.9016393442622951
DDD-B,landmark_still_registered,score_free,56,id_test,0.7,selection_rate,10,0.6902439024390243,0.062699216509793,0.5609756097560976,0.676829268292683,0.6920731707317073,0.7179878048780488,0.8048780487804879
DDD-B,landmark_still_registered,score_free,56,id_test,0.7,selective_risk,10,0.24865943862497697,0.03400450597696679,0.2,0.22385428907168037,0.24681297986382733,0.2598684210526316,0.31092436974789917
DDD-B,landmark_still_registered,score_free,56,id_test,0.7,selective_accuracy,10,0.7513405613750231,0.034004505976966796,0.6890756302521008,0.7401315789473685,0.7531870201361727,0.7761457109283196,0.8
DDD-B,landmark_still_registered,score_free,56,id_test,0.8,selection_rate,10,0.7902439024390244,0.0380466957944637,0.7439024390243902,0.7576219512195121,0.7896341463414634,0.8033536585365855,0.8658536585365854
DDD-B,landmark_still_registered,score_free,56,id_test,0.8,selective_risk,10,0.2635798443448327,0.029503174206827194,0.23577235772357724,0.24542682926829268,0.2558370591157476,0.26515735035211263,0.3282442748091603
DDD-B,landmark_still_registered,score_free,56,id_test,0.8,selective_accuracy,10,0.7364201556551672,0.029503174206827187,0.6717557251908397,0.7348426496478874,0.7441629408842524,0.7545731707317074,0.7642276422764227
DDD-B,landmark_still_registered,score_free,56,id_test,0.9,selection_rate,10,0.8652439024390244,0.03442707862252224,0.7987804878048781,0.8384146341463414,0.8780487804878049,0.8887195121951219,0.9024390243902439
DDD-B,landmark_still_registered,score_free,56,id_test,0.9,selective_risk,10,0.2856781857340344,0.027661610518109867,0.24817518248175183,0.26681894747588175,0.2804054054054054,0.3012163438828531,0.33793103448275863
DDD-B,landmark_still_registered,score_free,56,id_test,0.9,selective_accuracy,10,0.7143218142659656,0.02766161051810987,0.6620689655172414,0.698783656117147,0.7195945945945946,0.7331810525241182,0.7518248175182481
DDD-B,landmark_still_registered,score_free,56,id_test,0.95,selection_rate,10,0.9396341463414635,0.018727885365511263,0.9024390243902439,0.9329268292682927,0.9390243902439024,0.9451219512195121,0.9695121951219512
DDD-B,landmark_still_registered,score_free,56,id_test,0.95,selective_risk,10,0.3010572110315738,0.024348128745184057,0.2679738562091503,0.2856880359330339,0.29390263824226087,0.31106886534518113,0.3548387096774194
DDD-B,landmark_still_registered,score_free,56,id_test,0.95,selective_accuracy,10,0.6989427889684262,0.024348128745184064,0.6451612903225806,0.6889311346548188,0.7060973617577392,0.7143119640669661,0.7320261437908497
DDD-B,landmark_still_registered,score_free,56,ood_test,0.5,selection_rate,10,0.4717041800643087,0.03884714527175379,0.3965702036441586,0.4565916398713826,0.47052518756698825,0.4962486602357985,0.5273311897106109
DDD-B,landmark_still_registered,score_free,56,ood_test,0.5,selective_risk,10,0.2142198294935659,0.015767897078130876,0.1837837837837838,0.20763401912489132,0.21325289294039296,0.22175269427112876,0.2390852390852391
DDD-B,landmark_still_registered,score_free,56,ood_test,0.5,selective_accuracy,10,0.7857801705064341,0.015767897078130883,0.7609147609147608,0.7782473057288712,0.786747107059607,0.7923659808751087,0.8162162162162162
DDD-B,landmark_still_registered,score_free,56,ood_test,0.7,selection_rate,10,0.6783494105037513,0.052528355945994865,0.6066452304394426,0.632636655948553,0.680064308681672,0.704983922829582,0.7706323687031083
DDD-B,landmark_still_registered,score_free,56,ood_test,0.7,selective_risk,10,0.2555781503130619,0.016228604959948555,0.22998296422487224,0.24260032102728732,0.25673197442027423,0.26709515681672713,0.27769347496206376
DDD-B,landmark_still_registered,score_free,56,ood_test,0.7,selective_accuracy,10,0.7444218496869381,0.016228604959948552,0.7223065250379362,0.7329048431832729,0.7432680255797257,0.7573996789727127,0.7700170357751277
DDD-B,landmark_still_registered,score_free,56,ood_test,0.8,selection_rate,10,0.7858520900321543,0.03559747852708683,0.722400857449089,0.7676848874598071,0.7893890675241158,0.8041264737406216,0.8456591639871383
DDD-B,landmark_still_registered,score_free,56,ood_test,0.8,selective_risk,10,0.26843574361938904,0.013573204120469536,0.2544951590594744,0.25863332380450055,0.2634650818502306,0.27635725023126734,0.2953020134228188
DDD-B,landmark_still_registered,score_free,56,ood_test,0.8,selective_accuracy,10,0.7315642563806111,0.013573204120469548,0.7046979865771812,0.7236427497687327,0.7365349181497695,0.7413666761954995,0.7455048409405256
DDD-B,landmark_still_registered,score_free,56,ood_test,0.9,selection_rate,10,0.87502679528403,0.02273767521471986,0.8392282958199357,0.8628081457663451,0.8762057877813505,0.887459807073955,0.9185423365487674
DDD-B,landmark_still_registered,score_free,56,ood_test,0.9,selective_risk,10,0.2844292482179263,0.013803402129696243,0.26666666666666666,0.2756028182911412,0.2793969280107774,0.29493439505058205,0.30884184308841844
DDD-B,landmark_still_registered,score_free,56,ood_test,0.9,selective_accuracy,10,0.7155707517820737,0.013803402129696243,0.6911581569115816,0.705065604949418,0.7206030719892226,0.7243971817088588,0.7333333333333334
DDD-B,landmark_still_registered,score_free,56,ood_test,0.95,selection_rate,10,0.9371918542336548,0.01684256436565755,0.909967845659164,0.9271168274383708,0.9346195069667739,0.9437299035369775,0.9657020364415863
DDD-B,landmark_still_registered,score_free,56,ood_test,0.95,selective_risk,10,0.29636321622175527,0.014395490742283013,0.27241379310344827,0.28805702650811343,0.2942867517214717,0.30723337722185645,0.3163383545770568
DDD-B,landmark_still_registered,score_free,56,ood_test,0.95,selective_accuracy,10,0.7036367837782447,0.014395490742283022,0.6836616454229432,0.6927666227781436,0.7057132482785283,0.7119429734918865,0.7275862068965517
DDD-J,landmark_still_registered,score_free,14,id_test,0.5,selection_rate,10,0.4980158730158729,0.0581183274439556,0.4007936507936508,0.4642857142857143,0.5,0.5317460317460317,0.5833333333333334
DDD-J,landmark_still_registered,score_free,14,id_test,0.5,selective_risk,10,0.2294318523371616,0.041157641673200414,0.14912280701754385,0.21258503401360543,0.23471570161711008,0.24988213107024987,0.29770992366412213
DDD-J,landmark_still_registered,score_free,14,id_test,0.5,selective_accuracy,10,0.7705681476628385,0.04115764167320039,0.7022900763358779,0.7501178689297501,0.7652842983828899,0.7874149659863946,0.8508771929824561
DDD-J,landmark_still_registered,score_free,14,id_test,0.7,selection_rate,10,0.694047619047619,0.05104003569722628,0.5912698412698413,0.6617063492063492,0.6984126984126984,0.7380952380952381,0.746031746031746
DDD-J,landmark_still_registered,score_free,14,id_test,0.7,selective_risk,10,0.266944829576226,0.02881439380194772,0.22560975609756098,0.24734912146676855,0.26100096711798837,0.28022811652149077,0.3224043715846995
DDD-J,landmark_still_registered,score_free,14,id_test,0.7,selective_accuracy,10,0.733055170423774,0.028814393801947728,0.6775956284153005,0.7197718834785092,0.7389990328820115,0.7526508785332315,0.774390243902439
DDD-J,landmark_still_registered,score_free,14,id_test,0.8,selection_rate,10,0.7964285714285714,0.03703939901765467,0.7301587301587301,0.7738095238095238,0.8015873015873016,0.8234126984126984,0.8492063492063492
DDD-J,landmark_still_registered,score_free,14,id_test,0.8,selective_risk,10,0.28361103345334,0.034304121452655274,0.24210526315789474,0.2556094602789569,0.28242955874534825,0.3051524905023216,0.35046728971962615
DDD-J,landmark_still_registered,score_free,14,id_test,0.8,selective_accuracy,10,0.7163889665466601,0.03430412145265527,0.6495327102803738,0.6948475094976784,0.7175704412546517,0.7443905397210431,0.7578947368421053
DDD-J,landmark_still_registered,score_free,14,id_test,0.9,selection_rate,10,0.8936507936507937,0.030669580415215746,0.8452380952380952,0.8720238095238095,0.8968253968253969,0.9166666666666666,0.9365079365079365
DDD-J,landmark_still_registered,score_free,14,id_test,0.9,selective_risk,10,0.3012101049314305,0.03075641052781669,0.24882629107981222,0.28905973146434616,0.3058757062146893,0.31305309734513276,0.3577586206896552
DDD-J,landmark_still_registered,score_free,14,id_test,0.9,selective_accuracy,10,0.6987898950685694,0.030756410527816705,0.6422413793103448,0.6869469026548674,0.6941242937853107,0.7109402685356538,0.7511737089201878
DDD-J,landmark_still_registered,score_free,14,id_test,0.95,selection_rate,10,0.9551587301587301,0.013752797598486806,0.9285714285714286,0.9464285714285714,0.9563492063492063,0.9632936507936508,0.9761904761904762
DDD-J,landmark_still_registered,score_free,14,id_test,0.95,selective_risk,10,0.30930937678937703,0.029081137193989748,0.2689075630252101,0.2939532520325203,0.30643004115226335,0.3211594555177443,0.36065573770491804
DDD-J,landmark_still_registered,score_free,14,id_test,0.95,selective_accuracy,10,0.6906906232106229,0.02908113719398973,0.639344262295082,0.6788405444822557,0.6935699588477366,0.7060467479674797,0.73109243697479
DDD-J,landmark_still_registered,score_free,14,ood_test,0.5,selection_rate,10,0.4330195510499638,0.036922661213561074,0.38595220854453294,0.40242577842143373,0.4337436640115858,0.45944967414916726,0.4837074583635047
DDD-J,landmark_still_registered,score_free,14,ood_test,0.5,selective_risk,10,0.25050956707095473,0.019299393104573383,0.21495327102803738,0.24380929716008248,0.24919093851132684,0.2588916993599009,0.284375
DDD-J,landmark_still_registered,score_free,14,ood_test,0.5,selective_accuracy,10,0.7494904329290452,0.019299393104573383,0.715625,0.7411083006400991,0.7508090614886731,0.7561907028399175,0.7850467289719626
DDD-J,landmark_still_registered,score_free,14,ood_test,0.7,selection_rate,10,0.6506154960173787,0.04263495840385692,0.5756698044895003,0.6258146270818248,0.6455467052860246,0.6761404779145547,0.720492396813903
DDD-J,landmark_still_registered,score_free,14,ood_test,0.7,selective_risk,10,0.29138986084336155,0.015172294679407,0.2679245283018868,0.28073752228163995,0.2906534803945179,0.29783240641972497,0.319910514541387
DDD-J,landmark_still_registered,score_free,14,ood_test,0.7,selective_accuracy,10,0.7086101391566384,0.015172294679406992,0.680089485458613,0.702167593580275,0.7093465196054821,0.71926247771836,0.7320754716981133
DDD-J,landmark_still_registered,score_free,14,ood_test,0.8,selection_rate,10,0.7687907313540913,0.03398971466804504,0.7125271542360608,0.7427588703837799,0.7686459087617667,0.7925416364952933,0.8189717595944968
DDD-J,landmark_still_registered,score_free,14,ood_test,0.8,selective_risk,10,0.3087523466332655,0.012751575902850936,0.29471544715447157,0.3002206205640349,0.3057397629631593,0.3149373277162324,0.329935125115848
DDD-J,landmark_still_registered,score_free,14,ood_test,0.8,selective_accuracy,10,0.6912476533667345,0.012751575902850922,0.670064874884152,0.6850626722837676,0.6942602370368407,0.699779379435965,0.7052845528455285
DDD-J,landmark_still_registered,score_free,14,ood_test,0.9,selection_rate,10,0.8764663287472846,0.028688035949403334,0.8240405503258509,0.8676683562635772,0.8772628530050688,0.8901158580738595,0.9181752353367125
DDD-J,landmark_still_registered,score_free,14,ood_test,0.9,selective_risk,10,0.3251440562812196,0.008966624323875683,0.311587982832618,0.3182841932841933,0.3276438649062844,0.32853340353340355,0.343585237258348
DDD-J,landmark_still_registered,score_free,14,ood_test,0.9,selective_accuracy,10,0.6748559437187805,0.008966624323875684,0.656414762741652,0.6714665964665965,0.6723561350937156,0.6817158067158068,0.688412017167382
DDD-J,landmark_still_registered,score_free,14,ood_test,0.95,selection_rate,10,0.9378711078928312,0.014147716993419204,0.9051412020275162,0.9332005792903693,0.941346850108617,0.9455104996379435,0.9558291093410572
DDD-J,landmark_still_registered,score_free,14,ood_test,0.95,selective_risk,10,0.3359973228810985,0.012231497832318363,0.32265625,0.3311449292593033,0.33500091935206444,0.3372944297082228,0.3675344563552833
DDD-J,landmark_still_registered,score_free,14,ood_test,0.95,selective_accuracy,10,0.6640026771189016,0.012231497832318384,0.6324655436447166,0.6627055702917772,0.6649990806479356,0.6688550707406967,0.67734375
DDD-J,landmark_still_registered,score_free,56,id_test,0.5,selection_rate,10,0.4852320675105485,0.07833417899096663,0.37130801687763715,0.4272151898734177,0.4641350210970464,0.5516877637130801,0.6075949367088608
DDD-J,landmark_still_registered,score_free,56,id_test,0.5,selective_risk,10,0.19419040140196778,0.03183425561028452,0.14705882352941177,0.16711229946524064,0.20069444444444445,0.21851104502973662,0.2376237623762376
DDD-J,landmark_still_registered,score_free,56,id_test,0.5,selective_accuracy,10,0.8058095985980321,0.03183425561028452,0.7623762376237624,0.7814889549702634,0.7993055555555556,0.8328877005347594,0.8529411764705882
DDD-J,landmark_still_registered,score_free,56,id_test,0.7,selection_rate,10,0.6877637130801687,0.03992987219853275,0.6455696202531646,0.6529535864978903,0.6856540084388185,0.7025316455696203,0.7637130801687764
DDD-J,landmark_still_registered,score_free,56,id_test,0.7,selective_risk,10,0.2238503465653238,0.028420340670690644,0.17647058823529413,0.20622264475855637,0.22926406926406928,0.24653487843671892,0.25748502994011974
DDD-J,landmark_still_registered,score_free,56,id_test,0.7,selective_accuracy,10,0.7761496534346761,0.028420340670690627,0.7425149700598803,0.753465121563281,0.7707359307359307,0.7937773552414437,0.8235294117647058
DDD-J,landmark_still_registered,score_free,56,id_test,0.8,selection_rate,10,0.7869198312236285,0.04488600111739226,0.70042194092827,0.7616033755274262,0.7869198312236287,0.819620253164557,0.8565400843881856
DDD-J,landmark_still_registered,score_free,56,id_test,0.8,selective_risk,10,0.23772834074122384,0.028981151874279056,0.1927710843373494,0.21204844006568144,0.2500339314313635,0.2565304806924919,0.27419354838709675
DDD-J,landmark_still_registered,score_free,56,id_test,0.8,selective_accuracy,10,0.7622716592587762,0.028981151874279062,0.7258064516129032,0.7434695193075082,0.7499660685686365,0.7879515599343185,0.8072289156626506
DDD-J,landmark_still_registered,score_free,56,id_test,0.9,selection_rate,10,0.8949367088607595,0.038024138240699654,0.8312236286919831,0.8734177215189873,0.8860759493670887,0.919831223628692,0.9578059071729957
DDD-J,landmark_still_registered,score_free,56,id_test,0.9,selective_risk,10,0.26599495571876275,0.030134873325651252,0.21256038647342995,0.25622325738254326,0.2704008356182269,0.289619522190658,0.30275229357798167
DDD-J,landmark_still_registered,score_free,56,id_test,0.9,selective_accuracy,10,0.7340050442812371,0.03013487332565125,0.6972477064220184,0.710380477809342,0.7295991643817731,0.7437767426174567,0.78743961352657
DDD-J,landmark_still_registered,score_free,56,id_test,0.95,selection_rate,10,0.9510548523206751,0.02579635784666189,0.9240506329113924,0.9282700421940928,0.9430379746835442,0.9778481012658228,0.9873417721518988
DDD-J,landmark_still_registered,score_free,56,id_test,0.95,selective_risk,10,0.27403426179740265,0.02805827816695474,0.22727272727272727,0.2618267409039941,0.277046783625731,0.2925575497463909,0.31363636363636366
DDD-J,landmark_still_registered,score_free,56,id_test,0.95,selective_accuracy,10,0.7259657382025974,0.028058278166954727,0.6863636363636363,0.7074424502536091,0.7229532163742689,0.7381732590960058,0.7727272727272727
DDD-J,landmark_still_registered,score_free,56,ood_test,0.5,selection_rate,10,0.4249436513899324,0.07038179750887248,0.318557475582269,0.39350112697220135,0.40570999248685197,0.47746055597295267,0.5454545454545454
DDD-J,landmark_still_registered,score_free,56,ood_test,0.5,selective_risk,10,0.2106894304066099,0.015732172589045586,0.18574108818011256,0.19644638187079227,0.21496536863780652,0.22392499844652952,0.2273476112026359
DDD-J,landmark_still_registered,score_free,56,ood_test,0.5,selective_accuracy,10,0.78931056959339,0.015732172589045593,0.7726523887973641,0.7760750015534704,0.7850346313621934,0.8035536181292078,0.8142589118198874
DDD-J,landmark_still_registered,score_free,56,ood_test,0.7,selection_rate,10,0.6420736288504884,0.0472116985453384,0.5634861006761833,0.6271600300525921,0.6397445529676935,0.6728024042073628,0.7137490608564989
DDD-J,landmark_still_registered,score_free,56,ood_test,0.7,selective_risk,10,0.25970863001824995,0.011902098805828227,0.2374429223744292,0.25340144230769235,0.2586185744080481,0.2674899562309875,0.2771618625277162
DDD-J,landmark_still_registered,score_free,56,ood_test,0.7,selective_accuracy,10,0.7402913699817499,0.011902098805828223,0.7228381374722839,0.7325100437690125,0.741381425591952,0.7465985576923077,0.7625570776255708
DDD-J,landmark_still_registered,score_free,56,ood_test,0.8,selection_rate,10,0.7672426746806911,0.03945463943197264,0.7032306536438768,0.7376033057851239,0.7749812171299775,0.78099173553719,0.8324567993989481
DDD-J,landmark_still_registered,score_free,56,ood_test,0.8,selective_risk,10,0.28116499294042246,0.014070890044787256,0.258252427184466,0.26882188420753506,0.28465309200603317,0.29426406956599366,0.29619312906220985
DDD-J,landmark_still_registered,score_free,56,ood_test,0.8,selective_accuracy,10,0.7188350070595775,0.014070890044787263,0.7038068709377902,0.7057359304340064,0.7153469079939668,0.7311781157924649,0.741747572815534
DDD-J,landmark_still_registered,score_free,56,ood_test,0.9,selection_rate,10,0.8856498873027799,0.02882934988186834,0.8377160030052592,0.8700225394440271,0.8858001502629602,0.8965063861758076,0.9368895567242674
DDD-J,landmark_still_registered,score_free,56,ood_test,0.9,selective_risk,10,0.304086277286428,0.0136011440543005,0.28125,0.2917388635995678,0.3089997565175556,0.313384784252982,0.3199679230152366
DDD-J,landmark_still_registered,score_free,56,ood_test,0.9,selective_accuracy,10,0.695913722713572,0.013601144054300492,0.6800320769847634,0.686615215747018,0.6910002434824444,0.7082611364004322,0.71875
DDD-J,landmark_still_registered,score_free,56,ood_test,0.95,selection_rate,10,0.9429752066115702,0.014617745046879805,0.9218632607062359,0.9305033809166041,0.9436513899323816,0.9534184823441021,0.9669421487603306
DDD-J,landmark_still_registered,score_free,56,ood_test,0.95,selective_risk,10,0.3147193093607946,0.012575687259889166,0.28742994395516414,0.3085344760323664,0.3178228906220846,0.3243486729743803,0.3275726630007855
DDD-J,landmark_still_registered,score_free,56,ood_test,0.95,selective_accuracy,10,0.6852806906392053,0.01257568725988915,0.6724273369992144,0.6756513270256197,0.6821771093779154,0.6914655239676335,0.7125700560448358
EEE-J,landmark_still_registered,score_free,14,id_test,0.5,selection_rate,10,0.5340425531914893,0.05473719474213446,0.44680851063829785,0.4929078014184397,0.5319148936170213,0.5762411347517731,0.6170212765957447
EEE-J,landmark_still_registered,score_free,14,id_test,0.5,selective_risk,10,0.20404997929381602,0.04392671949786685,0.12658227848101267,0.18330095515622472,0.20499419279907083,0.2318840579710145,0.26506024096385544
EEE-J,landmark_still_registered,score_free,14,id_test,0.5,selective_accuracy,10,0.795950020706184,0.04392671949786684,0.7349397590361446,0.7681159420289855,0.7950058072009292,0.8166990448437753,0.8734177215189873
EEE-J,landmark_still_registered,score_free,14,id_test,0.7,selection_rate,10,0.7319148936170213,0.043948747191006145,0.6666666666666666,0.7021276595744681,0.7304964539007093,0.75177304964539,0.8085106382978723
EEE-J,landmark_still_registered,score_free,14,id_test,0.7,selective_risk,10,0.24099072626900803,0.0389898923058273,0.19811320754716982,0.20729638009049772,0.24009603841536614,0.2535377358490566,0.3090909090909091
EEE-J,landmark_still_registered,score_free,14,id_test,0.7,selective_accuracy,10,0.7590092737309919,0.038989892305827306,0.6909090909090909,0.7464622641509433,0.7599039615846338,0.7927036199095023,0.8018867924528301
EEE-J,landmark_still_registered,score_free,14,id_test,0.8,selection_rate,10,0.8049645390070921,0.04413275343402947,0.723404255319149,0.7765957446808511,0.8120567375886525,0.8297872340425532,0.8723404255319149
EEE-J,landmark_still_registered,score_free,14,id_test,0.8,selective_risk,10,0.25447159730260305,0.03133103490494417,0.21428571428571427,0.23449920508744038,0.25284900284900286,0.2716419665960951,0.3008130081300813
EEE-J,landmark_still_registered,score_free,14,id_test,0.8,selective_accuracy,10,0.745528402697397,0.031331034904944155,0.6991869918699187,0.7283580334039049,0.7471509971509972,0.7655007949125596,0.7857142857142857
EEE-J,landmark_still_registered,score_free,14,id_test,0.9,selection_rate,10,0.8964539007092197,0.033130681874902805,0.8226950354609929,0.8953900709219857,0.900709219858156,0.9148936170212766,0.9361702127659575
EEE-J,landmark_still_registered,score_free,14,id_test,0.9,selective_risk,10,0.26607511034797077,0.029214777915282045,0.21487603305785125,0.24854651162790697,0.2647183525136281,0.29133858267716534,0.30303030303030304
EEE-J,landmark_still_registered,score_free,14,id_test,0.9,selective_accuracy,10,0.7339248896520292,0.02921477791528204,0.696969696969697,0.7086614173228347,0.7352816474863719,0.751453488372093,0.7851239669421488
EEE-J,landmark_still_registered,score_free,14,id_test,0.95,selection_rate,10,0.9411347517730496,0.023887599203913243,0.9078014184397163,0.925531914893617,0.9432624113475178,0.950354609929078,0.9787234042553191
EEE-J,landmark_still_registered,score_free,14,id_test,0.95,selective_risk,10,0.27380764231571453,0.032896586437327374,0.2196969696969697,0.25054335056390975,0.2729047072330654,0.29718886769161706,0.3188405797101449
EEE-J,landmark_still_registered,score_free,14,id_test,0.95,selective_accuracy,10,0.7261923576842855,0.03289658643732735,0.6811594202898551,0.702811132308383,0.7270952927669345,0.7494566494360901,0.7803030303030303
EEE-J,landmark_still_registered,score_free,14,ood_test,0.5,selection_rate,10,0.5046859421734796,0.06340015519730192,0.39780658025922233,0.46086739780658026,0.518444666001994,0.5570787637088734,0.5772681954137587
EEE-J,landmark_still_registered,score_free,14,ood_test,0.5,selective_risk,10,0.19338364837768035,0.012457148715935363,0.16812227074235808,0.1876072950738428,0.19513067872785045,0.19974512411347517,0.2102803738317757
EEE-J,landmark_still_registered,score_free,14,ood_test,0.5,selective_accuracy,10,0.8066163516223197,0.012457148715935363,0.7897196261682243,0.8002548758865248,0.8048693212721495,0.8123927049261572,0.8318777292576419
EEE-J,landmark_still_registered,score_free,14,ood_test,0.7,selection_rate,10,0.709172482552343,0.042333569236651394,0.6420737786640079,0.6804586241276172,0.7038883349950149,0.728813559322034,0.7786640079760718
EEE-J,landmark_still_registered,score_free,14,ood_test,0.7,selective_risk,10,0.22817739660695838,0.013551869693672785,0.2096069868995633,0.21961139874420615,0.22689103721234974,0.23160631741140214,0.25480153649167736
EEE-J,landmark_still_registered,score_free,14,ood_test,0.7,selective_accuracy,10,0.7718226033930415,0.013551869693672773,0.7451984635083226,0.7683936825885977,0.7731089627876503,0.7803886012557939,0.7903930131004366
EEE-J,landmark_still_registered,score_free,14,ood_test,0.8,selection_rate,10,0.7893320039880359,0.03361709645364383,0.7308075772681955,0.7764207377866401,0.7911266201395812,0.8085742771684945,0.8404785643070788
EEE-J,landmark_still_registered,score_free,14,ood_test,0.8,selective_risk,10,0.24431718212312936,0.014639447702562567,0.2155525238744884,0.2375941903576865,0.24312797907035086,0.25298793727382385,0.26453143534994067
EEE-J,landmark_still_registered,score_free,14,ood_test,0.8,selective_accuracy,10,0.7556828178768706,0.014639447702562553,0.7354685646500594,0.7470120627261762,0.7568720209296491,0.7624058096423135,0.7844474761255116
EEE-J,landmark_still_registered,score_free,14,ood_test,0.9,selection_rate,10,0.8913260219341975,0.0220997408687887,0.8534396809571286,0.8801096709870389,0.8928215353938186,0.901296111665005,0.9302093718843469
EEE-J,landmark_still_registered,score_free,14,ood_test,0.9,selective_risk,10,0.26651736424480477,0.013102972254354018,0.25,0.2590255521330856,0.26439847613083356,0.2740527474988801,0.2883172561629153
EEE-J,landmark_still_registered,score_free,14,ood_test,0.9,selective_accuracy,10,0.7334826357551953,0.013102972254354013,0.7116827438370847,0.7259472525011199,0.7356015238691664,0.7409744478669145,0.75
EEE-J,landmark_still_registered,score_free,14,ood_test,0.95,selection_rate,10,0.9441674975074775,0.01167442211382538,0.9252243270189432,0.9379361914257228,0.9446660019940178,0.9496510468594217,0.963110667996012
EEE-J,landmark_still_registered,score_free,14,ood_test,0.95,selective_risk,10,0.27901455220572136,0.012973661749465085,0.2542918454935622,0.27410655359028513,0.27988866604179896,0.28418949148843303,0.2981366459627329
EEE-J,landmark_still_registered,score_free,14,ood_test,0.95,selective_accuracy,10,0.7209854477942788,0.012973661749465088,0.7018633540372671,0.715810508511567,0.720111333958201,0.7258934464097149,0.7457081545064378
EEE-J,landmark_still_registered,score_free,56,id_test,0.5,selection_rate,10,0.5416058394160583,0.08798236546123031,0.35766423357664234,0.4872262773722628,0.5693430656934306,0.6094890510948905,0.635036496350365
EEE-J,landmark_still_registered,score_free,56,id_test,0.5,selective_risk,10,0.15328791649065707,0.042360969563358074,0.08163265306122448,0.1388580931263858,0.15118323191345506,0.1605654761904762,0.25
EEE-J,landmark_still_registered,score_free,56,id_test,0.5,selective_accuracy,10,0.846712083509343,0.04236096956335808,0.75,0.8394345238095238,0.8488167680865449,0.8611419068736141,0.9183673469387755
EEE-J,landmark_still_registered,score_free,56,id_test,0.7,selection_rate,10,0.710948905109489,0.06718148848826207,0.6131386861313869,0.6605839416058394,0.7116788321167884,0.7755474452554745,0.7883211678832117
EEE-J,landmark_still_registered,score_free,56,id_test,0.7,selective_risk,10,0.19462872582705157,0.02822049892509977,0.16822429906542055,0.1765873015873016,0.18497930218805442,0.20420560747663552,0.2631578947368421
EEE-J,landmark_still_registered,score_free,56,id_test,0.7,selective_accuracy,10,0.8053712741729484,0.02822049892509975,0.736842105263158,0.7957943925233645,0.8150206978119456,0.8234126984126984,0.8317757009345794
EEE-J,landmark_still_registered,score_free,56,id_test,0.8,selection_rate,10,0.797080291970803,0.04575244486050866,0.7299270072992701,0.7554744525547445,0.8029197080291971,0.833941605839416,0.8686131386861314
EEE-J,landmark_still_registered,score_free,56,id_test,0.8,selective_risk,10,0.20606781563855742,0.025141259700189156,0.16964285714285715,0.19104368932038834,0.2036036036036036,0.21257512713823393,0.25688073394495414
EEE-J,landmark_still_registered,score_free,56,id_test,0.8,selective_accuracy,10,0.7939321843614426,0.025141259700189145,0.7431192660550459,0.7874248728617661,0.7963963963963965,0.8089563106796117,0.8303571428571428
EEE-J,landmark_still_registered,score_free,56,id_test,0.9,selection_rate,10,0.8934306569343065,0.032131530937652884,0.8321167883211679,0.8777372262773723,0.8868613138686132,0.9142335766423357,0.9416058394160584
EEE-J,landmark_still_registered,score_free,56,id_test,0.9,selective_risk,10,0.22787272779199447,0.02111167335655413,0.19834710743801653,0.21761525907792736,0.2263211382113821,0.23411458333333335,0.2727272727272727
EEE-J,landmark_still_registered,score_free,56,id_test,0.9,selective_accuracy,10,0.7721272722080055,0.02111167335655414,0.7272727272727273,0.7658854166666667,0.7736788617886179,0.7823847409220727,0.8016528925619835
EEE-J,landmark_still_registered,score_free,56,id_test,0.95,selection_rate,10,0.9467153284671532,0.027104666553058158,0.8978102189781022,0.9343065693430657,0.9416058394160584,0.9616788321167884,0.9927007299270073
EEE-J,landmark_still_registered,score_free,56,id_test,0.95,selective_risk,10,0.23606695592841476,0.01794062410868802,0.21374045801526717,0.22164272685818515,0.23461174242424243,0.24262832180560612,0.2713178294573643
EEE-J,landmark_still_registered,score_free,56,id_test,0.95,selective_accuracy,10,0.7639330440715852,0.017940624108688026,0.7286821705426356,0.7573716781943939,0.7653882575757576,0.7783572731418149,0.7862595419847328
EEE-J,landmark_still_registered,score_free,56,ood_test,0.5,selection_rate,10,0.5068788501026693,0.05850865042462768,0.4240246406570842,0.4689425051334702,0.5112936344969199,0.5323408624229979,0.608829568788501
EEE-J,landmark_still_registered,score_free,56,ood_test,0.5,selective_risk,10,0.12135449505878275,0.00781757536860134,0.1089588377723971,0.11600714990138067,0.12292327454477935,0.12755350194552528,0.130879345603272
EEE-J,landmark_still_registered,score_free,56,ood_test,0.5,selective_accuracy,10,0.8786455049412172,0.007817575368601332,0.869120654396728,0.8724464980544747,0.8770767254552206,0.8839928500986193,0.8910411622276029
EEE-J,landmark_still_registered,score_free,56,ood_test,0.7,selection_rate,10,0.6698151950718685,0.05292804474365065,0.5913757700205339,0.6380903490759754,0.6663244353182751,0.7027720739219713,0.7515400410677618
EEE-J,landmark_still_registered,score_free,56,ood_test,0.7,selective_risk,10,0.14728522850362785,0.011528195994137822,0.1284722222222222,0.14069581184560087,0.14643021649009674,0.1574126870990734,0.16111111111111112
EEE-J,landmark_still_registered,score_free,56,ood_test,0.7,selective_accuracy,10,0.8527147714963721,0.011528195994137827,0.8388888888888889,0.8425873129009266,0.8535697835099032,0.8593041881543991,0.8715277777777778
EEE-J,landmark_still_registered,score_free,56,ood_test,0.8,selection_rate,10,0.7704312114989733,0.03897893367345578,0.7125256673511293,0.7402464065708418,0.7802874743326489,0.787217659137577,0.8285420944558521
EEE-J,landmark_still_registered,score_free,56,ood_test,0.8,selective_risk,10,0.16320885278116987,0.009372790282781993,0.14613180515759314,0.1604610849118832,0.16461623328512592,0.16798328373097735,0.17562254259501967
EEE-J,landmark_still_registered,score_free,56,ood_test,0.8,selective_accuracy,10,0.8367911472188302,0.009372790282781991,0.8243774574049804,0.8320167162690226,0.8353837667148741,0.8395389150881167,0.8538681948424068
EEE-J,landmark_still_registered,score_free,56,ood_test,0.9,selection_rate,10,0.8771047227926078,0.038385025643716104,0.8069815195071869,0.86652977412731,0.885523613963039,0.8952772073921972,0.9373716632443532
EEE-J,landmark_still_registered,score_free,56,ood_test,0.9,selective_risk,10,0.1859831821870536,0.007163463878212424,0.17772511848341233,0.18342448065018419,0.18427060636378137,0.18672045004608445,0.20372398685651696
EEE-J,landmark_still_registered,score_free,56,ood_test,0.9,selective_accuracy,10,0.8140168178129464,0.007163463878212415,0.7962760131434831,0.8132795499539156,0.8157293936362187,0.8165755193498159,0.8222748815165877
EEE-J,landmark_still_registered,score_free,56,ood_test,0.95,selection_rate,10,0.9350102669404519,0.03200567623856249,0.8675564681724846,0.9147843942505134,0.9425051334702259,0.9558521560574949,0.9702258726899384
EEE-J,landmark_still_registered,score_free,56,ood_test,0.95,selective_risk,10,0.19856743717692824,0.00912471866709547,0.1881656804733728,0.1901599433778391,0.1978888365026979,0.2037026890793136,0.2146652497343252
EEE-J,landmark_still_registered,score_free,56,ood_test,0.95,selective_accuracy,10,0.8014325628230718,0.009124718667095487,0.7853347502656748,0.7962973109206863,0.8021111634973022,0.8098400566221609,0.8118343195266272
FFF-B,landmark_still_registered,score_free,14,id_test,0.5,selection_rate,10,0.5157894736842106,0.04347787055819738,0.4166666666666667,0.4945175438596491,0.5307017543859649,0.5471491228070176,0.5570175438596491
FFF-B,landmark_still_registered,score_free,14,id_test,0.5,selective_risk,10,0.23668226402635706,0.03553427828100486,0.18947368421052632,0.20532142857142857,0.23504572009144017,0.2632034632034632,0.2892561983471074
FFF-B,landmark_still_registered,score_free,14,id_test,0.5,selective_accuracy,10,0.763317735973643,0.035534278281004854,0.7107438016528926,0.7367965367965368,0.7649542799085598,0.7946785714285715,0.8105263157894737
FFF-B,landmark_still_registered,score_free,14,id_test,0.7,selection_rate,10,0.7092105263157895,0.03998745143613564,0.6491228070175439,0.6885964912280702,0.7039473684210527,0.7171052631578947,0.7894736842105263
FFF-B,landmark_still_registered,score_free,14,id_test,0.7,selective_risk,10,0.2682236220833684,0.02766730913266121,0.23225806451612904,0.24577519237141487,0.25988175675675673,0.2953556263269639,0.3048780487804878
FFF-B,landmark_still_registered,score_free,14,id_test,0.7,selective_accuracy,10,0.7317763779166316,0.027667309132661213,0.6951219512195121,0.7046443736730361,0.7401182432432433,0.7542248076285851,0.7677419354838709
FFF-B,landmark_still_registered,score_free,14,id_test,0.8,selection_rate,10,0.7951754385964912,0.03372411237193839,0.7456140350877193,0.7807017543859649,0.7960526315789473,0.8092105263157895,0.868421052631579
FFF-B,landmark_still_registered,score_free,14,id_test,0.8,selective_risk,10,0.2831440708548213,0.028941183305577423,0.2411764705882353,0.26066047569411543,0.2876126126126126,0.30202303938258995,0.3224043715846995
FFF-B,landmark_still_registered,score_free,14,id_test,0.8,selective_accuracy,10,0.7168559291451786,0.02894118330557743,0.6775956284153005,0.69797696061741,0.7123873873873874,0.7393395243058847,0.7588235294117647
FFF-B,landmark_still_registered,score_free,14,id_test,0.9,selection_rate,10,0.8982456140350876,0.03086146152504974,0.8552631578947368,0.8793859649122806,0.8969298245614035,0.9035087719298246,0.9605263157894737
FFF-B,landmark_still_registered,score_free,14,id_test,0.9,selective_risk,10,0.30094793012280874,0.02866477107065281,0.26153846153846155,0.2745241757185427,0.30652414556524143,0.32356220657276996,0.3382352941176471
FFF-B,landmark_still_registered,score_free,14,id_test,0.9,selective_accuracy,10,0.6990520698771913,0.028664771070652812,0.6617647058823529,0.6764377934272301,0.6934758544347586,0.7254758242814573,0.7384615384615385
FFF-B,landmark_still_registered,score_free,14,id_test,0.95,selection_rate,10,0.9491228070175438,0.02954518848905059,0.9035087719298246,0.9298245614035088,0.9473684210526316,0.9736842105263158,0.9912280701754386
FFF-B,landmark_still_registered,score_free,14,id_test,0.95,selective_risk,10,0.31007072313434114,0.028613322084139674,0.2641509433962264,0.2920977197292987,0.3123783738048904,0.3333539961980329,0.35046728971962615
FFF-B,landmark_still_registered,score_free,14,id_test,0.95,selective_accuracy,10,0.6899292768656589,0.02861332208413969,0.6495327102803738,0.6666460038019671,0.6876216261951096,0.7079022802707012,0.7358490566037736
FFF-B,landmark_still_registered,score_free,14,ood_test,0.5,selection_rate,10,0.4956487341772152,0.03060492268019731,0.4596518987341772,0.474881329113924,0.4873417721518988,0.5197784810126582,0.5403481012658228
FFF-B,landmark_still_registered,score_free,14,ood_test,0.5,selective_risk,10,0.23359338545086908,0.00991411257206853,0.21305841924398625,0.22818275443695157,0.23397393233499722,0.24016523423849817,0.24766355140186916
FFF-B,landmark_still_registered,score_free,14,ood_test,0.5,selective_accuracy,10,0.7664066145491311,0.009914112572068513,0.7523364485981309,0.7598347657615019,0.7660260676650028,0.7718172455630484,0.7869415807560137
FFF-B,landmark_still_registered,score_free,14,ood_test,0.7,selection_rate,10,0.6958860759493671,0.03444500689853823,0.6257911392405063,0.6853243670886076,0.6965981012658229,0.7122231012658228,0.757120253164557
FFF-B,landmark_still_registered,score_free,14,ood_test,0.7,selective_risk,10,0.2861448670526313,0.011283303295120789,0.26801517067003794,0.2791193181818182,0.28411923338744305,0.2962843642611684,0.3014623172103487
FFF-B,landmark_still_registered,score_free,14,ood_test,0.7,selective_accuracy,10,0.7138551329473686,0.011283303295120803,0.6985376827896512,0.7037156357388316,0.715880766612557,0.7208806818181819,0.731984829329962
FFF-B,landmark_still_registered,score_free,14,ood_test,0.8,selection_rate,10,0.7876582278481011,0.029240536772166488,0.7515822784810127,0.761867088607595,0.7895569620253164,0.8051819620253164,0.8433544303797469
FFF-B,landmark_still_registered,score_free,14,ood_test,0.8,selective_risk,10,0.3061701774771903,0.010698968892072011,0.2822085889570552,0.3014457793167518,0.3075007360171179,0.31294418462560053,0.32082551594746717
FFF-B,landmark_still_registered,score_free,14,ood_test,0.8,selective_accuracy,10,0.6938298225228097,0.01069896889207202,0.6791744840525329,0.6870558153743994,0.6924992639828821,0.6985542206832481,0.7177914110429449
FFF-B,landmark_still_registered,score_free,14,ood_test,0.9,selection_rate,10,0.8939082278481013,0.02958397697619199,0.8457278481012658,0.8783623417721519,0.9007120253164558,0.9072389240506329,0.944620253164557
FFF-B,landmark_still_registered,score_free,14,ood_test,0.9,selective_risk,10,0.3270625487935496,0.011635936078624223,0.3011722272317403,0.3221367076525645,0.32783188905695587,0.3352923110220979,0.3404987102321582
FFF-B,landmark_still_registered,score_free,14,ood_test,0.9,selective_accuracy,10,0.6729374512064503,0.011635936078624207,0.6595012897678418,0.6647076889779021,0.6721681109430441,0.6778632923474355,0.6988277727682597
FFF-B,landmark_still_registered,score_free,14,ood_test,0.95,selection_rate,10,0.9447784810126583,0.022428948626136164,0.9153481012658228,0.9256329113924051,0.9418512658227848,0.9645965189873418,0.9754746835443038
FFF-B,landmark_still_registered,score_free,14,ood_test,0.95,selective_risk,10,0.33773090870520034,0.011237521804766684,0.3125,0.3338375108038029,0.3381854821271378,0.34614203815669936,0.3516393442622951
FFF-B,landmark_still_registered,score_free,14,ood_test,0.95,selective_accuracy,10,0.6622690912947998,0.011237521804766693,0.6483606557377048,0.6538579618433007,0.6618145178728623,0.6661624891961971,0.6875
FFF-B,landmark_still_registered,score_free,56,id_test,0.5,selection_rate,10,0.5202830188679246,0.05369214841991448,0.41037735849056606,0.4976415094339623,0.5188679245283019,0.5495283018867925,0.5990566037735849
FFF-B,landmark_still_registered,score_free,56,id_test,0.5,selective_risk,10,0.1766038792466464,0.0387571636069387,0.1262135922330097,0.16348464619492659,0.1694988479262673,0.18072382727555142,0.25984251968503935
FFF-B,landmark_still_registered,score_free,56,id_test,0.5,selective_accuracy,10,0.8233961207533536,0.03875716360693871,0.7401574803149606,0.8192761727244486,0.8305011520737327,0.8365153538050735,0.8737864077669903
FFF-B,landmark_still_registered,score_free,56,id_test,0.7,selection_rate,10,0.7113207547169812,0.047835966968066475,0.6462264150943396,0.6851415094339622,0.7051886792452831,0.7547169811320755,0.7735849056603774
FFF-B,landmark_still_registered,score_free,56,id_test,0.7,selective_risk,10,0.21386492964868725,0.033099208727812586,0.17518248175182483,0.1859259259259259,0.21360386879730867,0.22593546014526064,0.27439024390243905
FFF-B,landmark_still_registered,score_free,56,id_test,0.7,selective_accuracy,10,0.7861350703513127,0.03309920872781259,0.725609756097561,0.7740645398547393,0.7863961312026914,0.8140740740740742,0.8248175182481752
FFF-B,landmark_still_registered,score_free,56,id_test,0.8,selection_rate,10,0.8047169811320755,0.049880201406033595,0.7311320754716981,0.7688679245283019,0.804245283018868,0.8313679245283019,0.8867924528301887
FFF-B,landmark_still_registered,score_free,56,id_test,0.8,selective_risk,10,0.2317274278578736,0.027817085567962953,0.19411764705882353,0.21701442956503686,0.2279855834794467,0.23933408003258322,0.28191489361702127
FFF-B,landmark_still_registered,score_free,56,id_test,0.8,selective_accuracy,10,0.7682725721421263,0.027817085567962967,0.7180851063829787,0.7606659199674167,0.7720144165205534,0.7829855704349632,0.8058823529411765
FFF-B,landmark_still_registered,score_free,56,id_test,0.9,selection_rate,10,0.8933962264150944,0.029599865725157465,0.8443396226415094,0.8785377358490566,0.8891509433962264,0.9091981132075472,0.9386792452830188
FFF-B,landmark_still_registered,score_free,56,id_test,0.9,selective_risk,10,0.25196274419971415,0.02963458904455224,0.19786096256684493,0.23841185410334345,0.2480239740368509,0.2724878960332965,0.3016759776536313
FFF-B,landmark_still_registered,score_free,56,id_test,0.9,selective_accuracy,10,0.7480372558002857,0.02963458904455224,0.6983240223463687,0.7275121039667035,0.7519760259631492,0.7615881458966565,0.8021390374331551
FFF-B,landmark_still_registered,score_free,56,id_test,0.95,selection_rate,10,0.9556603773584905,0.01281229483488261,0.9292452830188679,0.9528301886792453,0.9575471698113207,0.9610849056603774,0.9764150943396226
FFF-B,landmark_still_registered,score_free,56,id_test,0.95,selective_risk,10,0.2656793790400124,0.03499759405444742,0.2079207920792079,0.2531064356435644,0.257347110416917,0.275415863496823,0.3401015228426396
FFF-B,landmark_still_registered,score_free,56,id_test,0.95,selective_accuracy,10,0.7343206209599875,0.034997594054447426,0.6598984771573604,0.724584136503177,0.7426528895830831,0.7468935643564356,0.7920792079207921
FFF-B,landmark_still_registered,score_free,56,ood_test,0.5,selection_rate,10,0.4737232289950576,0.04123272125731037,0.4052718286655684,0.4489291598023064,0.46334431630971995,0.5076194398682043,0.5370675453047776
FFF-B,landmark_still_registered,score_free,56,ood_test,0.5,selective_risk,10,0.1638695557363587,0.010820706225911464,0.1443089430894309,0.15813875212840378,0.16506453048509123,0.17281683040885495,0.1774193548387097
FFF-B,landmark_still_registered,score_free,56,ood_test,0.5,selective_accuracy,10,0.8361304442636414,0.01082070622591147,0.8225806451612903,0.827183169591145,0.8349354695149087,0.8418612478715961,0.8556910569105691
FFF-B,landmark_still_registered,score_free,56,ood_test,0.7,selection_rate,10,0.6738879736408567,0.032319285893343166,0.6252059308072487,0.6598023064250411,0.6709225700164745,0.6908978583196046,0.7257001647446458
FFF-B,landmark_still_registered,score_free,56,ood_test,0.7,selective_risk,10,0.2101878040303279,0.008708672197690746,0.19533169533169534,0.20445491716436068,0.2100919536223802,0.21553030303030304,0.22587968217934165
FFF-B,landmark_still_registered,score_free,56,ood_test,0.7,selective_accuracy,10,0.7898121959696722,0.008708672197690736,0.7741203178206584,0.7844696969696969,0.7899080463776198,0.7955450828356393,0.8046683046683046
FFF-B,landmark_still_registered,score_free,56,ood_test,0.8,selection_rate,10,0.7916803953871498,0.033041353986919195,0.7355848434925865,0.7792421746293245,0.7862438220757826,0.820840197693575,0.8377265238879736
FFF-B,landmark_still_registered,score_free,56,ood_test,0.8,selective_risk,10,0.23724100545270757,0.007892257484245678,0.22339304531085352,0.23424799005019323,0.23717191230215406,0.23885034687809711,0.25443169968717416
FFF-B,landmark_still_registered,score_free,56,ood_test,0.8,selective_accuracy,10,0.7627589945472923,0.007892257484245683,0.7455683003128258,0.7611496531219029,0.7628280876978459,0.7657520099498067,0.7766069546891465
FFF-B,landmark_still_registered,score_free,56,ood_test,0.9,selection_rate,10,0.8951400329489291,0.019959312251550513,0.8673805601317958,0.8787067545304778,0.8945634266886326,0.91165568369028,0.9233937397034596
FFF-B,landmark_still_registered,score_free,56,ood_test,0.9,selective_risk,10,0.25967161102640607,0.008389603015387914,0.24410933081998115,0.2543103378996314,0.26168820840111245,0.26660277370616753,0.26887661141804786
FFF-B,landmark_still_registered,score_free,56,ood_test,0.9,selective_accuracy,10,0.7403283889735939,0.008389603015387928,0.7311233885819521,0.7333972262938324,0.7383117915988875,0.7456896621003686,0.7558906691800189
FFF-B,landmark_still_registered,score_free,56,ood_test,0.95,selection_rate,10,0.9485996705107084,0.014331626927638742,0.9209225700164745,0.9394563426688632,0.9497528830313016,0.9565485996705106,0.9678747940691927
FFF-B,landmark_still_registered,score_free,56,ood_test,0.95,selective_risk,10,0.2712287808007128,0.009187353066038285,0.2558139534883721,0.26546098348747227,0.2712789988354253,0.2745795306784625,0.28484848484848485
FFF-B,landmark_still_registered,score_free,56,ood_test,0.95,selective_accuracy,10,0.7287712191992871,0.009187353066038302,0.7151515151515151,0.7254204693215375,0.7287210011645747,0.7345390165125277,0.7441860465116279
FFF-J,landmark_still_registered,score_free,14,id_test,0.5,selection_rate,10,0.5016666666666667,0.036792712643996556,0.4666666666666667,0.47,0.49,0.5308333333333333,0.56
FFF-J,landmark_still_registered,score_free,14,id_test,0.5,selective_risk,10,0.21778896689931226,0.04067414682459608,0.12857142857142856,0.20604103343465047,0.2305033400652478,0.2453807390817469,0.2619047619047619
FFF-J,landmark_still_registered,score_free,14,id_test,0.5,selective_accuracy,10,0.7822110331006877,0.04067414682459607,0.7380952380952381,0.754619260918253,0.7694966599347522,0.7939589665653496,0.8714285714285714
FFF-J,landmark_still_registered,score_free,14,id_test,0.7,selection_rate,10,0.7026666666666668,0.03731083978460014,0.6533333333333333,0.6766666666666666,0.7033333333333334,0.7308333333333333,0.7566666666666667
FFF-J,landmark_still_registered,score_free,14,id_test,0.7,selective_risk,10,0.258540094287963,0.03483469111412985,0.19626168224299065,0.2310022026431718,0.26150959900557064,0.2877326565143824,0.3031674208144796
FFF-J,landmark_still_registered,score_free,14,id_test,0.7,selective_accuracy,10,0.741459905712037,0.034834691114129845,0.6968325791855203,0.7122673434856176,0.7384904009944293,0.7689977973568283,0.8037383177570093
FFF-J,landmark_still_registered,score_free,14,id_test,0.8,selection_rate,10,0.8033333333333333,0.03890475866669245,0.74,0.7775,0.7933333333333333,0.8358333333333333,0.8566666666666667
FFF-J,landmark_still_registered,score_free,14,id_test,0.8,selective_risk,10,0.27000963584631144,0.03462667415135948,0.22072072072072071,0.2373499284977884,0.27560919377150356,0.29839330912292283,0.3117408906882591
FFF-J,landmark_still_registered,score_free,14,id_test,0.8,selective_accuracy,10,0.7299903641536885,0.03462667415135949,0.688259109311741,0.701606690877077,0.7243908062284964,0.7626500715022116,0.7792792792792793
FFF-J,landmark_still_registered,score_free,14,id_test,0.9,selection_rate,10,0.9073333333333332,0.030053450326762966,0.8666666666666667,0.8841666666666667,0.9116666666666666,0.9266666666666666,0.96
FFF-J,landmark_still_registered,score_free,14,id_test,0.9,selective_risk,10,0.2872422448476569,0.033679719246874566,0.24060150375939848,0.2578491923442378,0.29344115948117416,0.3025323275862069,0.34767025089605735
FFF-J,landmark_still_registered,score_free,14,id_test,0.9,selective_accuracy,10,0.7127577551523431,0.03367971924687457,0.6523297491039426,0.6974676724137931,0.7065588405188259,0.7421508076557621,0.7593984962406015
FFF-J,landmark_still_registered,score_free,14,id_test,0.95,selection_rate,10,0.9426666666666668,0.018445783083953005,0.92,0.9283333333333333,0.9383333333333334,0.9566666666666667,0.9766666666666667
FFF-J,landmark_still_registered,score_free,14,id_test,0.95,selective_risk,10,0.294362952651364,0.030983344423698995,0.24738675958188153,0.2705357142857143,0.29951949081120516,0.31027328308002067,0.34843205574912894
FFF-J,landmark_still_registered,score_free,14,id_test,0.95,selective_accuracy,10,0.7056370473486361,0.030983344423699,0.6515679442508711,0.6897267169199794,0.7004805091887949,0.7294642857142857,0.7526132404181185
FFF-J,landmark_still_registered,score_free,14,ood_test,0.5,selection_rate,10,0.5194444444444444,0.029080560729560893,0.4672222222222222,0.5022222222222222,0.5213888888888889,0.543611111111111,0.5555555555555556
FFF-J,landmark_still_registered,score_free,14,ood_test,0.5,selective_risk,10,0.21541323417404618,0.010202192571900387,0.19976218787158145,0.20871207434846842,0.2184942492651046,0.22129772883241766,0.231
FFF-J,landmark_still_registered,score_free,14,ood_test,0.5,selective_accuracy,10,0.7845867658259539,0.01020219257190039,0.769,0.7787022711675824,0.7815057507348955,0.7912879256515315,0.8002378121284186
FFF-J,landmark_still_registered,score_free,14,ood_test,0.7,selection_rate,10,0.7073888888888888,0.025354888490592316,0.6555555555555556,0.7016666666666667,0.7147222222222223,0.7272222222222222,0.7294444444444445
FFF-J,landmark_still_registered,score_free,14,ood_test,0.7,selective_risk,10,0.2506766461415844,0.01056344800023487,0.2305084745762712,0.24714978775015162,0.25320217440664605,0.2579545771181246,0.2646834477498093
FFF-J,landmark_still_registered,score_free,14,ood_test,0.7,selective_accuracy,10,0.7493233538584156,0.01056344800023486,0.7353165522501908,0.7420454228818755,0.746797825593354,0.7528502122498484,0.7694915254237288
FFF-J,landmark_still_registered,score_free,14,ood_test,0.8,selection_rate,10,0.8016666666666667,0.01923787987143785,0.765,0.7923611111111111,0.7983333333333333,0.8163888888888888,0.8316666666666667
FFF-J,landmark_still_registered,score_free,14,ood_test,0.8,selective_risk,10,0.27145469350561036,0.008696139366760905,0.25780682643427744,0.2652907771839811,0.2718255611892689,0.27519334940664436,0.2882392929979606
FFF-J,landmark_still_registered,score_free,14,ood_test,0.8,selective_accuracy,10,0.7285453064943896,0.008696139366760901,0.7117607070020394,0.7248066505933557,0.728174438810731,0.7347092228160189,0.7421931735657226
FFF-J,landmark_still_registered,score_free,14,ood_test,0.9,selection_rate,10,0.905888888888889,0.020068811665021176,0.8772222222222222,0.8941666666666667,0.9063888888888889,0.9238888888888889,0.93
FFF-J,landmark_still_registered,score_free,14,ood_test,0.9,selective_risk,10,0.2917331275810925,0.008766819603623386,0.2811906269791007,0.2870960515833576,0.29046056350203814,0.2926802915980633,0.3138075313807531
FFF-J,landmark_still_registered,score_free,14,ood_test,0.9,selective_accuracy,10,0.7082668724189075,0.00876681960362338,0.6861924686192469,0.7073197084019367,0.7095394364979618,0.7129039484166424,0.7188093730208993
FFF-J,landmark_still_registered,score_free,14,ood_test,0.95,selection_rate,10,0.9438333333333334,0.01592474155802807,0.9233333333333333,0.9330555555555555,0.9427777777777777,0.9540277777777778,0.97
FFF-J,landmark_still_registered,score_free,14,ood_test,0.95,selective_risk,10,0.29947757287512716,0.00805662393380477,0.29038004750593827,0.29407893497999443,0.29875628019582423,0.3033608380617491,0.3171445289643066
FFF-J,landmark_still_registered,score_free,14,ood_test,0.95,selective_accuracy,10,0.7005224271248728,0.008056623933804782,0.6828554710356933,0.6966391619382508,0.7012437198041758,0.7059210650200055,0.7096199524940617
FFF-J,landmark_still_registered,score_free,56,id_test,0.5,selection_rate,10,0.5059027777777778,0.020116926082793456,0.4791666666666667,0.49392361111111116,0.5034722222222222,0.5217013888888888,0.5381944444444444
FFF-J,landmark_still_registered,score_free,56,id_test,0.5,selective_risk,10,0.14750851019972952,0.020494400161825865,0.10526315789473684,0.13913170163170163,0.1478062338693667,0.1580566493645964,0.18064516129032257
FFF-J,landmark_still_registered,score_free,56,id_test,0.5,selective_accuracy,10,0.8524914898002705,0.020494400161825865,0.8193548387096774,0.8419433506354036,0.8521937661306334,0.8608682983682984,0.8947368421052632
FFF-J,landmark_still_registered,score_free,56,id_test,0.7,selection_rate,10,0.7128472222222222,0.03714718863001419,0.6597222222222222,0.6848958333333334,0.7118055555555556,0.7430555555555556,0.7708333333333334
FFF-J,landmark_still_registered,score_free,56,id_test,0.7,selective_risk,10,0.19221944804028457,0.015411883360280761,0.17307692307692307,0.178042719678545,0.19295665634674922,0.19906283710895362,0.21621621621621623
FFF-J,landmark_still_registered,score_free,56,id_test,0.7,selective_accuracy,10,0.8077805519597154,0.01541188336028076,0.7837837837837838,0.8009371628910464,0.8070433436532508,0.821957280321455,0.8269230769230769
FFF-J,landmark_still_registered,score_free,56,id_test,0.8,selection_rate,10,0.8079861111111113,0.02778018893856334,0.7708333333333334,0.7829861111111112,0.8055555555555556,0.8289930555555556,0.8472222222222222
FFF-J,landmark_still_registered,score_free,56,id_test,0.8,selective_risk,10,0.217010049884582,0.014520178386600765,0.18907563025210083,0.20892076502732243,0.21980676328502413,0.22876154314047148,0.23555555555555555
FFF-J,landmark_still_registered,score_free,56,id_test,0.8,selective_accuracy,10,0.7829899501154179,0.01452017838660076,0.7644444444444445,0.7712384568595285,0.7801932367149759,0.7910792349726776,0.8109243697478992
FFF-J,landmark_still_registered,score_free,56,id_test,0.9,selection_rate,10,0.9041666666666668,0.02019335971070778,0.8576388888888888,0.896701388888889,0.90625,0.9184027777777777,0.9270833333333334
FFF-J,landmark_still_registered,score_free,56,id_test,0.9,selective_risk,10,0.23891065165328912,0.018907095798284694,0.19305019305019305,0.2351218438050499,0.24293467130862173,0.2509931917087446,0.2558139534883721
FFF-J,landmark_still_registered,score_free,56,id_test,0.9,selective_accuracy,10,0.7610893483467108,0.01890709579828468,0.7441860465116279,0.7490068082912554,0.7570653286913782,0.76487815619495,0.8069498069498069
FFF-J,landmark_still_registered,score_free,56,id_test,0.95,selection_rate,10,0.9524305555555556,0.018303877618446224,0.9097222222222222,0.9453125,0.953125,0.9644097222222222,0.9722222222222222
FFF-J,landmark_still_registered,score_free,56,id_test,0.95,selective_risk,10,0.2482584776848425,0.017022964380264117,0.2116788321167883,0.241735347985348,0.25140874392782786,0.2534342482480357,0.2785714285714286
FFF-J,landmark_still_registered,score_free,56,id_test,0.95,selective_accuracy,10,0.7517415223151576,0.017022964380264124,0.7214285714285714,0.7465657517519644,0.7485912560721721,0.758264652014652,0.7883211678832117
FFF-J,landmark_still_registered,score_free,56,ood_test,0.5,selection_rate,10,0.4618436406067678,0.036800037155575296,0.40781796966161027,0.43319719953325553,0.4687864644107351,0.47607934655775963,0.5379229871645275
FFF-J,landmark_still_registered,score_free,56,ood_test,0.5,selective_risk,10,0.13897585493918055,0.011888760686133126,0.11382113821138211,0.13495630461922598,0.14161514800366443,0.14531688728439632,0.1530758226037196
FFF-J,landmark_still_registered,score_free,56,ood_test,0.5,selective_accuracy,10,0.8610241450608195,0.011888760686133143,0.8469241773962803,0.8546831127156037,0.8583848519963355,0.8650436953807741,0.8861788617886179
FFF-J,landmark_still_registered,score_free,56,ood_test,0.7,selection_rate,10,0.6768378063010502,0.024615654210310058,0.646441073512252,0.6640898483080514,0.6677362893815636,0.6944282380396732,0.7240373395565928
FFF-J,landmark_still_registered,score_free,56,ood_test,0.7,selective_risk,10,0.18736834442490566,0.010761283643298028,0.16696750902527077,0.18149046557626008,0.18835803274216717,0.196654651439532,0.2
FFF-J,landmark_still_registered,score_free,56,ood_test,0.7,selective_accuracy,10,0.8126316555750943,0.010761283643298024,0.8,0.803345348560468,0.8116419672578328,0.81850953442374,0.8330324909747292
FFF-J,landmark_still_registered,score_free,56,ood_test,0.8,selection_rate,10,0.7750875145857642,0.021887504149298843,0.735705950991832,0.757147024504084,0.7820886814469078,0.7922987164527421,0.8010501750291715
FFF-J,landmark_still_registered,score_free,56,ood_test,0.8,selective_risk,10,0.20769840812033058,0.00832513899570943,0.1959721146398141,0.20147380471208207,0.20670675478367787,0.21511690350297422,0.21916790490341753
FFF-J,landmark_still_registered,score_free,56,ood_test,0.8,selective_accuracy,10,0.7923015918796694,0.00832513899570943,0.7808320950965825,0.7848830964970257,0.7932932452163222,0.7985261952879179,0.8040278853601859
FFF-J,landmark_still_registered,score_free,56,ood_test,0.9,selection_rate,10,0.8896149358226373,0.02017091613101082,0.8494749124854143,0.8789381563593932,0.8888564760793465,0.9008168028004668,0.9200700116686115
FFF-J,landmark_still_registered,score_free,56,ood_test,0.9,selective_risk,10,0.23362050004765536,0.00784098231069791,0.2190934065934066,0.22983662168302915,0.23458011618578778,0.23950557921570423,0.24442988204456095
FFF-J,landmark_still_registered,score_free,56,ood_test,0.9,selective_accuracy,10,0.7663794999523447,0.007840982310697906,0.755570117955439,0.7604944207842957,0.7654198838142122,0.7701633783169708,0.7809065934065934
FFF-J,landmark_still_registered,score_free,56,ood_test,0.95,selection_rate,10,0.9385647607934656,0.018324323232643203,0.9054842473745625,0.9296966161026837,0.9372812135355892,0.9525962660443408,0.9626604434072346
FFF-J,landmark_still_registered,score_free,56,ood_test,0.95,selective_risk,10,0.24472396550191186,0.006283222889280381,0.2338917525773196,0.24153801326021743,0.24555989218555274,0.2494731970538422,0.2535915053091818
FFF-J,landmark_still_registered,score_free,56,ood_test,0.95,selective_accuracy,10,0.755276034498088,0.006283222889280373,0.7464084946908183,0.7505268029461578,0.7544401078144473,0.7584619867397826,0.7661082474226804
GGG-J,landmark_still_registered,score_free,14,id_test,0.5,selection_rate,10,0.5142857142857142,0.04123930494211613,0.44285714285714284,0.5089285714285714,0.5214285714285715,0.5285714285714286,0.5928571428571429
GGG-J,landmark_still_registered,score_free,14,id_test,0.5,selective_risk,10,0.296229228076332,0.05101355428536521,0.22972972972972974,0.2573266037121459,0.2917229403820181,0.32318824569155985,0.4027777777777778
GGG-J,landmark_still_registered,score_free,14,id_test,0.5,selective_accuracy,10,0.7037707719236681,0.05101355428536521,0.5972222222222222,0.6768117543084402,0.7082770596179818,0.7426733962878541,0.7702702702702703
GGG-J,landmark_still_registered,score_free,14,id_test,0.7,selection_rate,10,0.7128571428571429,0.046266505910442374,0.6642857142857143,0.6785714285714286,0.6964285714285714,0.7607142857142857,0.7785714285714286
GGG-J,landmark_still_registered,score_free,14,id_test,0.7,selective_risk,10,0.3183076166106231,0.03286825844285323,0.26881720430107525,0.29797979797979796,0.3174132038136356,0.3368421052631579,0.375
GGG-J,landmark_still_registered,score_free,14,id_test,0.7,selective_accuracy,10,0.6816923833893769,0.03286825844285323,0.625,0.6631578947368422,0.6825867961863644,0.702020202020202,0.7311827956989247
GGG-J,landmark_still_registered,score_free,14,id_test,0.8,selection_rate,10,0.8099999999999999,0.04928053803045814,0.7,0.7875,0.8214285714285714,0.8357142857142857,0.8642857142857143
GGG-J,landmark_still_registered,score_free,14,id_test,0.8,selective_risk,10,0.3336295740510167,0.03063362439561216,0.2857142857142857,0.31745471653728535,0.32602952602952606,0.36247086247086246,0.37168141592920356
GGG-J,landmark_still_registered,score_free,14,id_test,0.8,selective_accuracy,10,0.6663704259489833,0.030633624395612163,0.6283185840707964,0.6375291375291375,0.6739704739704739,0.6825452834627146,0.7142857142857143
GGG-J,landmark_still_registered,score_free,14,id_test,0.9,selection_rate,10,0.9085714285714286,0.050932350312841664,0.8142857142857143,0.8875,0.9178571428571428,0.9410714285714286,0.9785714285714285
GGG-J,landmark_still_registered,score_free,14,id_test,0.9,selective_risk,10,0.34923493559815494,0.029640189142798867,0.31007751937984496,0.32158786797502226,0.35293629727936293,0.37195226159279937,0.3870967741935484
GGG-J,landmark_still_registered,score_free,14,id_test,0.9,selective_accuracy,10,0.650765064401845,0.02964018914279887,0.6129032258064516,0.6280477384072005,0.6470637027206371,0.6784121320249777,0.689922480620155
GGG-J,landmark_still_registered,score_free,14,id_test,0.95,selection_rate,10,0.9457142857142857,0.02288688541085319,0.9214285714285714,0.9303571428571429,0.9357142857142857,0.9571428571428572,0.9857142857142858
GGG-J,landmark_still_registered,score_free,14,id_test,0.95,selective_risk,10,0.3525142694286049,0.033093704748568556,0.3023255813953488,0.3262789107895636,0.3618710648019168,0.38085284280936454,0.3880597014925373
GGG-J,landmark_still_registered,score_free,14,id_test,0.95,selective_accuracy,10,0.647485730571395,0.03309370474856854,0.6119402985074627,0.6191471571906355,0.6381289351980832,0.6737210892104364,0.6976744186046512
GGG-J,landmark_still_registered,score_free,14,ood_test,0.5,selection_rate,10,0.4875871687587169,0.03802075255435525,0.4351464435146444,0.4609483960948396,0.48884239888423986,0.504881450488145,0.5690376569037657
GGG-J,landmark_still_registered,score_free,14,ood_test,0.5,selective_risk,10,0.30513820005678394,0.04980294363139179,0.27873563218390807,0.28669425087108014,0.29172568460812087,0.2928789761025205,0.44607843137254904
GGG-J,landmark_still_registered,score_free,14,ood_test,0.5,selective_accuracy,10,0.6948617999432161,0.049802943631391774,0.553921568627451,0.7071210238974794,0.7082743153918791,0.7133057491289199,0.7212643678160919
GGG-J,landmark_still_registered,score_free,14,ood_test,0.7,selection_rate,10,0.693165969316597,0.041394382686289276,0.6178521617852162,0.6582984658298466,0.7105997210599722,0.7228033472803347,0.7433751743375174
GGG-J,landmark_still_registered,score_free,14,ood_test,0.7,selective_risk,10,0.3240062560872105,0.03608006063008065,0.30057803468208094,0.30996605979595615,0.3125580925439483,0.320908352088022,0.4238921001926782
GGG-J,landmark_still_registered,score_free,14,ood_test,0.7,selective_accuracy,10,0.6759937439127894,0.03608006063008065,0.5761078998073218,0.6790916479119781,0.6874419074560517,0.6900339402040438,0.699421965317919
GGG-J,landmark_still_registered,score_free,14,ood_test,0.8,selection_rate,10,0.799581589958159,0.047954839792603926,0.698744769874477,0.7740585774058577,0.801255230125523,0.8375174337517434,0.8549511854951185
GGG-J,landmark_still_registered,score_free,14,ood_test,0.8,selective_risk,10,0.33516166088373295,0.02590422237196992,0.30517241379310345,0.3235838106395904,0.3312798194713088,0.33922904766676687,0.40165289256198344
GGG-J,landmark_still_registered,score_free,14,ood_test,0.8,selective_accuracy,10,0.664838339116267,0.02590422237196992,0.5983471074380166,0.6607709523332331,0.6687201805286912,0.6764161893604096,0.6948275862068966
GGG-J,landmark_still_registered,score_free,14,ood_test,0.9,selection_rate,10,0.8941422594142259,0.024418982813506743,0.8298465829846583,0.8943514644351465,0.900278940027894,0.907252440725244,0.9149232914923291
GGG-J,landmark_still_registered,score_free,14,ood_test,0.9,selective_risk,10,0.34889559756300736,0.01841152329776687,0.3291731669266771,0.33803945017790965,0.3464528492444744,0.35111431817700656,0.3941267387944359
GGG-J,landmark_still_registered,score_free,14,ood_test,0.9,selective_accuracy,10,0.6511044024369926,0.01841152329776686,0.6058732612055642,0.6488856818229934,0.6535471507555257,0.6619605498220903,0.6708268330733229
GGG-J,landmark_still_registered,score_free,14,ood_test,0.95,selection_rate,10,0.9411436541143654,0.021724317053136218,0.8926080892608089,0.9323570432357043,0.9463040446304045,0.957810320781032,0.9637377963737797
GGG-J,landmark_still_registered,score_free,14,ood_test,0.95,selective_risk,10,0.3551244055365165,0.013621466310805703,0.3388804841149773,0.3421571160927709,0.35868158284023666,0.3614621546124592,0.38226744186046513
GGG-J,landmark_still_registered,score_free,14,ood_test,0.95,selective_accuracy,10,0.6448755944634835,0.0136214663108057,0.6177325581395349,0.6385378453875408,0.6413184171597633,0.6578428839072291,0.6611195158850227
GGG-J,landmark_still_registered,score_free,56,id_test,0.5,selection_rate,10,0.5086956521739131,0.055901047123256414,0.37681159420289856,0.4927536231884058,0.5108695652173914,0.5471014492753623,0.572463768115942
GGG-J,landmark_still_registered,score_free,56,id_test,0.5,selective_risk,10,0.2587821680228982,0.043342612731430835,0.19117647058823528,0.22514266900790167,0.25486854917234664,0.2885338345864662,0.32432432432432434
GGG-J,landmark_still_registered,score_free,56,id_test,0.5,selective_accuracy,10,0.7412178319771019,0.043342612731430835,0.6756756756756757,0.7114661654135338,0.7451314508276534,0.7748573309920983,0.8088235294117647
GGG-J,landmark_still_registered,score_free,56,id_test,0.7,selection_rate,10,0.6891304347826087,0.05710402407201607,0.6086956521739131,0.6413043478260869,0.6992753623188406,0.7137681159420289,0.7971014492753623
GGG-J,landmark_still_registered,score_free,56,id_test,0.7,selective_risk,10,0.2709207795321437,0.03470632002013986,0.21428571428571427,0.2612215909090909,0.27453488372093027,0.29018820426756176,0.3229166666666667
GGG-J,landmark_still_registered,score_free,56,id_test,0.7,selective_accuracy,10,0.7290792204678562,0.03470632002013986,0.6770833333333333,0.7098117957324382,0.7254651162790697,0.7387784090909091,0.7857142857142857
GGG-J,landmark_still_registered,score_free,56,id_test,0.8,selection_rate,10,0.7869565217391304,0.043100885068976746,0.717391304347826,0.7644927536231885,0.8007246376811594,0.8043478260869565,0.855072463768116
GGG-J,landmark_still_registered,score_free,56,id_test,0.8,selective_risk,10,0.2798109857636065,0.030384098275283714,0.22522522522522523,0.2793747136967476,0.2837662337662338,0.2961141170683719,0.3153153153153153
GGG-J,landmark_still_registered,score_free,56,id_test,0.8,selective_accuracy,10,0.7201890142363935,0.030384098275283714,0.6846846846846847,0.7038858829316281,0.7162337662337663,0.7206252863032524,0.7747747747747747
GGG-J,landmark_still_registered,score_free,56,id_test,0.9,selection_rate,10,0.8876811594202898,0.03807701152278853,0.7971014492753623,0.8768115942028986,0.894927536231884,0.9057971014492754,0.9347826086956522
GGG-J,landmark_still_registered,score_free,56,id_test,0.9,selective_risk,10,0.29896004491307243,0.03629684749920586,0.224,0.28964341085271317,0.3020864381520119,0.3221259842519685,0.34710743801652894
GGG-J,landmark_still_registered,score_free,56,id_test,0.9,selective_accuracy,10,0.7010399550869277,0.036296847499205864,0.6528925619834711,0.6778740157480315,0.6979135618479881,0.7103565891472867,0.776
GGG-J,landmark_still_registered,score_free,56,id_test,0.95,selection_rate,10,0.9376811594202896,0.01748498654188781,0.9130434782608695,0.9221014492753623,0.9456521739130435,0.9492753623188406,0.9565217391304348
GGG-J,landmark_still_registered,score_free,56,id_test,0.95,selective_risk,10,0.3047354143292977,0.03732247295817363,0.2230769230769231,0.29601839000693964,0.30418690724034236,0.32624642175572516,0.35714285714285715
GGG-J,landmark_still_registered,score_free,56,id_test,0.95,selective_accuracy,10,0.6952645856707023,0.037322472958173654,0.6428571428571428,0.6737535782442748,0.6958130927596576,0.7039816099930605,0.7769230769230769
GGG-J,landmark_still_registered,score_free,56,ood_test,0.5,selection_rate,10,0.39956896551724136,0.05460379242756751,0.2988505747126437,0.3642241379310345,0.40660919540229884,0.4385775862068966,0.4698275862068966
GGG-J,landmark_still_registered,score_free,56,ood_test,0.5,selective_risk,10,0.20683944967093226,0.019470747064644463,0.1778846153846154,0.19367283950617284,0.20709764597112582,0.22454988284622024,0.23102310231023102
GGG-J,landmark_still_registered,score_free,56,ood_test,0.5,selective_accuracy,10,0.7931605503290677,0.019470747064644453,0.768976897689769,0.7754501171537798,0.7929023540288742,0.8063271604938271,0.8221153846153846
GGG-J,landmark_still_registered,score_free,56,ood_test,0.7,selection_rate,10,0.6127873563218391,0.05828467322256341,0.507183908045977,0.5933908045977012,0.6185344827586207,0.6440373563218391,0.6925287356321839
GGG-J,landmark_still_registered,score_free,56,ood_test,0.7,selective_risk,10,0.2374735229187727,0.0146950799460723,0.21505376344086022,0.22686872471921649,0.23862793038975982,0.24833676773623786,0.2562929061784897
GGG-J,landmark_still_registered,score_free,56,ood_test,0.7,selective_accuracy,10,0.7625264770812273,0.014695079946072321,0.7437070938215102,0.7516632322637621,0.7613720696102402,0.7731312752807835,0.7849462365591398
GGG-J,landmark_still_registered,score_free,56,ood_test,0.8,selection_rate,10,0.728448275862069,0.06876233906681055,0.6005747126436781,0.6968390804597702,0.7442528735632183,0.7841235632183908,0.7988505747126436
GGG-J,landmark_still_registered,score_free,56,ood_test,0.8,selective_risk,10,0.25309248869091794,0.016314594811800576,0.22248803827751196,0.2470691326720859,0.252961722797189,0.2646249548105329,0.2787769784172662
GGG-J,landmark_still_registered,score_free,56,ood_test,0.8,selective_accuracy,10,0.7469075113090821,0.01631459481180058,0.7212230215827338,0.7353750451894671,0.747038277202811,0.752930867327914,0.777511961722488
GGG-J,landmark_still_registered,score_free,56,ood_test,0.9,selection_rate,10,0.8768678160919541,0.04383714637495068,0.7916666666666666,0.8545258620689655,0.889367816091954,0.9116379310344828,0.9281609195402298
GGG-J,landmark_still_registered,score_free,56,ood_test,0.9,selective_risk,10,0.2777758170738413,0.014266322057628419,0.25226860254083483,0.2724132948779932,0.2838413092568718,0.2881649990278339,0.2904238618524333
GGG-J,landmark_still_registered,score_free,56,ood_test,0.9,selective_accuracy,10,0.7222241829261586,0.01426632205762841,0.7095761381475667,0.7118350009721661,0.7161586907431282,0.7275867051220068,0.7477313974591652
GGG-J,landmark_still_registered,score_free,56,ood_test,0.95,selection_rate,10,0.9340517241379309,0.03116671900742836,0.8793103448275862,0.91558908045977,0.9396551724137931,0.954382183908046,0.9712643678160919
GGG-J,landmark_still_registered,score_free,56,ood_test,0.95,selective_risk,10,0.2885706369235467,0.011289012698926388,0.26533742331288346,0.28246376811594204,0.2925290015610832,0.2956118368676268,0.3022556390977444
GGG-J,landmark_still_registered,score_free,56,ood_test,0.95,selective_accuracy,10,0.7114293630764534,0.011289012698926388,0.6977443609022556,0.7043881631323732,0.7074709984389167,0.7175362318840579,0.7346625766871165
pooled_fixed_effects,all_registered_by_horizon,score_free,14,id_test,0.5,selection_rate,10,0.5006729722893735,0.01656648076894947,0.46278955150320356,0.4918666387212746,0.5071618416568779,0.511928737450304,0.5185551707075705
pooled_fixed_effects,all_registered_by_horizon,score_free,14,id_test,0.5,selective_risk,10,0.17263689604403246,0.01159381864729301,0.1554845580404686,0.16571415561009278,0.16964369104324273,0.17953638249332005,0.1965648854961832
pooled_fixed_effects,all_registered_by_horizon,score_free,14,id_test,0.5,selective_accuracy,10,0.8273631039559675,0.011593818647293034,0.8034351145038168,0.82046361750668,0.8303563089567573,0.8342858443899072,0.8445154419595314
pooled_fixed_effects,all_registered_by_horizon,score_free,14,id_test,0.7,selection_rate,10,0.7004626479908624,0.013772703550161141,0.6781665845243963,0.6962865802272682,0.6996305292318358,0.7067488378087825,0.7219488188976378
pooled_fixed_effects,all_registered_by_horizon,score_free,14,id_test,0.7,selective_risk,10,0.2170310057457608,0.0135414174148361,0.2,0.20668991976254933,0.2151939026375856,0.22652558259317598,0.2405237767057202
pooled_fixed_effects,all_registered_by_horizon,score_free,14,id_test,0.7,selective_accuracy,10,0.7829689942542392,0.013541417414836106,0.7594762232942798,0.773474417406824,0.7848060973624145,0.7933100802374506,0.8
pooled_fixed_effects,all_registered_by_horizon,score_free,14,id_test,0.8,selection_rate,10,0.7993178073689593,0.007554918061967737,0.7873704982733103,0.7937819042335006,0.8005467457767417,0.8034173136261993,0.8115157480314961
pooled_fixed_effects,all_registered_by_horizon,score_free,14,id_test,0.8,selective_risk,10,0.23831170208970262,0.010405539027842184,0.21929824561403508,0.23291254216337748,0.2373173599211159,0.24503017612076938,0.254601226993865
pooled_fixed_effects,all_registered_by_horizon,score_free,14,id_test,0.8,selective_accuracy,10,0.7616882979102974,0.010405539027842164,0.745398773006135,0.7549698238792306,0.7626826400788841,0.7670874578366225,0.7807017543859649
pooled_fixed_effects,all_registered_by_horizon,score_free,14,id_test,0.9,selection_rate,10,0.9045449859145933,0.007979478302172065,0.8909718796250616,0.8994957634575608,0.904731612805629,0.9108443318450044,0.9163385826771654
pooled_fixed_effects,all_registered_by_horizon,score_free,14,id_test,0.9,selective_risk,10,0.2616898988450239,0.00966768657830663,0.24307862679955702,0.2569937567768818,0.2612625422805728,0.27027389903329757,0.2736614386154678
pooled_fixed_effects,all_registered_by_horizon,score_free,14,id_test,0.9,selective_accuracy,10,0.738310101154976,0.009667686578306633,0.7263385613845321,0.7297261009667024,0.7387374577194272,0.7430062432231181,0.756921373200443
pooled_fixed_effects,all_registered_by_horizon,score_free,14,id_test,0.95,selection_rate,10,0.9518991074640166,0.007500401760011819,0.9393790044356826,0.9466323253477397,0.9525108761564405,0.9581157201938855,0.9615004935834156
pooled_fixed_effects,all_registered_by_horizon,score_free,14,id_test,0.95,selective_risk,10,0.2698762347521326,0.008406879955406501,0.25143753267119706,0.2666369494789826,0.2688455783459331,0.2761196092102578,0.2801455301455301
pooled_fixed_effects,all_registered_by_horizon,score_free,14,id_test,0.95,selective_accuracy,10,0.7301237652478674,0.008406879955406506,0.7198544698544699,0.7238803907897422,0.7311544216540669,0.7333630505210175,0.7485624673288029
pooled_fixed_effects,all_registered_by_horizon,score_free,14,ood_test,0.5,selection_rate,10,0.49485835925986577,0.015731875871729792,0.4659407237596201,0.48677746847879483,0.4970525626330441,0.500061404945145,0.5252988373997053
pooled_fixed_effects,all_registered_by_horizon,score_free,14,ood_test,0.5,selective_risk,10,0.16158277172018204,0.003719928972148915,0.15480583377262344,0.1602611203708472,0.16154027706240157,0.164231475312856,0.16630299251870323
pooled_fixed_effects,all_registered_by_horizon,score_free,14,ood_test,0.5,selective_accuracy,10,0.8384172282798181,0.0037199289721488982,0.8336970074812968,0.835768524687144,0.8384597229375984,0.8397388796291528,0.8451941662273765
pooled_fixed_effects,all_registered_by_horizon,score_free,14,ood_test,0.7,selection_rate,10,0.6959636482724741,0.013737653748203073,0.6715244801047978,0.6873260193220894,0.6969870640248894,0.6998935647617488,0.7196659570984116
pooled_fixed_effects,all_registered_by_horizon,score_free,14,ood_test,0.7,selective_risk,10,0.2109441591297591,0.0034213444596889655,0.2050719336747135,0.2088102180309981,0.21161477290710556,0.21328546206805515,0.21625661071510693
pooled_fixed_effects,all_registered_by_horizon,score_free,14,ood_test,0.7,selective_accuracy,10,0.7890558408702408,0.003421344459688944,0.7837433892848931,0.7867145379319449,0.7883852270928945,0.7911897819690019,0.7949280663252865
pooled_fixed_effects,all_registered_by_horizon,score_free,14,ood_test,0.8,selection_rate,10,0.792222040281644,0.009621166753772298,0.7795971835598493,0.7851236286228918,0.7892991648927461,0.8001473718683478,0.8064516129032258
pooled_fixed_effects,all_registered_by_horizon,score_free,14,ood_test,0.8,selective_risk,10,0.2335018042230011,0.001964471949665462,0.23072883847931108,0.23227426311712368,0.23283729384046506,0.2345747730200627,0.23746192893401016
pooled_fixed_effects,all_registered_by_horizon,score_free,14,ood_test,0.8,selective_accuracy,10,0.766498195776999,0.0019644719496654545,0.7625380710659898,0.7654252269799373,0.767162706159535,0.7677257368828763,0.7692711615206889
pooled_fixed_effects,all_registered_by_horizon,score_free,14,ood_test,0.9,selection_rate,10,0.8966923202881938,0.006847485397152256,0.8870149009333552,0.8926232192565908,0.8945472408711315,0.9019158342885214,0.9082200753233993
pooled_fixed_effects,all_registered_by_horizon,score_free,14,ood_test,0.9,selective_risk,10,0.25702657190854955,0.0015838811279212692,0.2552489227101861,0.2557871164055807,0.2564375482016406,0.25857546020359945,0.25943012211668925
pooled_fixed_effects,all_registered_by_horizon,score_free,14,ood_test,0.9,selective_accuracy,10,0.7429734280914505,0.0015838811279212692,0.7405698778833107,0.7414245397964006,0.7435624517983594,0.7442128835944193,0.7447510772898138
pooled_fixed_effects,all_registered_by_horizon,score_free,14,ood_test,0.95,selection_rate,10,0.9495742590469952,0.005547473102459706,0.9394956607172098,0.9474373669559522,0.9495251350908793,0.9530866219092844,0.9569346651383658
pooled_fixed_effects,all_registered_by_horizon,score_free,14,ood_test,0.95,selective_risk,10,0.26922128948517765,0.0011376227240638566,0.2671492588762496,0.26882211571202186,0.2694328684845029,0.2698160224358948,0.2707905544147844
pooled_fixed_effects,all_registered_by_horizon,score_free,14,ood_test,0.95,selective_accuracy,10,0.7307787105148223,0.0011376227240638308,0.7292094455852156,0.7301839775641052,0.7305671315154971,0.7311778842879781,0.7328507411237504
pooled_fixed_effects,all_registered_by_horizon,score_free,56,id_test,0.5,selection_rate,10,0.5129252720684667,0.009651290470685964,0.4928676832267585,0.5109462948768572,0.5159862272503689,0.517786561264822,0.5236686390532544
pooled_fixed_effects,all_registered_by_horizon,score_free,56,id_test,0.5,selective_risk,10,0.11295001447166045,0.007402345713970773,0.10325047801147227,0.10728755277134686,0.11209110398009282,0.11848417681394902,0.12631578947368421
pooled_fixed_effects,all_registered_by_horizon,score_free,56,id_test,0.5,selective_accuracy,10,0.8870499855283395,0.0074023457139707725,0.8736842105263158,0.8815158231860509,0.8879088960199071,0.8927124472286532,0.8967495219885278
pooled_fixed_effects,all_registered_by_horizon,score_free,56,id_test,0.7,selection_rate,10,0.7076362878140399,0.016644917780157725,0.6743728480078701,0.7010365261828473,0.7061181180168684,0.7156031309354355,0.7318627450980392
pooled_fixed_effects,all_registered_by_horizon,score_free,56,id_test,0.7,selective_risk,10,0.16261490604000733,0.008527215501231134,0.1471004243281471,0.15709543038041313,0.1634491314565337,0.1681882224218224,0.17593244194229415
pooled_fixed_effects,all_registered_by_horizon,score_free,56,id_test,0.7,selective_accuracy,10,0.8373850939599926,0.008527215501231148,0.8240675580577058,0.8318117775781775,0.8365508685434664,0.8429045696195869,0.8528995756718529
pooled_fixed_effects,all_registered_by_horizon,score_free,56,id_test,0.8,selection_rate,10,0.805766041519362,0.01265962913360542,0.7757009345794392,0.8022202504853007,0.8091708552488251,0.8140082876808541,0.8191176470588235
pooled_fixed_effects,all_registered_by_horizon,score_free,56,id_test,0.8,selective_risk,10,0.1894858908853792,0.011226216841729652,0.17439703153988867,0.1835806609106794,0.18892150825277146,0.19114716602048964,0.2156383628588882
pooled_fixed_effects,all_registered_by_horizon,score_free,56,id_test,0.8,selective_accuracy,10,0.8105141091146209,0.011226216841729681,0.7843616371411117,0.8088528339795104,0.8110784917472285,0.8164193390893206,0.8256029684601114
pooled_fixed_effects,all_registered_by_horizon,score_free,56,id_test,0.9,selection_rate,10,0.9058136159365106,0.009620810378712544,0.8922774225282833,0.900075203749694,0.9032728453424893,0.9144482190050752,0.9192913385826772
pooled_fixed_effects,all_registered_by_horizon,score_free,56,id_test,0.9,selective_risk,10,0.21303232860937146,0.010900510163073557,0.1940463065049614,0.20681572712293478,0.21309519650655023,0.21862657473990277,0.23135964912280702
pooled_fixed_effects,all_registered_by_horizon,score_free,56,id_test,0.9,selective_accuracy,10,0.7869676713906286,0.010900510163073583,0.768640350877193,0.7813734252600972,0.7869048034934498,0.7931842728770653,0.8059536934950386
pooled_fixed_effects,all_registered_by_horizon,score_free,56,id_test,0.95,selection_rate,10,0.9526411832441342,0.00699732876668732,0.9400196656833825,0.9491669931311231,0.950774535436238,0.9580323993502726,0.9625984251968503
pooled_fixed_effects,all_registered_by_horizon,score_free,56,id_test,0.95,selective_risk,10,0.22511956071829534,0.01148116006862661,0.208398133748056,0.22024235247994745,0.22283464356953142,0.23042436482707523,0.2467464862051015
pooled_fixed_effects,all_registered_by_horizon,score_free,56,id_test,0.95,selective_accuracy,10,0.7748804392817046,0.011481160068626617,0.7532535137948985,0.7695756351729248,0.7771653564304686,0.7797576475200525,0.791601866251944
pooled_fixed_effects,all_registered_by_horizon,score_free,56,ood_test,0.5,selection_rate,10,0.5139331535507068,0.01021292417790019,0.4920323608727629,0.5106439486802321,0.5119310288469396,0.5220029418975239,0.5265996567786222
pooled_fixed_effects,all_registered_by_horizon,score_free,56,ood_test,0.5,selective_risk,10,0.09497914069998381,0.002725000793124953,0.0900182693904667,0.09333171245695679,0.09541683497974122,0.09651662294050985,0.09912718204488778
pooled_fixed_effects,all_registered_by_horizon,score_free,56,ood_test,0.5,selective_accuracy,10,0.9050208593000162,0.0027250007931249424,0.9008728179551122,0.9034833770594902,0.9045831650202587,0.9066682875430432,0.9099817306095332
pooled_fixed_effects,all_registered_by_horizon,score_free,56,ood_test,0.7,selection_rate,10,0.7071994769959956,0.010692373022486578,0.6836642968047724,0.703930701969437,0.7088338645092751,0.7139413254882733,0.7213369289858625
pooled_fixed_effects,all_registered_by_horizon,score_free,56,ood_test,0.7,selective_risk,10,0.14586747517338466,0.0032885775728360277,0.13997131245517572,0.1438514947686731,0.14714644962953935,0.14741667846451334,0.15078735697292397
pooled_fixed_effects,all_registered_by_horizon,score_free,56,ood_test,0.7,selective_accuracy,10,0.8541325248266153,0.0032885775728360394,0.849212643027076,0.8525833215354868,0.8528535503704606,0.8561485052313269,0.8600286875448243
pooled_fixed_effects,all_registered_by_horizon,score_free,56,ood_test,0.8,selection_rate,10,0.8017406227016426,0.009946176485537842,0.7841791288714555,0.7960488681866471,0.8020756721418648,0.8073874315600229,0.8151507722481001
pooled_fixed_effects,all_registered_by_horizon,score_free,56,ood_test,0.8,selective_risk,10,0.17166800052170988,0.002812187834350827,0.167320801487296,0.16935610291780648,0.17242090066994248,0.17280181873918676,0.17557404993482403
pooled_fixed_effects,all_registered_by_horizon,score_free,56,ood_test,0.8,selective_accuracy,10,0.8283319994782901,0.0028121878343508404,0.8244259500651759,0.8271981812608132,0.8275790993300576,0.8306438970821935,0.832679198512704
pooled_fixed_effects,all_registered_by_horizon,score_free,56,ood_test,0.9,selection_rate,10,0.8986271144888454,0.007861995716652926,0.8891885265996567,0.8931314864754433,0.8960529541554303,0.9044904796927351,0.9106807223992809
pooled_fixed_effects,all_registered_by_horizon,score_free,56,ood_test,0.9,selective_risk,10,0.19740995267103018,0.0022255005193843667,0.19437551695616212,0.1954503900879906,0.19772815908413602,0.19824347906065046,0.20073582196697776
pooled_fixed_effects,all_registered_by_horizon,score_free,56,ood_test,0.9,selective_accuracy,10,0.8025900473289698,0.0022255005193843646,0.7992641780330223,0.8017565209393496,0.802271840915864,0.8045496099120094,0.8056244830438379
pooled_fixed_effects,all_registered_by_horizon,score_free,56,ood_test,0.95,selection_rate,10,0.9507313884121924,0.005608546805423074,0.9374029582413991,0.948659802239111,0.9527253411783934,0.9541145705646809,0.9566887308980959
pooled_fixed_effects,all_registered_by_horizon,score_free,56,ood_test,0.95,selective_risk,10,0.21147164974509353,0.002176877452270507,0.20660796791910033,0.21070623628001023,0.21173174775400705,0.21282455168999873,0.2140528483184626
pooled_fixed_effects,all_registered_by_horizon,score_free,56,ood_test,0.95,selective_accuracy,10,0.7885283502549065,0.0021768774522705095,0.7859471516815374,0.7871754483100013,0.788268252245993,0.7892937637199897,0.7933920320808997
pooled_fixed_effects,landmark_still_registered,assessment_score_inclusive,56,id_test,0.5,selection_rate,10,0.4956858280328449,0.019134055900820693,0.47582993593476997,0.48461878000074843,0.4879117436630541,0.5012397473912513,0.530338389731622
pooled_fixed_effects,landmark_still_registered,assessment_score_inclusive,56,id_test,0.5,selective_risk,10,0.11728110796735902,0.011546120104329122,0.10046728971962617,0.10814879869518851,0.11842267259216896,0.1259252783120592,0.13357400722021662
pooled_fixed_effects,landmark_still_registered,assessment_score_inclusive,56,id_test,0.5,selective_accuracy,10,0.882718892032641,0.011546120104329127,0.8664259927797834,0.8740747216879408,0.881577327407831,0.8918512013048114,0.8995327102803738
pooled_fixed_effects,landmark_still_registered,assessment_score_inclusive,56,id_test,0.7,selection_rate,10,0.6990531515086771,0.015738349061838054,0.6736596736596736,0.6954115241299681,0.7014577259475219,0.7062603326473852,0.7275379229871646
pooled_fixed_effects,landmark_still_registered,assessment_score_inclusive,56,id_test,0.7,selective_risk,10,0.15860290756142628,0.009835893654766338,0.1453344343517754,0.1511174007243099,0.15977474918027723,0.1608140196465479,0.17895608947804473
pooled_fixed_effects,landmark_still_registered,assessment_score_inclusive,56,id_test,0.7,selective_accuracy,10,0.8413970924385736,0.009835893654766337,0.8210439105219552,0.839185980353452,0.8402252508197228,0.8488825992756901,0.8546655656482246
pooled_fixed_effects,landmark_still_registered,assessment_score_inclusive,56,id_test,0.8,selection_rate,10,0.799077295941842,0.015846869007844964,0.7720631209818819,0.7911678108301312,0.7980161321781158,0.8135292106507547,0.8185530921820303
pooled_fixed_effects,landmark_still_registered,assessment_score_inclusive,56,id_test,0.8,selective_risk,10,0.18037406698482988,0.008947639569719418,0.16826568265682657,0.17552012376752027,0.1786361860165494,0.18382773070536962,0.20028510334996436
pooled_fixed_effects,landmark_still_registered,assessment_score_inclusive,56,id_test,0.8,selective_accuracy,10,0.8196259330151701,0.008947639569719439,0.7997148966500356,0.8161722692946304,0.8213638139834506,0.8244798762324798,0.8317343173431735
pooled_fixed_effects,landmark_still_registered,assessment_score_inclusive,56,id_test,0.9,selection_rate,10,0.8960107216972943,0.01199684818218698,0.8772647574517826,0.8881770529994176,0.8990377312350268,0.9038940163496637,0.9107871720116618
pooled_fixed_effects,landmark_still_registered,assessment_score_inclusive,56,id_test,0.9,selective_risk,10,0.20542193859073202,0.007056068150719934,0.1955958549222798,0.20119980695956258,0.2031055074103029,0.2110211033954223,0.21741935483870967
pooled_fixed_effects,landmark_still_registered,assessment_score_inclusive,56,id_test,0.9,selective_accuracy,10,0.794578061409268,0.007056068150719934,0.7825806451612903,0.7889788966045777,0.7968944925896971,0.7988001930404374,0.8044041450777202
pooled_fixed_effects,landmark_still_registered,assessment_score_inclusive,56,id_test,0.95,selection_rate,10,0.9444777565042044,0.01271315284908474,0.9246054938632379,0.9343025931552431,0.9489646233555933,0.9542075039717504,0.9568261376896149
pooled_fixed_effects,landmark_still_registered,assessment_score_inclusive,56,id_test,0.95,selective_risk,10,0.21872254967603116,0.006996492126839156,0.21036585365853658,0.2143063362173964,0.2172833696263582,0.2251224652540442,0.22921760391198043
pooled_fixed_effects,landmark_still_registered,assessment_score_inclusive,56,id_test,0.95,selective_accuracy,10,0.7812774503239689,0.00699649212683917,0.7707823960880196,0.7748775347459558,0.7827166303736418,0.7856936637826036,0.7896341463414634
pooled_fixed_effects,landmark_still_registered,assessment_score_inclusive,56,ood_test,0.5,selection_rate,10,0.5128607340372046,0.01627104402563845,0.48788335847159375,0.4989944695827049,0.5149824032176973,0.5268225238813474,0.5316239316239316
pooled_fixed_effects,landmark_still_registered,assessment_score_inclusive,56,ood_test,0.5,selective_risk,10,0.12347413939087146,0.004498217037692399,0.11707317073170732,0.11988539862154232,0.12408601670504499,0.12742000980509374,0.12937393606960468
pooled_fixed_effects,landmark_still_registered,assessment_score_inclusive,56,ood_test,0.5,selective_accuracy,10,0.8765258606091285,0.004498217037692407,0.8706260639303953,0.8725799901949063,0.875913983294955,0.8801146013784577,0.8829268292682927
pooled_fixed_effects,landmark_still_registered,assessment_score_inclusive,56,ood_test,0.7,selection_rate,10,0.7086676721970839,0.016070394413533688,0.6845651080945199,0.6988436400201106,0.7070889894419307,0.7195575666163901,0.7331322272498743
pooled_fixed_effects,landmark_still_registered,assessment_score_inclusive,56,ood_test,0.7,selective_risk,10,0.16396996490422605,0.0031885816095352094,0.15993585070710015,0.16128784465092055,0.16320617079405306,0.167201483260505,0.16815251680153614
pooled_fixed_effects,landmark_still_registered,assessment_score_inclusive,56,ood_test,0.7,selective_accuracy,10,0.836030035095774,0.003188581609535201,0.8318474831984639,0.832798516739495,0.8367938292059469,0.8387121553490795,0.8400641492928999
pooled_fixed_effects,landmark_still_registered,assessment_score_inclusive,56,ood_test,0.8,selection_rate,10,0.8093815987933635,0.012785582750753238,0.7866264454499748,0.8015082956259427,0.8093011563599799,0.8207139265962795,0.82473604826546
pooled_fixed_effects,landmark_still_registered,assessment_score_inclusive,56,ood_test,0.8,selective_risk,10,0.1852810227490422,0.0035938896068227867,0.18053809404073423,0.18241502534696252,0.1845903400613591,0.1879126905063491,0.19080712021458182
pooled_fixed_effects,landmark_still_registered,assessment_score_inclusive,56,ood_test,0.8,selective_accuracy,10,0.8147189772509579,0.003593889606822786,0.8091928797854182,0.8120873094936509,0.8154096599386409,0.8175849746530375,0.8194619059592658
pooled_fixed_effects,landmark_still_registered,assessment_score_inclusive,56,ood_test,0.9,selection_rate,10,0.9037807943690297,0.008279810157510207,0.8897938662644544,0.8974861739567622,0.9053795877325289,0.9108345902463549,0.9131221719457013
pooled_fixed_effects,landmark_still_registered,assessment_score_inclusive,56,ood_test,0.9,selective_risk,10,0.20681192615018498,0.0033127554617812358,0.20362449347140926,0.2046467020953408,0.2051356416598068,0.20914287401649853,0.21220129941636384
pooled_fixed_effects,landmark_still_registered,assessment_score_inclusive,56,ood_test,0.9,selective_accuracy,10,0.7931880738498149,0.0033127554617812076,0.7877987005836362,0.7908571259835014,0.7948643583401932,0.7953532979046591,0.7963755065285907
pooled_fixed_effects,landmark_still_registered,assessment_score_inclusive,56,ood_test,0.95,selection_rate,10,0.9502061337355455,0.008024779536378512,0.934439416792358,0.9452991452991453,0.9516842634489693,0.9562845651080946,0.9595776772247361
pooled_fixed_effects,landmark_still_registered,assessment_score_inclusive,56,ood_test,0.95,selective_risk,10,0.21857493386988444,0.002543960588364413,0.2150005380393845,0.2170248470139044,0.21832759665292437,0.2200606768875451,0.22382898459603898
pooled_fixed_effects,landmark_still_registered,assessment_score_inclusive,56,ood_test,0.95,selective_accuracy,10,0.7814250661301154,0.002543960588364409,0.776171015403961,0.7799393231124548,0.7816724033470757,0.7829751529860955,0.7849994619606155
pooled_fixed_effects,landmark_still_registered,score_free,14,id_test,0.5,selection_rate,10,0.4994217687491175,0.020352403305796404,0.4669239250275634,0.48578757303469916,0.5016605103114888,0.5105481413220556,0.531284302963776
pooled_fixed_effects,landmark_still_registered,score_free,14,id_test,0.5,selective_risk,10,0.22075906068584347,0.01086893695355966,0.2074643249176729,0.21284447719862432,0.22019232597042163,0.22546487603305784,0.23900789177001128
pooled_fixed_effects,landmark_still_registered,score_free,14,id_test,0.5,selective_accuracy,10,0.7792409393141566,0.010868936953559652,0.7609921082299888,0.7745351239669421,0.7798076740295784,0.7871555228013757,0.7925356750823271
pooled_fixed_effects,landmark_still_registered,score_free,14,id_test,0.7,selection_rate,10,0.7053620895629271,0.016540315001033652,0.6853994490358126,0.692059787970239,0.7027503290608046,0.7142247962529104,0.737045203969129
pooled_fixed_effects,landmark_still_registered,score_free,14,id_test,0.7,selective_risk,10,0.255661487092766,0.00828942184838282,0.2424,0.25157328973230597,0.2551486839461523,0.26165404146743326,0.26688102893890675
pooled_fixed_effects,landmark_still_registered,score_free,14,id_test,0.7,selective_accuracy,10,0.7443385129072339,0.008289421848382847,0.7331189710610932,0.7383459585325667,0.7448513160538477,0.748426710267694,0.7576
pooled_fixed_effects,landmark_still_registered,score_free,14,id_test,0.8,selection_rate,10,0.8011143895242478,0.017310944712437,0.7813362782992822,0.7870227447235546,0.7968018675932058,0.8174525556156881,0.8237885462555066
pooled_fixed_effects,landmark_still_registered,score_free,14,id_test,0.8,selective_risk,10,0.27381627212896453,0.009291533653370215,0.25865724381625443,0.26732387943877056,0.2739692417991843,0.2805818684820661,0.2885952712100139
pooled_fixed_effects,landmark_still_registered,score_free,14,id_test,0.8,selective_accuracy,10,0.7261837278710355,0.009291533653370217,0.7114047287899861,0.7194181315179339,0.7260307582008156,0.7326761205612294,0.7413427561837456
pooled_fixed_effects,landmark_still_registered,score_free,14,id_test,0.9,selection_rate,10,0.9006687767640699,0.011102911515913841,0.8829376035339591,0.8931076875042687,0.9029256472155924,0.9063202657771002,0.9178610804851157
pooled_fixed_effects,landmark_still_registered,score_free,14,id_test,0.9,selective_risk,10,0.2920865170013143,0.008879876863298502,0.2764227642276423,0.2914431128716843,0.2934920685582969,0.29642402552319236,0.3058103975535168
pooled_fixed_effects,landmark_still_registered,score_free,14,id_test,0.9,selective_accuracy,10,0.7079134829986857,0.008879876863298514,0.6941896024464832,0.7035759744768076,0.7065079314417031,0.7085568871283157,0.7235772357723578
pooled_fixed_effects,landmark_still_registered,score_free,14,id_test,0.95,selection_rate,10,0.9506106936102359,0.004833561627345299,0.9449035812672176,0.9465454131084524,0.9498214533309657,0.9547909420449376,0.958103638368247
pooled_fixed_effects,landmark_still_registered,score_free,14,id_test,0.95,selective_risk,10,0.3006050927169509,0.00954582893701891,0.2851335656213705,0.2993229710098736,0.30153438865216176,0.3043125884054651,0.3177842565597668
pooled_fixed_effects,landmark_still_registered,score_free,14,id_test,0.95,selective_accuracy,10,0.6993949072830491,0.00954582893701891,0.6822157434402332,0.6956874115945348,0.6984656113478382,0.7006770289901263,0.7148664343786295
pooled_fixed_effects,landmark_still_registered,score_free,14,ood_test,0.5,selection_rate,10,0.4914755054432348,0.015357633352007292,0.4620917573872473,0.48192068429237944,0.4924183514774495,0.5036450233281493,0.5120528771384136
pooled_fixed_effects,landmark_still_registered,score_free,14,ood_test,0.5,selective_risk,10,0.22080432785043688,0.003900836789232293,0.2135044173327724,0.21867092316773207,0.2212175362282096,0.2221041962742462,0.22760060744115415
pooled_fixed_effects,landmark_still_registered,score_free,14,ood_test,0.5,selective_accuracy,10,0.7791956721495632,0.003900836789232298,0.7723993925588458,0.7778958037257538,0.7787824637717904,0.7813290768322679,0.7864955826672276
pooled_fixed_effects,landmark_still_registered,score_free,14,ood_test,0.7,selection_rate,10,0.6881415241057544,0.010899884351444435,0.6731143079315708,0.6794809486780715,0.6893468118195957,0.6935021384136859,0.7070373250388803
pooled_fixed_effects,landmark_still_registered,score_free,14,ood_test,0.7,selective_risk,10,0.25893285321095993,0.0032680092429541235,0.25530685920577617,0.2562346865196406,0.25782968733826095,0.2615745604593214,0.26381633214187517
pooled_fixed_effects,landmark_still_registered,score_free,14,ood_test,0.7,selective_accuracy,10,0.7410671467890401,0.003268009242954124,0.7361836678581248,0.7384254395406785,0.742170312661739,0.7437653134803595,0.7446931407942239
pooled_fixed_effects,landmark_still_registered,score_free,14,ood_test,0.8,selection_rate,10,0.7856629082426128,0.014402061643513514,0.7662325038880249,0.7735468506998445,0.7849436236391913,0.7978227060653189,0.8063763608087092
pooled_fixed_effects,landmark_still_registered,score_free,14,ood_test,0.8,selective_risk,10,0.2774480046022065,0.003236464411302371,0.2734848484848485,0.275248934631203,0.27675662602630785,0.2799967652551787,0.2824141267537494
pooled_fixed_effects,landmark_still_registered,score_free,14,ood_test,0.8,selective_accuracy,10,0.7225519953977936,0.003236464411302398,0.7175858732462506,0.7200032347448213,0.7232433739736921,0.724751065368797,0.7265151515151516
pooled_fixed_effects,landmark_still_registered,score_free,14,ood_test,0.9,selection_rate,10,0.8913783048211508,0.00965550642301461,0.8797628304821151,0.8813666407465007,0.8932737169517886,0.8986926516329705,0.9038685847589425
pooled_fixed_effects,landmark_still_registered,score_free,14,ood_test,0.9,selective_risk,10,0.2977385336755761,0.0017118444389466385,0.29565793834935367,0.29602674523175154,0.29789249160059494,0.29930563753641853,0.29966293356529305
pooled_fixed_effects,landmark_still_registered,score_free,14,ood_test,0.9,selective_accuracy,10,0.7022614663244241,0.0017118444389466285,0.700337066434707,0.7006943624635815,0.7021075083994051,0.7039732547682485,0.7043420616506464
pooled_fixed_effects,landmark_still_registered,score_free,14,ood_test,0.95,selection_rate,10,0.9456162519440123,0.004119861868686367,0.937888802488336,0.9434778382581648,0.9461022550544324,0.948070567651633,0.9519828926905132
pooled_fixed_effects,landmark_still_registered,score_free,14,ood_test,0.95,selective_risk,10,0.307868170893485,0.0013725922528474222,0.30545267489711936,0.306983086629213,0.3078560686660974,0.30895883852432326,0.30956575810964865
pooled_fixed_effects,landmark_still_registered,score_free,14,ood_test,0.95,selective_accuracy,10,0.692131829106515,0.0013725922528474218,0.6904342418903513,0.6910411614756767,0.6921439313339026,0.6930169133707871,0.6945473251028806
pooled_fixed_effects,landmark_still_registered,score_free,56,id_test,0.5,selection_rate,10,0.4987246438796869,0.021586711822962394,0.4630168899242865,0.48360822627460104,0.5032068356215069,0.5144399066511085,0.5294460641399417
pooled_fixed_effects,landmark_still_registered,score_free,56,id_test,0.5,selective_risk,10,0.16856445823057037,0.010697481203060863,0.1471698113207547,0.16317900445509906,0.1675276897735149,0.17736309764965924,0.18305084745762712
pooled_fixed_effects,landmark_still_registered,score_free,56,id_test,0.5,selective_accuracy,10,0.8314355417694296,0.010697481203060868,0.8169491525423729,0.8226369023503408,0.832472310226485,0.8368209955449009,0.8528301886792453
pooled_fixed_effects,landmark_still_registered,score_free,56,id_test,0.7,selection_rate,10,0.695028444627942,0.0122895081706237,0.676590776415645,0.6855762525046691,0.6960949584925908,0.7016215516729897,0.7181129877693652
pooled_fixed_effects,landmark_still_registered,score_free,56,id_test,0.7,selective_risk,10,0.21062832215169536,0.0074755973273347405,0.1990008326394671,0.20796683092923196,0.2107817209185589,0.21575873582169386,0.22138680033416874
pooled_fixed_effects,landmark_still_registered,score_free,56,id_test,0.7,selective_accuracy,10,0.7893716778483045,0.007475597327334747,0.7786131996658312,0.7842412641783061,0.789218279081441,0.792033169070768,0.8009991673605329
pooled_fixed_effects,landmark_still_registered,score_free,56,id_test,0.8,selection_rate,10,0.7952869781316314,0.013077352556448246,0.7744755244755245,0.7899805091224535,0.7973727577764473,0.8049801250061552,0.8133022170361727
pooled_fixed_effects,landmark_still_registered,score_free,56,id_test,0.8,selective_risk,10,0.2312345840605649,0.009359128524480518,0.21672727272727274,0.22343809021374803,0.23291861519833307,0.23876736230758147,0.24262536873156343
pooled_fixed_effects,landmark_still_registered,score_free,56,id_test,0.8,selective_accuracy,10,0.7687654159394351,0.009359128524480495,0.7573746312684366,0.7612326376924186,0.7670813848016669,0.776561909786252,0.7832727272727272
pooled_fixed_effects,landmark_still_registered,score_free,56,id_test,0.9,selection_rate,10,0.9012001086144543,0.014353624552446617,0.872960372960373,0.8979448105296461,0.9068599637052308,0.9100846279105702,0.9143855562026791
pooled_fixed_effects,landmark_still_registered,score_free,56,id_test,0.9,selective_risk,10,0.2544342462030357,0.011885808506065838,0.2308192457737321,0.2483919823145827,0.2576518534787808,0.2615861995141221,0.27119741100323624
pooled_fixed_effects,landmark_still_registered,score_free,56,id_test,0.9,selective_accuracy,10,0.7455657537969642,0.011885808506065833,0.7288025889967638,0.7384138004858779,0.7423481465212193,0.7516080176854173,0.7691807542262679
pooled_fixed_effects,landmark_still_registered,score_free,56,id_test,0.95,selection_rate,10,0.9539238795983014,0.006958508976265482,0.9422066549912435,0.9501386285469346,0.9536554966499464,0.9580113692418124,0.9656377402446127
pooled_fixed_effects,landmark_still_registered,score_free,56,id_test,0.95,selective_risk,10,0.26555618250374746,0.012696945445942647,0.24063842848373235,0.26058282208588956,0.26658551430310407,0.27142144021016473,0.2838002436053593
pooled_fixed_effects,landmark_still_registered,score_free,56,id_test,0.95,selective_accuracy,10,0.7344438174962524,0.012696945445942603,0.7161997563946407,0.7285785597898353,0.7334144856968959,0.7394171779141103,0.7593615715162676
pooled_fixed_effects,landmark_still_registered,score_free,56,ood_test,0.5,selection_rate,10,0.49523378582202116,0.017746872815082162,0.4666666666666667,0.47948717948717945,0.4988436400201106,0.5101307189542483,0.5184514831573656
pooled_fixed_effects,landmark_still_registered,score_free,56,ood_test,0.5,selective_risk,10,0.15785616538731811,0.0031872885469481824,0.15091946734305645,0.15675558432787315,0.15833439144366948,0.16049327767421578,0.16111328890631124
pooled_fixed_effects,landmark_still_registered,score_free,56,ood_test,0.5,selective_accuracy,10,0.8421438346126819,0.0031872885469481785,0.8388867110936887,0.8395067223257842,0.8416656085563305,0.8432444156721268,0.8490805326569435
pooled_fixed_effects,landmark_still_registered,score_free,56,ood_test,0.7,selection_rate,10,0.6895022624434389,0.011328128144641259,0.6746103569632982,0.6837858220211162,0.6869783810960282,0.6936651583710407,0.7159376571141277
pooled_fixed_effects,landmark_still_registered,score_free,56,ood_test,0.7,selective_risk,10,0.20145613366808202,0.0022855666259421242,0.1976449545386794,0.2000078709600408,0.20189860959207845,0.20242062334326594,0.20603932584269663
pooled_fixed_effects,landmark_still_registered,score_free,56,ood_test,0.7,selective_accuracy,10,0.798543866331918,0.002285566625942137,0.7939606741573033,0.7975793766567341,0.7981013904079215,0.7999921290399592,0.8023550454613206
pooled_fixed_effects,landmark_still_registered,score_free,56,ood_test,0.8,selection_rate,10,0.7847561588738059,0.012935671055720828,0.7563599798893916,0.7790095525389643,0.7891402714932126,0.7929361488185017,0.8004022121669181
pooled_fixed_effects,landmark_still_registered,score_free,56,ood_test,0.8,selective_risk,10,0.22292949953017166,0.0026942318341211602,0.21696357351768147,0.22209494091206294,0.22316199828923733,0.22402479644571588,0.22759493670886077
pooled_fixed_effects,landmark_still_registered,score_free,56,ood_test,0.8,selective_accuracy,10,0.7770705004698282,0.002694231834121168,0.7724050632911392,0.7759752035542841,0.7768380017107627,0.7779050590879371,0.7830364264823185
pooled_fixed_effects,landmark_still_registered,score_free,56,ood_test,0.9,selection_rate,10,0.8916038210155858,0.011276993618923916,0.869281045751634,0.8908496732026143,0.8951734539969834,0.8977626948215184,0.9053795877325289
pooled_fixed_effects,landmark_still_registered,score_free,56,ood_test,0.9,selective_risk,10,0.24530261831113193,0.0022695606839421,0.24175824175824176,0.24420809089498058,0.2458006208899871,0.2461450659851694,0.24911150599733453
pooled_fixed_effects,landmark_still_registered,score_free,56,ood_test,0.9,selective_accuracy,10,0.754697381688868,0.0022695606839421025,0.7508884940026654,0.7538549340148306,0.7541993791100128,0.7557919091050194,0.7582417582417582
pooled_fixed_effects,landmark_still_registered,score_free,56,ood_test,0.95,selection_rate,10,0.9468878833584716,0.005331692753691173,0.9369532428355958,0.9433132227249874,0.9491201608848667,0.9501256913021618,0.9532428355957768
pooled_fixed_effects,landmark_still_registered,score_free,56,ood_test,0.95,selective_risk,10,0.25768231267359065,0.0015200127002201376,0.2554196179437648,0.2562770486024338,0.25823014985143333,0.2585535975848031,0.2594554507892785
pooled_fixed_effects,landmark_still_registered,score_free,56,ood_test,0.95,selective_accuracy,10,0.7423176873264092,0.0015200127002201445,0.7405445492107214,0.7414464024151969,0.7417698501485667,0.7437229513975663,0.7445803820562352
