analysis_id,estimand,representation,horizon_day,domain,metric,n_repeats,mean,sd,min,q25,median,q75,max
AAA-J,landmark_still_registered,score_free,14,id_test,prevalence,10,0.25,0.0,0.25,0.25,0.25,0.25,0.25
AAA-J,landmark_still_registered,score_free,14,id_test,auroc,10,0.6110544217687075,0.055596322217039335,0.5425170068027212,0.5769557823129251,0.5782312925170068,0.6581632653061225,0.7040816326530612
AAA-J,landmark_still_registered,score_free,14,id_test,average_precision,10,0.4460124433516433,0.0918010274058095,0.30835785379788294,0.36900555627977144,0.4812484453270099,0.51148610496551,0.5494691270414489
AAA-J,landmark_still_registered,score_free,14,id_test,pr_skill,10,0.26134992446885774,0.12240136987441266,0.07781047173051059,0.15867407503969524,0.3083312604360132,0.3486481399540132,0.3992921693885985
AAA-J,landmark_still_registered,score_free,14,id_test,brier,10,0.1824565058576265,0.008738246695273056,0.1686156905544735,0.1768532898910877,0.18277206783808742,0.18570383531857634,0.20076521139729464
AAA-J,landmark_still_registered,score_free,14,id_test,log_loss,10,0.5528382291041477,0.022429768018542844,0.5192894988770341,0.5439700735560593,0.5512006205521573,0.5573024635199819,0.60507467006984
AAA-J,landmark_still_registered,score_free,14,id_test,ece,10,0.08677074059041523,0.05667910603826697,0.028497069882553218,0.04162588069251806,0.0743300996564411,0.10910718283403067,0.1918914303093562
AAA-J,landmark_still_registered,score_free,14,id_test,calibration_intercept,10,4.293203846478537,11.035675793880127,-5.084329131031207,-0.2943307786465393,0.3424895202418988,2.1396832899749536,33.11667975124413
AAA-J,landmark_still_registered,score_free,14,id_test,calibration_slope,10,5.008680289966902,10.231141689571107,-3.7319836777004918,0.7980415509190444,1.2040605650928624,3.118842054605623,31.70199306868341
AAA-J,landmark_still_registered,score_free,14,id_test,hcep_080,10,0.04107142857142857,0.04041486951611418,0.0,0.004464285714285714,0.026785714285714284,0.07142857142857142,0.10714285714285714
AAA-J,landmark_still_registered,score_free,14,id_test,hcep_090,10,0.005357142857142857,0.012052652816259873,0.0,0.0,0.0,0.0,0.03571428571428571
AAA-J,landmark_still_registered,score_free,14,id_test,hcep_095,10,0.0,0.0,0.0,0.0,0.0,0.0,0.0
AAA-J,landmark_still_registered,score_free,14,id_test,aurc,10,0.20963932625208465,0.04983948699407657,0.1349622457602999,0.18183834817718147,0.1899600644768684,0.24588634517625202,0.2878086144707201
AAA-J,landmark_still_registered,score_free,14,id_test,excess_aurc,10,0.17623521508355502,0.04983356614559889,0.1007392997186116,0.1476154021354932,0.1557371184351801,0.211035419348569,0.2535856684290318
AAA-J,landmark_still_registered,score_free,14,ood_test,prevalence,10,0.25786163522012584,5.851389114294502e-17,0.2578616352201258,0.2578616352201258,0.2578616352201258,0.2578616352201258,0.2578616352201258
AAA-J,landmark_still_registered,score_free,14,ood_test,auroc,10,0.5684993799090534,0.05193179810189828,0.44450186027284,0.5545938404299298,0.5730932203389831,0.5932074204216619,0.6463414634146342
AAA-J,landmark_still_registered,score_free,14,ood_test,average_precision,10,0.34299994151182395,0.04403297434300124,0.23437278766361494,0.3356844599240132,0.3484861212383072,0.359024415150105,0.40511151656614264
AAA-J,landmark_still_registered,score_free,14,ood_test,pr_skill,10,0.11472026017271193,0.05933256712319658,-0.03165022679224766,0.10486295871117035,0.12211265488890544,0.1363125593971754,0.19841297571200575
AAA-J,landmark_still_registered,score_free,14,ood_test,brier,10,0.19037292438969033,0.005231332860685,0.1817032313169681,0.18804412610133786,0.18989802033919057,0.191706785360792,0.19971501532887753
AAA-J,landmark_still_registered,score_free,14,ood_test,log_loss,10,0.5693335838776428,0.014285470527132993,0.54577965331473,0.5629158545072492,0.5672821490590436,0.5717463269757658,0.5937728145072253
AAA-J,landmark_still_registered,score_free,14,ood_test,ece,10,0.04574058222447029,0.028083670941085475,0.011817846744967678,0.023385236738844347,0.04347422281103483,0.05541935480998118,0.0923153160808016
AAA-J,landmark_still_registered,score_free,14,ood_test,calibration_intercept,10,0.38322854242611964,3.524457603059186,-6.158975044003307,-0.5781724529849654,-0.11033043103243022,0.34823017212441365,7.93102283783081
AAA-J,landmark_still_registered,score_free,14,ood_test,calibration_slope,10,1.348165646409638,3.2819193917645473,-4.738604933014717,0.41930451652776224,0.9219856814381098,1.3355229297653732,8.371029880803793
AAA-J,landmark_still_registered,score_free,14,ood_test,hcep_080,10,0.036477987421383654,0.04041284950950605,0.0,0.0023584905660377358,0.022012578616352203,0.06367924528301887,0.10377358490566038
AAA-J,landmark_still_registered,score_free,14,ood_test,hcep_090,10,0.005031446540880504,0.009162169133506147,0.0,0.0,0.0,0.0031446540880503146,0.025157232704402517
AAA-J,landmark_still_registered,score_free,14,ood_test,hcep_095,10,0.0,0.0,0.0,0.0,0.0,0.0,0.0
AAA-J,landmark_still_registered,score_free,14,ood_test,aurc,10,0.22124779881478926,0.03664742826704416,0.16001815968319585,0.20536358257817877,0.22188199892312127,0.2329302632213669,0.30096805442113783
AAA-J,landmark_still_registered,score_free,14,ood_test,excess_aurc,10,0.18417664506275883,0.0365077930551012,0.12440835019297211,0.16997327473091728,0.1808476733597568,0.1977760708567841,0.2644271078056572
AAA-J,landmark_still_registered,score_free,56,id_test,prevalence,10,0.23214285714285715,0.0,0.23214285714285715,0.23214285714285715,0.23214285714285715,0.23214285714285715,0.23214285714285715
AAA-J,landmark_still_registered,score_free,56,id_test,auroc,10,0.6098389982110912,0.12540648826826678,0.3005366726296959,0.582737030411449,0.6431127012522362,0.6802325581395349,0.7352415026833632
AAA-J,landmark_still_registered,score_free,56,id_test,average_precision,10,0.3949519050183371,0.10507559116107029,0.1829500147015643,0.3655566125471279,0.4047998156061798,0.4636065266658467,0.5229316073996926
AAA-J,landmark_still_registered,score_free,56,id_test,pr_skill,10,0.2120303879308576,0.13684263034930083,-0.06406509713284651,0.17374814657300383,0.22485557381269927,0.3014410579834282,0.37870162824146014
AAA-J,landmark_still_registered,score_free,56,id_test,brier,10,0.172392338495578,0.013029111316744188,0.15530265197577933,0.16281004805465316,0.17025382320581095,0.18031151410136836,0.19936720568453511
AAA-J,landmark_still_registered,score_free,56,id_test,log_loss,10,0.528737526763239,0.036690312346487224,0.48598344402328947,0.4996278419855431,0.524314088446991,0.547929332477575,0.6074482545799297
AAA-J,landmark_still_registered,score_free,56,id_test,ece,10,0.10746224400977337,0.04277746461485177,0.037129087303951855,0.08012134533780108,0.10101721046774495,0.13706835275895404,0.18185492255354013
AAA-J,landmark_still_registered,score_free,56,id_test,calibration_intercept,10,-0.7702419590097692,2.465291481766118,-7.3967904435244085,-0.7159001160282216,-0.1801755684248843,0.11103527240141103,1.4290743929978014
AAA-J,landmark_still_registered,score_free,56,id_test,calibration_slope,10,0.39356164833659524,2.0934142237663145,-5.250704027567157,0.5001590561778736,0.7955412810803864,1.2634650917879084,2.183270423654643
AAA-J,landmark_still_registered,score_free,56,id_test,hcep_080,10,0.06428571428571428,0.03281916369545291,0.0,0.040178571428571425,0.07142857142857142,0.08928571428571429,0.10714285714285714
AAA-J,landmark_still_registered,score_free,56,id_test,hcep_090,10,0.0125,0.026686323537452254,0.0,0.0,0.0,0.0,0.07142857142857142
AAA-J,landmark_still_registered,score_free,56,id_test,hcep_095,10,0.0,0.0,0.0,0.0,0.0,0.0,0.0
AAA-J,landmark_still_registered,score_free,56,id_test,aurc,10,0.18777146927342753,0.06982148579160698,0.11171702724815645,0.13307514824429448,0.15902485373180586,0.2520769099714251,0.30730764585180226
AAA-J,landmark_still_registered,score_free,56,id_test,excess_aurc,10,0.15957812098923413,0.06632345052601259,0.08692872655395303,0.11117241306717127,0.13198171229873787,0.21425158401541108,0.2780096636798697
AAA-J,landmark_still_registered,score_free,56,ood_test,prevalence,10,0.24761904761904763,0.0,0.24761904761904763,0.24761904761904763,0.24761904761904763,0.24761904761904763,0.24761904761904763
AAA-J,landmark_still_registered,score_free,56,ood_test,auroc,10,0.606150600454398,0.08653574794047687,0.37925998052580323,0.590744347073461,0.6313426376717517,0.6522773991128422,0.6716975008114249
AAA-J,landmark_still_registered,score_free,56,ood_test,average_precision,10,0.39480077303898475,0.07456491172288757,0.19699014029218279,0.3864168058717162,0.42327917476415633,0.4360888030041328,0.4517134818172446
AAA-J,landmark_still_registered,score_free,56,ood_test,pr_skill,10,0.1956212806214354,0.09910526241649613,-0.06729158568760517,0.18447803312063538,0.2334723208890685,0.2504977761447334,0.2712647543140592
AAA-J,landmark_still_registered,score_free,56,ood_test,brier,10,0.17785894996449841,0.00566403614772333,0.17169171456435217,0.1730669611450013,0.17732227180923574,0.181124625451147,0.18946913187282008
AAA-J,landmark_still_registered,score_free,56,ood_test,log_loss,10,0.5423987649214552,0.01643244307798101,0.5239328762715454,0.528738729663405,0.5381653194194317,0.5567437357768138,0.5687888917319205
AAA-J,landmark_still_registered,score_free,56,ood_test,ece,10,0.050604028868919314,0.020527449003223654,0.011509427682101921,0.04080707008213586,0.052289762542430285,0.0635007632430606,0.08135370769695979
AAA-J,landmark_still_registered,score_free,56,ood_test,calibration_intercept,10,-0.9754935732769849,2.811183930987583,-8.877869811014895,-0.4981815386107369,-0.24419975880185835,0.026771524243327252,0.8563680528946918
AAA-J,landmark_still_registered,score_free,56,ood_test,calibration_slope,10,0.14106288441127993,2.421994950546935,-6.664075211172874,0.5152190168517066,0.7821179545307131,1.1086262761970442,1.684523180935812
AAA-J,landmark_still_registered,score_free,56,ood_test,hcep_080,10,0.06380952380952382,0.027245338060155354,0.012698412698412698,0.046031746031746035,0.06507936507936507,0.08253968253968254,0.10793650793650794
AAA-J,landmark_still_registered,score_free,56,ood_test,hcep_090,10,0.01111111111111111,0.011995538675930829,0.0,0.0,0.009523809523809525,0.01746031746031746,0.031746031746031744
AAA-J,landmark_still_registered,score_free,56,ood_test,hcep_095,10,0.0015873015873015873,0.0022447834323382466,0.0,0.0,0.0,0.0031746031746031746,0.006349206349206349
AAA-J,landmark_still_registered,score_free,56,ood_test,aurc,10,0.20676018756599746,0.05459382048640486,0.16142242844191945,0.175543354975521,0.18947133148936046,0.2241747403111143,0.34467567694444834
AAA-J,landmark_still_registered,score_free,56,ood_test,excess_aurc,10,0.17555236286535628,0.053999494808898756,0.12786564916282034,0.14540268098878512,0.15936154017830156,0.19195273530100093,0.3111188976653492
BBB-B,landmark_still_registered,score_free,14,id_test,prevalence,10,0.5,0.0,0.5,0.5,0.5,0.5,0.5
BBB-B,landmark_still_registered,score_free,14,id_test,auroc,10,0.7752749129157845,0.023645593062135057,0.7424356259818319,0.7601769004849396,0.7660337408646951,0.7886414862372789,0.8200259545113039
BBB-B,landmark_still_registered,score_free,14,id_test,average_precision,10,0.7772992184764626,0.035242622241601664,0.7304351404118655,0.7485047197197353,0.7764841648442886,0.7994005456069336,0.8366553338374123
BBB-B,landmark_still_registered,score_free,14,id_test,pr_skill,10,0.5545984369529249,0.07048524448320333,0.46087028082373105,0.4970094394394706,0.5529683296885773,0.5988010912138673,0.6733106676748246
BBB-B,landmark_still_registered,score_free,14,id_test,brier,10,0.19455676810314082,0.00898177048538576,0.17922554915426978,0.18878400380215213,0.19920148830278214,0.1999875195531557,0.20640858417500552
BBB-B,landmark_still_registered,score_free,14,id_test,log_loss,10,0.5732708039494702,0.02197909036618413,0.5377359892672193,0.5572270909945973,0.5826947036369633,0.5897548493235314,0.6000973751591822
BBB-B,landmark_still_registered,score_free,14,id_test,ece,10,0.07853688950339502,0.012776248181060936,0.062120948900102405,0.06833681811890836,0.07896896031133137,0.0865709637506658,0.0979901514102123
BBB-B,landmark_still_registered,score_free,14,id_test,calibration_intercept,10,-0.03815748559232433,0.06696246609152628,-0.11751536873942743,-0.091340207811873,-0.037006664169370346,-0.0004888717005678504,0.097201585280675
BBB-B,landmark_still_registered,score_free,14,id_test,calibration_slope,10,1.0943411138517607,0.254859757420421,0.7520041901023156,0.9296072688961058,1.0916457752654085,1.136911784398438,1.6778654414029708
BBB-B,landmark_still_registered,score_free,14,id_test,hcep_080,10,0.030991735537190084,0.01798562652506969,0.004132231404958678,0.02169421487603306,0.026859504132231406,0.042355371900826444,0.05785123966942149
BBB-B,landmark_still_registered,score_free,14,id_test,hcep_090,10,0.006611570247933884,0.005226905223418808,0.0,0.004132231404958678,0.006198347107438017,0.008264462809917356,0.01652892561983471
BBB-B,landmark_still_registered,score_free,14,id_test,hcep_095,10,0.00041322314049586776,0.001306726305854702,0.0,0.0,0.0,0.0,0.004132231404958678
BBB-B,landmark_still_registered,score_free,14,id_test,aurc,10,0.1883832990077142,0.029393499253418012,0.13318748610389103,0.16943926495434902,0.19566202824769469,0.21234162689497096,0.22459385065930312
BBB-B,landmark_still_registered,score_free,14,id_test,excess_aurc,10,0.14172480164883627,0.02571801739345387,0.09835264571730552,0.12240187542257017,0.1469147640981283,0.1544881749829684,0.18605524811174762
BBB-B,landmark_still_registered,score_free,14,ood_test,prevalence,10,0.42720763723150357,0.0,0.42720763723150357,0.42720763723150357,0.42720763723150357,0.42720763723150357,0.42720763723150357
BBB-B,landmark_still_registered,score_free,14,ood_test,auroc,10,0.6941759776536314,0.006009292477233108,0.686118870266915,0.6905247775708669,0.6932223774053383,0.6973043399544796,0.7068461618042624
BBB-B,landmark_still_registered,score_free,14,ood_test,average_precision,10,0.6322773167889497,0.006613615910399047,0.6240238429527921,0.6276789238376688,0.6310630672433818,0.6378920262503163,0.6431396114395879
BBB-B,landmark_still_registered,score_free,14,ood_test,pr_skill,10,0.35801748222737484,0.01154627111023834,0.34360829248841623,0.3499894545332633,0.3558976048957374,0.3678198291620106,0.3769812383049472
BBB-B,landmark_still_registered,score_free,14,ood_test,brier,10,0.22487812475881125,0.005519612689575883,0.21853366894310422,0.2203999163724508,0.22390486000845877,0.22848514838949763,0.23307021669657083
BBB-B,landmark_still_registered,score_free,14,ood_test,log_loss,10,0.6467563198407142,0.01634143939125951,0.6276053208959128,0.6331852051447804,0.645691078235819,0.6563072961018654,0.6726992576872242
BBB-B,landmark_still_registered,score_free,14,ood_test,ece,10,0.08483686003927707,0.021582849631213548,0.06052829610769421,0.06605716955089783,0.0794108195596527,0.1006376721729599,0.12267357776294396
BBB-B,landmark_still_registered,score_free,14,ood_test,calibration_intercept,10,-0.3352350181122796,0.0579855072834203,-0.4346209924714943,-0.3557153541375501,-0.32989873726133434,-0.28770987454803776,-0.2745766109270436
BBB-B,landmark_still_registered,score_free,14,ood_test,calibration_slope,10,0.7536954961132591,0.1475387221872444,0.5229568787763293,0.6531549180389598,0.7619045500772095,0.8287360512026096,1.0407895680069574
BBB-B,landmark_still_registered,score_free,14,ood_test,hcep_080,10,0.04081145584725537,0.02175475648102349,0.013524264120922832,0.025457438345266505,0.03341288782816229,0.056881463802704854,0.07557677008750995
BBB-B,landmark_still_registered,score_free,14,ood_test,hcep_090,10,0.00883054892601432,0.007305261119890601,0.0007955449482895784,0.003977724741447892,0.005966587112171838,0.013325377883850437,0.02386634844868735
BBB-B,landmark_still_registered,score_free,14,ood_test,hcep_095,10,0.0019888623707239464,0.0025227124887881795,0.0,0.0,0.0015910898965791568,0.002386634844868735,0.007955449482895784
BBB-B,landmark_still_registered,score_free,14,ood_test,aurc,10,0.2795870426705044,0.011705709115860517,0.2654047650367227,0.27268901882415636,0.2751831905904085,0.29063894009519425,0.295771327184044
BBB-B,landmark_still_registered,score_free,14,ood_test,excess_aurc,10,0.207946076963333,0.0077951889635341125,0.19675981642417334,0.2024254184826909,0.2066662468705972,0.2138500079225934,0.21979459425781075
BBB-B,landmark_still_registered,score_free,56,id_test,prevalence,10,0.45248868778280543,0.0,0.45248868778280543,0.45248868778280543,0.45248868778280543,0.45248868778280543,0.45248868778280543
BBB-B,landmark_still_registered,score_free,56,id_test,auroc,10,0.7765702479338843,0.01714225926979376,0.7432231404958678,0.775495867768595,0.78099173553719,0.7866322314049586,0.7963636363636364
BBB-B,landmark_still_registered,score_free,56,id_test,average_precision,10,0.7799590734856462,0.01770150616566187,0.7554729071614268,0.7688940682479848,0.7767109223612876,0.795496917489452,0.8067708637323563
BBB-B,landmark_still_registered,score_free,56,id_test,pr_skill,10,0.5981070681018827,0.03233085010422539,0.553384400683267,0.5778974304364018,0.5921744945606988,0.6264861054972634,0.6470773626847168
BBB-B,landmark_still_registered,score_free,56,id_test,brier,10,0.18710054871836673,0.005865791209432193,0.17890342238507417,0.18296243585465974,0.18628585399957226,0.18933812364593944,0.19780035257866413
BBB-B,landmark_still_registered,score_free,56,id_test,log_loss,10,0.5512267423643009,0.014652489694017529,0.5308643597684441,0.5434468841694398,0.5465272155465132,0.5595830897959928,0.5803924741203546
BBB-B,landmark_still_registered,score_free,56,id_test,ece,10,0.0703119197829797,0.014674678663625509,0.05231220446309888,0.0627638517532991,0.06622871350734966,0.07288697578694234,0.10501536467303393
BBB-B,landmark_still_registered,score_free,56,id_test,calibration_intercept,10,0.06413890922743438,0.11208334958419237,-0.08470833192496692,-0.007284313656446056,0.03747233371991359,0.14441449733090025,0.24061628750630862
BBB-B,landmark_still_registered,score_free,56,id_test,calibration_slope,10,1.232417665758501,0.20884670123717697,0.9687516198662652,1.081797995134758,1.2131552911812755,1.3703198516050443,1.5414526453283448
BBB-B,landmark_still_registered,score_free,56,id_test,hcep_080,10,0.01990950226244344,0.012833814410969922,0.004524886877828055,0.00904977375565611,0.018099547511312215,0.029411764705882353,0.04072398190045249
BBB-B,landmark_still_registered,score_free,56,id_test,hcep_090,10,0.0022624434389140274,0.0031995781954142423,0.0,0.0,0.0,0.004524886877828055,0.00904977375565611
BBB-B,landmark_still_registered,score_free,56,id_test,hcep_095,10,0.00045248868778280545,0.0014308948688544704,0.0,0.0,0.0,0.0,0.004524886877828055
BBB-B,landmark_still_registered,score_free,56,id_test,aurc,10,0.16458963228194393,0.019120615966945843,0.14439219922415364,0.1528624286528762,0.1609425530501074,0.168476731710936,0.20659739913151987
BBB-B,landmark_still_registered,score_free,56,id_test,excess_aurc,10,0.12003250812147526,0.01538282377032612,0.10391521792053804,0.11041350660582507,0.12099696689313792,0.121784485574234,0.15834451371255814
BBB-B,landmark_still_registered,score_free,56,ood_test,prevalence,10,0.40625,0.0,0.40625,0.40625,0.40625,0.40625,0.40625
BBB-B,landmark_still_registered,score_free,56,ood_test,auroc,10,0.7441127322888513,0.020700330313361295,0.69138806957731,0.7414717608532304,0.7457060908183522,0.7557532495205626,0.7662952661859208
BBB-B,landmark_still_registered,score_free,56,ood_test,average_precision,10,0.714834957847156,0.039725756951749784,0.605598013569553,0.7163256819449786,0.7255267776947738,0.7293526762593461,0.7459643770554933
BBB-B,landmark_still_registered,score_free,56,ood_test,pr_skill,10,0.5197220342688944,0.06690653802399962,0.335744022853984,0.5222327274862797,0.5377293098017244,0.5441729284367933,0.572150529777673
BBB-B,landmark_still_registered,score_free,56,ood_test,brier,10,0.20100961234319184,0.015074032582192696,0.1863526453786373,0.19179278624650503,0.19870411498095333,0.20319772945898146,0.23772055518167753
BBB-B,landmark_still_registered,score_free,56,ood_test,log_loss,10,0.5850276072390534,0.039161267897504494,0.5491858527459373,0.5625738976697136,0.5788409250725763,0.5880456694330817,0.6837388983022169
BBB-B,landmark_still_registered,score_free,56,ood_test,ece,10,0.09286049582395309,0.030901165342018255,0.04804226877372056,0.07055337641599628,0.09485229194655842,0.10672156239370947,0.15376125447641573
BBB-B,landmark_still_registered,score_free,56,ood_test,calibration_intercept,10,-0.3897236588875,0.17096523622071005,-0.6438797298893263,-0.4881086496144583,-0.4210190285438386,-0.2674428752810293,-0.07769218088325781
BBB-B,landmark_still_registered,score_free,56,ood_test,calibration_slope,10,1.0249999660759272,0.19958566257322344,0.7093499492890679,0.8884226178801329,1.002865125987369,1.1819496047512708,1.3267176729170367
BBB-B,landmark_still_registered,score_free,56,ood_test,hcep_080,10,0.02286184210526316,0.012379915260699946,0.009046052631578948,0.014185855263157895,0.019325657894736843,0.032072368421052634,0.046052631578947366
BBB-B,landmark_still_registered,score_free,56,ood_test,hcep_090,10,0.004769736842105262,0.004616345270837913,0.0,0.001644736842105263,0.003700657894736842,0.007195723684210526,0.014802631578947368
BBB-B,landmark_still_registered,score_free,56,ood_test,hcep_095,10,0.0013980263157894735,0.0022621360784844027,0.0,0.0,0.0,0.0026726973684210523,0.006578947368421052
BBB-B,landmark_still_registered,score_free,56,ood_test,aurc,10,0.20017881753233543,0.04740529402297786,0.16121728544317562,0.17592703705337825,0.1890428486635731,0.2027061060637132,0.32432335666425227
BBB-B,landmark_still_registered,score_free,56,ood_test,excess_aurc,10,0.14154749657986213,0.03328311527873122,0.11257481857363202,0.12468763965918832,0.1342926485227746,0.141828514680918,0.23014520853301784
BBB-J,landmark_still_registered,score_free,14,id_test,prevalence,10,0.4229390681003585,5.851389114294502e-17,0.4229390681003584,0.4229390681003584,0.4229390681003584,0.4229390681003584,0.4229390681003584
BBB-J,landmark_still_registered,score_free,14,id_test,auroc,10,0.71749131487525,0.02866271962588338,0.6692809769449416,0.6960995894304665,0.7180755869038846,0.7407227076534372,0.7537109169386251
BBB-J,landmark_still_registered,score_free,14,id_test,average_precision,10,0.6476946442849361,0.04390910669725864,0.5560662604748096,0.6229623572203122,0.6626090313865667,0.6779531810059258,0.6922979584721765
BBB-J,landmark_still_registered,score_free,14,id_test,pr_skill,10,0.3894832655620941,0.07609093645052895,0.23069867498429733,0.34662420909606895,0.4153286941419384,0.44191886646368506,0.4667772075387406
BBB-J,landmark_still_registered,score_free,14,id_test,brier,10,0.21192887815585387,0.008971536664039239,0.19938144716011527,0.20838848235875446,0.2104819774844458,0.2158795312894614,0.22945106196520743
BBB-J,landmark_still_registered,score_free,14,id_test,log_loss,10,0.6215295576635558,0.03004704719796378,0.5818833646278392,0.6046992883006781,0.6189280156853125,0.635505161894036,0.6858234565352487
BBB-J,landmark_still_registered,score_free,14,id_test,ece,10,0.0800791855556169,0.027150323094100863,0.04240966730544552,0.05890002429532589,0.08321118406741375,0.10016758400262515,0.11824653580666057
BBB-J,landmark_still_registered,score_free,14,id_test,calibration_intercept,10,-0.005565480327469073,0.10103253800828309,-0.16075621081957855,-0.056549195557545194,0.0005299440333856528,0.03169455092423156,0.2163357263523266
BBB-J,landmark_still_registered,score_free,14,id_test,calibration_slope,10,0.9996264396713869,0.28725320972873664,0.4398602981474248,0.8556174278214259,1.0439440206803088,1.2002725213672294,1.4077001962299953
BBB-J,landmark_still_registered,score_free,14,id_test,hcep_080,10,0.022222222222222223,0.014807104788367664,0.0035842293906810036,0.011648745519713262,0.01971326164874552,0.02956989247311828,0.053763440860215055
BBB-J,landmark_still_registered,score_free,14,id_test,hcep_090,10,0.004301075268817204,0.006044975216570379,0.0,0.0,0.0017921146953405018,0.0062724014336917565,0.017921146953405017
BBB-J,landmark_still_registered,score_free,14,id_test,hcep_095,10,0.0014336917562724014,0.001850888098545958,0.0,0.0,0.0,0.0035842293906810036,0.0035842293906810036
BBB-J,landmark_still_registered,score_free,14,id_test,aurc,10,0.24268670175451829,0.035676789575913186,0.19509099176728067,0.22415018958783484,0.23909873534900114,0.2583743512317282,0.3046629865709264
BBB-J,landmark_still_registered,score_free,14,id_test,excess_aurc,10,0.1790764464323166,0.02732821617743225,0.13909621540014427,0.16537302387145345,0.17893496614599835,0.19194410958944955,0.2234879884923624
BBB-J,landmark_still_registered,score_free,14,ood_test,prevalence,10,0.35852272727272727,0.0,0.35852272727272727,0.35852272727272727,0.35852272727272727,0.35852272727272727,0.35852272727272727
BBB-J,landmark_still_registered,score_free,14,ood_test,auroc,10,0.6426028110651475,0.01309398119259021,0.6201433466358038,0.6331999343064771,0.6428335806198493,0.6532203161430603,0.6606417190366635
BBB-J,landmark_still_registered,score_free,14,ood_test,average_precision,10,0.5049019129098362,0.013060390389556826,0.4854619304469319,0.4982857714681845,0.5052165436205902,0.5117281162089207,0.5283564549294408
BBB-J,landmark_still_registered,score_free,14,ood_test,pr_skill,10,0.2281907588319855,0.02035986455767937,0.19788573745491603,0.21787684480425573,0.22868123717647357,0.23883213864278163,0.26475408385811855
BBB-J,landmark_still_registered,score_free,14,ood_test,brier,10,0.2254371827542041,0.01003741938328294,0.21271235162214175,0.21891730624724712,0.22258957938036655,0.22995679960901888,0.24323120482572755
BBB-J,landmark_still_registered,score_free,14,ood_test,log_loss,10,0.653565359838703,0.03408153399081243,0.6149126152325074,0.6308158523035414,0.640695025691361,0.6685809829050496,0.7174006404385092
BBB-J,landmark_still_registered,score_free,14,ood_test,ece,10,0.08830850770594438,0.03826842306466448,0.03235052281249297,0.06853845927245342,0.07754706425999341,0.10818682363490725,0.15083654443220137
BBB-J,landmark_still_registered,score_free,14,ood_test,calibration_intercept,10,0.027298526451591875,0.09318672865912304,-0.10083412846578935,-0.040814930256530456,0.030060033750619032,0.10093256573668428,0.17416212729206437
BBB-J,landmark_still_registered,score_free,14,ood_test,calibration_slope,10,0.6492310040580189,0.1807630790143855,0.4260667557999103,0.5145949762074353,0.6157684477149803,0.7190213783795396,1.01770242806574
BBB-J,landmark_still_registered,score_free,14,ood_test,hcep_080,10,0.09306818181818183,0.054457789401023984,0.024431818181818183,0.052414772727272727,0.07613636363636364,0.12542613636363636,0.18125
BBB-J,landmark_still_registered,score_free,14,ood_test,hcep_090,10,0.017897727272727273,0.022621677038596577,0.0005681818181818182,0.0036931818181818185,0.007386363636363636,0.024573863636363637,0.06420454545454546
BBB-J,landmark_still_registered,score_free,14,ood_test,hcep_095,10,0.0023863636363636366,0.0025940747982218077,0.0,0.0005681818181818182,0.0014204545454545455,0.0031249999999999997,0.007954545454545454
BBB-J,landmark_still_registered,score_free,14,ood_test,aurc,10,0.26118128212763747,0.009816924157565486,0.2490314702424987,0.25267286819369955,0.2609524356314397,0.2668359161438223,0.2792164321924102
BBB-J,landmark_still_registered,score_free,14,ood_test,excess_aurc,10,0.19567153898865466,0.008422464198661899,0.1839792215417732,0.18834638770945192,0.19772341787832037,0.20081742640750339,0.20922535155438224
BBB-J,landmark_still_registered,score_free,56,id_test,prevalence,10,0.39776951672862454,0.0,0.39776951672862454,0.39776951672862454,0.39776951672862454,0.39776951672862454,0.39776951672862454
BBB-J,landmark_still_registered,score_free,56,id_test,auroc,10,0.7595823237567785,0.01589220188173335,0.729491173416407,0.7517018576208607,0.7638167762778354,0.7713597553940233,0.7763355255567093
BBB-J,landmark_still_registered,score_free,56,id_test,average_precision,10,0.7257242635199563,0.02641066455470801,0.6809126349169996,0.7116357931551183,0.7290878825342242,0.7378793490975112,0.7684674915841802
BBB-J,landmark_still_registered,score_free,56,id_test,pr_skill,10,0.5445668326349894,0.043854745464299114,0.47015739995477096,0.5211730145600422,0.5501521012451006,0.5647502772051266,0.6155416989885462
BBB-J,landmark_still_registered,score_free,56,id_test,brier,10,0.18628288783274677,0.007306137701717514,0.1767333242948273,0.18171508547914927,0.18524776359432327,0.188765108540549,0.19926080120828657
BBB-J,landmark_still_registered,score_free,56,id_test,log_loss,10,0.5539374653739599,0.020725525225878,0.5296088652408818,0.5436225056658195,0.5485200439003093,0.5601198405233809,0.5971889752863037
BBB-J,landmark_still_registered,score_free,56,id_test,ece,10,0.07586831947314893,0.015091440952096592,0.05189661647205779,0.06907866412776122,0.07483068702218702,0.07859869843366979,0.10516890289910046
BBB-J,landmark_still_registered,score_free,56,id_test,calibration_intercept,10,-0.05715679833634315,0.08515696493601237,-0.1936398966356004,-0.11807651387468089,-0.07075956458380003,0.0008257560407640848,0.07858491307154798
BBB-J,landmark_still_registered,score_free,56,id_test,calibration_slope,10,0.946690437356699,0.18783030089470396,0.6485298576557884,0.8346517691910275,0.9170103981508183,1.0060159451576471,1.3156660361059185
BBB-J,landmark_still_registered,score_free,56,id_test,hcep_080,10,0.04721189591078066,0.021891390580494528,0.01486988847583643,0.03810408921933085,0.04275092936802974,0.05947955390334572,0.08550185873605948
BBB-J,landmark_still_registered,score_free,56,id_test,hcep_090,10,0.007434944237918214,0.007225467032026395,0.0,0.0037174721189591076,0.0055762081784386614,0.007434944237918215,0.026022304832713755
BBB-J,landmark_still_registered,score_free,56,id_test,hcep_095,10,0.002973977695167286,0.003839388695125073,0.0,0.0,0.0018587360594795538,0.0037174721189591076,0.011152416356877323
BBB-J,landmark_still_registered,score_free,56,id_test,aurc,10,0.1694222012091093,0.018851749963344898,0.14896353803213516,0.15394852142504167,0.16593802526241222,0.18264677203025648,0.20405115221912926
BBB-J,landmark_still_registered,score_free,56,id_test,excess_aurc,10,0.12706470266158187,0.019075515462409695,0.10855391423985071,0.11116944860504398,0.12031665050190296,0.143644948103125,0.16096465006319388
BBB-J,landmark_still_registered,score_free,56,ood_test,prevalence,10,0.33836331979106216,5.851389114294502e-17,0.3383633197910621,0.3383633197910621,0.3383633197910621,0.3383633197910621,0.3383633197910621
BBB-J,landmark_still_registered,score_free,56,ood_test,auroc,10,0.7070814901748368,0.0127466900947058,0.6902425446119588,0.6971160211850381,0.7081091450753814,0.7165203424513256,0.7277948301284946
BBB-J,landmark_still_registered,score_free,56,ood_test,average_precision,10,0.5895221235588669,0.01578384349065624,0.5694555993880004,0.5744970359022117,0.5901201582465099,0.6008256145648224,0.6118068860165622
BBB-J,landmark_still_registered,score_free,56,ood_test,pr_skill,10,0.37960229727362077,0.02385575643368483,0.3492736822329163,0.3568933270697462,0.3805061689988917,0.3966864332413939,0.41328356544433037
BBB-J,landmark_still_registered,score_free,56,ood_test,brier,10,0.21314166660555797,0.015032803326057907,0.18836325135500231,0.1994169399370737,0.21934550198372577,0.2245034774230516,0.23194495812855426
BBB-J,landmark_still_registered,score_free,56,ood_test,log_loss,10,0.6616325986717014,0.07132085970527816,0.5581825733415482,0.597039031793382,0.6855992960871418,0.713207016078211,0.7693959292680274
BBB-J,landmark_still_registered,score_free,56,ood_test,ece,10,0.1309359977215407,0.05130734423277008,0.022019112924532288,0.09669669227925248,0.15567124274683708,0.16383906422808506,0.1842681627043089
BBB-J,landmark_still_registered,score_free,56,ood_test,calibration_intercept,10,0.13495165997457226,0.24894913932355964,-0.48184200165663477,0.06929521243738385,0.22974371423352752,0.2753215511599689,0.3330740468269691
BBB-J,landmark_still_registered,score_free,56,ood_test,calibration_slope,10,0.6296158137607946,0.1900786872560414,0.46371911873094984,0.5031390743429632,0.5394298139625491,0.6922689031225823,0.9641391537832994
BBB-J,landmark_still_registered,score_free,56,ood_test,hcep_080,10,0.1523505513639002,0.06850992489632968,0.02379570516540917,0.1323273360417876,0.1880441091120139,0.1957341845618108,0.2188044109112014
BBB-J,landmark_still_registered,score_free,56,ood_test,hcep_090,10,0.08398142774230992,0.056088382911214145,0.0017411491584445734,0.042513058618688336,0.10969239698200813,0.1262333139872316,0.1497388276262333
BBB-J,landmark_still_registered,score_free,56,ood_test,hcep_095,10,0.03116656993615786,0.028328731383195145,0.0,0.00391758560650029,0.036564132327336046,0.04686593151479977,0.0824143934997098
BBB-J,landmark_still_registered,score_free,56,ood_test,aurc,10,0.19743767149185532,0.01009895007846506,0.17643190865422642,0.19232534140118654,0.19917291568567558,0.20609710204754356,0.2085181730912209
BBB-J,landmark_still_registered,score_free,56,ood_test,excess_aurc,10,0.1508672153491855,0.008427945951111305,0.1332289185111793,0.14612501978088369,0.15227448377221633,0.1567269299419389,0.1608211612712164
DDD-B,landmark_still_registered,score_free,14,id_test,prevalence,10,0.5722222222222222,0.0,0.5722222222222222,0.5722222222222222,0.5722222222222222,0.5722222222222222,0.5722222222222222
DDD-B,landmark_still_registered,score_free,14,id_test,auroc,10,0.7319631824486194,0.0436001848353054,0.6427940991047787,0.7066889421258353,0.7379271214222671,0.7603706972639013,0.7830034043626276
DDD-B,landmark_still_registered,score_free,14,id_test,average_precision,10,0.7942815077351071,0.034527230876129314,0.7231632352739816,0.7796782291970971,0.7977399929517963,0.8211527648419027,0.833264987624706
DDD-B,landmark_still_registered,score_free,14,id_test,pr_skill,10,0.5190996284716787,0.08071300724289968,0.3528491214196974,0.4849620942269802,0.5271843991080954,0.5819155541758765,0.6102298412006115
DDD-B,landmark_still_registered,score_free,14,id_test,brier,10,0.20714742477200074,0.014156075812269497,0.19212158859177536,0.19614547800610582,0.2052004179818031,0.21553452516326482,0.23744978119932647
DDD-B,landmark_still_registered,score_free,14,id_test,log_loss,10,0.5992080949299701,0.03224560172587681,0.5659695175142363,0.572743979913689,0.5931842006397045,0.6156385355536339,0.6696925270217431
DDD-B,landmark_still_registered,score_free,14,id_test,ece,10,0.08697762733344969,0.01337226554087487,0.06997426348300424,0.08044551486369995,0.0872710499470507,0.09168951447970794,0.11684202828412144
DDD-B,landmark_still_registered,score_free,14,id_test,calibration_intercept,10,-0.01350825572765138,0.09583915093534724,-0.2431069220145182,-0.050106437394740556,0.023702267520271637,0.05004117160002841,0.06461065814927229
DDD-B,landmark_still_registered,score_free,14,id_test,calibration_slope,10,1.044275567323424,0.2845106939257374,0.5545039773084159,0.825007542381273,1.0802708426788632,1.2390001930296541,1.4165945294309903
DDD-B,landmark_still_registered,score_free,14,id_test,hcep_080,10,0.02333333333333333,0.011944085553034889,0.011111111111111112,0.0125,0.022222222222222223,0.030555555555555555,0.044444444444444446
DDD-B,landmark_still_registered,score_free,14,id_test,hcep_090,10,0.003333333333333333,0.004684855792842044,0.0,0.0,0.0,0.005555555555555556,0.011111111111111112
DDD-B,landmark_still_registered,score_free,14,id_test,hcep_095,10,0.0011111111111111111,0.0023424278964210214,0.0,0.0,0.0,0.0,0.005555555555555556
DDD-B,landmark_still_registered,score_free,14,id_test,aurc,10,0.21562455146003287,0.04118504796721533,0.1685032840786829,0.185824121361238,0.20735688613463982,0.23367066978451612,0.3033417010102759
DDD-B,landmark_still_registered,score_free,14,id_test,excess_aurc,10,0.15372773374111298,0.024316030698986198,0.1239252163233063,0.1397049246403894,0.14789428363459595,0.1665074920100835,0.19807166083047628
DDD-B,landmark_still_registered,score_free,14,ood_test,prevalence,10,0.5337301587301588,1.1702778228589004e-16,0.5337301587301587,0.5337301587301587,0.5337301587301587,0.5337301587301587,0.5337301587301587
DDD-B,landmark_still_registered,score_free,14,ood_test,auroc,10,0.6726283318832557,0.011828114904171965,0.6505418017875504,0.6706912916238235,0.6782745392707428,0.6789300403385272,0.6853673969785652
DDD-B,landmark_still_registered,score_free,14,ood_test,average_precision,10,0.707161739915877,0.010640932267970516,0.6891726887963296,0.7034503405816039,0.7082542638134954,0.7156126738100028,0.7200793083553467
DDD-B,landmark_still_registered,score_free,14,ood_test,pr_skill,10,0.3719553911387322,0.022821403672583573,0.3333746176738304,0.3639956240558656,0.3742985062212838,0.3900799472350699,0.39965945281316917
DDD-B,landmark_still_registered,score_free,14,ood_test,brier,10,0.22707632672203704,0.003006134700018951,0.22380553947243298,0.22511002236912708,0.2259731223376178,0.22878239702403716,0.23271067501227674
DDD-B,landmark_still_registered,score_free,14,ood_test,log_loss,10,0.6448421412956135,0.006759447595522574,0.6374446062078204,0.6397810591179229,0.6423362149736689,0.6509605554975115,0.6564238908707674
DDD-B,landmark_still_registered,score_free,14,ood_test,ece,10,0.0486628110832531,0.013996205530589093,0.030816368147968416,0.04036703237173253,0.04743139275034698,0.05375323876132451,0.08091468490216581
DDD-B,landmark_still_registered,score_free,14,ood_test,calibration_intercept,10,0.033828346810974984,0.08852450748625747,-0.10326977174536302,-0.02655861959308356,0.04251366365806944,0.06746531706201254,0.1708523303280599
DDD-B,landmark_still_registered,score_free,14,ood_test,calibration_slope,10,0.8177059300196969,0.1214235963755465,0.6176760861489641,0.7682977183595994,0.8131200936091549,0.870743002329639,1.0638102995464644
DDD-B,landmark_still_registered,score_free,14,ood_test,hcep_080,10,0.021130952380952382,0.012470483192932012,0.00496031746031746,0.01488095238095238,0.020337301587301584,0.024553571428571428,0.050595238095238096
DDD-B,landmark_still_registered,score_free,14,ood_test,hcep_090,10,0.002976190476190476,0.0026865206364536905,0.0,0.001240079365079365,0.00248015873015873,0.003968253968253968,0.008928571428571428
DDD-B,landmark_still_registered,score_free,14,ood_test,hcep_095,10,0.0005952380952380952,0.0010664362100924008,0.0,0.0,0.0,0.000744047619047619,0.002976190476190476
DDD-B,landmark_still_registered,score_free,14,ood_test,aurc,10,0.2821897859231334,0.012261517417136613,0.2701773603333934,0.27421513010115456,0.27993540580034826,0.2821325205858862,0.30551725434505295
DDD-B,landmark_still_registered,score_free,14,ood_test,excess_aurc,10,0.19778033980790516,0.007969494230357628,0.1893951947940488,0.1923773380167475,0.19588383458521869,0.20155610893497727,0.21362600010711189
DDD-B,landmark_still_registered,score_free,56,id_test,prevalence,10,0.5304878048780488,0.0,0.5304878048780488,0.5304878048780488,0.5304878048780488,0.5304878048780488,0.5304878048780488
DDD-B,landmark_still_registered,score_free,56,id_test,auroc,10,0.7638154948499776,0.030569631097185728,0.715629198387819,0.7454470816539782,0.7760859829825347,0.7814972383937903,0.8078817733990147
DDD-B,landmark_still_registered,score_free,56,id_test,average_precision,10,0.8181376167642442,0.020155775574258947,0.7879385134543218,0.804042384185617,0.8170518193443848,0.8372641702632788,0.8429424259845851
DDD-B,landmark_still_registered,score_free,56,id_test,pr_skill,10,0.6126567421991694,0.04292918433998011,0.5483365741105034,0.582635727356379,0.6103441347075207,0.6533938171841261,0.6654877644347008
DDD-B,landmark_still_registered,score_free,56,id_test,brier,10,0.1953023412140036,0.01044139304797314,0.1813131604185313,0.18959363022111042,0.1926038292685071,0.1996239693861985,0.21520055630238905
DDD-B,landmark_still_registered,score_free,56,id_test,log_loss,10,0.5645255132885583,0.02565244706925273,0.5306139489342415,0.549458693997303,0.5642317633810735,0.574270236813244,0.6139440771208948
DDD-B,landmark_still_registered,score_free,56,id_test,ece,10,0.08898314521634768,0.03118975775570309,0.05236184121936486,0.06925101397245356,0.07961086712966751,0.10749825819885075,0.14082980045639565
DDD-B,landmark_still_registered,score_free,56,id_test,calibration_intercept,10,-0.0445064249098727,0.12209223298441618,-0.22564164823408145,-0.09585110893704346,-0.07512665599798102,0.05044141810557855,0.14207486553127602
DDD-B,landmark_still_registered,score_free,56,id_test,calibration_slope,10,0.9728079424423823,0.24880773357822167,0.6214867813521785,0.8418711236385162,0.902257782537627,1.0806511369009026,1.5324456165143525
DDD-B,landmark_still_registered,score_free,56,id_test,hcep_080,10,0.024390243902439025,0.012195121951219513,0.006097560975609756,0.018292682926829267,0.024390243902439025,0.02896341463414634,0.04878048780487805
DDD-B,landmark_still_registered,score_free,56,id_test,hcep_090,10,0.004878048780487805,0.007495564599425112,0.0,0.0,0.0,0.006097560975609756,0.018292682926829267
DDD-B,landmark_still_registered,score_free,56,id_test,hcep_095,10,0.0012195121951219512,0.0025709574472913654,0.0,0.0,0.0,0.0,0.006097560975609756
DDD-B,landmark_still_registered,score_free,56,id_test,aurc,10,0.17847327737129665,0.025389780823826775,0.14068709474954938,0.1667561364461861,0.17512944957898274,0.19408791039165793,0.21568332338379614
DDD-B,landmark_still_registered,score_free,56,id_test,excess_aurc,10,0.12049297507571932,0.02372810765104032,0.0742256729226378,0.10694443853053182,0.12099636521051614,0.14144469769597753,0.14969963417909077
DDD-B,landmark_still_registered,score_free,56,ood_test,prevalence,10,0.4962486602357984,1.1702778228589004e-16,0.4962486602357985,0.4962486602357985,0.4962486602357985,0.4962486602357985,0.4962486602357985
DDD-B,landmark_still_registered,score_free,56,ood_test,auroc,10,0.7538008363586232,0.00935466082411289,0.7380726988649418,0.7489545517209687,0.756695464362851,0.7605234134460732,0.7641009144800331
DDD-B,landmark_still_registered,score_free,56,ood_test,average_precision,10,0.775972787453985,0.0072762722829758895,0.7617622893914773,0.7722243527535337,0.7780931945369589,0.7812309604253524,0.7840187157048742
DDD-B,landmark_still_registered,score_free,56,ood_test,pr_skill,10,0.5552821504139744,0.01444417455322661,0.5270728000047836,0.5478411087639299,0.5594913840488993,0.5657201831422423,0.5712541739418036
DDD-B,landmark_still_registered,score_free,56,ood_test,brier,10,0.199979708719844,0.003583731728031615,0.1956229741905156,0.19722566853412965,0.19887030269267425,0.2030238819612431,0.20535551360968857
DDD-B,landmark_still_registered,score_free,56,ood_test,log_loss,10,0.5875242517740021,0.008616314200212928,0.5781392198725681,0.5803968203105426,0.5847833564447962,0.5912164505348234,0.6020734743737082
DDD-B,landmark_still_registered,score_free,56,ood_test,ece,10,0.05825459566217508,0.01604133443479697,0.04514651168779598,0.0503891565424243,0.05295471692472255,0.059767354524062094,0.10013552356610562
DDD-B,landmark_still_registered,score_free,56,ood_test,calibration_intercept,10,-0.16115741718877835,0.09855645896389265,-0.3735989523616872,-0.19070686924263225,-0.15643752504925995,-0.09932360819671364,-0.01786777514823666
DDD-B,landmark_still_registered,score_free,56,ood_test,calibration_slope,10,0.839762851725874,0.1117801313274127,0.6739590117835355,0.7425659519800104,0.8577641833182461,0.9134494760394506,1.0020487567717244
DDD-B,landmark_still_registered,score_free,56,ood_test,hcep_080,10,0.025937834941050376,0.012060722409358777,0.012861736334405145,0.016613076098606645,0.022508038585209004,0.03456591639871383,0.04715969989281887
DDD-B,landmark_still_registered,score_free,56,ood_test,hcep_090,10,0.006966773847802786,0.002913452381261181,0.004287245444801715,0.004555198285101822,0.0058949624866023575,0.008306538049303322,0.011789924973204717
DDD-B,landmark_still_registered,score_free,56,ood_test,hcep_095,10,0.003965702036441586,0.0010168095370316332,0.0021436227224008574,0.003215434083601286,0.004287245444801715,0.004287245444801715,0.0053590568060021436
DDD-B,landmark_still_registered,score_free,56,ood_test,aurc,10,0.1976137928311014,0.007264158918635534,0.18926649765591802,0.1915675690110326,0.1959476565242037,0.20386672542747505,0.20905922751298933
DDD-B,landmark_still_registered,score_free,56,ood_test,excess_aurc,10,0.14458756205535045,0.005089350451501768,0.13900279824777753,0.13988291400407776,0.1439035371129851,0.1492741943001779,0.15112774945374244
DDD-J,landmark_still_registered,score_free,14,id_test,prevalence,10,0.5079365079365079,0.0,0.5079365079365079,0.5079365079365079,0.5079365079365079,0.5079365079365079,0.5079365079365079
DDD-J,landmark_still_registered,score_free,14,id_test,auroc,10,0.7415511592741935,0.026459784190640618,0.6834677419354838,0.730594758064516,0.752835181451613,0.7553868447580645,0.7771547379032259
DDD-J,landmark_still_registered,score_free,14,id_test,average_precision,10,0.7567888491785102,0.02804005080519575,0.7185620354033824,0.7345807984004541,0.7515586589107307,0.7822873202255664,0.79429094529536
DDD-J,landmark_still_registered,score_free,14,id_test,pr_skill,10,0.5057321773627784,0.05698461937830102,0.42804542678751906,0.4605996870718907,0.4951030810121302,0.5575516507809897,0.5819461146325059
DDD-J,landmark_still_registered,score_free,14,id_test,brier,10,0.20713854417083746,0.009818025278219981,0.19427817260386065,0.202755062379876,0.20422385968024764,0.21025941537235288,0.22997656963276542
DDD-J,landmark_still_registered,score_free,14,id_test,log_loss,10,0.6021433838711924,0.02239253682375705,0.5727354054972474,0.5921143595302047,0.5969778104779508,0.6103765404487065,0.6538854797212493
DDD-J,landmark_still_registered,score_free,14,id_test,ece,10,0.07093937286388313,0.014649733353570565,0.04091556029311831,0.06203749118682614,0.07327471917115155,0.0814944307615134,0.08772731903617546
DDD-J,landmark_still_registered,score_free,14,id_test,calibration_intercept,10,0.005540143416578674,0.07440621147280281,-0.08831119541138446,-0.060869744760596166,0.012747319042868258,0.05405033074453625,0.13423211723736886
DDD-J,landmark_still_registered,score_free,14,id_test,calibration_slope,10,1.1911610187355097,0.27727314635377803,0.60542456129588,1.0923998661946168,1.2281985683636276,1.3685066356881161,1.5978941646355305
DDD-J,landmark_still_registered,score_free,14,id_test,hcep_080,10,0.015476190476190477,0.020615409307627796,0.0,0.000992063492063492,0.00992063492063492,0.01488095238095238,0.06349206349206349
DDD-J,landmark_still_registered,score_free,14,id_test,hcep_090,10,0.003968253968253968,0.006480131594664492,0.0,0.0,0.0,0.006944444444444444,0.01984126984126984
DDD-J,landmark_still_registered,score_free,14,id_test,hcep_095,10,0.0003968253968253968,0.0012548720873684046,0.0,0.0,0.0,0.0,0.003968253968253968
DDD-J,landmark_still_registered,score_free,14,id_test,aurc,10,0.21668561344464599,0.02633721345199774,0.18113064894142994,0.19684197476273138,0.21594947695610192,0.23208429445478673,0.2691799778945164
DDD-J,landmark_still_registered,score_free,14,id_test,excess_aurc,10,0.15993189024234328,0.020580170711790545,0.13303993547968263,0.14192534580242067,0.1635381136411408,0.16898675406339142,0.19430809952443498
DDD-J,landmark_still_registered,score_free,14,ood_test,prevalence,10,0.4453294713975381,5.851389114294502e-17,0.44532947139753803,0.44532947139753803,0.44532947139753803,0.44532947139753803,0.44532947139753803
DDD-J,landmark_still_registered,score_free,14,ood_test,auroc,10,0.7054675327432125,0.008175600718093761,0.6866777048971534,0.7021089388439576,0.7085663036787025,0.7100071111677175,0.7146617419176804
DDD-J,landmark_still_registered,score_free,14,ood_test,average_precision,10,0.6560262997826112,0.011408989048789652,0.6330009422489997,0.6497649622725186,0.6610375044102292,0.6644781899453862,0.6681779244839244
DDD-J,landmark_still_registered,score_free,14,ood_test,pr_skill,10,0.37985942558718805,0.020568947619293097,0.3383476517570086,0.368571035115337,0.3888939864106091,0.3950971022383528,0.40176725027715354
DDD-J,landmark_still_registered,score_free,14,ood_test,brier,10,0.21698599226236545,0.0035945579267254897,0.21375963260206893,0.21467537270961506,0.215346449176913,0.21845912701276565,0.22478763045301517
DDD-J,landmark_still_registered,score_free,14,ood_test,log_loss,10,0.6252837608339339,0.00811652864967419,0.618136561149082,0.6190814952010311,0.6226538922471778,0.6294237111434351,0.641810367413956
DDD-J,landmark_still_registered,score_free,14,ood_test,ece,10,0.04501299745449712,0.014358058425900074,0.027193437608217914,0.036225659739075315,0.04060032055253995,0.04907108687897423,0.06955223232183
DDD-J,landmark_still_registered,score_free,14,ood_test,calibration_intercept,10,-0.1471246439799322,0.09599923467550886,-0.2891982296410043,-0.202414135688804,-0.13793343712295264,-0.06865429522336586,-0.017387166675155313
DDD-J,landmark_still_registered,score_free,14,ood_test,calibration_slope,10,1.05721555902731,0.13150058193770328,0.8491784578876118,1.0056433921595174,1.0472972692758846,1.1008205457639235,1.3034166235755267
DDD-J,landmark_still_registered,score_free,14,ood_test,hcep_080,10,0.01165821868211441,0.0073247246464510935,0.003620564808110065,0.00669804489500362,0.010861694424330196,0.012671976828385228,0.02896451846488052
DDD-J,landmark_still_registered,score_free,14,ood_test,hcep_090,10,0.002172338884866039,0.0016370576835928717,0.0,0.0009051412020275162,0.0018102824040550326,0.002896451846488052,0.005068790731354091
DDD-J,landmark_still_registered,score_free,14,ood_test,hcep_095,10,0.0006517016654598118,0.00041103997986788316,0.0,0.000724112961622013,0.000724112961622013,0.000724112961622013,0.001448225923244026
DDD-J,landmark_still_registered,score_free,14,ood_test,aurc,10,0.25591758903871004,0.013818609084296744,0.23917439773926563,0.24654325936962207,0.2521995481088759,0.2628963413225033,0.28393476262386563
DDD-J,landmark_still_registered,score_free,14,ood_test,excess_aurc,10,0.1878808012508205,0.010127393532604754,0.17595526311018764,0.1817136585397571,0.1842481310275304,0.19463580384224588,0.20567462474406956
DDD-J,landmark_still_registered,score_free,56,id_test,prevalence,10,0.47257383966244715,1.1702778228589004e-16,0.47257383966244726,0.47257383966244726,0.47257383966244726,0.47257383966244726,0.47257383966244726
DDD-J,landmark_still_registered,score_free,56,id_test,auroc,10,0.7757571428571428,0.02378461077567946,0.7365714285714285,0.7603571428571428,0.7833571428571429,0.7939285714285714,0.8059285714285713
DDD-J,landmark_still_registered,score_free,56,id_test,average_precision,10,0.7808964624055467,0.030394415563200237,0.7290341489855825,0.7676349655513026,0.78538818356779,0.804500021956868,0.8171214223686908
DDD-J,landmark_still_registered,score_free,56,id_test,pr_skill,10,0.5845796927209166,0.05762781190782764,0.48624874647666444,0.5594358946852697,0.5930959960445301,0.6293320416302217,0.6532622168110377
DDD-J,landmark_still_registered,score_free,56,id_test,brier,10,0.19141231455558833,0.008641473875035405,0.18180045975435197,0.18383345790815658,0.19155796494988916,0.19455158960138735,0.20547552720940448
DDD-J,landmark_still_registered,score_free,56,id_test,log_loss,10,0.5643304358717052,0.021384523421302943,0.540704323142643,0.5477663557615482,0.5636690084459131,0.5693150965998912,0.6005890442539055
DDD-J,landmark_still_registered,score_free,56,id_test,ece,10,0.07741633118099928,0.01811438903664606,0.0550853844439066,0.06533356547422653,0.0731890507449597,0.09156327417869503,0.10662134324155588
DDD-J,landmark_still_registered,score_free,56,id_test,calibration_intercept,10,0.02261134838869437,0.07512866900889603,-0.10800077386082464,0.000952915315820538,0.022417350495955786,0.03513351346155284,0.14637424680863165
DDD-J,landmark_still_registered,score_free,56,id_test,calibration_slope,10,1.169617724669338,0.2670406805286141,0.7214214341847074,1.0080912864969354,1.1957569162466166,1.3008628655690841,1.5722956499760574
DDD-J,landmark_still_registered,score_free,56,id_test,hcep_080,10,0.024472573839662445,0.019366429792470892,0.004219409282700422,0.016877637130801686,0.02109704641350211,0.02531645569620253,0.07172995780590717
DDD-J,landmark_still_registered,score_free,56,id_test,hcep_090,10,0.004219409282700421,0.0044476479045968765,0.0,0.0,0.004219409282700422,0.0073839662447257376,0.012658227848101266
DDD-J,landmark_still_registered,score_free,56,id_test,hcep_095,10,0.0016877637130801686,0.0021788935843642288,0.0,0.0,0.0,0.004219409282700422,0.004219409282700422
DDD-J,landmark_still_registered,score_free,56,id_test,aurc,10,0.17687705730694797,0.023558122920623877,0.15043241664812357,0.15914370195932306,0.169901748963098,0.18552349299941168,0.2205846023953908
DDD-J,landmark_still_registered,score_free,56,id_test,excess_aurc,10,0.1306572153683077,0.017768451732092273,0.09720049174636863,0.12184220768818657,0.1256342287573578,0.1435684511530921,0.15583839384832873
DDD-J,landmark_still_registered,score_free,56,ood_test,prevalence,10,0.42374154770848993,5.851389114294502e-17,0.4237415477084899,0.4237415477084899,0.4237415477084899,0.4237415477084899,0.4237415477084899
DDD-J,landmark_still_registered,score_free,56,ood_test,auroc,10,0.7323037162380834,0.00942880207796246,0.7136143397412781,0.7271231518211323,0.7330381332815519,0.738747954173486,0.7458251269105939
DDD-J,landmark_still_registered,score_free,56,ood_test,average_precision,10,0.6934110730706862,0.009146818349029032,0.678059647690719,0.6863714064723332,0.6954731065454922,0.6988052733791902,0.7056670492191739
DDD-J,landmark_still_registered,score_free,56,ood_test,pr_skill,10,0.4679662819518686,0.01587277082471661,0.44132645511909646,0.4557501199669822,0.47154459558285533,0.4773270128653221,0.4892344752421387
DDD-J,landmark_still_registered,score_free,56,ood_test,brier,10,0.20612964391563876,0.003448948350046759,0.2013923939698168,0.2030997522222225,0.20744220683522024,0.20863703450013765,0.2106485818536336
DDD-J,landmark_still_registered,score_free,56,ood_test,log_loss,10,0.5993356104175573,0.008350934491377601,0.5867215717937748,0.5921392122277023,0.6020611683576482,0.605360623672602,0.6089607902237218
DDD-J,landmark_still_registered,score_free,56,ood_test,ece,10,0.0642641380367648,0.01752598568765875,0.030063126129091,0.0560946795323355,0.06648066959624116,0.07148350112656623,0.08930938581813529
DDD-J,landmark_still_registered,score_free,56,ood_test,calibration_intercept,10,-0.24442226376733095,0.12776839492826153,-0.42651360926920584,-0.29324570775319597,-0.275130343847814,-0.18082936410301398,-0.008622168821374199
DDD-J,landmark_still_registered,score_free,56,ood_test,calibration_slope,10,0.9919988860201178,0.17032606944178602,0.7075522348871086,0.9472147153661737,0.9651789115888643,0.969571514852885,1.3733894393380037
DDD-J,landmark_still_registered,score_free,56,ood_test,hcep_080,10,0.020285499624342597,0.010660554296915984,0.006010518407212622,0.015777610818933134,0.018407212622088658,0.02329075882794891,0.045078888054094664
DDD-J,landmark_still_registered,score_free,56,ood_test,hcep_090,10,0.0033809166040570993,0.0026325815228686,0.0015026296018031556,0.002253944402704733,0.002629601803155522,0.0035687453042824945,0.010518407212622089
DDD-J,landmark_still_registered,score_free,56,ood_test,hcep_095,10,0.0014274981217129979,0.0005543687358171463,0.0007513148009015778,0.0009391435011269723,0.0015026296018031556,0.0015026296018031556,0.002253944402704733
DDD-J,landmark_still_registered,score_free,56,ood_test,aurc,10,0.21675428180445752,0.010212582819573154,0.20167450530466913,0.20841911975542732,0.21924870800581697,0.22482551561012756,0.2300826751145721
DDD-J,landmark_still_registered,score_free,56,ood_test,excess_aurc,10,0.15698894499973592,0.006800740751480101,0.1467997398144268,0.15131891242782933,0.15868421940413285,0.16093891174371955,0.16634633851025407
EEE-J,landmark_still_registered,score_free,14,id_test,prevalence,10,0.3475177304964539,0.0,0.3475177304964539,0.3475177304964539,0.3475177304964539,0.3475177304964539,0.3475177304964539
EEE-J,landmark_still_registered,score_free,14,id_test,auroc,10,0.7209627329192545,0.05515866236941741,0.6495119787045253,0.673857586512866,0.7232697426796806,0.7589285714285714,0.8143300798580302
EEE-J,landmark_still_registered,score_free,14,id_test,average_precision,10,0.6039541542535535,0.05992625047935262,0.516006823151029,0.5552782357515021,0.609163148869705,0.6583682621907334,0.683535487210351
EEE-J,landmark_still_registered,score_free,14,id_test,pr_skill,10,0.3930166929320765,0.09184349258248606,0.25822784852494657,0.3184155569669761,0.4010000433763957,0.4764122279227545,0.5149837358332552
EEE-J,landmark_still_registered,score_free,14,id_test,brier,10,0.19443180063897908,0.014740117793647575,0.17009696278194542,0.18302491844310964,0.1951330219519825,0.20682965185238797,0.21488209990808316
EEE-J,landmark_still_registered,score_free,14,id_test,log_loss,10,0.5748513199023735,0.03548245643290564,0.5164808512025576,0.5476251311077893,0.5779344951512292,0.60333050640025,0.6243654729888685
EEE-J,landmark_still_registered,score_free,14,id_test,ece,10,0.08679777798749701,0.023750390882520667,0.036280157729140707,0.07816269626626977,0.09488250341706653,0.09969435676537591,0.11216245551150451
EEE-J,landmark_still_registered,score_free,14,id_test,calibration_intercept,10,0.0021075714666973625,0.16649433369722633,-0.28223022339223736,-0.05950959545168404,0.041135253695251395,0.11221749139957338,0.20105600061231113
EEE-J,landmark_still_registered,score_free,14,id_test,calibration_slope,10,1.0885601166016816,0.33047060147325025,0.6119755104243385,0.8560475091847417,1.0946666804778276,1.3753066298137764,1.497257670721191
EEE-J,landmark_still_registered,score_free,14,id_test,hcep_080,10,0.03191489361702128,0.021987086569430585,0.0,0.015957446808510637,0.03191489361702128,0.047872340425531915,0.07092198581560284
EEE-J,landmark_still_registered,score_free,14,id_test,hcep_090,10,0.00425531914893617,0.006851714773612028,0.0,0.0,0.0,0.0070921985815602835,0.02127659574468085
EEE-J,landmark_still_registered,score_free,14,id_test,hcep_095,10,0.0,0.0,0.0,0.0,0.0,0.0,0.0
EEE-J,landmark_still_registered,score_free,14,id_test,aurc,10,0.20012784332047087,0.04472215134230741,0.1346120150333607,0.1706450596053193,0.1989731807140249,0.2385909387010407,0.26774310884755803
EEE-J,landmark_still_registered,score_free,14,id_test,excess_aurc,10,0.15447292209411703,0.03650954269861308,0.10187002674509452,0.13403095370747536,0.15483368929241845,0.18106236132319456,0.21032458933909787
EEE-J,landmark_still_registered,score_free,14,ood_test,prevalence,10,0.32402791625124633,5.851389114294502e-17,0.3240279162512463,0.3240279162512463,0.3240279162512463,0.3240279162512463,0.3240279162512463
EEE-J,landmark_still_registered,score_free,14,ood_test,auroc,10,0.7145159972770593,0.009280877873411718,0.7014250056727934,0.7094520081688223,0.7116541865214432,0.7212570909916043,0.72928522804629
EEE-J,landmark_still_registered,score_free,14,ood_test,average_precision,10,0.5461240720941519,0.016315092064244693,0.5204339158616932,0.5352886883557413,0.5451557928367177,0.5604174985127953,0.5699222695469259
EEE-J,landmark_still_registered,score_free,14,ood_test,pr_skill,10,0.32855817744901816,0.024135748289730717,0.2905534183027703,0.312528841328626,0.32712575252983456,0.3497031725786633,0.36376406542118983
EEE-J,landmark_still_registered,score_free,14,ood_test,brier,10,0.19366800531204031,0.004015789482868548,0.18900197149495843,0.1907200541816637,0.19265469948145403,0.1966452521561521,0.20071977574862152
EEE-J,landmark_still_registered,score_free,14,ood_test,log_loss,10,0.5725561404130505,0.009732487244022689,0.5612312373851617,0.5647995060906631,0.5704783792568648,0.5798761103399895,0.5875232302702593
EEE-J,landmark_still_registered,score_free,14,ood_test,ece,10,0.058116604878287625,0.015190494507324915,0.04027408735102299,0.04903966552771102,0.053818383750891,0.06504187989610363,0.09274114805880031
EEE-J,landmark_still_registered,score_free,14,ood_test,calibration_intercept,10,-0.18669312680419298,0.14955475649648078,-0.42706979043665794,-0.2725269107688883,-0.16057634505915291,-0.09404205738241568,0.04920337091561077
EEE-J,landmark_still_registered,score_free,14,ood_test,calibration_slope,10,1.0370965684049434,0.2241430208167487,0.8154289914784529,0.8529337981715936,1.014165571774206,1.1010311805958817,1.5423472253390926
EEE-J,landmark_still_registered,score_free,14,ood_test,hcep_080,10,0.02542372881355932,0.011514866160897584,0.0009970089730807576,0.02218344965104686,0.02991026919242273,0.031904287138584245,0.03988035892323031
EEE-J,landmark_still_registered,score_free,14,ood_test,hcep_090,10,0.0016949152542372879,0.0021563480488545478,0.0,0.0,0.0014955134596211365,0.0019940179461615153,0.006979062811565304
EEE-J,landmark_still_registered,score_free,14,ood_test,hcep_095,10,0.0008973080757726818,0.0010972132947304207,0.0,0.0,0.0004985044865403788,0.001744765702891326,0.0029910269192422734
EEE-J,landmark_still_registered,score_free,14,ood_test,aurc,10,0.19188924402996338,0.010493877809621762,0.17953481201034516,0.1845371584972894,0.18948840899499741,0.1953448224127374,0.21020490061535693
EEE-J,landmark_still_registered,score_free,14,ood_test,excess_aurc,10,0.14487197093234064,0.00871200443409778,0.129526805330892,0.14046590528239444,0.1438276851599966,0.1481904000026696,0.15804530912282339
EEE-J,landmark_still_registered,score_free,56,id_test,prevalence,10,0.3284671532846715,0.0,0.3284671532846715,0.3284671532846715,0.3284671532846715,0.3284671532846715,0.3284671532846715
EEE-J,landmark_still_registered,score_free,56,id_test,auroc,10,0.7504106280193237,0.046195444307153395,0.6352657004830917,0.7490942028985508,0.7597826086956523,0.7800724637681158,0.794927536231884
EEE-J,landmark_still_registered,score_free,56,id_test,average_precision,10,0.6697515945988463,0.047763392156412676,0.5538585899500357,0.6575810884417648,0.6699942580046784,0.700718187160497,0.72304602334298
EEE-J,landmark_still_registered,score_free,56,id_test,pr_skill,10,0.5082170484787168,0.07112592092857105,0.3356372480777705,0.49009357735349757,0.5085784059417493,0.5543303439237837,0.5875794043259592
EEE-J,landmark_still_registered,score_free,56,id_test,brier,10,0.17465179099787626,0.012363889075080547,0.16171045891206134,0.1672505821614889,0.17345694796519523,0.17638052117680236,0.20526696234946287
EEE-J,landmark_still_registered,score_free,56,id_test,log_loss,10,0.5260577340461015,0.032922811503335536,0.4935425528426661,0.5055416395684099,0.5214461443695074,0.5251450436548991,0.6063209932577538
EEE-J,landmark_still_registered,score_free,56,id_test,ece,10,0.09150228118918932,0.024010699232830435,0.05340416945363336,0.07742409592273199,0.0888764046245916,0.11346563227143838,0.12019514989356772
EEE-J,landmark_still_registered,score_free,56,id_test,calibration_intercept,10,-0.024951526870833303,0.22128190916652343,-0.34866084899070615,-0.1795178155615129,-0.006762133627035285,0.07092022295862196,0.4390052561476683
EEE-J,landmark_still_registered,score_free,56,id_test,calibration_slope,10,1.0197233979374913,0.37758039113752395,0.5590392219622564,0.7975528614091332,0.9323008619237982,1.0812325767807125,1.9109538753543263
EEE-J,landmark_still_registered,score_free,56,id_test,hcep_080,10,0.052554744525547446,0.030737930311150866,0.0,0.04744525547445255,0.058394160583941604,0.07481751824817517,0.08759124087591241
EEE-J,landmark_still_registered,score_free,56,id_test,hcep_090,10,0.010218978102189781,0.012018578136475395,0.0,0.0,0.0072992700729927005,0.014598540145985401,0.0364963503649635
EEE-J,landmark_still_registered,score_free,56,id_test,hcep_095,10,0.0,0.0,0.0,0.0,0.0,0.0,0.0
EEE-J,landmark_still_registered,score_free,56,id_test,aurc,10,0.14874179011850736,0.03442797470342218,0.12175836084318806,0.13032861993902636,0.13597453979747193,0.1458400422662322,0.23119175257817814
EEE-J,landmark_still_registered,score_free,56,id_test,excess_aurc,10,0.11395297531841833,0.03189791876538985,0.08373849186514185,0.09740845153968489,0.10254686281014047,0.11392755243937963,0.18368528042853893
EEE-J,landmark_still_registered,score_free,56,ood_test,prevalence,10,0.3039014373716632,5.851389114294502e-17,0.30390143737166325,0.30390143737166325,0.30390143737166325,0.30390143737166325,0.30390143737166325
EEE-J,landmark_still_registered,score_free,56,ood_test,auroc,10,0.7910413178665392,0.010145747007920208,0.7694132185282629,0.7879482081639162,0.7936049988041138,0.7985654349039305,0.801213824443913
EEE-J,landmark_still_registered,score_free,56,ood_test,average_precision,10,0.6862422501975157,0.01326685751058309,0.661392879019611,0.6837249787366997,0.6861368653429392,0.6980127792618522,0.700316855557443
EEE-J,landmark_still_registered,score_free,56,ood_test,pr_skill,10,0.5492624656229798,0.019058877898684254,0.5135644014234529,0.5456462083916601,0.5491110720413316,0.566171750739003,0.5694817364497781
EEE-J,landmark_still_registered,score_free,56,ood_test,brier,10,0.15800495804018455,0.0033031335169201185,0.15341558447132278,0.15508853198966713,0.1583925475041049,0.1606009090647872,0.1620489339731267
EEE-J,landmark_still_registered,score_free,56,ood_test,log_loss,10,0.48990442866636885,0.007896627945856455,0.4779511466106973,0.48463518049974225,0.48928667065526743,0.49690958446184447,0.5006055673690833
EEE-J,landmark_still_registered,score_free,56,ood_test,ece,10,0.05938572149389419,0.01990348113313948,0.036070258195875386,0.043015126198664405,0.05885155898016239,0.06552381540099188,0.0978974485360663
EEE-J,landmark_still_registered,score_free,56,ood_test,calibration_intercept,10,-0.12850909999628077,0.17550481957477293,-0.34872888024426985,-0.26998647469373455,-0.12782718369177687,-0.05180141063462419,0.2143779662681031
EEE-J,landmark_still_registered,score_free,56,ood_test,calibration_slope,10,1.1629912264646374,0.25974933905458536,0.9283559392179714,0.9911493181040014,1.0913400325266052,1.2230776485516144,1.7405245954737352
EEE-J,landmark_still_registered,score_free,56,ood_test,hcep_080,10,0.03603696098562629,0.015989567209576575,0.01026694045174538,0.026950718685831623,0.03901437371663244,0.045944558521560576,0.057494866529774126
EEE-J,landmark_still_registered,score_free,56,ood_test,hcep_090,10,0.006160164271047227,0.0033531687101754663,0.001026694045174538,0.003593429158110883,0.006673511293634497,0.008726899383983572,0.011293634496919919
EEE-J,landmark_still_registered,score_free,56,ood_test,hcep_095,10,0.002053388090349076,0.0006844626967830254,0.001026694045174538,0.002053388090349076,0.002053388090349076,0.002053388090349076,0.003080082135523614
EEE-J,landmark_still_registered,score_free,56,ood_test,aurc,10,0.1212057909674649,0.005104089756166872,0.11628849822625109,0.11710259956056557,0.11900051879919407,0.12538744553523537,0.12925469561595304
EEE-J,landmark_still_registered,score_free,56,ood_test,excess_aurc,10,0.09613615081537767,0.0041312924937102515,0.08938954298263536,0.09366003415073249,0.09557735338839768,0.09902055499861306,0.10183547346180921
FFF-B,landmark_still_registered,score_free,14,id_test,prevalence,10,0.48684210526315785,5.851389114294502e-17,0.4868421052631579,0.4868421052631579,0.4868421052631579,0.4868421052631579,0.4868421052631579
FFF-B,landmark_still_registered,score_free,14,id_test,auroc,10,0.7382228382228383,0.02378484199333606,0.7023947023947025,0.7184877184877184,0.7457072457072457,0.7553515053515053,0.769076769076769
FFF-B,landmark_still_registered,score_free,14,id_test,average_precision,10,0.7408562200891001,0.03266517637616247,0.6854075259455844,0.720045678235657,0.7394097449793152,0.759798736352222,0.7883915782262882
FFF-B,landmark_still_registered,score_free,14,id_test,pr_skill,10,0.49500186478901564,0.06365521550226534,0.38694799927857476,0.454447988356665,0.49218309278020406,0.5319154862248427,0.58763487038969
FFF-B,landmark_still_registered,score_free,14,id_test,brier,10,0.20709991283280077,0.008848829282323875,0.19694538240387735,0.20111366484586013,0.2033084071297816,0.21349951137654427,0.22366598477793873
FFF-B,landmark_still_registered,score_free,14,id_test,log_loss,10,0.6022604102056438,0.021772045681222887,0.576822395463201,0.588252177146276,0.5956269817653064,0.6125369312115464,0.6493035145977646
FFF-B,landmark_still_registered,score_free,14,id_test,ece,10,0.08719458636514543,0.021070094280183648,0.053488396356320266,0.07182120533731,0.09069839442815042,0.10370308814120403,0.11780950829041863
FFF-B,landmark_still_registered,score_free,14,id_test,calibration_intercept,10,-0.01322970536603436,0.0892321053888471,-0.12167023837685552,-0.09647956605180248,0.002106246819485822,0.05219389998543834,0.13068015713262746
FFF-B,landmark_still_registered,score_free,14,id_test,calibration_slope,10,1.086672073403339,0.28863972609244865,0.5907739622864709,0.9234274770798394,1.0182986945246855,1.2875787620217423,1.5436782237375972
FFF-B,landmark_still_registered,score_free,14,id_test,hcep_080,10,0.0206140350877193,0.012920205318880527,0.0043859649122807015,0.010964912280701754,0.019736842105263157,0.02631578947368421,0.043859649122807015
FFF-B,landmark_still_registered,score_free,14,id_test,hcep_090,10,0.0061403508771929825,0.007791176955832881,0.0,0.0,0.0021929824561403508,0.01206140350877193,0.021929824561403508
FFF-B,landmark_still_registered,score_free,14,id_test,hcep_095,10,0.0021929824561403508,0.003101345531519945,0.0,0.0,0.0,0.0043859649122807015,0.008771929824561403
FFF-B,landmark_still_registered,score_free,14,id_test,aurc,10,0.21755399972796644,0.025376962926492514,0.18267143222451498,0.20185842546218832,0.21554574114061387,0.23005803023673,0.2626410646344786
FFF-B,landmark_still_registered,score_free,14,id_test,excess_aurc,10,0.1606390493073913,0.021904879305864284,0.13602073173992738,0.1424927631187185,0.1591538617846483,0.17466115958641584,0.2013830762558234
FFF-B,landmark_still_registered,score_free,14,ood_test,prevalence,10,0.49525316455696194,5.851389114294502e-17,0.495253164556962,0.495253164556962,0.495253164556962,0.495253164556962,0.495253164556962
FFF-B,landmark_still_registered,score_free,14,ood_test,auroc,10,0.7277724919126263,0.006362723677712353,0.7195383937424259,0.724247473634661,0.7265716546315863,0.7291537302072171,0.7429892735885906
FFF-B,landmark_still_registered,score_free,14,ood_test,average_precision,10,0.7263360907938663,0.006176056673858961,0.7162442322731982,0.7224699646123272,0.7274734018255766,0.7298225189084144,0.7378941653010966
FFF-B,landmark_still_registered,score_free,14,ood_test,pr_skill,10,0.45781946514646865,0.012235949272347519,0.4378255636258975,0.4501599298902532,0.4600726957798257,0.46472674592513463,0.48071822091000965
FFF-B,landmark_still_registered,score_free,14,ood_test,brier,10,0.2114235515568214,0.0011157203635624442,0.2095014657028972,0.21069907381821673,0.21136442159179117,0.21223013137797608,0.21305284844254263
FFF-B,landmark_still_registered,score_free,14,ood_test,log_loss,10,0.6099896993884671,0.0027138246352501876,0.6059412161599409,0.6080826187785229,0.6099439997000036,0.6119829198981477,0.6142729746749281
FFF-B,landmark_still_registered,score_free,14,ood_test,ece,10,0.04286756802340942,0.010191589623223564,0.03167188395423922,0.03610973317937424,0.04030596191699175,0.04525263845302874,0.06566046573441084
FFF-B,landmark_still_registered,score_free,14,ood_test,calibration_intercept,10,0.04363085073728014,0.058701911644508796,-0.054698737940932746,0.0023749661130194957,0.05219437170546565,0.08725717387996257,0.11135150717433989
FFF-B,landmark_still_registered,score_free,14,ood_test,calibration_slope,10,1.05149134970412,0.2685523364584445,0.7920207976144766,0.8669007719322486,0.9679729902696349,1.1542923349480954,1.6903134365790125
FFF-B,landmark_still_registered,score_free,14,ood_test,hcep_080,10,0.02096518987341772,0.011586881737244311,0.0031645569620253164,0.010482594936708861,0.02294303797468354,0.030656645569620253,0.03639240506329114
FFF-B,landmark_still_registered,score_free,14,ood_test,hcep_090,10,0.0032436708860759493,0.002648971308828625,0.0,0.0015822784810126582,0.002768987341772152,0.003955696202531646,0.00870253164556962
FFF-B,landmark_still_registered,score_free,14,ood_test,hcep_095,10,0.0006329113924050634,0.0008981743863885232,0.0,0.0,0.0,0.001384493670886076,0.0023734177215189874
FFF-B,landmark_still_registered,score_free,14,ood_test,aurc,10,0.22887865366397606,0.006764523027310176,0.21681967082297937,0.224622454646513,0.22794339124359905,0.2335416734797047,0.2401280317307093
FFF-B,landmark_still_registered,score_free,14,ood_test,excess_aurc,10,0.16078237231875767,0.006786208900640982,0.15387200319476507,0.15568170853605212,0.15957292457645766,0.16391350474746935,0.1762460610056931
FFF-B,landmark_still_registered,score_free,56,id_test,prevalence,10,0.4433962264150944,5.851389114294502e-17,0.44339622641509435,0.44339622641509435,0.44339622641509435,0.44339622641509435,0.44339622641509435
FFF-B,landmark_still_registered,score_free,56,id_test,auroc,10,0.7906058420483232,0.03483728863955415,0.7248467363865848,0.7713892895780743,0.8022448611611974,0.8131987017670392,0.834926072845294
FFF-B,landmark_still_registered,score_free,56,id_test,average_precision,10,0.7722269005086839,0.0382848633934119,0.6952079508103541,0.7520295923001763,0.7841364090219185,0.7943678820795015,0.8259418615220612
FFF-B,landmark_still_registered,score_free,56,id_test,pr_skill,10,0.5907805331172964,0.06878297491019766,0.45240750484572095,0.5544938437935372,0.6121772772258198,0.6305592457699519,0.6872853783277709
FFF-B,landmark_still_registered,score_free,56,id_test,brier,10,0.18336667838751292,0.013472329170888522,0.16863871276179446,0.17533904890264201,0.17858394832117042,0.18938603246020497,0.21105853883871092
FFF-B,landmark_still_registered,score_free,56,id_test,log_loss,10,0.543374161838445,0.033876303628624184,0.5087098931554302,0.5213698397818336,0.5274197118664733,0.565857239416808,0.6105787523771676
FFF-B,landmark_still_registered,score_free,56,id_test,ece,10,0.08174610282752363,0.014805652400019133,0.05900521935340848,0.07059622936861923,0.07896756094559795,0.09570800234692944,0.1029165731948642
FFF-B,landmark_still_registered,score_free,56,id_test,calibration_intercept,10,0.02132102595928926,0.09193545850069659,-0.1540456372234796,-0.04390166448997766,0.03911050812644472,0.083612329557645,0.13621826822558666
FFF-B,landmark_still_registered,score_free,56,id_test,calibration_slope,10,1.0559368745946422,0.22866026649990176,0.7879584496156066,0.9559353757914,1.0269806123122722,1.0682536668405218,1.643998663436263
FFF-B,landmark_still_registered,score_free,56,id_test,hcep_080,10,0.03066037735849057,0.015122157281188162,0.0047169811320754715,0.02358490566037736,0.030660377358490566,0.036556603773584904,0.06132075471698113
FFF-B,landmark_still_registered,score_free,56,id_test,hcep_090,10,0.0056603773584905665,0.004334606525814535,0.0,0.0047169811320754715,0.0047169811320754715,0.008254716981132075,0.014150943396226415
FFF-B,landmark_still_registered,score_free,56,id_test,hcep_095,10,0.0023584905660377358,0.003335409345219564,0.0,0.0,0.0,0.0047169811320754715,0.009433962264150943
FFF-B,landmark_still_registered,score_free,56,id_test,aurc,10,0.15886509619997238,0.03389625094797033,0.11810461075819303,0.13881455289331607,0.14323045291523234,0.18108435988404326,0.22769560662884838
FFF-B,landmark_still_registered,score_free,56,id_test,excess_aurc,10,0.11641179604055407,0.022198888330765592,0.08758655977378446,0.10375456189875173,0.10660175065725382,0.13415710496421557,0.15188154512486524
FFF-B,landmark_still_registered,score_free,56,ood_test,prevalence,10,0.4728171334431631,0.0,0.4728171334431631,0.4728171334431631,0.4728171334431631,0.4728171334431631,0.4728171334431631
FFF-B,landmark_still_registered,score_free,56,ood_test,auroc,10,0.7904428898083624,0.00722324263266292,0.7795731707317074,0.7842933362369339,0.7929129464285714,0.7962563969947736,0.7990009799651568
FFF-B,landmark_still_registered,score_free,56,ood_test,average_precision,10,0.7942336380367722,0.00843071649110362,0.7772171532655672,0.7889556495700776,0.7965398551911301,0.8012484233453979,0.8035111089546931
FFF-B,landmark_still_registered,score_free,56,ood_test,pr_skill,10,0.6096869321510023,0.015992015344062176,0.5774087876006228,0.599675247778241,0.614061537815675,0.6229931030333017,0.6272851347984335
FFF-B,landmark_still_registered,score_free,56,ood_test,brier,10,0.18555461487146768,0.003231370322724121,0.18057391984531662,0.1833406660634086,0.18451474930180614,0.18791474933211066,0.19014183711930838
FFF-B,landmark_still_registered,score_free,56,ood_test,log_loss,10,0.54631331480875,0.008004766945491463,0.5333973427117876,0.5419417304870946,0.5440259845331099,0.5509746696068792,0.5591810767744445
FFF-B,landmark_still_registered,score_free,56,ood_test,ece,10,0.042799493275373475,0.014721279880427852,0.012038073425037618,0.03465584710287501,0.04620688869275979,0.05133991180073394,0.0626361273355631
FFF-B,landmark_still_registered,score_free,56,ood_test,calibration_intercept,10,-0.06176470206701105,0.12979648933766733,-0.23197635943004605,-0.16317771144962628,-0.07078440060028482,0.0021341808042343036,0.17246351133377902
FFF-B,landmark_still_registered,score_free,56,ood_test,calibration_slope,10,1.0614667465038445,0.18815588208780365,0.8611428270288976,0.9377120732493498,0.9928329726182812,1.1363137116886826,1.4725728349258278
FFF-B,landmark_still_registered,score_free,56,ood_test,hcep_080,10,0.027924217462932454,0.01397608019735482,0.007413509060955519,0.016680395387149917,0.029242174629324547,0.03706754530477759,0.051894563426688634
FFF-B,landmark_still_registered,score_free,56,ood_test,hcep_090,10,0.0036243822075782543,0.0017878990220867332,0.0008237232289950577,0.002677100494233937,0.004118616144975288,0.004736408566721581,0.005766062602965404
FFF-B,landmark_still_registered,score_free,56,ood_test,hcep_095,10,0.0013179571663920922,0.0008854758647225205,0.0,0.0008237232289950577,0.0008237232289950577,0.0022652388797364084,0.002471169686985173
FFF-B,landmark_still_registered,score_free,56,ood_test,aurc,10,0.16062600726055393,0.007186597012876658,0.15065309370049645,0.1559318931545094,0.15819467237219953,0.16534824381318308,0.17354107222190096
FFF-B,landmark_still_registered,score_free,56,ood_test,excess_aurc,10,0.11640690308489703,0.004402809676400648,0.11007501558871144,0.11377549334391374,0.11667547972729465,0.1190677571504844,0.12327231504907908
FFF-J,landmark_still_registered,score_free,14,id_test,prevalence,10,0.4533333333333333,0.0,0.4533333333333333,0.4533333333333333,0.4533333333333333,0.4533333333333333,0.4533333333333333
FFF-J,landmark_still_registered,score_free,14,id_test,auroc,10,0.7444045911047346,0.03063884267619366,0.7029680774748924,0.7242310796269726,0.7390378407460545,0.7616907281205166,0.7999461979913918
FFF-J,landmark_still_registered,score_free,14,id_test,average_precision,10,0.7247028991008775,0.038335683854971304,0.6851308948737804,0.7015080606997101,0.7129844927540191,0.7284068733756863,0.8047383825533603
FFF-J,landmark_still_registered,score_free,14,id_test,pr_skill,10,0.49640774225770273,0.0701262509542158,0.4240199296471594,0.4539781598165428,0.4749716330866204,0.5031833049555238,0.6428141144268786
FFF-J,landmark_still_registered,score_free,14,id_test,brier,10,0.20266840800935867,0.010069526197674879,0.1825633975219838,0.2016797812599696,0.20447970416252964,0.20748754949589804,0.21603591104519457
FFF-J,landmark_still_registered,score_free,14,id_test,log_loss,10,0.5924529759536509,0.02244516590057575,0.5464510293540773,0.5940992452588328,0.5988035910075842,0.600087510858825,0.6206590489747642
FFF-J,landmark_still_registered,score_free,14,id_test,ece,10,0.07158109851028499,0.013933861659144542,0.05089626856073832,0.061010996556726274,0.07064251983445877,0.07903064888467051,0.09719696480656637
FFF-J,landmark_still_registered,score_free,14,id_test,calibration_intercept,10,0.03499847874438974,0.11035896270808061,-0.104692180635051,-0.060186543615726534,0.041050267485883626,0.0810022587056044,0.22910536165328388
FFF-J,landmark_still_registered,score_free,14,id_test,calibration_slope,10,1.0744967339599278,0.25831208785237153,0.7593479574531395,0.8958892250715466,1.0361120052342794,1.1657944568698484,1.5407659119225943
FFF-J,landmark_still_registered,score_free,14,id_test,hcep_080,10,0.02466666666666667,0.011021863793455327,0.013333333333333334,0.016666666666666666,0.02,0.035,0.043333333333333335
FFF-J,landmark_still_registered,score_free,14,id_test,hcep_090,10,0.0036666666666666666,0.003668349782048706,0.0,0.0,0.0033333333333333335,0.006666666666666667,0.01
FFF-J,landmark_still_registered,score_free,14,id_test,hcep_095,10,0.0006666666666666668,0.001405456737852613,0.0,0.0,0.0,0.0,0.0033333333333333335
FFF-J,landmark_still_registered,score_free,14,id_test,aurc,10,0.21373577876950156,0.026754307731552084,0.1579458951077985,0.21199971652499738,0.22156649317002114,0.22533402964553487,0.24829432172554733
FFF-J,landmark_still_registered,score_free,14,id_test,excess_aurc,10,0.15953730954544867,0.019420417129317864,0.11446944266721265,0.15465149075462617,0.1673076317527557,0.17188621081132333,0.17539786913977662
FFF-J,landmark_still_registered,score_free,14,ood_test,prevalence,10,0.3927777777777778,0.0,0.3927777777777778,0.3927777777777778,0.3927777777777778,0.3927777777777778,0.3927777777777778
FFF-J,landmark_still_registered,score_free,14,ood_test,auroc,10,0.7332169094572507,0.003974409393150489,0.7262831106009568,0.730583655019534,0.7338521723038858,0.7359624898576643,0.7390530714292184
FFF-J,landmark_still_registered,score_free,14,ood_test,average_precision,10,0.637065349851196,0.006651910195988902,0.6202360822928317,0.6358545086279934,0.6384691941945033,0.6411661174679854,0.6428092574795599
FFF-J,landmark_still_registered,score_free,14,ood_test,pr_skill,10,0.40230341238074346,0.010954655400530665,0.3745882416533367,0.4003093463224045,0.40461532438253056,0.4090567350799392,0.4117627296095222
FFF-J,landmark_still_registered,score_free,14,ood_test,brier,10,0.20136487284320434,0.001209463210850006,0.19954770887646842,0.2006076287204236,0.2011124416264416,0.20235245117587689,0.20305806497871584
FFF-J,landmark_still_registered,score_free,14,ood_test,log_loss,10,0.5892093882010311,0.002247925453327966,0.585941019478827,0.5877211760204428,0.5892377838095932,0.591162475883336,0.5922181443680617
FFF-J,landmark_still_registered,score_free,14,ood_test,ece,10,0.036095476178039695,0.006742860870070531,0.019800883462561862,0.03564438662179362,0.03699169978191345,0.03860899332132956,0.04491344393278738
FFF-J,landmark_still_registered,score_free,14,ood_test,calibration_intercept,10,0.013037851214574028,0.0652583274284829,-0.07990138600507382,-0.043584669973159726,0.013713879922392744,0.05750127534263039,0.12255042324565175
FFF-J,landmark_still_registered,score_free,14,ood_test,calibration_slope,10,1.0843211131364052,0.12150877456126627,0.8991727130499889,1.0280188117099571,1.0862297990259862,1.1965873121306008,1.2262417849767058
FFF-J,landmark_still_registered,score_free,14,ood_test,hcep_080,10,0.025388888888888888,0.011234042180074975,0.013888888888888888,0.016527777777777777,0.02305555555555556,0.030555555555555555,0.04722222222222222
FFF-J,landmark_still_registered,score_free,14,ood_test,hcep_090,10,0.0024444444444444444,0.002417358351419366,0.0005555555555555556,0.0011111111111111111,0.001388888888888889,0.0020833333333333333,0.007222222222222222
FFF-J,landmark_still_registered,score_free,14,ood_test,hcep_095,10,0.00044444444444444447,0.0007314228762270926,0.0,0.0,0.0,0.0008333333333333333,0.0016666666666666668
FFF-J,landmark_still_registered,score_free,14,ood_test,aurc,10,0.21059905146664493,0.0030601439382363016,0.20698101879654401,0.20853408330131684,0.20992458957803461,0.21193348897842917,0.21737481515957094
FFF-J,landmark_still_registered,score_free,14,ood_test,excess_aurc,10,0.15618333086869138,0.003508014732955526,0.15172119758607527,0.15424647587728,0.1546529767202905,0.15829686230495527,0.16382017360414056
FFF-J,landmark_still_registered,score_free,56,id_test,prevalence,10,0.4270833333333333,0.0,0.4270833333333333,0.4270833333333333,0.4270833333333333,0.4270833333333333,0.4270833333333333
FFF-J,landmark_still_registered,score_free,56,id_test,auroc,10,0.8080709534368072,0.015986488487967118,0.7935452081793546,0.7960950973146095,0.8053461443705348,0.8128479921162848,0.8457748213845775
FFF-J,landmark_still_registered,score_free,56,id_test,average_precision,10,0.7736381445173776,0.022099718121554816,0.7371958418421978,0.7634686231586478,0.770678091922433,0.7849426637499965,0.817219879405847
FFF-J,landmark_still_registered,score_free,56,id_test,pr_skill,10,0.6048956704303317,0.03857405344853204,0.5412872875791088,0.5871452331496398,0.5997290331737011,0.6246271949090847,0.6809656076902055
FFF-J,landmark_still_registered,score_free,56,id_test,brier,10,0.17553027289099316,0.007770697609383848,0.15677933931176224,0.17376396005932465,0.17715597092942695,0.18002314439795625,0.18396939509119126
FFF-J,landmark_still_registered,score_free,56,id_test,log_loss,10,0.5263316407153528,0.01823678891450479,0.48366949587854957,0.5222687300924366,0.5287303035645867,0.5344644339910121,0.5486921381008697
FFF-J,landmark_still_registered,score_free,56,id_test,ece,10,0.06740223798831631,0.0115319862835788,0.05251179642363884,0.058823804994501586,0.06621274737018126,0.07761757003195317,0.08242973392103926
FFF-J,landmark_still_registered,score_free,56,id_test,calibration_intercept,10,-0.07024059607203546,0.12360848535688529,-0.2091754767083147,-0.15903575171557055,-0.08544885612395595,0.0005624683936609129,0.183040546347345
FFF-J,landmark_still_registered,score_free,56,id_test,calibration_slope,10,0.9712967799508025,0.1311349727824658,0.7966262591125081,0.9046097229932566,0.9607060786790739,1.0025375156134748,1.2164775113417077
FFF-J,landmark_still_registered,score_free,56,id_test,hcep_080,10,0.043055555555555555,0.012909114345924708,0.024305555555555556,0.03211805555555555,0.043402777777777776,0.05295138888888889,0.0625
FFF-J,landmark_still_registered,score_free,56,id_test,hcep_090,10,0.008680555555555556,0.005728874384613232,0.003472222222222222,0.006944444444444444,0.006944444444444444,0.006944444444444444,0.024305555555555556
FFF-J,landmark_still_registered,score_free,56,id_test,hcep_095,10,0.0027777777777777775,0.0021960261528947075,0.0,0.0008680555555555555,0.003472222222222222,0.003472222222222222,0.006944444444444444
FFF-J,landmark_still_registered,score_free,56,id_test,aurc,10,0.14488562611182568,0.014482390039227766,0.11215637727636651,0.141097238644916,0.14443430625354992,0.14928253199165356,0.16400605712287808
FFF-J,landmark_still_registered,score_free,56,id_test,excess_aurc,10,0.10726830240515843,0.012437144860547127,0.0854014429250542,0.10195308587393626,0.10580357828183584,0.11136391043685198,0.1277381749611551
FFF-J,landmark_still_registered,score_free,56,ood_test,prevalence,10,0.36056009334889155,5.851389114294502e-17,0.3605600933488915,0.3605600933488915,0.3605600933488915,0.3605600933488915,0.3605600933488915
FFF-J,landmark_still_registered,score_free,56,ood_test,auroc,10,0.7810273604516571,0.005361229576432676,0.7704745706659109,0.778926531901826,0.7811569874565942,0.7844788640068031,0.789676493515697
FFF-J,landmark_still_registered,score_free,56,ood_test,average_precision,10,0.7012786479161555,0.008115172643024443,0.685209109900433,0.6996688863100409,0.7024178595443129,0.7044832867131767,0.7131414981398181
FFF-J,landmark_still_registered,score_free,56,ood_test,pr_skill,10,0.5328390534017251,0.01269106378662767,0.5077084072712976,0.5303215977512866,0.5346206307107229,0.537850687432833,0.5513909925288761
FFF-J,landmark_still_registered,score_free,56,ood_test,brier,10,0.17579882447718592,0.003127110040909462,0.17151478096484057,0.17398432564234423,0.17510079966190079,0.17736103857495064,0.18160998190259278
FFF-J,landmark_still_registered,score_free,56,ood_test,log_loss,10,0.5270738781982418,0.008085501009920636,0.516101146802568,0.5225020370295277,0.5250517207992038,0.5291205053544974,0.5420041948084309
FFF-J,landmark_still_registered,score_free,56,ood_test,ece,10,0.03710266247200167,0.01552126082532777,0.017014147717610065,0.026797862769856046,0.03549158224491421,0.04344817856499443,0.06471601494499724
FFF-J,landmark_still_registered,score_free,56,ood_test,calibration_intercept,10,-0.08321124401953203,0.08891322019974113,-0.20363364303213474,-0.15184932134621926,-0.08537028223646274,-0.03556547226421372,0.07732697669866785
FFF-J,landmark_still_registered,score_free,56,ood_test,calibration_slope,10,1.080100729502967,0.13369162636530238,0.9335031557054091,1.0036229901687288,1.0384386048412027,1.1110750377753267,1.3939789106882343
FFF-J,landmark_still_registered,score_free,56,ood_test,hcep_080,10,0.034072345390898484,0.011476441698580898,0.011668611435239206,0.03296382730455076,0.03763127187864644,0.04011085180863477,0.047257876312718786
FFF-J,landmark_still_registered,score_free,56,ood_test,hcep_090,10,0.0035589264877479584,0.0021559757373653186,0.0005834305717619603,0.002042007001166861,0.003500583430571762,0.004521586931155192,0.007584597432905484
FFF-J,landmark_still_registered,score_free,56,ood_test,hcep_095,10,0.0009334889148191365,0.0004919918568912298,0.0005834305717619603,0.0005834305717619603,0.0005834305717619603,0.0011668611435239206,0.001750291715285881
FFF-J,landmark_still_registered,score_free,56,ood_test,aurc,10,0.14531428921326034,0.004790544694209452,0.13706412789372388,0.1427710625239639,0.14513716547510266,0.14733976990198044,0.1548526595639727
FFF-J,landmark_still_registered,score_free,56,ood_test,excess_aurc,10,0.10826712028076116,0.004231539761307019,0.10121066447256459,0.1063545543669269,0.10796717311330997,0.10961297148771902,0.11672221665955393
GGG-J,landmark_still_registered,score_free,14,id_test,prevalence,10,0.36428571428571427,0.0,0.36428571428571427,0.36428571428571427,0.36428571428571427,0.36428571428571427,0.36428571428571427
GGG-J,landmark_still_registered,score_free,14,id_test,auroc,10,0.5952632738488653,0.07604843178240273,0.3978849966953073,0.5844899757655871,0.6177572152456489,0.6380810751266799,0.6615994712491737
GGG-J,landmark_still_registered,score_free,14,id_test,average_precision,10,0.4619956247732988,0.06919456797127556,0.31365467537690883,0.43752026945710654,0.4771570503741132,0.5008185038740778,0.556798377056904
GGG-J,landmark_still_registered,score_free,14,id_test,pr_skill,10,0.15370098278945882,0.10884538781998403,-0.07964433086778384,0.11520042386511145,0.1775504163188298,0.2147706802513583,0.30282890772996146
GGG-J,landmark_still_registered,score_free,14,id_test,brier,10,0.2249668643753459,0.006095815450104298,0.2160532254780385,0.2210238232880709,0.22393021841901706,0.22810796442097894,0.2358702147353935
GGG-J,landmark_still_registered,score_free,14,id_test,log_loss,10,0.6415881990512609,0.012854807887618737,0.6231884053996364,0.6330387762347801,0.6381661104570657,0.6490722427911417,0.6652090865361057
GGG-J,landmark_still_registered,score_free,14,id_test,ece,10,0.08192766336049259,0.029897560442318637,0.0466818822649422,0.060745014918287876,0.0784620851365623,0.09419430384059438,0.13570522141402483
GGG-J,landmark_still_registered,score_free,14,id_test,calibration_intercept,10,-0.38699265758959717,1.290336375585465,-4.0074429592781975,-0.22104612758178896,-0.08915776459355422,0.15992574628843798,0.3537145233943906
GGG-J,landmark_still_registered,score_free,14,id_test,calibration_slope,10,0.30228750367939944,2.241554828001073,-5.9711350003108254,0.589831025801008,0.790442376929961,1.3442135387239935,1.570380584159383
GGG-J,landmark_still_registered,score_free,14,id_test,hcep_080,10,0.007857142857142858,0.009190599555056564,0.0,0.0,0.0035714285714285713,0.014285714285714285,0.02142857142857143
GGG-J,landmark_still_registered,score_free,14,id_test,hcep_090,10,0.0,0.0,0.0,0.0,0.0,0.0,0.0
GGG-J,landmark_still_registered,score_free,14,id_test,hcep_095,10,0.0,0.0,0.0,0.0,0.0,0.0,0.0
GGG-J,landmark_still_registered,score_free,14,id_test,aurc,10,0.3034559114357659,0.06368896799804269,0.26437819640904303,0.27324505404067756,0.28220820580095063,0.30307290394214526,0.47861348436796225
GGG-J,landmark_still_registered,score_free,14,id_test,excess_aurc,10,0.2321613806760377,0.06337818594093843,0.17313392604520317,0.20419020586874914,0.21197609605196432,0.23715276155955742,0.4023141745422875
GGG-J,landmark_still_registered,score_free,14,ood_test,prevalence,10,0.38214783821478376,5.851389114294502e-17,0.3821478382147838,0.3821478382147838,0.3821478382147838,0.3821478382147838,0.3821478382147838
GGG-J,landmark_still_registered,score_free,14,ood_test,auroc,10,0.6104957901501046,0.08195057842201071,0.3786640523306586,0.6266126773327182,0.6320006261224893,0.6444509894383023,0.6482592147105831
GGG-J,landmark_still_registered,score_free,14,ood_test,average_precision,10,0.5092792597729198,0.06502186445725683,0.328780248884078,0.5118529649339566,0.5301100694375532,0.5341638668418068,0.553124556810231
GGG-J,landmark_still_registered,score_free,14,ood_test,pr_skill,10,0.20576349719454523,0.10523854811705001,-0.08637598544044264,0.20992906514141513,0.23947837423640106,0.2460394865137145,0.2767275558305544
GGG-J,landmark_still_registered,score_free,14,ood_test,brier,10,0.2257928435245185,0.005451555238843776,0.22069863009416626,0.22350016583297141,0.2250874699783844,0.22554218645721247,0.2405500028827616
GGG-J,landmark_still_registered,score_free,14,ood_test,log_loss,10,0.6441996449559034,0.011304709448312005,0.6347293688356296,0.6381734963282117,0.6421122618932583,0.6442296170074208,0.6748726690275051
GGG-J,landmark_still_registered,score_free,14,ood_test,ece,10,0.03876848035006196,0.012242734419272238,0.025531892654241276,0.029210559831478772,0.03645845125861178,0.04430816156942538,0.06363756873123816
GGG-J,landmark_still_registered,score_free,14,ood_test,calibration_intercept,10,-0.16332525928257402,1.0799882551795064,-3.187332253524393,-0.03938313501907291,0.1360523720508062,0.34317566866760335,0.4412378672381276
GGG-J,landmark_still_registered,score_free,14,ood_test,calibration_slope,10,0.6255250922488172,1.8633515371585347,-4.574152383460919,0.8076490675284571,1.0553784172117582,1.4836092080300995,1.803287572995364
GGG-J,landmark_still_registered,score_free,14,ood_test,hcep_080,10,0.009762900976290097,0.010519487214304752,0.0,0.000697350069735007,0.008368200836820083,0.013598326359832637,0.03347280334728033
GGG-J,landmark_still_registered,score_free,14,ood_test,hcep_090,10,0.0011157601115760112,0.0014404401101654734,0.0,0.0,0.0,0.002789400278940028,0.002789400278940028
GGG-J,landmark_still_registered,score_free,14,ood_test,hcep_095,10,0.0002789400278940028,0.000588057212490633,0.0,0.0,0.0,0.0,0.001394700139470014
GGG-J,landmark_still_registered,score_free,14,ood_test,aurc,10,0.31184307114906396,0.06065304537497154,0.2802211758446457,0.2860021386496781,0.2942138665331332,0.3032204040287442,0.48249972340802433
GGG-J,landmark_still_registered,score_free,14,ood_test,excess_aurc,10,0.23515628248382536,0.057946070915916296,0.20213238013427803,0.21013493748822965,0.2176685051341157,0.22813185046739037,0.39785161400361996
GGG-J,landmark_still_registered,score_free,56,id_test,prevalence,10,0.355072463768116,5.851389114294502e-17,0.35507246376811596,0.35507246376811596,0.35507246376811596,0.35507246376811596,0.35507246376811596
GGG-J,landmark_still_registered,score_free,56,id_test,auroc,10,0.6607429488649392,0.05041705434403765,0.5966521440036688,0.624168768631048,0.6552396239394634,0.7012153175877092,0.731254299472598
GGG-J,landmark_still_registered,score_free,56,id_test,average_precision,10,0.5392326348702091,0.06421555066260688,0.45218783256197737,0.4893427505900202,0.5285770152849623,0.585552449771566,0.6409369657205419
GGG-J,landmark_still_registered,score_free,56,id_test,pr_skill,10,0.28555172597852646,0.09957017967909833,0.1505833808264368,0.20819437731935717,0.2690295293182561,0.35737346144355175,0.443250576061065
GGG-J,landmark_still_registered,score_free,56,id_test,brier,10,0.21198772847778807,0.011300184585920319,0.19695594805466932,0.20228457565658559,0.21219410954615459,0.2222212975138494,0.22576136750773307
GGG-J,landmark_still_registered,score_free,56,id_test,log_loss,10,0.614297538668475,0.025206823066861093,0.5835429426925124,0.5922494149055952,0.6139033094357764,0.6384792649987443,0.646044977576006
GGG-J,landmark_still_registered,score_free,56,id_test,ece,10,0.09279784999422543,0.02849482902442295,0.04737278416204078,0.08407280332683209,0.09558378462095092,0.10190474672296168,0.1427312524747802
GGG-J,landmark_still_registered,score_free,56,id_test,calibration_intercept,10,-0.02657866233401287,0.16105559910392034,-0.3190200548612963,-0.10543125358641053,-0.026262784165611487,0.06103794677193249,0.22568108088124952
GGG-J,landmark_still_registered,score_free,56,id_test,calibration_slope,10,0.990625441002557,0.39620254269171945,0.5416701268169385,0.6351251955486414,0.9432306670466859,1.3041528173523245,1.605349912679272
GGG-J,landmark_still_registered,score_free,56,id_test,hcep_080,10,0.025362318840579712,0.017501662736943768,0.007246376811594203,0.014492753623188406,0.021739130434782608,0.034420289855072464,0.06521739130434782
GGG-J,landmark_still_registered,score_free,56,id_test,hcep_090,10,0.0,0.0,0.0,0.0,0.0,0.0,0.0
GGG-J,landmark_still_registered,score_free,56,id_test,hcep_095,10,0.0,0.0,0.0,0.0,0.0,0.0,0.0
GGG-J,landmark_still_registered,score_free,56,id_test,aurc,10,0.24682824887633714,0.03790856781947839,0.199939593681205,0.2198352327946579,0.23664548874828706,0.27470857405177884,0.31776317579545266
GGG-J,landmark_still_registered,score_free,56,id_test,excess_aurc,10,0.18903738535272452,0.029543936332506824,0.15316038888226471,0.1622952472241126,0.1882684327809634,0.20859279930300717,0.242351918593128
GGG-J,landmark_still_registered,score_free,56,ood_test,prevalence,10,0.3635057471264368,0.0,0.3635057471264368,0.3635057471264368,0.3635057471264368,0.3635057471264368,0.3635057471264368
GGG-J,landmark_still_registered,score_free,56,ood_test,auroc,10,0.7075223726121753,0.01618789995359267,0.6849365179917737,0.6946974901631885,0.7058369542911695,0.71704556607393,0.7324387262555876
GGG-J,landmark_still_registered,score_free,56,ood_test,average_precision,10,0.601686861166814,0.01933857661977809,0.5817095675897712,0.584230076793971,0.5972052394792897,0.6169635919636607,0.6309862161590005
GGG-J,landmark_still_registered,score_free,56,ood_test,pr_skill,10,0.37420779993702585,0.03038295559224729,0.34282135224036286,0.3467813396131011,0.3671666967891325,0.39820916480069496,0.4202401951391972
GGG-J,landmark_still_registered,score_free,56,ood_test,brier,10,0.20358175365461667,0.0040637410342799045,0.1960023600903769,0.20064797338505455,0.20378508204237417,0.20716196844603857,0.20839856887584335
GGG-J,landmark_still_registered,score_free,56,ood_test,log_loss,10,0.5953517247004291,0.00924836869213826,0.5776198833515304,0.5896748431975546,0.5957957972319625,0.6028116816152733,0.6062636362305224
GGG-J,landmark_still_registered,score_free,56,ood_test,ece,10,0.05637884103413589,0.010835909052116292,0.04279567501010349,0.04536193513899854,0.060744645240821786,0.06265949802493606,0.07118726484656186
GGG-J,landmark_still_registered,score_free,56,ood_test,calibration_intercept,10,0.06427365881582442,0.19485915509273763,-0.1072680427863932,-0.053336131757628746,-0.004549532472258536,0.11597241520111115,0.5453508090853011
GGG-J,landmark_still_registered,score_free,56,ood_test,calibration_slope,10,1.3974076646550364,0.24544899373311668,1.1100029704821448,1.246400494946968,1.3449251633506107,1.5477144883610616,1.8744891181107588
GGG-J,landmark_still_registered,score_free,56,ood_test,hcep_080,10,0.008764367816091955,0.007277487566563368,0.0,0.005747126436781609,0.00646551724137931,0.009339080459770114,0.022988505747126436
GGG-J,landmark_still_registered,score_free,56,ood_test,hcep_090,10,0.0010057471264367816,0.0015220544618841669,0.0,0.0,0.0,0.0014367816091954023,0.004310344827586207
GGG-J,landmark_still_registered,score_free,56,ood_test,hcep_095,10,0.00014367816091954023,0.0004543502385299396,0.0,0.0,0.0,0.0,0.0014367816091954023
GGG-J,landmark_still_registered,score_free,56,ood_test,aurc,10,0.2163334021450142,0.013452216436800836,0.19116529347539635,0.2134378781720523,0.21608055843728521,0.2226798283716512,0.2416709615687535
GGG-J,landmark_still_registered,score_free,56,ood_test,excess_aurc,10,0.16575876526558267,0.010545545690948661,0.15131904756043876,0.1569947778326366,0.1673255421981567,0.17057975313683632,0.18596193063650368
pooled_fixed_effects,all_registered_by_horizon,score_free,14,id_test,prevalence,10,0.5138845696633031,0.0012461069537978338,0.5118694362017804,0.5134065486847441,0.5138065878992399,0.5147965717328276,0.5157170923379175
pooled_fixed_effects,all_registered_by_horizon,score_free,14,id_test,auroc,10,0.7911630397480619,0.010164668191471998,0.7740972650929437,0.7847579526725272,0.7925755546863198,0.7985072879652357,0.8032319134550372
pooled_fixed_effects,all_registered_by_horizon,score_free,14,id_test,average_precision,10,0.8128771876377602,0.007805464596163482,0.8028250664330562,0.8071216154383873,0.8124070721497324,0.8195203198741652,0.8241365265299647
pooled_fixed_effects,all_registered_by_horizon,score_free,14,id_test,pr_skill,10,0.6150665203206873,0.015973883892306865,0.5946515310951368,0.6027926770571245,0.6129162818564926,0.6295054989818324,0.6384632244180918
pooled_fixed_effects,all_registered_by_horizon,score_free,14,id_test,brier,10,0.1857198177948846,0.00409051889372277,0.18094896994201898,0.18265724572562284,0.18499001351243133,0.18813683505253168,0.19253783302240549
pooled_fixed_effects,all_registered_by_horizon,score_free,14,id_test,log_loss,10,0.5494063593139357,0.009480320618333296,0.5384904447920456,0.5417966981716099,0.546979577449202,0.5545867917514558,0.565156755647827
pooled_fixed_effects,all_registered_by_horizon,score_free,14,id_test,ece,10,0.026510394273284554,0.004746791426497064,0.021719770474190728,0.023232467175664392,0.02536301717952811,0.02776987976754476,0.03535713843807125
pooled_fixed_effects,all_registered_by_horizon,score_free,14,id_test,calibration_intercept,10,0.0002629351098408249,0.03555289548445774,-0.0894305748111803,0.0009949088655278905,0.009720619462592048,0.020153178654851736,0.034909592131797236
pooled_fixed_effects,all_registered_by_horizon,score_free,14,id_test,calibration_slope,10,0.9794468043554989,0.07950728401319972,0.8527291445159917,0.9289379314122028,0.9696419031752683,1.0413524889000567,1.091438477080482
pooled_fixed_effects,all_registered_by_horizon,score_free,14,id_test,hcep_080,10,0.03700033705821051,0.006819579349776008,0.027200791295746787,0.03355922938173557,0.0347717231437347,0.04047796634650809,0.048985650667986144
pooled_fixed_effects,all_registered_by_horizon,score_free,14,id_test,hcep_090,10,0.007547024826031598,0.0020116211164559077,0.004440059200789344,0.006546946135632732,0.007643121458146467,0.009380483638716748,0.00984251968503937
pooled_fixed_effects,all_registered_by_horizon,score_free,14,id_test,hcep_095,10,0.0014304037770488374,0.0007141775485798136,0.000493339911198816,0.0009859503893105959,0.0009881432573380865,0.0019765396408576094,0.002472799208704253
pooled_fixed_effects,all_registered_by_horizon,score_free,14,id_test,aurc,10,0.1646905614039718,0.00841051708492879,0.15680185545122063,0.15759413648010268,0.16240154503280213,0.16896278348396182,0.17806178018001484
pooled_fixed_effects,all_registered_by_horizon,score_free,14,id_test,excess_aurc,10,0.12100859860465445,0.006812793931763525,0.1120461585424116,0.1155927667987073,0.12086537235708862,0.12398075709662573,0.13153854426774791
pooled_fixed_effects,all_registered_by_horizon,score_free,14,ood_test,prevalence,10,0.5053217619125594,0.0,0.5053217619125594,0.5053217619125594,0.5053217619125594,0.5053217619125594,0.5053217619125594
pooled_fixed_effects,all_registered_by_horizon,score_free,14,ood_test,auroc,10,0.7959916279497825,0.0007984391889340004,0.794980971930554,0.7956884708316359,0.7959002364738685,0.7962211698924122,0.7978282370136202
pooled_fixed_effects,all_registered_by_horizon,score_free,14,ood_test,average_precision,10,0.817007246607534,0.0009325594010893201,0.8161167688239139,0.8163871356376436,0.8167297431804921,0.8172312622107856,0.8192217707923125
pooled_fixed_effects,all_registered_by_horizon,score_free,14,ood_test,pr_skill,10,0.6300772111990098,0.001885183800878026,0.6282770960634367,0.6288236469179376,0.6295162335661255,0.6305300623373941,0.6345539073911461
pooled_fixed_effects,all_registered_by_horizon,score_free,14,ood_test,brier,10,0.18280983018930025,0.00031958113862330797,0.18209789473793858,0.18271158139382435,0.18284887359855112,0.1829050393032542,0.18329723037859158
pooled_fixed_effects,all_registered_by_horizon,score_free,14,ood_test,log_loss,10,0.5404305190670857,0.0009649157107238624,0.538505053314881,0.5402366243238026,0.5404362854117073,0.5409632301298486,0.5418773129368664
pooled_fixed_effects,all_registered_by_horizon,score_free,14,ood_test,ece,10,0.01266464567509957,0.0027990686139552226,0.006711118683175042,0.011632860478995654,0.013554376943310794,0.01445241914655647,0.01630907931556246
pooled_fixed_effects,all_registered_by_horizon,score_free,14,ood_test,calibration_intercept,10,0.027783168325298535,0.03180837557812913,-0.0189667924244615,0.0032695165081992696,0.03312701109871635,0.0496598156387355,0.07549436878517753
pooled_fixed_effects,all_registered_by_horizon,score_free,14,ood_test,calibration_slope,10,1.022823333286434,0.0484803061843144,0.9694590354352377,0.9794764766503374,1.021903236541914,1.045991184836216,1.1201587579553547
pooled_fixed_effects,all_registered_by_horizon,score_free,14,ood_test,hcep_080,10,0.0331750450302931,0.004490656894283033,0.02366137219584084,0.030927624037989192,0.03336335352873751,0.03624938595054855,0.03929916489274603
pooled_fixed_effects,all_registered_by_horizon,score_free,14,ood_test,hcep_090,10,0.006132307188472245,0.0013713329801474316,0.003929916489274603,0.005301293597511053,0.0056492549533322415,0.007470934992631406,0.007941706238742427
pooled_fixed_effects,all_registered_by_horizon,score_free,14,ood_test,hcep_095,10,0.0013427214671688226,0.00035625061671482386,0.0008187326019322089,0.0010848206975601767,0.0012690355329949238,0.0015351236286228918,0.0019649582446373015
pooled_fixed_effects,all_registered_by_horizon,score_free,14,ood_test,aurc,10,0.156170353265532,0.000850903388987089,0.15428332583769172,0.15608514343507704,0.15645000260251452,0.15657221872421148,0.15703463298627637
pooled_fixed_effects,all_registered_by_horizon,score_free,14,ood_test,excess_aurc,10,0.11241843278260508,0.0008026938704241392,0.11077720164664051,0.1124169687231489,0.1125985230721858,0.11288372834512803,0.1131920503642916
pooled_fixed_effects,all_registered_by_horizon,score_free,56,id_test,prevalence,10,0.5143997111585608,0.0017089600076992907,0.5123517786561265,0.5130447325549823,0.5141722837995213,0.5151409676296554,0.5172074729596854
pooled_fixed_effects,all_registered_by_horizon,score_free,56,id_test,auroc,10,0.8411630764200284,0.00795686587587049,0.8240472560975609,0.8379461629847089,0.8406218384687694,0.8465202299377583,0.8507217365042243
pooled_fixed_effects,all_registered_by_horizon,score_free,56,id_test,average_precision,10,0.8726850231609141,0.007211123941990483,0.8600165341753905,0.8707759603836999,0.8716184829315778,0.8794006019904204,0.881309943120936
pooled_fixed_effects,all_registered_by_horizon,score_free,56,id_test,pr_skill,10,0.7378276908021764,0.014646235018991398,0.7120665296453154,0.7327040345472815,0.7357048423411747,0.7511408396215271,0.7555249385662238
pooled_fixed_effects,all_registered_by_horizon,score_free,56,id_test,brier,10,0.15939116603914985,0.004643779545294959,0.15387118489239124,0.15573750805972508,0.159542567371952,0.16156404826614038,0.16931475261399387
pooled_fixed_effects,all_registered_by_horizon,score_free,56,id_test,log_loss,10,0.4773661794819838,0.011716175988999739,0.4642801354159005,0.46745221179201735,0.47745868201907443,0.4812392691678979,0.5021014513269386
pooled_fixed_effects,all_registered_by_horizon,score_free,56,id_test,ece,10,0.027563047598440582,0.006810336803364191,0.0148314709910588,0.02419527060935267,0.028670505902681137,0.030148292630317763,0.04133019669274708
pooled_fixed_effects,all_registered_by_horizon,score_free,56,id_test,calibration_intercept,10,-0.0003329228671027286,0.04126897477911005,-0.05719230911838275,-0.029070519094129128,-0.0038459956106945137,0.012534624472946747,0.08952693789701924
pooled_fixed_effects,all_registered_by_horizon,score_free,56,id_test,calibration_slope,10,0.9707576529347539,0.0727187007531687,0.7947485389428746,0.9612082429936324,0.9866543487193338,1.0072251022883347,1.0512300199766476
pooled_fixed_effects,all_registered_by_horizon,score_free,56,id_test,hcep_080,10,0.04102070252347376,0.006888821416142544,0.03541564190850959,0.037519946473734564,0.03869928297712254,0.04212806424344886,0.058794466403162056
pooled_fixed_effects,all_registered_by_horizon,score_free,56,id_test,hcep_090,10,0.009556224422749006,0.004165467786066636,0.004918839153959666,0.0066413406160555554,0.008848184244111846,0.01147948752896279,0.018774703557312252
pooled_fixed_effects,all_registered_by_horizon,score_free,56,id_test,hcep_095,10,0.002314631892859852,0.001092329645414669,0.000983767830791933,0.0014758332978299011,0.002215294924387992,0.003316415061599861,0.003952569169960474
pooled_fixed_effects,all_registered_by_horizon,score_free,56,id_test,aurc,10,0.10962432275703748,0.006252070844317245,0.1028523070487352,0.10370466411101634,0.1099488797667646,0.11251527289802624,0.12162010139225321
pooled_fixed_effects,all_registered_by_horizon,score_free,56,id_test,excess_aurc,10,0.07855160245866856,0.003218460512510686,0.07466100156444573,0.07566739544110959,0.07846464302658585,0.08027315980238299,0.0846221004162174
pooled_fixed_effects,all_registered_by_horizon,score_free,56,ood_test,prevalence,10,0.505516057857318,0.0,0.505516057857318,0.505516057857318,0.505516057857318,0.505516057857318,0.505516057857318
pooled_fixed_effects,all_registered_by_horizon,score_free,56,ood_test,auroc,10,0.8557353907883861,0.0006297429177382156,0.8545494827536368,0.8554363564406714,0.8557110182587996,0.8561933929099155,0.8566615282118375
pooled_fixed_effects,all_registered_by_horizon,score_free,56,ood_test,average_precision,10,0.8842318674070168,0.0004318823217764888,0.8833814788967145,0.8840417590488288,0.8843384841658719,0.8844608087172061,0.8849047997129312
pooled_fixed_effects,all_registered_by_horizon,score_free,56,ood_test,pr_skill,10,0.7658809058766588,0.0008734000944602288,0.764161156380614,0.7654964477740072,0.7660965180528467,0.7663438962605273,0.7672417838517831
pooled_fixed_effects,all_registered_by_horizon,score_free,56,ood_test,brier,10,0.1505676303840144,0.00024609302528938817,0.15007365963522445,0.15044959703058308,0.15059696469463268,0.15071012866912825,0.15089828155268328
pooled_fixed_effects,all_registered_by_horizon,score_free,56,ood_test,log_loss,10,0.45276684808449447,0.0006988837533348002,0.45166656940141253,0.452164012625819,0.4530179949118162,0.4532290605282276,0.4536498885569571
pooled_fixed_effects,all_registered_by_horizon,score_free,56,ood_test,ece,10,0.023314530259360103,0.0036250214537116294,0.01783953765670805,0.020685297337888778,0.02266494992729856,0.02608680083175699,0.0291164946471714
pooled_fixed_effects,all_registered_by_horizon,score_free,56,ood_test,calibration_intercept,10,-0.06900765907352849,0.038828984892856445,-0.13294027721643753,-0.09722814705186925,-0.06503752359201634,-0.0472924498866356,0.0033309858537198373
pooled_fixed_effects,all_registered_by_horizon,score_free,56,ood_test,calibration_slope,10,1.0525687464421356,0.04877494838355214,0.9392303485746981,1.0557502442992586,1.0693242266537815,1.0780288735572536,1.0950708567658727
pooled_fixed_effects,all_registered_by_horizon,score_free,56,ood_test,hcep_080,10,0.03330881752063414,0.0053086433895206215,0.027866307101413745,0.030563046498324753,0.031339380567132466,0.03262646073384,0.04461877911252758
pooled_fixed_effects,all_registered_by_horizon,score_free,56,ood_test,hcep_090,10,0.006259704175860097,0.001517234400988244,0.004984881915502165,0.00535261910599003,0.005679496608645911,0.006108523330881752,0.009479447577020511
pooled_fixed_effects,all_registered_by_horizon,score_free,56,ood_test,hcep_095,10,0.0016507313884121925,0.0006137119671657624,0.001144071259295579,0.0013075100106235188,0.0013483696984555038,0.001695677045027376,0.0030236168995668874
pooled_fixed_effects,all_registered_by_horizon,score_free,56,ood_test,aurc,10,0.09493883132379717,0.00039832793314282486,0.0942225501069719,0.09466366058789595,0.09497520131636081,0.09518696375088627,0.09555464940281004
pooled_fixed_effects,all_registered_by_horizon,score_free,56,ood_test,excess_aurc,10,0.067426295129567,0.0003746735938291145,0.066937880772989,0.06714999914918979,0.06747449522321709,0.06760253571070624,0.06816535406279214
pooled_fixed_effects,landmark_still_registered,assessment_score_inclusive,56,id_test,prevalence,10,0.4251131612897332,0.0011208198294651304,0.42314436002337813,0.42479944361226973,0.4251165246862536,0.4257584597432905,0.42690739662201516
pooled_fixed_effects,landmark_still_registered,assessment_score_inclusive,56,id_test,auroc,10,0.8344235703257634,0.00924710706618296,0.820240231371063,0.8290587351161934,0.8331846626929631,0.8407816111510533,0.8477384398673454
pooled_fixed_effects,landmark_still_registered,assessment_score_inclusive,56,id_test,average_precision,10,0.8184240958544858,0.010734251127163471,0.8014849750057033,0.8128105155243521,0.8186354223127777,0.8278776041319698,0.8313167418375781
pooled_fixed_effects,landmark_still_registered,assessment_score_inclusive,56,id_test,pr_skill,10,0.6841763170084698,0.018226447907699443,0.6549140437725915,0.6745056827672434,0.6845197526214426,0.7001406311930245,0.7056614285926032
pooled_fixed_effects,landmark_still_registered,assessment_score_inclusive,56,id_test,brier,10,0.15924903283502814,0.004258914492487409,0.15359282171643565,0.15561207524806764,0.15977608857601683,0.1625797236124371,0.16599742097948483
pooled_fixed_effects,landmark_still_registered,assessment_score_inclusive,56,id_test,log_loss,10,0.48261467678012043,0.011559948711785487,0.4672112434115684,0.47368332024208426,0.4827545840247627,0.4909724867546651,0.5011769272792822
pooled_fixed_effects,landmark_still_registered,assessment_score_inclusive,56,id_test,ece,10,0.02904822529646397,0.006539609329958142,0.019225385321358576,0.024815394985332043,0.028793375305914765,0.031374923539806004,0.04313031459433526
pooled_fixed_effects,landmark_still_registered,assessment_score_inclusive,56,id_test,calibration_intercept,10,-0.021920882531891308,0.03089769058869771,-0.0897970200752496,-0.02495690576316064,-0.018747604173976536,-0.008210587476292898,0.028588616122313098
pooled_fixed_effects,landmark_still_registered,assessment_score_inclusive,56,id_test,calibration_slope,10,0.9823541140096665,0.05301719790977069,0.9054917020995505,0.9462289109195507,0.9765371928222253,1.0154554912427307,1.0760449331589652
pooled_fixed_effects,landmark_still_registered,assessment_score_inclusive,56,id_test,hcep_080,10,0.04981249950027592,0.007661604126033656,0.037274315666860805,0.04406161764180278,0.04982671993832894,0.05513418903150525,0.06019871420222092
pooled_fixed_effects,landmark_still_registered,assessment_score_inclusive,56,id_test,hcep_090,10,0.010616064704839345,0.0025820905232756637,0.007571345369831101,0.009330806835152798,0.010198308460583668,0.011685658847681446,0.01633605600933489
pooled_fixed_effects,landmark_still_registered,assessment_score_inclusive,56,id_test,hcep_095,10,0.0023338272851253375,0.001605532873378756,0.0005827505827505828,0.0011668611435239206,0.0017482523419551695,0.0032092087346334334,0.005260081823495032
pooled_fixed_effects,landmark_still_registered,assessment_score_inclusive,56,id_test,aurc,10,0.11440834253594283,0.007693505228960025,0.10310509237749199,0.1092328206154353,0.11368983865116544,0.12041122574855209,0.12690433143261914
pooled_fixed_effects,landmark_still_registered,assessment_score_inclusive,56,id_test,excess_aurc,10,0.0847188834666141,0.00591802419746307,0.07554629554481473,0.08121262025469841,0.08441577923268037,0.08928177885947527,0.09440329734179678
pooled_fixed_effects,landmark_still_registered,assessment_score_inclusive,56,ood_test,prevalence,10,0.3850175967823027,0.0,0.3850175967823027,0.3850175967823027,0.3850175967823027,0.3850175967823027,0.3850175967823027
pooled_fixed_effects,landmark_still_registered,assessment_score_inclusive,56,ood_test,auroc,10,0.8194436976357327,0.0015517667945050566,0.8168542589419051,0.8185931014916455,0.819188728885834,0.8202212500518828,0.8221289679242147
pooled_fixed_effects,landmark_still_registered,assessment_score_inclusive,56,ood_test,average_precision,10,0.7763773212745186,0.002672235836807029,0.7723087455741551,0.7746808562028167,0.7764310736164164,0.7788094822661064,0.7797043054286779
pooled_fixed_effects,landmark_still_registered,assessment_score_inclusive,56,ood_test,pr_skill,10,0.6363754839887326,0.004345223250007499,0.6297597244497992,0.6336169252676604,0.63646288867156,0.6403303304670417,0.6417853691118707
pooled_fixed_effects,landmark_still_registered,assessment_score_inclusive,56,ood_test,brier,10,0.16121155018087413,0.0009186469427435412,0.16015841929909105,0.1603592672304116,0.16115350156129601,0.1619560953001723,0.1625527392754057
pooled_fixed_effects,landmark_still_registered,assessment_score_inclusive,56,ood_test,log_loss,10,0.49170563263617517,0.0022911807498565504,0.48897761374772947,0.489904564123908,0.491326927325206,0.4933565155860744,0.4954044459466107
pooled_fixed_effects,landmark_still_registered,assessment_score_inclusive,56,ood_test,ece,10,0.016255561375873077,0.0038937160967919345,0.010828875935414276,0.0131271792239757,0.01555085468433435,0.01941877282848538,0.022058653782535357
pooled_fixed_effects,landmark_still_registered,assessment_score_inclusive,56,ood_test,calibration_intercept,10,-0.05363236945427371,0.03717784307251148,-0.12158714141785355,-0.06423410846503924,-0.043997316228611555,-0.03577067999642061,0.005218132267961059
pooled_fixed_effects,landmark_still_registered,assessment_score_inclusive,56,ood_test,calibration_slope,10,0.9163252942442656,0.035937323822287655,0.8673245858965534,0.8886743020304072,0.9205693446098552,0.9387892410584413,0.9772469836786649
pooled_fixed_effects,landmark_still_registered,assessment_score_inclusive,56,ood_test,hcep_080,10,0.05631975867269985,0.004692343602260756,0.04846656611362494,0.05377073906485671,0.05555555555555555,0.05824534942182001,0.06556058320764203
pooled_fixed_effects,landmark_still_registered,assessment_score_inclusive,56,ood_test,hcep_090,10,0.015394670688788336,0.001918107658809175,0.012267471091000503,0.014429361488185017,0.015133232780291604,0.015761689291101055,0.019406737053795878
pooled_fixed_effects,landmark_still_registered,assessment_score_inclusive,56,ood_test,hcep_095,10,0.003740573152337858,0.0005703917515986633,0.0027149321266968325,0.003418803418803419,0.0037707390648567115,0.004022121669180492,0.0048265460030165915
pooled_fixed_effects,landmark_still_registered,assessment_score_inclusive,56,ood_test,aurc,10,0.12229121739921686,0.001359343474649148,0.12010302423486469,0.12183665237996093,0.12239802743005057,0.12275215389809474,0.1244217787016842
pooled_fixed_effects,landmark_still_registered,assessment_score_inclusive,56,ood_test,excess_aurc,10,0.09306573636623204,0.0010619916222029775,0.09113544165177809,0.09271899330183378,0.09332008223471108,0.09358677871172263,0.0945934557187037
pooled_fixed_effects,landmark_still_registered,score_free,14,id_test,prevalence,10,0.4562570434669528,0.001435497770402433,0.45424476295479604,0.45528669133564303,0.4557972597419934,0.4576560321010992,0.45828759604829855
pooled_fixed_effects,landmark_still_registered,score_free,14,id_test,auroc,10,0.7463511273961558,0.008475747548140027,0.7309271108195565,0.7415685786477092,0.7460616607636665,0.7532054463980806,0.7578646493840997
pooled_fixed_effects,landmark_still_registered,score_free,14,id_test,average_precision,10,0.7169444459461622,0.007610581431947837,0.7011564450126451,0.7137189087129516,0.7169922788820797,0.7222993130085845,0.7267574571083533
pooled_fixed_effects,landmark_still_registered,score_free,14,id_test,pr_skill,10,0.47942708135640544,0.01409382336554137,0.4510110806659421,0.47512371014803756,0.47878073591737347,0.4896117053855633,0.4986858416927091
pooled_fixed_effects,landmark_still_registered,score_free,14,id_test,brier,10,0.2023729691249146,0.002691927769863785,0.1987166843571487,0.2005631925821718,0.2027722582120942,0.20385998909911265,0.20737566706384353
pooled_fixed_effects,landmark_still_registered,score_free,14,id_test,log_loss,10,0.5908597082734648,0.005661831063629588,0.5830062594671515,0.586436888784719,0.591658914228053,0.5946503528632479,0.6003079744348183
pooled_fixed_effects,landmark_still_registered,score_free,14,id_test,ece,10,0.02813015095244913,0.006019521101846335,0.01695901083234087,0.024023193439616564,0.028930029014857903,0.03201455158638564,0.037548887998919735
pooled_fixed_effects,landmark_still_registered,score_free,14,id_test,calibration_intercept,10,-0.006088475010756471,0.02636667786715282,-0.047438786421129725,-0.018776867378902877,-0.0027574454491667284,0.0020282679963515,0.05135824599799394
pooled_fixed_effects,landmark_still_registered,score_free,14,id_test,calibration_slope,10,1.0009068323280899,0.061326572942677425,0.9158907824351427,0.9590677858897877,1.0012552999010351,1.0285896043391771,1.0987063721252486
pooled_fixed_effects,landmark_still_registered,score_free,14,id_test,hcep_080,10,0.02816960450883845,0.005209772714006837,0.020982882385422418,0.024185858116171313,0.02816314359309598,0.03255626105274424,0.035931453841901606
pooled_fixed_effects,landmark_still_registered,score_free,14,id_test,hcep_090,10,0.0032508614625537625,0.002173764833705807,0.0005491488193300384,0.0017966501419545257,0.003031973539140022,0.0037304275603392938,0.007135016465422613
pooled_fixed_effects,landmark_still_registered,score_free,14,id_test,hcep_095,10,0.00016526055585014093,0.0002660966741172726,0.0,0.0,0.0,0.000411635565312843,0.0005530973451327434
pooled_fixed_effects,landmark_still_registered,score_free,14,id_test,aurc,10,0.21242010704709116,0.005858456231901678,0.20521832657214378,0.20648064201985467,0.21322786053081424,0.2171450242397595,0.22036355199421437
pooled_fixed_effects,landmark_still_registered,score_free,14,id_test,excess_aurc,10,0.15872050378613442,0.004073291515527431,0.15144521865183352,0.15691527173185837,0.15776983047514045,0.16213274650499646,0.16416314400218626
pooled_fixed_effects,landmark_still_registered,score_free,14,ood_test,prevalence,10,0.4083398133748056,5.851389114294502e-17,0.40833981337480557,0.40833981337480557,0.40833981337480557,0.40833981337480557,0.40833981337480557
pooled_fixed_effects,landmark_still_registered,score_free,14,ood_test,auroc,10,0.7274679998077547,0.0008731667705586068,0.7264849908806632,0.7267062627214443,0.727453393695877,0.72797561596633,0.7292730962419197
pooled_fixed_effects,landmark_still_registered,score_free,14,ood_test,average_precision,10,0.6516414707689545,0.0014725562790788296,0.6494289369736428,0.6509064153046593,0.6515796241695797,0.652238475121032,0.6547662144384063
pooled_fixed_effects,landmark_still_registered,score_free,14,ood_test,pr_skill,10,0.4112185725761465,0.002488854772328401,0.40747903788152406,0.40997621170598564,0.41111404196757617,0.4122276050673857,0.41649988732418664
pooled_fixed_effects,landmark_still_registered,score_free,14,ood_test,brier,10,0.20448220533165093,0.00038530296535705034,0.2036752138789688,0.204314131359282,0.2044425120520178,0.204725512795192,0.20502836926947798
pooled_fixed_effects,landmark_still_registered,score_free,14,ood_test,log_loss,10,0.5954549656067718,0.000980880734714818,0.5936180786863771,0.5948622291998277,0.5953446822270376,0.5963864579762531,0.5966479444887385
pooled_fixed_effects,landmark_still_registered,score_free,14,ood_test,ece,10,0.017647487413595606,0.0039893396440409895,0.010971933169937609,0.015795979585115583,0.017994719242466553,0.020577162098576574,0.023665529509262477
pooled_fixed_effects,landmark_still_registered,score_free,14,ood_test,calibration_intercept,10,-0.08463563159100497,0.025740981026292967,-0.12033738189781056,-0.10728144524659805,-0.08064127932952492,-0.06389382609139944,-0.0468511847018122
pooled_fixed_effects,landmark_still_registered,score_free,14,ood_test,calibration_slope,10,0.9642986410806635,0.04202896027643107,0.898195550900717,0.9354924641815427,0.9714561542503481,0.993164483659806,1.0332253296971383
pooled_fixed_effects,landmark_still_registered,score_free,14,ood_test,hcep_080,10,0.027430015552099535,0.004327532577314927,0.020023328149300156,0.024713258164852255,0.026730171073094867,0.03056959564541213,0.03343701399688958
pooled_fixed_effects,landmark_still_registered,score_free,14,ood_test,hcep_090,10,0.002566096423017108,0.0007447820380090517,0.00145800933125972,0.0020898133748055987,0.0024300155520995334,0.0028188180404354586,0.0038880248833592537
pooled_fixed_effects,landmark_still_registered,score_free,14,ood_test,hcep_095,10,0.0001166407465007776,0.00011035112989843444,0.0,2.4300155520995334e-05,9.720062208398134e-05,0.00017010108864696735,0.00029160186625194404
pooled_fixed_effects,landmark_still_registered,score_free,14,ood_test,aurc,10,0.21749015343113323,0.0013935570449578603,0.21520038392482818,0.21661040376177945,0.2173524246304505,0.21847155018221528,0.21970102787857798
pooled_fixed_effects,landmark_still_registered,score_free,14,ood_test,excess_aurc,10,0.16064826451893982,0.0013513118063213751,0.15876032776394716,0.15981885080899672,0.16083410982398683,0.16130168443471943,0.16333494275346877
pooled_fixed_effects,landmark_still_registered,score_free,56,id_test,prevalence,10,0.4251131612897332,0.0011208198294651304,0.42314436002337813,0.42479944361226973,0.4251165246862536,0.4257584597432905,0.42690739662201516
pooled_fixed_effects,landmark_still_registered,score_free,56,id_test,auroc,10,0.7817711063057201,0.009237164886818283,0.7697241875207752,0.7758046259206666,0.7785933055182716,0.7905905441881457,0.7948739336914573
pooled_fixed_effects,landmark_still_registered,score_free,56,id_test,average_precision,10,0.7528553621953793,0.01122884762100131,0.7356372250057779,0.7474935440993123,0.7535280124585059,0.7599060840465547,0.7714449830585394
pooled_fixed_effects,landmark_still_registered,score_free,56,id_test,pr_skill,10,0.5701244497854429,0.01887121130712851,0.5404484824136949,0.5615953087408331,0.5712055496212073,0.5819562624269229,0.6016546198632063
pooled_fixed_effects,landmark_still_registered,score_free,56,id_test,brier,10,0.18378618823450593,0.003416120999763027,0.17834589178758795,0.18133307645518687,0.18425595160023056,0.18641301039232658,0.18882858796142382
pooled_fixed_effects,landmark_still_registered,score_free,56,id_test,log_loss,10,0.5456516626532699,0.008267135834778953,0.5339848980328599,0.537978125044221,0.5475756401883685,0.5505247703512034,0.5589613574911967
pooled_fixed_effects,landmark_still_registered,score_free,56,id_test,ece,10,0.03256565650693565,0.006723250677459669,0.02094364653899002,0.027612287260307164,0.03448300459355494,0.03554385602365935,0.0442075221392369
pooled_fixed_effects,landmark_still_registered,score_free,56,id_test,calibration_intercept,10,-0.008179149921907516,0.03320041046211172,-0.046273746679719466,-0.034608882870171075,-0.013687746725976883,0.0028294741229386365,0.048004127014243586
pooled_fixed_effects,landmark_still_registered,score_free,56,id_test,calibration_slope,10,1.0043881778083992,0.05851260222133491,0.8731817142947073,0.9796389251458302,1.0073068364072817,1.052652915970286,1.0658047766535543
pooled_fixed_effects,landmark_still_registered,score_free,56,id_test,hcep_080,10,0.037795449778224896,0.004400561020448182,0.0297029702970297,0.036474805083404394,0.03818157229272244,0.040012234333492935,0.043757292882147025
pooled_fixed_effects,landmark_still_registered,score_free,56,id_test,hcep_090,10,0.0054827553298118625,0.001632350149597915,0.0034944670937682005,0.004228085633319839,0.005548896720270575,0.006412126378132583,0.008751458576429404
pooled_fixed_effects,landmark_still_registered,score_free,56,id_test,hcep_095,10,0.0015754001706655926,0.0010317950634743563,0.0,0.0011651619629464232,0.001167201733466572,0.002625182428363911,0.0029222676797194622
pooled_fixed_effects,landmark_still_registered,score_free,56,id_test,aurc,10,0.1631732109917652,0.007102258936476109,0.15367727860760602,0.15698531621127165,0.16487553695102855,0.16724124286056571,0.17364432021535753
pooled_fixed_effects,landmark_still_registered,score_free,56,id_test,excess_aurc,10,0.12036147937943323,0.005867076951760545,0.10899717400395659,0.1169678901619483,0.12022679258389891,0.12392171314141338,0.12862989334434233
pooled_fixed_effects,landmark_still_registered,score_free,56,ood_test,prevalence,10,0.3850175967823027,0.0,0.3850175967823027,0.3850175967823027,0.3850175967823027,0.3850175967823027,0.3850175967823027
pooled_fixed_effects,landmark_still_registered,score_free,56,ood_test,auroc,10,0.7758239885927865,0.0011206088514038915,0.7740115749466951,0.7750071162709424,0.7759088842319151,0.7764908897213292,0.7778335227304753
pooled_fixed_effects,landmark_still_registered,score_free,56,ood_test,average_precision,10,0.7210306877810855,0.0010150309332411218,0.7188187025469019,0.7205811045507398,0.7212127785721141,0.7216075059283097,0.7225848429399222
pooled_fixed_effects,landmark_still_registered,score_free,56,ood_test,pr_skill,10,0.5463783829272225,0.0016505040273189883,0.5427815560544375,0.5456473323670874,0.5466744739862122,0.5473163254507912,0.5489055367948865
pooled_fixed_effects,landmark_still_registered,score_free,56,ood_test,brier,10,0.18080392010284582,0.0004941248985531202,0.18022396961683745,0.18042486052341128,0.18082343383373184,0.18098382139621333,0.18195234962495718
pooled_fixed_effects,landmark_still_registered,score_free,56,ood_test,log_loss,10,0.5388074695551787,0.0013299068618262374,0.5372235568995276,0.5378346006540132,0.5386569382313753,0.5392374485449639,0.5417617035980371
pooled_fixed_effects,landmark_still_registered,score_free,56,ood_test,ece,10,0.02726678099029614,0.006525623865560933,0.017958492661041464,0.022975794029617615,0.027053460530480737,0.03171059440905226,0.037315609805853085
pooled_fixed_effects,landmark_still_registered,score_free,56,ood_test,calibration_intercept,10,-0.11230806823709587,0.028562795945631214,-0.16911454813793242,-0.12883285625697488,-0.11024813526760874,-0.08865647953377045,-0.08247250283185095
pooled_fixed_effects,landmark_still_registered,score_free,56,ood_test,calibration_slope,10,1.0286628005849938,0.04771047927743349,0.9450497749616581,0.9898747949197713,1.0376032313221621,1.0630368893322262,1.0926472805011418
pooled_fixed_effects,landmark_still_registered,score_free,56,ood_test,hcep_080,10,0.033916540975364506,0.0049913329817690665,0.027551533433886374,0.030517848164906988,0.03242835595776772,0.03717948717948718,0.043740573152337855
pooled_fixed_effects,landmark_still_registered,score_free,56,ood_test,hcep_090,10,0.0051684263448969325,0.0012114682695097676,0.0036199095022624436,0.00432378079436903,0.004675716440422323,0.006209150326797385,0.0069381598793363496
pooled_fixed_effects,landmark_still_registered,score_free,56,ood_test,hcep_095,10,0.000784313725490196,0.0003411566455505138,0.0005027652086475615,0.0005027652086475615,0.0006535947712418301,0.000980392156862745,0.0015082956259426848
pooled_fixed_effects,landmark_still_registered,score_free,56,ood_test,aurc,10,0.15702371448060967,0.0009171821593300605,0.1559120421936531,0.1562237953307345,0.15688999514278149,0.15761370187499502,0.15861806886573732
pooled_fixed_effects,landmark_still_registered,score_free,56,ood_test,excess_aurc,10,0.1166656222769323,0.0008115494379619993,0.1156995203494702,0.11604271116219256,0.11643360840392658,0.11732173829105161,0.11798094544204876
