analysis_id,estimand,representation,horizon_day,domain,alpha,conformal_method,metric,n_repeats,mean,sd,min,q25,median,q75,max
AAA-J,landmark_still_registered,score_free,14,id_test,0.05,label_conditional,coverage,10,0.9535714285714285,0.04054615801411046,0.8928571428571429,0.9330357142857143,0.9553571428571428,0.9910714285714286,1.0
AAA-J,landmark_still_registered,score_free,14,id_test,0.05,label_conditional,avg_set_size,10,1.8142857142857143,0.13341834024878,1.625,1.6830357142857144,1.875,1.90625,1.9821428571428572
AAA-J,landmark_still_registered,score_free,14,id_test,0.05,label_conditional,singleton_rate,10,0.18571428571428572,0.13341834024878002,0.017857142857142856,0.09375,0.125,0.3169642857142857,0.375
AAA-J,landmark_still_registered,score_free,14,id_test,0.05,label_conditional,ambiguous_rate,10,0.8142857142857143,0.13341834024878,0.625,0.6830357142857143,0.875,0.90625,0.9821428571428571
AAA-J,landmark_still_registered,score_free,14,id_test,0.05,label_conditional,empty_rate,10,0.0,0.0,0.0,0.0,0.0,0.0,0.0
AAA-J,landmark_still_registered,score_free,14,id_test,0.05,label_conditional,singleton_accuracy,10,0.7368715907415597,0.29314691054858955,0.0,0.6785714285714286,0.7394957983193278,0.9605263157894737,1.0
AAA-J,landmark_still_registered,score_free,14,id_test,0.05,label_conditional,class0_coverage,10,0.9857142857142858,0.02559446904221762,0.9285714285714286,0.9821428571428571,1.0,1.0,1.0
AAA-J,landmark_still_registered,score_free,14,id_test,0.05,label_conditional,class1_coverage,10,0.8571428571428571,0.1543033499620919,0.5714285714285714,0.7321428571428572,0.8928571428571428,1.0,1.0
AAA-J,landmark_still_registered,score_free,14,id_test,0.05,label_conditional,class0_avg_set_size,10,1.8285714285714285,0.12025839317381469,1.6666666666666667,1.7142857142857142,1.869047619047619,1.9226190476190477,2.0
AAA-J,landmark_still_registered,score_free,14,id_test,0.05,label_conditional,class1_avg_set_size,10,1.7714285714285716,0.20974014805281183,1.3571428571428572,1.6607142857142856,1.7857142857142856,1.9285714285714286,2.0
AAA-J,landmark_still_registered,score_free,14,id_test,0.05,label_conditional,class0_singleton_accuracy,9,0.8333333333333334,0.33333333333333337,0.0,0.8333333333333334,1.0,1.0,1.0
AAA-J,landmark_still_registered,score_free,14,id_test,0.05,label_conditional,class1_singleton_accuracy,8,0.4770833333333333,0.40068765296436976,0.0,0.25,0.3666666666666667,0.8125,1.0
AAA-J,landmark_still_registered,score_free,14,id_test,0.05,marginal,coverage,10,0.9625,0.04076403254348554,0.8928571428571429,0.9330357142857143,0.9732142857142857,1.0,1.0
AAA-J,landmark_still_registered,score_free,14,id_test,0.05,marginal,avg_set_size,10,1.844642857142857,0.12987926104262987,1.6785714285714286,1.7053571428571428,1.8928571428571428,1.9375,2.0
AAA-J,landmark_still_registered,score_free,14,id_test,0.05,marginal,singleton_rate,10,0.15535714285714286,0.12987926104262987,0.0,0.0625,0.10714285714285714,0.2946428571428571,0.32142857142857145
AAA-J,landmark_still_registered,score_free,14,id_test,0.05,marginal,ambiguous_rate,10,0.8446428571428571,0.12987926104262987,0.6785714285714286,0.7053571428571428,0.8928571428571429,0.9375,1.0
AAA-J,landmark_still_registered,score_free,14,id_test,0.05,marginal,empty_rate,10,0.0,0.0,0.0,0.0,0.0,0.0,0.0
AAA-J,landmark_still_registered,score_free,14,id_test,0.05,marginal,singleton_accuracy,8,0.7818627450980392,0.14652095849427094,0.6666666666666666,0.6666666666666666,0.7156862745098038,0.8676470588235294,1.0
AAA-J,landmark_still_registered,score_free,14,id_test,0.05,marginal,class0_coverage,10,0.9976190476190476,0.007529232524210436,0.9761904761904762,1.0,1.0,1.0,1.0
AAA-J,landmark_still_registered,score_free,14,id_test,0.05,marginal,class1_coverage,10,0.8571428571428571,0.1543033499620919,0.5714285714285714,0.7321428571428572,0.8928571428571428,1.0,1.0
AAA-J,landmark_still_registered,score_free,14,id_test,0.05,marginal,class0_avg_set_size,10,1.8404761904761906,0.12848811723696876,1.6666666666666667,1.7202380952380951,1.869047619047619,1.9404761904761905,2.0
AAA-J,landmark_still_registered,score_free,14,id_test,0.05,marginal,class1_avg_set_size,10,1.8571428571428572,0.15430334996209194,1.5714285714285714,1.7321428571428572,1.8928571428571428,2.0,2.0
AAA-J,landmark_still_registered,score_free,14,id_test,0.05,marginal,class0_singleton_accuracy,8,0.9886363636363636,0.03214121732666126,0.9090909090909091,1.0,1.0,1.0,1.0
AAA-J,landmark_still_registered,score_free,14,id_test,0.05,marginal,class1_singleton_accuracy,6,0.0,0.0,0.0,0.0,0.0,0.0,0.0
AAA-J,landmark_still_registered,score_free,14,id_test,0.1,label_conditional,coverage,10,0.9339285714285713,0.061887589193190616,0.8392857142857143,0.8883928571428572,0.9553571428571428,0.9776785714285714,1.0
AAA-J,landmark_still_registered,score_free,14,id_test,0.1,label_conditional,avg_set_size,10,1.7749999999999997,0.1711141296079138,1.5178571428571428,1.6205357142857144,1.8660714285714286,1.8883928571428572,1.9821428571428572
AAA-J,landmark_still_registered,score_free,14,id_test,0.1,label_conditional,singleton_rate,10,0.225,0.1711141296079138,0.017857142857142856,0.11160714285714285,0.13392857142857142,0.3794642857142857,0.48214285714285715
AAA-J,landmark_still_registered,score_free,14,id_test,0.1,label_conditional,ambiguous_rate,10,0.7750000000000001,0.1711141296079138,0.5178571428571429,0.6205357142857142,0.8660714285714286,0.8883928571428572,0.9821428571428571
AAA-J,landmark_still_registered,score_free,14,id_test,0.1,label_conditional,empty_rate,10,0.0,0.0,0.0,0.0,0.0,0.0,0.0
AAA-J,landmark_still_registered,score_free,14,id_test,0.1,label_conditional,singleton_accuracy,10,0.7304046479835954,0.21527680551210035,0.25,0.6466666666666667,0.7321428571428572,0.8295454545454546,1.0
AAA-J,landmark_still_registered,score_free,14,id_test,0.1,label_conditional,class0_coverage,10,0.9595238095238094,0.04054615801411047,0.8809523809523809,0.9285714285714286,0.9761904761904762,0.9940476190476191,1.0
AAA-J,landmark_still_registered,score_free,14,id_test,0.1,label_conditional,class1_coverage,10,0.8571428571428571,0.1543033499620919,0.5714285714285714,0.7321428571428572,0.8928571428571428,1.0,1.0
AAA-J,landmark_still_registered,score_free,14,id_test,0.1,label_conditional,class0_avg_set_size,10,1.8023809523809522,0.1506055635668015,1.5714285714285714,1.6547619047619047,1.8571428571428572,1.9226190476190477,2.0
AAA-J,landmark_still_registered,score_free,14,id_test,0.1,label_conditional,class1_avg_set_size,10,1.692857142857143,0.25874719975042204,1.2857142857142858,1.5178571428571428,1.7142857142857144,1.9285714285714286,2.0
AAA-J,landmark_still_registered,score_free,14,id_test,0.1,label_conditional,class0_singleton_accuracy,9,0.7471984805318139,0.3038442838901003,0.0,0.7222222222222222,0.8,0.9333333333333333,1.0
AAA-J,landmark_still_registered,score_free,14,id_test,0.1,label_conditional,class1_singleton_accuracy,9,0.6659611992945327,0.2884995535272655,0.3333333333333333,0.4,0.5714285714285714,1.0,1.0
AAA-J,landmark_still_registered,score_free,14,id_test,0.1,marginal,coverage,10,0.9160714285714284,0.030409618510582843,0.875,0.8928571428571429,0.9196428571428572,0.9285714285714286,0.9821428571428571
AAA-J,landmark_still_registered,score_free,14,id_test,0.1,marginal,avg_set_size,10,1.6339285714285712,0.1863865275220378,1.25,1.6116071428571428,1.6428571428571428,1.6607142857142858,1.8928571428571428
AAA-J,landmark_still_registered,score_free,14,id_test,0.1,marginal,singleton_rate,10,0.3660714285714286,0.18638652752203783,0.10714285714285714,0.3392857142857143,0.35714285714285715,0.38839285714285715,0.75
AAA-J,landmark_still_registered,score_free,14,id_test,0.1,marginal,ambiguous_rate,10,0.6339285714285715,0.18638652752203783,0.25,0.6116071428571428,0.6428571428571429,0.6607142857142857,0.8928571428571429
AAA-J,landmark_still_registered,score_free,14,id_test,0.1,marginal,empty_rate,10,0.0,0.0,0.0,0.0,0.0,0.0,0.0
AAA-J,landmark_still_registered,score_free,14,id_test,0.1,marginal,singleton_accuracy,10,0.7360697197539303,0.14934595878368337,0.3333333333333333,0.7288961038961039,0.7947368421052632,0.8,0.8333333333333334
AAA-J,landmark_still_registered,score_free,14,id_test,0.1,marginal,class0_coverage,10,0.9976190476190476,0.007529232524210436,0.9761904761904762,1.0,1.0,1.0,1.0
AAA-J,landmark_still_registered,score_free,14,id_test,0.1,marginal,class1_coverage,10,0.6714285714285715,0.11761037176408068,0.5,0.5892857142857143,0.6785714285714286,0.7142857142857143,0.9285714285714286
AAA-J,landmark_still_registered,score_free,14,id_test,0.1,marginal,class0_avg_set_size,10,1.6214285714285714,0.21777002623994474,1.1666666666666667,1.6011904761904763,1.619047619047619,1.6785714285714286,1.9523809523809523
AAA-J,landmark_still_registered,score_free,14,id_test,0.1,marginal,class1_avg_set_size,10,1.6714285714285715,0.11761037176408065,1.5,1.5892857142857142,1.6785714285714284,1.7142857142857142,1.9285714285714286
AAA-J,landmark_still_registered,score_free,14,id_test,0.1,marginal,class0_singleton_accuracy,10,0.99375,0.01976423537605237,0.9375,1.0,1.0,1.0,1.0
AAA-J,landmark_still_registered,score_free,14,id_test,0.1,marginal,class1_singleton_accuracy,10,0.0,0.0,0.0,0.0,0.0,0.0,0.0
AAA-J,landmark_still_registered,score_free,14,id_test,0.2,label_conditional,coverage,10,0.8625,0.07095577652469334,0.7678571428571429,0.8080357142857143,0.8392857142857142,0.9196428571428572,0.9642857142857143
AAA-J,landmark_still_registered,score_free,14,id_test,0.2,label_conditional,avg_set_size,10,1.5660714285714286,0.22915507082598188,1.2142857142857142,1.4330357142857144,1.5178571428571428,1.7857142857142856,1.8928571428571428
AAA-J,landmark_still_registered,score_free,14,id_test,0.2,label_conditional,singleton_rate,10,0.43392857142857144,0.22915507082598188,0.10714285714285714,0.2142857142857143,0.48214285714285715,0.5669642857142857,0.7857142857142857
AAA-J,landmark_still_registered,score_free,14,id_test,0.2,label_conditional,ambiguous_rate,10,0.5660714285714287,0.2291550708259819,0.21428571428571427,0.4330357142857143,0.5178571428571429,0.7857142857142857,0.8928571428571429
AAA-J,landmark_still_registered,score_free,14,id_test,0.2,label_conditional,empty_rate,10,0.0,0.0,0.0,0.0,0.0,0.0,0.0
AAA-J,landmark_still_registered,score_free,14,id_test,0.2,label_conditional,singleton_accuracy,10,0.6612820914232205,0.14388993976000186,0.3333333333333333,0.6066028225806451,0.7167167167167168,0.7708333333333334,0.7777777777777778
AAA-J,landmark_still_registered,score_free,14,id_test,0.2,label_conditional,class0_coverage,10,0.880952380952381,0.06349206349206349,0.7619047619047619,0.8392857142857143,0.8809523809523809,0.9226190476190477,0.9761904761904762
AAA-J,landmark_still_registered,score_free,14,id_test,0.2,label_conditional,class1_coverage,10,0.8071428571428572,0.16512896080380668,0.5714285714285714,0.6607142857142858,0.7857142857142857,0.9821428571428572,1.0
AAA-J,landmark_still_registered,score_free,14,id_test,0.2,label_conditional,class0_avg_set_size,10,1.6,0.22637836807628023,1.2380952380952381,1.505952380952381,1.5595238095238095,1.7916666666666667,1.9047619047619047
AAA-J,landmark_still_registered,score_free,14,id_test,0.2,label_conditional,class1_avg_set_size,10,1.4642857142857144,0.27612889297007626,1.0714285714285714,1.2857142857142858,1.4285714285714286,1.6964285714285714,1.8571428571428572
AAA-J,landmark_still_registered,score_free,14,id_test,0.2,label_conditional,class0_singleton_accuracy,10,0.6337325134732256,0.2548825261465232,0.0,0.6403508771929824,0.7083333333333333,0.796875,0.8333333333333334
AAA-J,landmark_still_registered,score_free,14,id_test,0.2,label_conditional,class1_singleton_accuracy,10,0.725989010989011,0.20564079310548172,0.5,0.5744047619047619,0.6333333333333333,0.95,1.0
AAA-J,landmark_still_registered,score_free,14,id_test,0.2,marginal,coverage,10,0.8339285714285714,0.0512389028968032,0.7678571428571429,0.7946428571428571,0.8392857142857142,0.8571428571428571,0.9285714285714286
AAA-J,landmark_still_registered,score_free,14,id_test,0.2,marginal,avg_set_size,10,1.2071428571428573,0.18732512631210424,1.0178571428571428,1.09375,1.1785714285714286,1.2321428571428572,1.6607142857142858
AAA-J,landmark_still_registered,score_free,14,id_test,0.2,marginal,singleton_rate,10,0.7928571428571429,0.18732512631210424,0.3392857142857143,0.7678571428571429,0.8214285714285714,0.90625,0.9821428571428571
AAA-J,landmark_still_registered,score_free,14,id_test,0.2,marginal,ambiguous_rate,10,0.20714285714285716,0.18732512631210424,0.017857142857142856,0.09375,0.17857142857142858,0.23214285714285715,0.6607142857142857
AAA-J,landmark_still_registered,score_free,14,id_test,0.2,marginal,empty_rate,10,0.0,0.0,0.0,0.0,0.0,0.0,0.0
AAA-J,landmark_still_registered,score_free,14,id_test,0.2,marginal,singleton_accuracy,10,0.791880246203539,0.02842593528455721,0.7592592592592593,0.7671717171717172,0.786628733997155,0.8114455084359325,0.8372093023255814
AAA-J,landmark_still_registered,score_free,14,id_test,0.2,marginal,class0_coverage,10,0.9952380952380953,0.015058465048420872,0.9523809523809523,1.0,1.0,1.0,1.0
AAA-J,landmark_still_registered,score_free,14,id_test,0.2,marginal,class1_coverage,10,0.35,0.1947438575874146,0.07142857142857142,0.2857142857142857,0.3571428571428571,0.42857142857142855,0.7142857142857143
AAA-J,landmark_still_registered,score_free,14,id_test,0.2,marginal,class0_avg_set_size,10,1.1666666666666665,0.19375485104339207,1.0,1.0357142857142856,1.119047619047619,1.1666666666666667,1.6428571428571428
AAA-J,landmark_still_registered,score_free,14,id_test,0.2,marginal,class1_avg_set_size,10,1.3285714285714287,0.20259092748745378,1.0714285714285714,1.1785714285714286,1.3214285714285716,1.4285714285714286,1.7142857142857142
AAA-J,landmark_still_registered,score_free,14,id_test,0.2,marginal,class0_singleton_accuracy,10,0.9947368421052631,0.016643566632465173,0.9473684210526315,1.0,1.0,1.0,1.0
AAA-J,landmark_still_registered,score_free,14,id_test,0.2,marginal,class1_singleton_accuracy,10,0.02777777777777778,0.060006858318591295,0.0,0.0,0.0,0.0,0.16666666666666666
AAA-J,landmark_still_registered,score_free,14,ood_test,0.05,label_conditional,coverage,10,0.9449685534591195,0.026775764726299365,0.8805031446540881,0.9386792452830188,0.9528301886792453,0.9630503144654088,0.9716981132075472
AAA-J,landmark_still_registered,score_free,14,ood_test,0.05,label_conditional,avg_set_size,10,1.8,0.11803698341734832,1.5974842767295598,1.75,1.79874213836478,1.8970125786163523,1.9622641509433962
AAA-J,landmark_still_registered,score_free,14,ood_test,0.05,label_conditional,singleton_rate,10,0.2,0.11803698341734833,0.03773584905660377,0.1029874213836478,0.20125786163522014,0.25,0.4025157232704403
AAA-J,landmark_still_registered,score_free,14,ood_test,0.05,label_conditional,ambiguous_rate,10,0.8,0.11803698341734836,0.5974842767295597,0.75,0.7987421383647799,0.8970125786163522,0.9622641509433962
AAA-J,landmark_still_registered,score_free,14,ood_test,0.05,label_conditional,empty_rate,10,0.0,0.0,0.0,0.0,0.0,0.0,0.0
AAA-J,landmark_still_registered,score_free,14,ood_test,0.05,label_conditional,singleton_accuracy,10,0.6507093843151328,0.21844410475448411,0.08333333333333333,0.6413352272727273,0.7229910714285714,0.764423076923077,0.8584070796460177
AAA-J,landmark_still_registered,score_free,14,ood_test,0.05,label_conditional,class0_coverage,10,0.9639830508474578,0.026291681453370463,0.9110169491525424,0.951271186440678,0.9682203389830508,0.9819915254237288,0.9957627118644068
AAA-J,landmark_still_registered,score_free,14,ood_test,0.05,label_conditional,class1_coverage,10,0.8902439024390244,0.0951601618757693,0.7195121951219512,0.8140243902439025,0.9146341463414633,0.9725609756097561,0.9878048780487805
AAA-J,landmark_still_registered,score_free,14,ood_test,0.05,label_conditional,class0_avg_set_size,10,1.7966101694915253,0.1282436097493352,1.5847457627118644,1.7468220338983051,1.7966101694915255,1.909957627118644,1.9576271186440677
AAA-J,landmark_still_registered,score_free,14,ood_test,0.05,label_conditional,class1_avg_set_size,10,1.8097560975609757,0.09397192375154399,1.6341463414634145,1.7530487804878048,1.8048780487804879,1.871951219512195,1.975609756097561
AAA-J,landmark_still_registered,score_free,14,ood_test,0.05,label_conditional,class0_singleton_accuracy,10,0.6961612981604313,0.3147195421081678,0.0,0.5785714285714285,0.783469387755102,0.9422899778924096,0.9787234042553191
AAA-J,landmark_still_registered,score_free,14,ood_test,0.05,label_conditional,class1_singleton_accuracy,10,0.48655929038281975,0.29274863596150563,0.1111111111111111,0.23452380952380952,0.4880952380952381,0.7875000000000001,0.8235294117647058
AAA-J,landmark_still_registered,score_free,14,ood_test,0.05,marginal,coverage,10,0.9713836477987421,0.02517687912106678,0.9245283018867925,0.9520440251572327,0.9779874213836478,0.9929245283018868,0.9968553459119497
AAA-J,landmark_still_registered,score_free,14,ood_test,0.05,marginal,avg_set_size,10,1.8465408805031447,0.12069355544044295,1.6603773584905661,1.7696540880503144,1.8569182389937107,1.9488993710691824,1.9968553459119496
AAA-J,landmark_still_registered,score_free,14,ood_test,0.05,marginal,singleton_rate,10,0.15345911949685537,0.12069355544044302,0.0031446540880503146,0.05110062893081761,0.14308176100628933,0.23034591194968554,0.33962264150943394
AAA-J,landmark_still_registered,score_free,14,ood_test,0.05,marginal,ambiguous_rate,10,0.8465408805031446,0.12069355544044302,0.660377358490566,0.7696540880503145,0.8569182389937107,0.9488993710691824,0.9968553459119497
AAA-J,landmark_still_registered,score_free,14,ood_test,0.05,marginal,empty_rate,10,0.0,0.0,0.0,0.0,0.0,0.0,0.0
AAA-J,landmark_still_registered,score_free,14,ood_test,0.05,marginal,singleton_accuracy,10,0.7410523690711268,0.2656826831964727,0.0,0.7791666666666667,0.7918918918918919,0.8658163265306122,0.9032258064516129
AAA-J,landmark_still_registered,score_free,14,ood_test,0.05,marginal,class0_coverage,10,0.9995762711864407,0.0013399481610882928,0.9957627118644068,1.0,1.0,1.0,1.0
AAA-J,landmark_still_registered,score_free,14,ood_test,0.05,marginal,class1_coverage,10,0.8902439024390244,0.0951601618757693,0.7195121951219512,0.8140243902439025,0.9146341463414633,0.9725609756097561,0.9878048780487805
AAA-J,landmark_still_registered,score_free,14,ood_test,0.05,marginal,class0_avg_set_size,10,1.8322033898305086,0.13222934218204033,1.63135593220339,1.757415254237288,1.843220338983051,1.9427966101694913,2.0
AAA-J,landmark_still_registered,score_free,14,ood_test,0.05,marginal,class1_avg_set_size,10,1.8878048780487806,0.09837062414474257,1.7073170731707317,1.8109756097560976,1.9146341463414633,1.9725609756097562,1.9878048780487805
AAA-J,landmark_still_registered,score_free,14,ood_test,0.05,marginal,class0_singleton_accuracy,9,0.9986772486772486,0.003968253968253954,0.9880952380952381,1.0,1.0,1.0,1.0
AAA-J,landmark_still_registered,score_free,14,ood_test,0.05,marginal,class1_singleton_accuracy,10,0.011309523809523808,0.024853121063685302,0.0,0.0,0.0,0.0,0.07142857142857142
AAA-J,landmark_still_registered,score_free,14,ood_test,0.1,label_conditional,coverage,10,0.9172955974842767,0.0380562336935973,0.8679245283018868,0.8812893081761006,0.9261006289308176,0.9465408805031447,0.9654088050314465
AAA-J,landmark_still_registered,score_free,14,ood_test,0.1,label_conditional,avg_set_size,10,1.7544025157232706,0.13005044700914337,1.5754716981132075,1.6470125786163523,1.7610062893081762,1.8411949685534592,1.9528301886792452
AAA-J,landmark_still_registered,score_free,14,ood_test,0.1,label_conditional,singleton_rate,10,0.2455974842767296,0.1300504470091434,0.04716981132075472,0.15880503144654087,0.2389937106918239,0.3529874213836478,0.42452830188679247
AAA-J,landmark_still_registered,score_free,14,ood_test,0.1,label_conditional,ambiguous_rate,10,0.7544025157232704,0.13005044700914342,0.5754716981132075,0.6470125786163522,0.7610062893081762,0.8411949685534592,0.9528301886792453
AAA-J,landmark_still_registered,score_free,14,ood_test,0.1,label_conditional,empty_rate,10,0.0,0.0,0.0,0.0,0.0,0.0,0.0
AAA-J,landmark_still_registered,score_free,14,ood_test,0.1,label_conditional,singleton_accuracy,10,0.613707909094903,0.1642848063429041,0.2,0.5826923076923076,0.645516304347826,0.6849358974358974,0.8015873015873016
AAA-J,landmark_still_registered,score_free,14,ood_test,0.1,label_conditional,class0_coverage,10,0.9266949152542374,0.03939893204973513,0.847457627118644,0.916313559322034,0.923728813559322,0.9502118644067796,0.9872881355932204
AAA-J,landmark_still_registered,score_free,14,ood_test,0.1,label_conditional,class1_coverage,10,0.8902439024390244,0.0951601618757693,0.7195121951219512,0.8140243902439025,0.9146341463414633,0.9725609756097561,0.9878048780487805
AAA-J,landmark_still_registered,score_free,14,ood_test,0.1,label_conditional,class0_avg_set_size,10,1.759322033898305,0.13966348525052652,1.5677966101694916,1.6620762711864407,1.7605932203389831,1.8728813559322035,1.9533898305084745
AAA-J,landmark_still_registered,score_free,14,ood_test,0.1,label_conditional,class1_avg_set_size,10,1.7402439024390244,0.1174015831824953,1.5853658536585367,1.667682926829268,1.7134146341463414,1.8231707317073171,1.951219512195122
AAA-J,landmark_still_registered,score_free,14,ood_test,0.1,label_conditional,class0_singleton_accuracy,10,0.5879271665144161,0.2897044128529185,0.0,0.453125,0.6395061728395062,0.8010835913312694,0.9387755102040817
AAA-J,landmark_still_registered,score_free,14,ood_test,0.1,label_conditional,class1_singleton_accuracy,10,0.6151888237508443,0.2529989755134069,0.1875,0.453781512605042,0.655,0.8303571428571428,0.9166666666666666
AAA-J,landmark_still_registered,score_free,14,ood_test,0.1,marginal,coverage,10,0.9223270440251572,0.0475768600523008,0.8301886792452831,0.8883647798742138,0.929245283018868,0.9654088050314465,0.9748427672955975
AAA-J,landmark_still_registered,score_free,14,ood_test,0.1,marginal,avg_set_size,10,1.6446540880503147,0.18366861833108794,1.330188679245283,1.525943396226415,1.6415094339622642,1.7932389937106918,1.9056603773584906
AAA-J,landmark_still_registered,score_free,14,ood_test,0.1,marginal,singleton_rate,10,0.3553459119496855,0.18366861833108794,0.09433962264150944,0.20676100628930816,0.3584905660377359,0.47405660377358494,0.6698113207547169
AAA-J,landmark_still_registered,score_free,14,ood_test,0.1,marginal,ambiguous_rate,10,0.6446540880503144,0.18366861833108794,0.330188679245283,0.5259433962264151,0.6415094339622641,0.7932389937106918,0.9056603773584906
AAA-J,landmark_still_registered,score_free,14,ood_test,0.1,marginal,empty_rate,10,0.0,0.0,0.0,0.0,0.0,0.0,0.0
AAA-J,landmark_still_registered,score_free,14,ood_test,0.1,marginal,singleton_accuracy,10,0.7823994299475067,0.054541225819366726,0.6666666666666666,0.7604054779806659,0.7854739958285676,0.8162865288667142,0.8679245283018868
AAA-J,landmark_still_registered,score_free,14,ood_test,0.1,marginal,class0_coverage,10,0.9991525423728813,0.0017865975481177237,0.9957627118644068,1.0,1.0,1.0,1.0
AAA-J,landmark_still_registered,score_free,14,ood_test,0.1,marginal,class1_coverage,10,0.7012195121951219,0.18272346419233776,0.34146341463414637,0.5792682926829268,0.725609756097561,0.8658536585365854,0.9024390243902439
AAA-J,landmark_still_registered,score_free,14,ood_test,0.1,marginal,class0_avg_set_size,10,1.6262711864406778,0.18624583210043588,1.326271186440678,1.5105932203389831,1.6016949152542372,1.7733050847457628,1.9152542372881356
AAA-J,landmark_still_registered,score_free,14,ood_test,0.1,marginal,class1_avg_set_size,10,1.6975609756097563,0.18537655082527416,1.3414634146341464,1.5640243902439024,1.725609756097561,1.8658536585365852,1.9024390243902438
AAA-J,landmark_still_registered,score_free,14,ood_test,0.1,marginal,class0_singleton_accuracy,10,0.9982443982443983,0.0037027350729535477,0.990990990990991,1.0,1.0,1.0,1.0
AAA-J,landmark_still_registered,score_free,14,ood_test,0.1,marginal,class1_singleton_accuracy,10,0.008492063492063492,0.01919421104045062,0.0,0.0,0.0,0.0,0.05714285714285714
AAA-J,landmark_still_registered,score_free,14,ood_test,0.2,label_conditional,coverage,10,0.8031446540880502,0.07870993730990235,0.6823899371069182,0.7476415094339622,0.8066037735849056,0.8466981132075472,0.9150943396226415
AAA-J,landmark_still_registered,score_free,14,ood_test,0.2,label_conditional,avg_set_size,10,1.5257861635220125,0.21569770014681633,1.2327044025157232,1.4064465408805031,1.5172955974842766,1.671383647798742,1.871069182389937
AAA-J,landmark_still_registered,score_free,14,ood_test,0.2,label_conditional,singleton_rate,10,0.4742138364779874,0.21569770014681636,0.1289308176100629,0.32861635220125784,0.4827044025157233,0.5935534591194969,0.7672955974842768
AAA-J,landmark_still_registered,score_free,14,ood_test,0.2,label_conditional,ambiguous_rate,10,0.5257861635220127,0.21569770014681633,0.23270440251572327,0.40644654088050314,0.5172955974842768,0.671383647798742,0.8710691823899371
AAA-J,landmark_still_registered,score_free,14,ood_test,0.2,label_conditional,empty_rate,10,0.0,0.0,0.0,0.0,0.0,0.0,0.0
AAA-J,landmark_still_registered,score_free,14,ood_test,0.2,label_conditional,singleton_accuracy,10,0.552352595128468,0.13377501299897362,0.2682926829268293,0.5175690250215703,0.6157848324514992,0.6359049602423325,0.6666666666666666
AAA-J,landmark_still_registered,score_free,14,ood_test,0.2,label_conditional,class0_coverage,10,0.8084745762711865,0.075238881384033,0.6610169491525424,0.7648305084745762,0.8241525423728814,0.8601694915254238,0.8983050847457628
AAA-J,landmark_still_registered,score_free,14,ood_test,0.2,label_conditional,class1_coverage,10,0.7878048780487805,0.16139798410630948,0.5609756097560976,0.6432926829268293,0.8109756097560976,0.9359756097560975,0.975609756097561
AAA-J,landmark_still_registered,score_free,14,ood_test,0.2,label_conditional,class0_avg_set_size,10,1.5258474576271188,0.2200531428564437,1.2245762711864407,1.4046610169491527,1.5042372881355932,1.694915254237288,1.86864406779661
AAA-J,landmark_still_registered,score_free,14,ood_test,0.2,label_conditional,class1_avg_set_size,10,1.525609756097561,0.20961188084390184,1.2439024390243902,1.4054878048780486,1.5304878048780488,1.6158536585365852,1.8780487804878048
AAA-J,landmark_still_registered,score_free,14,ood_test,0.2,label_conditional,class0_singleton_accuracy,10,0.5282290473348115,0.23572230849054665,0.0967741935483871,0.4388888888888889,0.6557377049180328,0.6808322309547895,0.7352941176470589
AAA-J,landmark_still_registered,score_free,14,ood_test,0.2,label_conditional,class1_singleton_accuracy,10,0.609444906072824,0.18970809419563103,0.3673469387755102,0.46033129904097647,0.5833333333333333,0.775,0.9
AAA-J,landmark_still_registered,score_free,14,ood_test,0.2,marginal,coverage,10,0.8091194968553459,0.029797798476461912,0.7704402515723271,0.779874213836478,0.8160377358490567,0.8270440251572327,0.8553459119496856
AAA-J,landmark_still_registered,score_free,14,ood_test,0.2,marginal,avg_set_size,10,1.210377358490566,0.13211248690986363,1.0534591194968554,1.1273584905660379,1.2028301886792452,1.2610062893081762,1.509433962264151
AAA-J,landmark_still_registered,score_free,14,ood_test,0.2,marginal,singleton_rate,10,0.789622641509434,0.13211248690986363,0.49056603773584906,0.7389937106918238,0.7971698113207548,0.8726415094339623,0.9465408805031447
AAA-J,landmark_still_registered,score_free,14,ood_test,0.2,marginal,ambiguous_rate,10,0.21037735849056602,0.13211248690986363,0.05345911949685535,0.12735849056603774,0.2028301886792453,0.2610062893081761,0.5094339622641509
AAA-J,landmark_still_registered,score_free,14,ood_test,0.2,marginal,empty_rate,10,0.0,0.0,0.0,0.0,0.0,0.0,0.0
AAA-J,landmark_still_registered,score_free,14,ood_test,0.2,marginal,singleton_accuracy,10,0.7566390012752644,0.020703924278784223,0.7051282051282052,0.7556439385493545,0.760062476489541,0.7665405210585934,0.7815126050420168
AAA-J,landmark_still_registered,score_free,14,ood_test,0.2,marginal,class0_coverage,10,0.9949152542372882,0.010904101167016263,0.9661016949152542,0.9968220338983051,1.0,1.0,1.0
AAA-J,landmark_still_registered,score_free,14,ood_test,0.2,marginal,class1_coverage,10,0.27439024390243905,0.10728165219834672,0.10975609756097561,0.21951219512195122,0.28658536585365857,0.3567073170731707,0.43902439024390244
AAA-J,landmark_still_registered,score_free,14,ood_test,0.2,marginal,class0_avg_set_size,10,1.1923728813559322,0.14352951395570374,1.0296610169491525,1.111228813559322,1.173728813559322,1.2372881355932204,1.5338983050847457
AAA-J,landmark_still_registered,score_free,14,ood_test,0.2,marginal,class1_avg_set_size,10,1.2621951219512197,0.10789601170721136,1.1097560975609757,1.173780487804878,1.2865853658536586,1.3170731707317074,1.4390243902439024
AAA-J,landmark_still_registered,score_free,14,ood_test,0.2,marginal,class0_singleton_accuracy,10,0.9940556298253895,0.012429443849365944,0.9622641509433962,0.9967248908296943,1.0,1.0,1.0
AAA-J,landmark_still_registered,score_free,14,ood_test,0.2,marginal,class1_singleton_accuracy,10,0.016174948240165632,0.02991771409714687,0.0,0.0,0.0,0.013392857142857142,0.07246376811594203
AAA-J,landmark_still_registered,score_free,56,id_test,0.05,label_conditional,coverage,10,0.9392857142857143,0.03875909665738022,0.8928571428571429,0.9107142857142857,0.9285714285714286,0.9821428571428571,0.9821428571428571
AAA-J,landmark_still_registered,score_free,56,id_test,0.05,label_conditional,avg_set_size,10,1.8071428571428574,0.1390362030538708,1.5714285714285714,1.7232142857142856,1.8660714285714286,1.9017857142857144,1.9642857142857142
AAA-J,landmark_still_registered,score_free,56,id_test,0.05,label_conditional,singleton_rate,10,0.19285714285714284,0.13903620305387077,0.03571428571428571,0.09821428571428571,0.13392857142857142,0.2767857142857143,0.42857142857142855
AAA-J,landmark_still_registered,score_free,56,id_test,0.05,label_conditional,ambiguous_rate,10,0.8071428571428572,0.1390362030538708,0.5714285714285714,0.7232142857142857,0.8660714285714286,0.9017857142857143,0.9642857142857143
AAA-J,landmark_still_registered,score_free,56,id_test,0.05,label_conditional,empty_rate,10,0.0,0.0,0.0,0.0,0.0,0.0,0.0
AAA-J,landmark_still_registered,score_free,56,id_test,0.05,label_conditional,singleton_accuracy,10,0.6534036796536797,0.14615152175243132,0.42857142857142855,0.5178571428571428,0.6770833333333333,0.7670454545454546,0.8571428571428571
AAA-J,landmark_still_registered,score_free,56,id_test,0.05,label_conditional,class0_coverage,10,0.9465116279069766,0.032979918428190154,0.9069767441860465,0.9127906976744186,0.9534883720930232,0.9767441860465116,0.9767441860465116
AAA-J,landmark_still_registered,score_free,56,id_test,0.05,label_conditional,class1_coverage,10,0.9153846153846154,0.09897568751599377,0.6923076923076923,0.8653846153846154,0.9230769230769231,1.0,1.0
AAA-J,landmark_still_registered,score_free,56,id_test,0.05,label_conditional,class0_avg_set_size,10,1.811627906976744,0.15941498119622846,1.5348837209302326,1.7093023255813953,1.872093023255814,1.9069767441860466,1.9767441860465116
AAA-J,landmark_still_registered,score_free,56,id_test,0.05,label_conditional,class1_avg_set_size,10,1.792307692307692,0.1309952797378954,1.5384615384615385,1.6923076923076923,1.8461538461538463,1.903846153846154,1.9230769230769231
AAA-J,landmark_still_registered,score_free,56,id_test,0.05,label_conditional,class0_singleton_accuracy,10,0.5258730158730158,0.34022134984951197,0.0,0.3125,0.6071428571428572,0.7875000000000001,0.9444444444444444
AAA-J,landmark_still_registered,score_free,56,id_test,0.05,label_conditional,class1_singleton_accuracy,10,0.6416666666666666,0.39293529766126656,0.0,0.5,0.7083333333333333,1.0,1.0
AAA-J,landmark_still_registered,score_free,56,id_test,0.05,marginal,coverage,10,0.9803571428571429,0.022976498887641396,0.9285714285714286,0.96875,0.9821428571428571,1.0,1.0
AAA-J,landmark_still_registered,score_free,56,id_test,0.05,marginal,avg_set_size,10,1.875,0.13122266479195596,1.625,1.8258928571428572,1.9196428571428572,1.9598214285714284,2.0
AAA-J,landmark_still_registered,score_free,56,id_test,0.05,marginal,singleton_rate,10,0.125,0.131222664791956,0.0,0.040178571428571425,0.08035714285714285,0.17410714285714285,0.375
AAA-J,landmark_still_registered,score_free,56,id_test,0.05,marginal,ambiguous_rate,10,0.875,0.131222664791956,0.625,0.8258928571428572,0.9196428571428572,0.9598214285714286,1.0
AAA-J,landmark_still_registered,score_free,56,id_test,0.05,marginal,empty_rate,10,0.0,0.0,0.0,0.0,0.0,0.0,0.0
AAA-J,landmark_still_registered,score_free,56,id_test,0.05,marginal,singleton_accuracy,8,0.8155212842712842,0.17247909174173037,0.5,0.7291666666666666,0.8492063492063492,0.9318181818181818,1.0
AAA-J,landmark_still_registered,score_free,56,id_test,0.05,marginal,class0_coverage,10,1.0,0.0,1.0,1.0,1.0,1.0,1.0
AAA-J,landmark_still_registered,score_free,56,id_test,0.05,marginal,class1_coverage,10,0.9153846153846154,0.09897568751599377,0.6923076923076923,0.8653846153846154,0.9230769230769231,1.0,1.0
AAA-J,landmark_still_registered,score_free,56,id_test,0.05,marginal,class0_avg_set_size,10,1.8651162790697675,0.14700094655669532,1.6046511627906976,1.802325581395349,1.9186046511627908,1.9651162790697674,2.0
AAA-J,landmark_still_registered,score_free,56,id_test,0.05,marginal,class1_avg_set_size,10,1.9076923076923076,0.0945594303312091,1.6923076923076923,1.8653846153846154,1.9230769230769231,1.9807692307692308,2.0
AAA-J,landmark_still_registered,score_free,56,id_test,0.05,marginal,class0_singleton_accuracy,8,1.0,0.0,1.0,1.0,1.0,1.0,1.0
AAA-J,landmark_still_registered,score_free,56,id_test,0.05,marginal,class1_singleton_accuracy,7,0.14285714285714285,0.37796447300922725,0.0,0.0,0.0,0.0,1.0
AAA-J,landmark_still_registered,score_free,56,id_test,0.1,label_conditional,coverage,10,0.9089285714285713,0.050822319538420375,0.8214285714285714,0.8928571428571429,0.9107142857142857,0.9419642857142857,0.9821428571428571
AAA-J,landmark_still_registered,score_free,56,id_test,0.1,label_conditional,avg_set_size,10,1.7517857142857143,0.15069049311935137,1.5,1.6517857142857144,1.75,1.8660714285714286,1.9464285714285714
AAA-J,landmark_still_registered,score_free,56,id_test,0.1,label_conditional,singleton_rate,10,0.24821428571428567,0.15069049311935137,0.05357142857142857,0.13392857142857142,0.25,0.3482142857142857,0.5
AAA-J,landmark_still_registered,score_free,56,id_test,0.1,label_conditional,ambiguous_rate,10,0.7517857142857143,0.1506904931193514,0.5,0.6517857142857143,0.75,0.8660714285714286,0.9464285714285714
AAA-J,landmark_still_registered,score_free,56,id_test,0.1,label_conditional,empty_rate,10,0.0,0.0,0.0,0.0,0.0,0.0,0.0
AAA-J,landmark_still_registered,score_free,56,id_test,0.1,label_conditional,singleton_accuracy,10,0.6000000000000001,0.1402091444322149,0.3333333333333333,0.5178571428571428,0.6547619047619048,0.6755952380952381,0.7619047619047619
AAA-J,landmark_still_registered,score_free,56,id_test,0.1,label_conditional,class0_coverage,10,0.9069767441860466,0.05023829998765784,0.7906976744186046,0.8895348837209303,0.9069767441860465,0.9302325581395349,0.9767441860465116
AAA-J,landmark_still_registered,score_free,56,id_test,0.1,label_conditional,class1_coverage,10,0.9153846153846154,0.09897568751599377,0.6923076923076923,0.8653846153846154,0.9230769230769231,1.0,1.0
AAA-J,landmark_still_registered,score_free,56,id_test,0.1,label_conditional,class0_avg_set_size,10,1.7720930232558139,0.16290140200389078,1.4883720930232558,1.6976744186046513,1.802325581395349,1.8604651162790697,1.9767441860465116
AAA-J,landmark_still_registered,score_free,56,id_test,0.1,label_conditional,class1_avg_set_size,10,1.6846153846153846,0.15575735947166608,1.4615384615384615,1.5576923076923077,1.6538461538461537,1.826923076923077,1.9230769230769231
AAA-J,landmark_still_registered,score_free,56,id_test,0.1,label_conditional,class0_singleton_accuracy,10,0.4331457431457431,0.3034413792543301,0.0,0.18611111111111112,0.5,0.6607142857142857,0.8
AAA-J,landmark_still_registered,score_free,56,id_test,0.1,label_conditional,class1_singleton_accuracy,10,0.7157142857142856,0.3428281145853761,0.0,0.5416666666666666,0.8285714285714285,1.0,1.0
AAA-J,landmark_still_registered,score_free,56,id_test,0.1,marginal,coverage,10,0.9375,0.031777018607236036,0.8928571428571429,0.9151785714285714,0.9285714285714286,0.9598214285714286,1.0
AAA-J,landmark_still_registered,score_free,56,id_test,0.1,marginal,avg_set_size,10,1.6678571428571431,0.14657851401544178,1.4464285714285714,1.5625,1.6696428571428572,1.7633928571428572,1.9285714285714286
AAA-J,landmark_still_registered,score_free,56,id_test,0.1,marginal,singleton_rate,10,0.3321428571428572,0.14657851401544178,0.07142857142857142,0.23660714285714285,0.33035714285714285,0.4375,0.5535714285714286
AAA-J,landmark_still_registered,score_free,56,id_test,0.1,marginal,ambiguous_rate,10,0.6678571428571429,0.14657851401544175,0.44642857142857145,0.5625,0.6696428571428572,0.7633928571428572,0.9285714285714286
AAA-J,landmark_still_registered,score_free,56,id_test,0.1,marginal,empty_rate,10,0.0,0.0,0.0,0.0,0.0,0.0,0.0
AAA-J,landmark_still_registered,score_free,56,id_test,0.1,marginal,singleton_accuracy,10,0.8148044267430663,0.11190568333681246,0.5833333333333334,0.8072196620583717,0.8361204013377926,0.8558201058201058,1.0
AAA-J,landmark_still_registered,score_free,56,id_test,0.1,marginal,class0_coverage,10,0.9953488372093023,0.009805512124553132,0.9767441860465116,1.0,1.0,1.0,1.0
AAA-J,landmark_still_registered,score_free,56,id_test,0.1,marginal,class1_coverage,10,0.7461538461538462,0.12054009511326315,0.6153846153846154,0.6923076923076923,0.6923076923076923,0.8269230769230769,1.0
AAA-J,landmark_still_registered,score_free,56,id_test,0.1,marginal,class0_avg_set_size,10,1.646511627906977,0.16976567200238465,1.3953488372093024,1.505813953488372,1.6627906976744184,1.744186046511628,1.9069767441860466
AAA-J,landmark_still_registered,score_free,56,id_test,0.1,marginal,class1_avg_set_size,10,1.7384615384615387,0.11581117733985863,1.6153846153846154,1.6923076923076923,1.6923076923076923,1.7692307692307692,2.0
AAA-J,landmark_still_registered,score_free,56,id_test,0.1,marginal,class0_singleton_accuracy,10,0.9878205128205128,0.027769558284247407,0.9166666666666666,1.0,1.0,1.0,1.0
AAA-J,landmark_still_registered,score_free,56,id_test,0.1,marginal,class1_singleton_accuracy,9,0.037037037037037035,0.1111111111111111,0.0,0.0,0.0,0.0,0.3333333333333333
AAA-J,landmark_still_registered,score_free,56,id_test,0.2,label_conditional,coverage,10,0.8,0.08324825589070042,0.6964285714285714,0.75,0.7946428571428572,0.8348214285714286,0.9464285714285714
AAA-J,landmark_still_registered,score_free,56,id_test,0.2,label_conditional,avg_set_size,10,1.5214285714285716,0.19284244506015796,1.1785714285714286,1.4196428571428572,1.4821428571428572,1.6071428571428572,1.8928571428571428
AAA-J,landmark_still_registered,score_free,56,id_test,0.2,label_conditional,singleton_rate,10,0.47857142857142865,0.19284244506015796,0.10714285714285714,0.39285714285714285,0.5178571428571428,0.5803571428571429,0.8214285714285714
AAA-J,landmark_still_registered,score_free,56,id_test,0.2,label_conditional,ambiguous_rate,10,0.5214285714285714,0.19284244506015796,0.17857142857142858,0.41964285714285715,0.48214285714285715,0.6071428571428571,0.8928571428571429
AAA-J,landmark_still_registered,score_free,56,id_test,0.2,label_conditional,empty_rate,10,0.0,0.0,0.0,0.0,0.0,0.0,0.0
AAA-J,landmark_still_registered,score_free,56,id_test,0.2,label_conditional,singleton_accuracy,10,0.568881678643662,0.11836676428513611,0.36363636363636365,0.48863636363636365,0.5777649769585254,0.6576086956521738,0.7272727272727273
AAA-J,landmark_still_registered,score_free,56,id_test,0.2,label_conditional,class0_coverage,10,0.7883720930232558,0.08593819567079433,0.6976744186046512,0.7034883720930233,0.7790697674418605,0.8546511627906976,0.9302325581395349
AAA-J,landmark_still_registered,score_free,56,id_test,0.2,label_conditional,class1_coverage,10,0.8384615384615384,0.14707313230461525,0.6153846153846154,0.7115384615384616,0.8461538461538463,0.9807692307692308,1.0
AAA-J,landmark_still_registered,score_free,56,id_test,0.2,label_conditional,class0_avg_set_size,10,1.5441860465116277,0.19370540402028502,1.1627906976744187,1.4709302325581395,1.5116279069767442,1.627906976744186,1.9069767441860466
AAA-J,landmark_still_registered,score_free,56,id_test,0.2,label_conditional,class1_avg_set_size,10,1.4461538461538461,0.21696611078262754,1.1538461538461537,1.2692307692307692,1.423076923076923,1.5384615384615385,1.8461538461538463
AAA-J,landmark_still_registered,score_free,56,id_test,0.2,label_conditional,class0_singleton_accuracy,10,0.49801463632985365,0.17052609974078445,0.25,0.4161931818181818,0.47916666666666663,0.6330128205128205,0.7391304347826086
AAA-J,landmark_still_registered,score_free,56,id_test,0.2,label_conditional,class1_singleton_accuracy,10,0.746017316017316,0.2599705058138431,0.16666666666666666,0.6278409090909091,0.7785714285714285,0.96875,1.0
AAA-J,landmark_still_registered,score_free,56,id_test,0.2,marginal,coverage,10,0.8267857142857142,0.04458329359779524,0.75,0.8035714285714286,0.8303571428571428,0.8526785714285714,0.9107142857142857
AAA-J,landmark_still_registered,score_free,56,id_test,0.2,marginal,avg_set_size,10,1.1892857142857143,0.13989994805164369,1.0357142857142858,1.0758928571428572,1.1785714285714286,1.2276785714285714,1.4464285714285714
AAA-J,landmark_still_registered,score_free,56,id_test,0.2,marginal,singleton_rate,10,0.8107142857142857,0.1398999480516437,0.5535714285714286,0.7723214285714286,0.8214285714285714,0.9241071428571429,0.9642857142857143
AAA-J,landmark_still_registered,score_free,56,id_test,0.2,marginal,ambiguous_rate,10,0.18928571428571428,0.1398999480516437,0.03571428571428571,0.07589285714285714,0.17857142857142858,0.22767857142857142,0.44642857142857145
AAA-J,landmark_still_registered,score_free,56,id_test,0.2,marginal,empty_rate,10,0.0,0.0,0.0,0.0,0.0,0.0,0.0
AAA-J,landmark_still_registered,score_free,56,id_test,0.2,marginal,singleton_accuracy,10,0.7842764717754062,0.05829257569236973,0.6451612903225806,0.7706447963800904,0.8043478260869565,0.8145994832041343,0.8529411764705882
AAA-J,landmark_still_registered,score_free,56,id_test,0.2,marginal,class0_coverage,10,0.9860465116279069,0.02246725076928596,0.9302325581395349,0.9767441860465116,1.0,1.0,1.0
AAA-J,landmark_still_registered,score_free,56,id_test,0.2,marginal,class1_coverage,10,0.3,0.15992272953346334,0.0,0.25,0.3076923076923077,0.3653846153846154,0.6153846153846154
AAA-J,landmark_still_registered,score_free,56,id_test,0.2,marginal,class0_avg_set_size,10,1.1697674418604653,0.15621645724933697,1.0,1.0755813953488371,1.1395348837209303,1.180232558139535,1.5348837209302326
AAA-J,landmark_still_registered,score_free,56,id_test,0.2,marginal,class1_avg_set_size,10,1.2538461538461538,0.18149064994037326,1.0,1.1538461538461537,1.2307692307692308,1.3653846153846154,1.6153846153846154
AAA-J,landmark_still_registered,score_free,56,id_test,0.2,marginal,class0_singleton_accuracy,10,0.9850430865220996,0.024587223501737053,0.9230769230769231,0.9758933635847986,1.0,1.0,1.0
AAA-J,landmark_still_registered,score_free,56,id_test,0.2,marginal,class1_singleton_accuracy,10,0.05227272727272727,0.09219419955500786,0.0,0.0,0.0,0.06818181818181818,0.25
AAA-J,landmark_still_registered,score_free,56,ood_test,0.05,label_conditional,coverage,10,0.9498412698412698,0.027586390309736065,0.8984126984126984,0.9373015873015873,0.9555555555555556,0.9682539682539683,0.9904761904761905
AAA-J,landmark_still_registered,score_free,56,ood_test,0.05,label_conditional,avg_set_size,10,1.831746031746032,0.1254135679667488,1.6,1.8063492063492064,1.873015873015873,1.9095238095238096,1.9587301587301587
AAA-J,landmark_still_registered,score_free,56,ood_test,0.05,label_conditional,singleton_rate,10,0.16825396825396827,0.12541356796674888,0.04126984126984127,0.09047619047619047,0.12698412698412698,0.19365079365079366,0.4
AAA-J,landmark_still_registered,score_free,56,ood_test,0.05,label_conditional,ambiguous_rate,10,0.8317460317460318,0.12541356796674885,0.6,0.8063492063492064,0.873015873015873,0.9095238095238095,0.9587301587301588
AAA-J,landmark_still_registered,score_free,56,ood_test,0.05,label_conditional,empty_rate,10,0.0,0.0,0.0,0.0,0.0,0.0,0.0
AAA-J,landmark_still_registered,score_free,56,ood_test,0.05,label_conditional,singleton_accuracy,10,0.6486375846375847,0.1745058002980164,0.2222222222222222,0.5995670995670996,0.7071428571428571,0.7445238095238096,0.8376068376068376
AAA-J,landmark_still_registered,score_free,56,ood_test,0.05,label_conditional,class0_coverage,10,0.9658227848101264,0.023319421327960818,0.9324894514767933,0.9451476793248945,0.9725738396624473,0.9862869198312236,0.9915611814345991
AAA-J,landmark_still_registered,score_free,56,ood_test,0.05,label_conditional,class1_coverage,10,0.9012820512820513,0.08924362156515733,0.717948717948718,0.8717948717948718,0.9102564102564104,0.967948717948718,1.0
AAA-J,landmark_still_registered,score_free,56,ood_test,0.05,label_conditional,class0_avg_set_size,10,1.8523206751054855,0.13494782353092524,1.6118143459915613,1.8364978902953588,1.8945147679324894,1.9409282700421941,1.9831223628691983
AAA-J,landmark_still_registered,score_free,56,ood_test,0.05,label_conditional,class1_avg_set_size,10,1.7692307692307694,0.10256410256410255,1.564102564102564,1.7147435897435896,1.7884615384615385,1.830128205128205,1.8974358974358974
AAA-J,landmark_still_registered,score_free,56,ood_test,0.05,label_conditional,class0_singleton_accuracy,10,0.5994674507078599,0.3160847353162528,0.0,0.4357142857142857,0.5941176470588235,0.8827639751552795,0.9560439560439561
AAA-J,landmark_still_registered,score_free,56,ood_test,0.05,label_conditional,class1_singleton_accuracy,10,0.5970582614316629,0.31803278962672266,0.0,0.41459276018099545,0.5683229813664596,0.8346153846153846,1.0
AAA-J,landmark_still_registered,score_free,56,ood_test,0.05,marginal,coverage,10,0.9755555555555555,0.022098420578038964,0.9301587301587302,0.9682539682539683,0.9777777777777777,0.9920634920634921,1.0
AAA-J,landmark_still_registered,score_free,56,ood_test,0.05,marginal,avg_set_size,10,1.8898412698412699,0.121955548650731,1.66984126984127,1.8777777777777778,1.934920634920635,1.9619047619047618,2.0
AAA-J,landmark_still_registered,score_free,56,ood_test,0.05,marginal,singleton_rate,10,0.11015873015873016,0.12195554865073102,0.0,0.0380952380952381,0.06507936507936508,0.12222222222222222,0.33015873015873015
AAA-J,landmark_still_registered,score_free,56,ood_test,0.05,marginal,ambiguous_rate,10,0.8898412698412699,0.12195554865073102,0.6698412698412698,0.8777777777777778,0.9349206349206349,0.9619047619047619,1.0
AAA-J,landmark_still_registered,score_free,56,ood_test,0.05,marginal,empty_rate,10,0.0,0.0,0.0,0.0,0.0,0.0,0.0
AAA-J,landmark_still_registered,score_free,56,ood_test,0.05,marginal,singleton_accuracy,9,0.7509036792551802,0.18374588632291103,0.3333333333333333,0.7058823529411765,0.7884615384615384,0.8333333333333334,1.0
AAA-J,landmark_still_registered,score_free,56,ood_test,0.05,marginal,class0_coverage,10,1.0,0.0,1.0,1.0,1.0,1.0,1.0
AAA-J,landmark_still_registered,score_free,56,ood_test,0.05,marginal,class1_coverage,10,0.9012820512820513,0.08924362156515733,0.717948717948718,0.8717948717948718,0.9102564102564104,0.967948717948718,1.0
AAA-J,landmark_still_registered,score_free,56,ood_test,0.05,marginal,class0_avg_set_size,10,1.8864978902953589,0.13457277303901508,1.6329113924050633,1.879746835443038,1.9345991561181435,1.9767932489451476,2.0
AAA-J,landmark_still_registered,score_free,56,ood_test,0.05,marginal,class1_avg_set_size,10,1.9,0.09081573647274871,1.7179487179487178,1.8717948717948718,1.9102564102564101,1.967948717948718,2.0
AAA-J,landmark_still_registered,score_free,56,ood_test,0.05,marginal,class0_singleton_accuracy,9,1.0,0.0,1.0,1.0,1.0,1.0,1.0
AAA-J,landmark_still_registered,score_free,56,ood_test,0.05,marginal,class1_singleton_accuracy,8,0.0078125,0.02209708691207961,0.0,0.0,0.0,0.0,0.0625
AAA-J,landmark_still_registered,score_free,56,ood_test,0.1,label_conditional,coverage,10,0.8993650793650794,0.053709307185444796,0.8,0.8642857142857142,0.9095238095238096,0.9468253968253968,0.9555555555555556
AAA-J,landmark_still_registered,score_free,56,ood_test,0.1,label_conditional,avg_set_size,10,1.757142857142857,0.15528717444775977,1.4412698412698413,1.6825396825396826,1.773015873015873,1.8825396825396825,1.9428571428571428
AAA-J,landmark_still_registered,score_free,56,ood_test,0.1,label_conditional,singleton_rate,10,0.24285714285714283,0.1552871744477598,0.05714285714285714,0.11746031746031746,0.22698412698412698,0.3174603174603175,0.5587301587301587
AAA-J,landmark_still_registered,score_free,56,ood_test,0.1,label_conditional,ambiguous_rate,10,0.7571428571428571,0.15528717444775977,0.44126984126984126,0.6825396825396826,0.773015873015873,0.8825396825396825,0.9428571428571428
AAA-J,landmark_still_registered,score_free,56,ood_test,0.1,label_conditional,empty_rate,10,0.0,0.0,0.0,0.0,0.0,0.0,0.0
AAA-J,landmark_still_registered,score_free,56,ood_test,0.1,label_conditional,singleton_accuracy,10,0.5387414033451686,0.13600065444104412,0.2222222222222222,0.5248652291105121,0.5464285714285715,0.6038205980066446,0.7401574803149606
AAA-J,landmark_still_registered,score_free,56,ood_test,0.1,label_conditional,class0_coverage,10,0.8987341772151899,0.05933902421864694,0.7974683544303798,0.8491561181434599,0.9219409282700421,0.9324894514767933,0.9746835443037974
AAA-J,landmark_still_registered,score_free,56,ood_test,0.1,label_conditional,class1_coverage,10,0.9012820512820513,0.08924362156515733,0.717948717948718,0.8717948717948718,0.9102564102564104,0.967948717948718,1.0
AAA-J,landmark_still_registered,score_free,56,ood_test,0.1,label_conditional,class0_avg_set_size,10,1.7852320675105484,0.16643298138415094,1.4303797468354431,1.7215189873417722,1.8122362869198312,1.9177215189873418,1.9578059071729959
AAA-J,landmark_still_registered,score_free,56,ood_test,0.1,label_conditional,class1_avg_set_size,10,1.6717948717948719,0.13174597516579617,1.4743589743589745,1.5737179487179487,1.6538461538461537,1.766025641025641,1.8974358974358974
AAA-J,landmark_still_registered,score_free,56,ood_test,0.1,label_conditional,class0_singleton_accuracy,10,0.39803675904282576,0.2604876925010349,0.0,0.2690631808278867,0.4112676056338028,0.48538461538461536,0.8817204301075269
AAA-J,landmark_still_registered,score_free,56,ood_test,0.1,label_conditional,class1_singleton_accuracy,10,0.6882824845122942,0.3081239732552587,0.0,0.6422764227642277,0.76036866359447,0.8645833333333334,1.0
AAA-J,landmark_still_registered,score_free,56,ood_test,0.1,marginal,coverage,10,0.9425396825396826,0.026495207580755954,0.9015873015873016,0.9301587301587302,0.9412698412698413,0.9603174603174603,0.9873015873015873
AAA-J,landmark_still_registered,score_free,56,ood_test,0.1,marginal,avg_set_size,10,1.6952380952380952,0.13644639932025013,1.5047619047619047,1.6087301587301588,1.6746031746031746,1.8023809523809522,1.9142857142857144
AAA-J,landmark_still_registered,score_free,56,ood_test,0.1,marginal,singleton_rate,10,0.30476190476190473,0.13644639932025016,0.08571428571428572,0.1976190476190476,0.3253968253968254,0.39126984126984127,0.49523809523809526
AAA-J,landmark_still_registered,score_free,56,ood_test,0.1,marginal,ambiguous_rate,10,0.6952380952380952,0.13644639932025013,0.5047619047619047,0.6087301587301588,0.6746031746031746,0.8023809523809524,0.9142857142857143
AAA-J,landmark_still_registered,score_free,56,ood_test,0.1,marginal,empty_rate,10,0.0,0.0,0.0,0.0,0.0,0.0,0.0
AAA-J,landmark_still_registered,score_free,56,ood_test,0.1,marginal,singleton_accuracy,10,0.8029030011018315,0.07298062600091938,0.62,0.7880766800084265,0.8165001009489199,0.8385989010989011,0.8888888888888888
AAA-J,landmark_still_registered,score_free,56,ood_test,0.1,marginal,class0_coverage,10,1.0,0.0,1.0,1.0,1.0,1.0,1.0
AAA-J,landmark_still_registered,score_free,56,ood_test,0.1,marginal,class1_coverage,10,0.7679487179487179,0.10699987676843747,0.6025641025641025,0.717948717948718,0.7628205128205128,0.8397435897435896,0.9487179487179487
AAA-J,landmark_still_registered,score_free,56,ood_test,0.1,marginal,class0_avg_set_size,10,1.6734177215189874,0.15131418492846674,1.4725738396624473,1.5717299578059072,1.6350210970464136,1.810126582278481,1.9029535864978904
AAA-J,landmark_still_registered,score_free,56,ood_test,0.1,marginal,class1_avg_set_size,10,1.7615384615384617,0.10982157678455264,1.6025641025641026,1.7147435897435896,1.7628205128205128,1.826923076923077,1.9487179487179487
AAA-J,landmark_still_registered,score_free,56,ood_test,0.1,marginal,class0_singleton_accuracy,10,1.0,0.0,1.0,1.0,1.0,1.0,1.0
AAA-J,landmark_still_registered,score_free,56,ood_test,0.1,marginal,class1_singleton_accuracy,10,0.025340501792114695,0.03378327132386375,0.0,0.0,0.0,0.05416666666666667,0.08333333333333333
AAA-J,landmark_still_registered,score_free,56,ood_test,0.2,label_conditional,coverage,10,0.7879365079365079,0.06279689985406382,0.6952380952380952,0.7412698412698413,0.7825396825396825,0.8095238095238095,0.8920634920634921
AAA-J,landmark_still_registered,score_free,56,ood_test,0.2,label_conditional,avg_set_size,10,1.526031746031746,0.16999235067771043,1.2380952380952381,1.434920634920635,1.5238095238095237,1.6476190476190475,1.8063492063492064
AAA-J,landmark_still_registered,score_free,56,ood_test,0.2,label_conditional,singleton_rate,10,0.473968253968254,0.1699923506777104,0.19365079365079366,0.35238095238095235,0.4761904761904762,0.5650793650793651,0.7619047619047619
AAA-J,landmark_still_registered,score_free,56,ood_test,0.2,label_conditional,ambiguous_rate,10,0.5260317460317461,0.16999235067771046,0.23809523809523808,0.43492063492063493,0.5238095238095238,0.6476190476190475,0.8063492063492064
AAA-J,landmark_still_registered,score_free,56,ood_test,0.2,label_conditional,empty_rate,10,0.0,0.0,0.0,0.0,0.0,0.0,0.0
AAA-J,landmark_still_registered,score_free,56,ood_test,0.2,label_conditional,singleton_accuracy,10,0.5337288864827979,0.10251877044020427,0.33,0.47175802139037437,0.5564555060880759,0.61875,0.6449704142011834
AAA-J,landmark_still_registered,score_free,56,ood_test,0.2,label_conditional,class0_coverage,10,0.7717299578059073,0.075674085686491,0.6666666666666666,0.7078059071729959,0.770042194092827,0.8354430379746836,0.8776371308016878
AAA-J,landmark_still_registered,score_free,56,ood_test,0.2,label_conditional,class1_coverage,10,0.8371794871794872,0.08944802774581637,0.7051282051282052,0.7788461538461539,0.8461538461538461,0.8717948717948718,1.0
AAA-J,landmark_still_registered,score_free,56,ood_test,0.2,label_conditional,class0_avg_set_size,10,1.5502109704641351,0.1794911118466892,1.240506329113924,1.4567510548523206,1.5421940928270041,1.6803797468354431,1.8523206751054853
AAA-J,landmark_still_registered,score_free,56,ood_test,0.2,label_conditional,class1_avg_set_size,10,1.4525641025641027,0.15479880735180926,1.2307692307692308,1.3557692307692308,1.435897435897436,1.576923076923077,1.6666666666666667
AAA-J,landmark_still_registered,score_free,56,ood_test,0.2,label_conditional,class0_singleton_accuracy,10,0.4437010322098133,0.20298449996921503,0.02857142857142857,0.3377211757990867,0.4545431078988126,0.5978881278538812,0.6942148760330579
AAA-J,landmark_still_registered,score_free,56,ood_test,0.2,label_conditional,class1_singleton_accuracy,10,0.697537620964541,0.18671646976876247,0.3333333333333333,0.6240384615384615,0.7137096774193548,0.7823464912280702,1.0
AAA-J,landmark_still_registered,score_free,56,ood_test,0.2,marginal,coverage,10,0.827936507936508,0.041386350261435986,0.7746031746031746,0.8015873015873016,0.8238095238095238,0.8412698412698413,0.9111111111111111
AAA-J,landmark_still_registered,score_free,56,ood_test,0.2,marginal,avg_set_size,10,1.2130158730158729,0.16695079501824492,1.0412698412698413,1.084126984126984,1.1793650793650794,1.2841269841269842,1.5047619047619047
AAA-J,landmark_still_registered,score_free,56,ood_test,0.2,marginal,singleton_rate,10,0.786984126984127,0.16695079501824497,0.49523809523809526,0.7158730158730159,0.8206349206349206,0.915873015873016,0.9587301587301588
AAA-J,landmark_still_registered,score_free,56,ood_test,0.2,marginal,ambiguous_rate,10,0.21301587301587302,0.16695079501824495,0.04126984126984127,0.08412698412698413,0.17936507936507937,0.2841269841269841,0.5047619047619047
AAA-J,landmark_still_registered,score_free,56,ood_test,0.2,marginal,empty_rate,10,0.0,0.0,0.0,0.0,0.0,0.0,0.0
AAA-J,landmark_still_registered,score_free,56,ood_test,0.2,marginal,singleton_accuracy,10,0.7814013689906145,0.030341724884810958,0.7093023255813954,0.7789497733152935,0.7832116520526837,0.7894708730950006,0.8205128205128205
AAA-J,landmark_still_registered,score_free,56,ood_test,0.2,marginal,class0_coverage,10,0.9932489451476793,0.010181131404137183,0.9704641350210971,0.9883966244725739,1.0,1.0,1.0
AAA-J,landmark_still_registered,score_free,56,ood_test,0.2,marginal,class1_coverage,10,0.3256410256410256,0.14632618419333893,0.1794871794871795,0.22435897435897437,0.30128205128205127,0.358974358974359,0.6410256410256411
AAA-J,landmark_still_registered,score_free,56,ood_test,0.2,marginal,class0_avg_set_size,10,1.1945147679324895,0.1655869529029228,1.0253164556962024,1.0738396624472575,1.1518987341772151,1.2436708860759493,1.4852320675105486
AAA-J,landmark_still_registered,score_free,56,ood_test,0.2,marginal,class1_avg_set_size,10,1.2692307692307692,0.18967812838608672,1.0384615384615385,1.1121794871794872,1.2692307692307692,1.358974358974359,1.641025641025641
AAA-J,landmark_still_registered,score_free,56,ood_test,0.2,marginal,class0_singleton_accuracy,10,0.9928730640703864,0.010680140877711656,0.9691629955947136,0.9879232916616094,1.0,1.0,1.0
AAA-J,landmark_still_registered,score_free,56,ood_test,0.2,marginal,class1_singleton_accuracy,10,0.06575679470688142,0.06415371712715223,0.0,0.0,0.06788194444444445,0.11420012612991381,0.15714285714285714
BBB-B,landmark_still_registered,score_free,14,id_test,0.05,label_conditional,coverage,10,0.9417355371900827,0.02420874821000036,0.9090909090909091,0.9183884297520661,0.9483471074380165,0.9617768595041323,0.9710743801652892
BBB-B,landmark_still_registered,score_free,14,id_test,0.05,label_conditional,avg_set_size,10,1.6483471074380165,0.07697370979322854,1.5165289256198347,1.59400826446281,1.6590909090909092,1.697314049586777,1.78099173553719
BBB-B,landmark_still_registered,score_free,14,id_test,0.05,label_conditional,singleton_rate,10,0.3516528925619835,0.07697370979322853,0.2190082644628099,0.30268595041322316,0.34090909090909094,0.4059917355371901,0.4834710743801653
BBB-B,landmark_still_registered,score_free,14,id_test,0.05,label_conditional,ambiguous_rate,10,0.6483471074380165,0.07697370979322853,0.5165289256198347,0.59400826446281,0.6590909090909091,0.6973140495867769,0.78099173553719
BBB-B,landmark_still_registered,score_free,14,id_test,0.05,label_conditional,empty_rate,10,0.0,0.0,0.0,0.0,0.0,0.0,0.0
BBB-B,landmark_still_registered,score_free,14,id_test,0.05,label_conditional,singleton_accuracy,10,0.838066795072492,0.046700930692973944,0.7532467532467533,0.8014763014763016,0.8556547619047619,0.866221174004193,0.8977272727272727
BBB-B,landmark_still_registered,score_free,14,id_test,0.05,label_conditional,class0_coverage,10,0.9330578512396693,0.03558947186714857,0.8677685950413223,0.9111570247933884,0.9380165289256199,0.9504132231404959,0.9834710743801653
BBB-B,landmark_still_registered,score_free,14,id_test,0.05,label_conditional,class1_coverage,10,0.9504132231404959,0.02304848557945113,0.9090909090909091,0.9338842975206612,0.9504132231404959,0.9669421487603306,0.9834710743801653
BBB-B,landmark_still_registered,score_free,14,id_test,0.05,label_conditional,class0_avg_set_size,10,1.6867768595041324,0.08947444663543844,1.5289256198347108,1.6322314049586777,1.6859504132231404,1.75,1.8099173553719008
BBB-B,landmark_still_registered,score_free,14,id_test,0.05,label_conditional,class1_avg_set_size,10,1.6099173553719008,0.07925079289194187,1.5041322314049588,1.5661157024793388,1.5867768595041323,1.665289256198347,1.7603305785123966
BBB-B,landmark_still_registered,score_free,14,id_test,0.05,label_conditional,class0_singleton_accuracy,10,0.7890606307282748,0.09174692227447188,0.6206896551724138,0.7418478260869565,0.7735042735042735,0.8548082966687618,0.9411764705882353
BBB-B,landmark_still_registered,score_free,14,id_test,0.05,label_conditional,class1_singleton_accuracy,10,0.8735917662515028,0.04963991829220685,0.8035714285714286,0.8391626921038686,0.8555627846454131,0.9137755102040817,0.9473684210526315
BBB-B,landmark_still_registered,score_free,14,id_test,0.05,marginal,coverage,10,0.9433884297520662,0.024873607598916152,0.9008264462809917,0.9266528925619835,0.9442148760330579,0.9607438016528926,0.9793388429752066
BBB-B,landmark_still_registered,score_free,14,id_test,0.05,marginal,avg_set_size,10,1.6471074380165291,0.08428581636097515,1.4834710743801653,1.609504132231405,1.6404958677685952,1.6818181818181819,1.8057851239669422
BBB-B,landmark_still_registered,score_free,14,id_test,0.05,marginal,singleton_rate,10,0.35289256198347113,0.08428581636097515,0.19421487603305784,0.31818181818181823,0.359504132231405,0.3904958677685951,0.5165289256198347
BBB-B,landmark_still_registered,score_free,14,id_test,0.05,marginal,ambiguous_rate,10,0.6471074380165289,0.08428581636097518,0.4834710743801653,0.609504132231405,0.640495867768595,0.6818181818181819,0.8057851239669421
BBB-B,landmark_still_registered,score_free,14,id_test,0.05,marginal,empty_rate,10,0.0,0.0,0.0,0.0,0.0,0.0,0.0
BBB-B,landmark_still_registered,score_free,14,id_test,0.05,marginal,singleton_accuracy,10,0.845647878134711,0.04077095825510457,0.8,0.8086315789473685,0.8406451612903226,0.8870802358369648,0.8977272727272727
BBB-B,landmark_still_registered,score_free,14,id_test,0.05,marginal,class0_coverage,10,0.9396694214876034,0.0306887546923055,0.8760330578512396,0.9256198347107438,0.9421487603305785,0.9628099173553719,0.9752066115702479
BBB-B,landmark_still_registered,score_free,14,id_test,0.05,marginal,class1_coverage,10,0.947107438016529,0.030477832916670715,0.9008264462809917,0.9276859504132231,0.9462809917355373,0.9731404958677685,0.9834710743801653
BBB-B,landmark_still_registered,score_free,14,id_test,0.05,marginal,class0_avg_set_size,10,1.6776859504132233,0.10395571495379177,1.462809917355372,1.646694214876033,1.6735537190082646,1.71900826446281,1.8677685950413223
BBB-B,landmark_still_registered,score_free,14,id_test,0.05,marginal,class1_avg_set_size,10,1.6165289256198345,0.0702560358316036,1.5041322314049588,1.5805785123966942,1.5909090909090908,1.671487603305785,1.743801652892562
BBB-B,landmark_still_registered,score_free,14,id_test,0.05,marginal,class0_singleton_accuracy,10,0.8177138225129392,0.05067739519375166,0.7567567567567568,0.7810180275715801,0.8132267441860466,0.8361244019138756,0.9047619047619048
BBB-B,landmark_still_registered,score_free,14,id_test,0.05,marginal,class1_singleton_accuracy,10,0.8679713471039889,0.06512333216175097,0.7647058823529411,0.8258503401360544,0.8723684210526316,0.9266129032258064,0.9473684210526315
BBB-B,landmark_still_registered,score_free,14,id_test,0.1,label_conditional,coverage,10,0.8946280991735538,0.03529236356837177,0.8223140495867769,0.878099173553719,0.890495867768595,0.9214876033057852,0.9421487603305785
BBB-B,landmark_still_registered,score_free,14,id_test,0.1,label_conditional,avg_set_size,10,1.4793388429752066,0.10402869194765399,1.2479338842975207,1.4514462809917354,1.4834710743801653,1.5299586776859504,1.628099173553719
BBB-B,landmark_still_registered,score_free,14,id_test,0.1,label_conditional,singleton_rate,10,0.5206611570247933,0.10402869194765405,0.371900826446281,0.4700413223140496,0.5165289256198347,0.5485537190082644,0.7520661157024794
BBB-B,landmark_still_registered,score_free,14,id_test,0.1,label_conditional,ambiguous_rate,10,0.4793388429752066,0.10402869194765403,0.24793388429752067,0.45144628099173556,0.4834710743801653,0.5299586776859504,0.628099173553719
BBB-B,landmark_still_registered,score_free,14,id_test,0.1,label_conditional,empty_rate,10,0.0,0.0,0.0,0.0,0.0,0.0,0.0
BBB-B,landmark_still_registered,score_free,14,id_test,0.1,label_conditional,singleton_accuracy,10,0.8013211963916635,0.033933293804399293,0.7637362637362637,0.7824977441912926,0.7907647907647908,0.8077586206896552,0.8761061946902655
BBB-B,landmark_still_registered,score_free,14,id_test,0.1,label_conditional,class0_coverage,10,0.9000000000000001,0.0458410812591341,0.8099173553719008,0.878099173553719,0.9049586776859504,0.9235537190082646,0.9669421487603306
BBB-B,landmark_still_registered,score_free,14,id_test,0.1,label_conditional,class1_coverage,10,0.8892561983471075,0.039577487594640165,0.8347107438016529,0.859504132231405,0.8966942148760331,0.9132231404958678,0.9586776859504132
BBB-B,landmark_still_registered,score_free,14,id_test,0.1,label_conditional,class0_avg_set_size,10,1.5140495867768595,0.13054479926522466,1.2066115702479339,1.4855371900826446,1.5247933884297522,1.615702479338843,1.6363636363636365
BBB-B,landmark_still_registered,score_free,14,id_test,0.1,label_conditional,class1_avg_set_size,10,1.4446280991735538,0.08813705065986004,1.2892561983471074,1.4090909090909092,1.4421487603305785,1.4545454545454546,1.6198347107438016
BBB-B,landmark_still_registered,score_free,14,id_test,0.1,label_conditional,class0_singleton_accuracy,10,0.8000765308552374,0.06124408443136434,0.7068965517241379,0.7619791666666667,0.7980072463768115,0.835177733065057,0.9090909090909091
BBB-B,landmark_still_registered,score_free,14,id_test,0.1,label_conditional,class1_singleton_accuracy,10,0.7991044199518843,0.06824069269644567,0.6956521739130435,0.7543604651162791,0.8198051948051948,0.8258823529411765,0.9253731343283582
BBB-B,landmark_still_registered,score_free,14,id_test,0.1,marginal,coverage,10,0.8975206611570249,0.030664015667976597,0.8429752066115702,0.8822314049586777,0.8925619834710744,0.9245867768595042,0.9380165289256198
BBB-B,landmark_still_registered,score_free,14,id_test,0.1,marginal,avg_set_size,10,1.4830578512396695,0.09725044663778243,1.3057851239669422,1.4442148760330578,1.481404958677686,1.5196280991735538,1.6694214876033058
BBB-B,landmark_still_registered,score_free,14,id_test,0.1,marginal,singleton_rate,10,0.5169421487603306,0.09725044663778244,0.3305785123966942,0.4803719008264463,0.518595041322314,0.5557851239669421,0.6942148760330579
BBB-B,landmark_still_registered,score_free,14,id_test,0.1,marginal,ambiguous_rate,10,0.4830578512396694,0.09725044663778244,0.30578512396694213,0.44421487603305787,0.48140495867768596,0.5196280991735538,0.6694214876033058
BBB-B,landmark_still_registered,score_free,14,id_test,0.1,marginal,empty_rate,10,0.0,0.0,0.0,0.0,0.0,0.0,0.0
BBB-B,landmark_still_registered,score_free,14,id_test,0.1,marginal,singleton_accuracy,10,0.8045282321348971,0.02874705305352473,0.7738095238095238,0.7868055555555555,0.795442805487,0.8115489130434783,0.8666666666666667
BBB-B,landmark_still_registered,score_free,14,id_test,0.1,marginal,class0_coverage,10,0.9033057851239669,0.04105515104189895,0.8099173553719008,0.8863636363636365,0.9008264462809917,0.9338842975206612,0.9504132231404959
BBB-B,landmark_still_registered,score_free,14,id_test,0.1,marginal,class1_coverage,10,0.8917355371900826,0.030787512002090393,0.8429752066115702,0.8760330578512396,0.884297520661157,0.9173553719008265,0.9421487603305785
BBB-B,landmark_still_registered,score_free,14,id_test,0.1,marginal,class0_avg_set_size,10,1.5024793388429754,0.11555808909906062,1.28099173553719,1.4545454545454546,1.4958677685950414,1.5640495867768596,1.7024793388429753
BBB-B,landmark_still_registered,score_free,14,id_test,0.1,marginal,class1_avg_set_size,10,1.4636363636363638,0.08350788812607692,1.3305785123966942,1.4173553719008263,1.4545454545454546,1.5103305785123968,1.6363636363636365
BBB-B,landmark_still_registered,score_free,14,id_test,0.1,marginal,class0_singleton_accuracy,10,0.8096620147152237,0.04589322241500454,0.735632183908046,0.7803030303030303,0.811676510676965,0.8268858800773694,0.8846153846153846
BBB-B,landmark_still_registered,score_free,14,id_test,0.1,marginal,class1_singleton_accuracy,10,0.799933930295174,0.04213212742374051,0.7397260273972602,0.7759264024704066,0.7987117552334944,0.8349071702944942,0.8615384615384616
BBB-B,landmark_still_registered,score_free,14,id_test,0.2,label_conditional,coverage,10,0.8206611570247933,0.04016751874761691,0.7727272727272727,0.7861570247933884,0.8119834710743802,0.8543388429752066,0.8801652892561983
BBB-B,landmark_still_registered,score_free,14,id_test,0.2,label_conditional,avg_set_size,10,1.2611570247933883,0.09619809466074372,1.1239669421487604,1.212809917355372,1.2438016528925622,1.2954545454545454,1.487603305785124
BBB-B,landmark_still_registered,score_free,14,id_test,0.2,label_conditional,singleton_rate,10,0.7388429752066117,0.09619809466074375,0.512396694214876,0.7045454545454546,0.756198347107438,0.7871900826446281,0.8760330578512396
BBB-B,landmark_still_registered,score_free,14,id_test,0.2,label_conditional,ambiguous_rate,10,0.2611570247933884,0.09619809466074374,0.12396694214876033,0.21280991735537189,0.243801652892562,0.29545454545454547,0.48760330578512395
BBB-B,landmark_still_registered,score_free,14,id_test,0.2,label_conditional,empty_rate,10,0.0,0.0,0.0,0.0,0.0,0.0,0.0
BBB-B,landmark_still_registered,score_free,14,id_test,0.2,label_conditional,singleton_accuracy,10,0.7587262782770965,0.03486097527503135,0.7087912087912088,0.7415658326497129,0.7520481310803891,0.7692140811662954,0.8253012048192772
BBB-B,landmark_still_registered,score_free,14,id_test,0.2,label_conditional,class0_coverage,10,0.8223140495867769,0.059754853893894955,0.743801652892562,0.7706611570247934,0.8181818181818181,0.8636363636363636,0.9173553719008265
BBB-B,landmark_still_registered,score_free,14,id_test,0.2,label_conditional,class1_coverage,10,0.81900826446281,0.04186058963907523,0.7520661157024794,0.7954545454545454,0.8264462809917356,0.8533057851239669,0.8677685950413223
BBB-B,landmark_still_registered,score_free,14,id_test,0.2,label_conditional,class0_avg_set_size,10,1.2702479338842974,0.09326197993906479,1.1239669421487604,1.2417355371900827,1.256198347107438,1.2789256198347108,1.4793388429752066
BBB-B,landmark_still_registered,score_free,14,id_test,0.2,label_conditional,class1_avg_set_size,10,1.2520661157024793,0.10692467600592476,1.1239669421487604,1.1838842975206612,1.2355371900826446,1.274793388429752,1.4958677685950412
BBB-B,landmark_still_registered,score_free,14,id_test,0.2,label_conditional,class0_singleton_accuracy,10,0.7595261513885346,0.07016150923880884,0.6630434782608695,0.6898691196444006,0.7831743727970144,0.8146672914714153,0.8412698412698413
BBB-B,landmark_still_registered,score_free,14,id_test,0.2,label_conditional,class1_singleton_accuracy,10,0.7553055898974965,0.0557297108875574,0.6721311475409836,0.7210691823899371,0.7584210526315789,0.7849122090649244,0.8431372549019608
BBB-B,landmark_still_registered,score_free,14,id_test,0.2,marginal,coverage,10,0.8235537190082646,0.034957472838064316,0.7851239669421488,0.7944214876033058,0.8140495867768596,0.856404958677686,0.8760330578512396
BBB-B,landmark_still_registered,score_free,14,id_test,0.2,marginal,avg_set_size,10,1.2665289256198347,0.07780235695769726,1.1528925619834711,1.2200413223140496,1.2541322314049586,1.3006198347107438,1.43801652892562
BBB-B,landmark_still_registered,score_free,14,id_test,0.2,marginal,singleton_rate,10,0.7334710743801652,0.07780235695769723,0.5619834710743802,0.6993801652892562,0.7458677685950413,0.7799586776859504,0.8471074380165289
BBB-B,landmark_still_registered,score_free,14,id_test,0.2,marginal,ambiguous_rate,10,0.26652892561983477,0.07780235695769723,0.15289256198347106,0.2200413223140496,0.25413223140495866,0.30061983471074377,0.4380165289256198
BBB-B,landmark_still_registered,score_free,14,id_test,0.2,marginal,empty_rate,10,0.0,0.0,0.0,0.0,0.0,0.0,0.0
BBB-B,landmark_still_registered,score_free,14,id_test,0.2,marginal,singleton_accuracy,10,0.760800915873356,0.030726469202998867,0.7252747252747253,0.7385989414877977,0.7579626972740315,0.7684814872676144,0.8181818181818182
BBB-B,landmark_still_registered,score_free,14,id_test,0.2,marginal,class0_coverage,10,0.8462809917355371,0.04108286916210964,0.7603305785123967,0.828512396694215,0.8429752066115702,0.8677685950413223,0.9173553719008265
BBB-B,landmark_still_registered,score_free,14,id_test,0.2,marginal,class1_coverage,10,0.8008264462809918,0.048102991653420066,0.71900826446281,0.7665289256198348,0.8099173553719008,0.8326446280991735,0.859504132231405
BBB-B,landmark_still_registered,score_free,14,id_test,0.2,marginal,class0_avg_set_size,10,1.2727272727272727,0.09455097686903863,1.1487603305785123,1.2334710743801653,1.2644628099173554,1.2727272727272727,1.4958677685950412
BBB-B,landmark_still_registered,score_free,14,id_test,0.2,marginal,class1_avg_set_size,10,1.2603305785123966,0.0690630916623784,1.1570247933884297,1.2252066115702478,1.2479338842975207,1.3016528925619835,1.3801652892561984
BBB-B,landmark_still_registered,score_free,14,id_test,0.2,marginal,class0_singleton_accuracy,10,0.7896478294836518,0.04208099173312651,0.7184466019417476,0.7665820949619427,0.7899975574010747,0.8126159554730984,0.8734177215189873
BBB-B,landmark_still_registered,score_free,14,id_test,0.2,marginal,class1_singleton_accuracy,10,0.7325584682175489,0.05020390936313294,0.6382978723404256,0.692929292929293,0.7459677419354839,0.771860465116279,0.7875
BBB-B,landmark_still_registered,score_free,14,ood_test,0.05,label_conditional,coverage,10,0.9249005568814639,0.023861044226275215,0.8933969769291965,0.9041368337311058,0.928400954653938,0.935958631662689,0.964200477326969
BBB-B,landmark_still_registered,score_free,14,ood_test,0.05,label_conditional,avg_set_size,10,1.705887032617343,0.07496160382099698,1.5958631662688942,1.650755767700875,1.7068416865552902,1.7446300715990453,1.8353221957040573
BBB-B,landmark_still_registered,score_free,14,ood_test,0.05,label_conditional,singleton_rate,10,0.29411296738265713,0.07496160382099698,0.16467780429594273,0.2553699284009546,0.29315831344470966,0.34924423229912493,0.4041368337311058
BBB-B,landmark_still_registered,score_free,14,ood_test,0.05,label_conditional,ambiguous_rate,10,0.7058870326173429,0.074961603820997,0.5958631662688942,0.6507557677008751,0.7068416865552904,0.7446300715990453,0.8353221957040573
BBB-B,landmark_still_registered,score_free,14,ood_test,0.05,label_conditional,empty_rate,10,0.0,0.0,0.0,0.0,0.0,0.0,0.0
BBB-B,landmark_still_registered,score_free,14,ood_test,0.05,label_conditional,singleton_accuracy,10,0.7483940905831348,0.024511888049012664,0.7121212121212122,0.7349810440361622,0.7503497996936491,0.7619885940986858,0.782608695652174
BBB-B,landmark_still_registered,score_free,14,ood_test,0.05,label_conditional,class0_coverage,10,0.9193055555555555,0.02915894959637241,0.8736111111111111,0.9034722222222222,0.9145833333333333,0.9357638888888888,0.9652777777777778
BBB-B,landmark_still_registered,score_free,14,ood_test,0.05,label_conditional,class1_coverage,10,0.9324022346368717,0.032658433333756634,0.8715083798882681,0.9189944134078212,0.9376163873370578,0.952513966480447,0.9795158286778398
BBB-B,landmark_still_registered,score_free,14,ood_test,0.05,label_conditional,class0_avg_set_size,10,1.7368055555555553,0.0770336148189304,1.6111111111111112,1.6944444444444444,1.738888888888889,1.7847222222222223,1.8527777777777779
BBB-B,landmark_still_registered,score_free,14,ood_test,0.05,label_conditional,class1_avg_set_size,10,1.6644320297951585,0.08006630728257479,1.5623836126629422,1.5986964618249535,1.6638733705772812,1.6927374301675977,1.8119180633147114
BBB-B,landmark_still_registered,score_free,14,ood_test,0.05,label_conditional,class0_singleton_accuracy,10,0.6850337034133629,0.12483245323885107,0.3798449612403101,0.6692073170731707,0.703882055135862,0.7669305929919138,0.8092105263157895
BBB-B,landmark_still_registered,score_free,14,ood_test,0.05,label_conditional,class1_singleton_accuracy,10,0.8000222365198318,0.07119277892715001,0.6973684210526315,0.743064055487556,0.8095922495475354,0.8396048632218845,0.9421052631578948
BBB-B,landmark_still_registered,score_free,14,ood_test,0.05,marginal,coverage,10,0.9252983293556086,0.02500439381657083,0.8933969769291965,0.9045346062052506,0.9248210023866348,0.942521877486078,0.9673826571201273
BBB-B,landmark_still_registered,score_free,14,ood_test,0.05,marginal,avg_set_size,10,1.7057279236276852,0.08371465894065445,1.6030230708035005,1.6408114558472553,1.704057279236277,1.7460222752585521,1.860779634049324
BBB-B,landmark_still_registered,score_free,14,ood_test,0.05,marginal,singleton_rate,10,0.29427207637231506,0.08371465894065447,0.13922036595067622,0.25397772474144786,0.2959427207637232,0.35918854415274465,0.39697692919649963
BBB-B,landmark_still_registered,score_free,14,ood_test,0.05,marginal,ambiguous_rate,10,0.705727923627685,0.08371465894065445,0.6030230708035004,0.6408114558472554,0.7040572792362768,0.7460222752585521,0.8607796340493238
BBB-B,landmark_still_registered,score_free,14,ood_test,0.05,marginal,empty_rate,10,0.0,0.0,0.0,0.0,0.0,0.0,0.0
BBB-B,landmark_still_registered,score_free,14,ood_test,0.05,marginal,singleton_accuracy,10,0.7497316139015628,0.017081307642392927,0.7314629258517034,0.7376427088738973,0.7443233119175006,0.763032153032153,0.782051282051282
BBB-B,landmark_still_registered,score_free,14,ood_test,0.05,marginal,class0_coverage,10,0.9245833333333333,0.021155431871461246,0.8944444444444445,0.9100694444444444,0.9215277777777777,0.940625,0.9555555555555556
BBB-B,landmark_still_registered,score_free,14,ood_test,0.05,marginal,class1_coverage,10,0.9262569832402235,0.03660953568331035,0.8696461824953445,0.8961824953445066,0.9245810055865922,0.9543761638733707,0.9832402234636871
BBB-B,landmark_still_registered,score_free,14,ood_test,0.05,marginal,class0_avg_set_size,10,1.7329166666666667,0.09281928268782905,1.6180555555555556,1.6569444444444443,1.7284722222222222,1.778125,1.9055555555555554
BBB-B,landmark_still_registered,score_free,14,ood_test,0.05,marginal,class1_avg_set_size,10,1.6692737430167597,0.0726983460469317,1.5698324022346368,1.6191806331471137,1.6610800744878957,1.708100558659218,1.8007448789571694
BBB-B,landmark_still_registered,score_free,14,ood_test,0.05,marginal,class0_singleton_accuracy,10,0.7004130397068364,0.07865166549789515,0.5294117647058824,0.6894894508564287,0.7261334835257673,0.7468608597285068,0.7854545454545454
BBB-B,landmark_still_registered,score_free,14,ood_test,0.05,marginal,class1_singleton_accuracy,10,0.7880622834607294,0.0761476193335921,0.6774193548387096,0.7385807885807886,0.7779761904761905,0.826395173453997,0.9158878504672897
BBB-B,landmark_still_registered,score_free,14,ood_test,0.1,label_conditional,coverage,10,0.8635640413683374,0.0391199111427524,0.7796340493237868,0.8454653937947494,0.8627684964200477,0.8898170246618934,0.9148766905330151
BBB-B,landmark_still_registered,score_free,14,ood_test,0.1,label_conditional,avg_set_size,10,1.5249801113762929,0.10565846605403882,1.3150357995226731,1.4699681782020684,1.5350039777247413,1.5970564836913286,1.669848846459825
BBB-B,landmark_still_registered,score_free,14,ood_test,0.1,label_conditional,singleton_rate,10,0.47501988862370725,0.10565846605403885,0.33015115354017505,0.4029435163086714,0.46499602227525855,0.5300318217979316,0.684964200477327
BBB-B,landmark_still_registered,score_free,14,ood_test,0.1,label_conditional,ambiguous_rate,10,0.5249801113762926,0.10565846605403884,0.315035799522673,0.46996817820206843,0.5350039777247415,0.5970564836913286,0.669848846459825
BBB-B,landmark_still_registered,score_free,14,ood_test,0.1,label_conditional,empty_rate,10,0.0,0.0,0.0,0.0,0.0,0.0,0.0
BBB-B,landmark_still_registered,score_free,14,ood_test,0.1,label_conditional,singleton_accuracy,10,0.7160884176417435,0.019999062873517083,0.6782810685249709,0.7084852382786705,0.716540404040404,0.730365733495624,0.7421686746987952
BBB-B,landmark_still_registered,score_free,14,ood_test,0.1,label_conditional,class0_coverage,10,0.8640277777777777,0.04222085158594005,0.8083333333333333,0.8472222222222222,0.8541666666666667,0.8881944444444445,0.9291666666666667
BBB-B,landmark_still_registered,score_free,14,ood_test,0.1,label_conditional,class1_coverage,10,0.8629422718808195,0.05778615852536367,0.7411545623836127,0.8426443202979516,0.8677839851024209,0.8957169459962756,0.9385474860335196
BBB-B,landmark_still_registered,score_free,14,ood_test,0.1,label_conditional,class0_avg_set_size,10,1.5484722222222222,0.1131155049293349,1.3277777777777777,1.4864583333333334,1.5631944444444446,1.6447916666666669,1.6902777777777778
BBB-B,landmark_still_registered,score_free,14,ood_test,0.1,label_conditional,class1_avg_set_size,10,1.4934823091247673,0.10021321450334238,1.297951582867784,1.4473929236499068,1.4692737430167597,1.547486033519553,1.6424581005586592
BBB-B,landmark_still_registered,score_free,14,ood_test,0.1,label_conditional,class0_singleton_accuracy,10,0.6962316409874142,0.08536578595406381,0.5277777777777778,0.6605327468230695,0.7095885541633342,0.763344328514169,0.7918367346938775
BBB-B,landmark_still_registered,score_free,14,ood_test,0.1,label_conditional,class1_singleton_accuracy,10,0.7324544829661619,0.08022658717831128,0.6312997347480106,0.6776412581017138,0.7117708333333332,0.777756574411504,0.8630705394190872
BBB-B,landmark_still_registered,score_free,14,ood_test,0.1,marginal,coverage,10,0.8688146380270485,0.03755191261490418,0.8050914876690533,0.8373110580747812,0.8786793953858394,0.899164677804296,0.9156722354813047
BBB-B,landmark_still_registered,score_free,14,ood_test,0.1,marginal,avg_set_size,10,1.5373110580747813,0.10837607734804978,1.3834526650755767,1.4321797931583136,1.5672235481304693,1.6151551312649164,1.6937151949085123
BBB-B,landmark_still_registered,score_free,14,ood_test,0.1,marginal,singleton_rate,10,0.46268894192521887,0.1083760773480498,0.30628480509148764,0.3848448687350835,0.4327764518695306,0.5678202068416865,0.6165473349244233
BBB-B,landmark_still_registered,score_free,14,ood_test,0.1,marginal,ambiguous_rate,10,0.5373110580747811,0.10837607734804977,0.3834526650755768,0.43217979315831345,0.5672235481304694,0.6151551312649165,0.6937151949085123
BBB-B,landmark_still_registered,score_free,14,ood_test,0.1,marginal,empty_rate,10,0.0,0.0,0.0,0.0,0.0,0.0,0.0
BBB-B,landmark_still_registered,score_free,14,ood_test,0.1,marginal,singleton_accuracy,10,0.7193215227176719,0.01716276870287853,0.6838709677419355,0.7124378109452736,0.720431654676259,0.724213015245624,0.7446808510638298
BBB-B,landmark_still_registered,score_free,14,ood_test,0.1,marginal,class0_coverage,10,0.8755555555555554,0.03142833204084627,0.8041666666666667,0.8631944444444445,0.8777777777777778,0.8961805555555555,0.9166666666666666
BBB-B,landmark_still_registered,score_free,14,ood_test,0.1,marginal,class1_coverage,10,0.8597765363128491,0.055032405343858275,0.7932960893854749,0.8049348230912476,0.8733705772811918,0.9013035381750466,0.9404096834264432
BBB-B,landmark_still_registered,score_free,14,ood_test,0.1,marginal,class0_avg_set_size,10,1.5584722222222223,0.12058998839780716,1.4041666666666666,1.4357638888888888,1.5916666666666668,1.6385416666666666,1.7402777777777778
BBB-B,landmark_still_registered,score_free,14,ood_test,0.1,marginal,class1_avg_set_size,10,1.5089385474860335,0.09374930443477704,1.355679702048417,1.4273743016759777,1.5297951582867784,1.5861266294227188,1.6312849162011174
BBB-B,landmark_still_registered,score_free,14,ood_test,0.1,marginal,class0_singleton_accuracy,10,0.7108743518158221,0.056814415679330106,0.6042780748663101,0.6760943682651868,0.7311661506707946,0.7511650300767969,0.7746835443037975
BBB-B,landmark_still_registered,score_free,14,ood_test,0.1,marginal,class1_singleton_accuracy,10,0.7232029853242554,0.0677255603657002,0.6419354838709678,0.6599489795918367,0.7229167242857538,0.7641059855127716,0.8383838383838383
BBB-B,landmark_still_registered,score_free,14,ood_test,0.2,label_conditional,coverage,10,0.7691328560063644,0.04064258084167625,0.7223548130469372,0.741447891805887,0.754574383452665,0.7975338106603023,0.8504375497215593
BBB-B,landmark_still_registered,score_free,14,ood_test,0.2,label_conditional,avg_set_size,10,1.2885441527446302,0.09294081516026624,1.1654733492442324,1.2267303102625298,1.2613365155131264,1.3562052505966586,1.4669848846459825
BBB-B,landmark_still_registered,score_free,14,ood_test,0.2,label_conditional,singleton_rate,10,0.7114558472553699,0.09294081516026625,0.5330151153540175,0.6437947494033414,0.7386634844868736,0.7732696897374702,0.8345266507557677
BBB-B,landmark_still_registered,score_free,14,ood_test,0.2,label_conditional,ambiguous_rate,10,0.2885441527446301,0.09294081516026624,0.1654733492442323,0.22673031026252982,0.26133651551312653,0.3562052505966587,0.4669848846459825
BBB-B,landmark_still_registered,score_free,14,ood_test,0.2,label_conditional,empty_rate,10,0.0,0.0,0.0,0.0,0.0,0.0,0.0
BBB-B,landmark_still_registered,score_free,14,ood_test,0.2,label_conditional,singleton_accuracy,10,0.6773762357235983,0.02030564788907211,0.6468085106382979,0.6649171511945219,0.6722131183435089,0.6886979201845491,0.7194029850746269
BBB-B,landmark_still_registered,score_free,14,ood_test,0.2,label_conditional,class0_coverage,10,0.7616666666666667,0.06009323460251695,0.6541666666666667,0.7319444444444444,0.7590277777777777,0.7923611111111111,0.8708333333333333
BBB-B,landmark_still_registered,score_free,14,ood_test,0.2,label_conditional,class1_coverage,10,0.7791433891992551,0.056532338058876065,0.6815642458100558,0.7541899441340782,0.7914338919925512,0.8207635009310987,0.845437616387337
BBB-B,landmark_still_registered,score_free,14,ood_test,0.2,label_conditional,class0_avg_set_size,10,1.3033333333333332,0.09571853026993801,1.1625,1.2274305555555554,1.2979166666666666,1.3680555555555556,1.4722222222222223
BBB-B,landmark_still_registered,score_free,14,ood_test,0.2,label_conditional,class1_avg_set_size,10,1.2687150837988828,0.09356417204626132,1.1694599627560522,1.2020484171322159,1.2299813780260709,1.3179702048417132,1.4599627560521415
BBB-B,landmark_still_registered,score_free,14,ood_test,0.2,label_conditional,class0_singleton_accuracy,10,0.6587909372848715,0.0733543644453562,0.5088757396449705,0.6362637745850188,0.6545529656698599,0.704918537940926,0.7552631578947369
BBB-B,landmark_still_registered,score_free,14,ood_test,0.2,label_conditional,class1_singleton_accuracy,10,0.6978158965123933,0.06248776696072158,0.6086956521739131,0.6742205244683048,0.6900981532204287,0.7424279110719789,0.8083140877598153
BBB-B,landmark_still_registered,score_free,14,ood_test,0.2,marginal,coverage,10,0.7739856801909308,0.03412188229107507,0.720763723150358,0.7519888623707239,0.7669053301511535,0.7997215592680986,0.8233890214797136
BBB-B,landmark_still_registered,score_free,14,ood_test,0.2,marginal,avg_set_size,10,1.2913285600636437,0.08804973223717842,1.1917263325377885,1.222354813046937,1.2800318217979316,1.3508353221957041,1.4478918058870327
BBB-B,landmark_still_registered,score_free,14,ood_test,0.2,marginal,singleton_rate,10,0.7086714399363563,0.08804973223717841,0.5521081941129674,0.6491646778042959,0.7199681782020684,0.7776451869530628,0.8082736674622116
BBB-B,landmark_still_registered,score_free,14,ood_test,0.2,marginal,ambiguous_rate,10,0.2913285600636436,0.08804973223717841,0.1917263325377884,0.22235481304693716,0.2800318217979316,0.35083532219570407,0.4478918058870326
BBB-B,landmark_still_registered,score_free,14,ood_test,0.2,marginal,empty_rate,10,0.0,0.0,0.0,0.0,0.0,0.0,0.0
BBB-B,landmark_still_registered,score_free,14,ood_test,0.2,marginal,singleton_accuracy,10,0.6818027441765651,0.015209853370371784,0.6514399205561072,0.6772715450751552,0.6845471229381617,0.6897443927463612,0.7059602649006622
BBB-B,landmark_still_registered,score_free,14,ood_test,0.2,marginal,class0_coverage,10,0.7843055555555556,0.03647166863702185,0.7125,0.7604166666666666,0.7951388888888888,0.8072916666666667,0.8277777777777777
BBB-B,landmark_still_registered,score_free,14,ood_test,0.2,marginal,class1_coverage,10,0.7601489757914339,0.05279365188721811,0.6871508379888268,0.7318435754189944,0.7495344506517692,0.7960893854748603,0.8528864059590316
BBB-B,landmark_still_registered,score_free,14,ood_test,0.2,marginal,class0_avg_set_size,10,1.2997222222222222,0.10057021924321466,1.1902777777777778,1.2201388888888889,1.2784722222222222,1.3555555555555556,1.4944444444444445
BBB-B,landmark_still_registered,score_free,14,ood_test,0.2,marginal,class1_avg_set_size,10,1.2800744878957169,0.07390731738057121,1.1880819366852886,1.2253258845437616,1.276536312849162,1.3472998137802608,1.3854748603351956
BBB-B,landmark_still_registered,score_free,14,ood_test,0.2,marginal,class0_singleton_accuracy,10,0.6889898751131596,0.05066709302852755,0.6016483516483516,0.6459917931149092,0.6983255967288253,0.7347273151543436,0.7427101200686106
BBB-B,landmark_still_registered,score_free,14,ood_test,0.2,marginal,class1_singleton_accuracy,10,0.6696515535578136,0.049444791488948855,0.6105769230769231,0.6247604499375087,0.6774104622441779,0.7005215066074739,0.7606060606060606
BBB-B,landmark_still_registered,score_free,56,id_test,0.05,label_conditional,coverage,10,0.9610859728506786,0.017998713592972906,0.9276018099547512,0.9513574660633484,0.9660633484162896,0.9683257918552036,0.9864253393665159
BBB-B,landmark_still_registered,score_free,56,id_test,0.05,label_conditional,avg_set_size,10,1.706787330316742,0.05245747238439617,1.6063348416289593,1.6855203619909502,1.7171945701357467,1.7307692307692308,1.7828054298642535
BBB-B,landmark_still_registered,score_free,56,id_test,0.05,label_conditional,singleton_rate,10,0.2932126696832579,0.05245747238439616,0.2171945701357466,0.2692307692307692,0.2828054298642534,0.31447963800904977,0.3936651583710407
BBB-B,landmark_still_registered,score_free,56,id_test,0.05,label_conditional,ambiguous_rate,10,0.706787330316742,0.05245747238439615,0.6063348416289592,0.6855203619909502,0.7171945701357466,0.7307692307692307,0.7828054298642534
BBB-B,landmark_still_registered,score_free,56,id_test,0.05,label_conditional,empty_rate,10,0.0,0.0,0.0,0.0,0.0,0.0,0.0
BBB-B,landmark_still_registered,score_free,56,id_test,0.05,label_conditional,singleton_accuracy,10,0.8727178811600366,0.04096242451507217,0.8142857142857143,0.8458895853423336,0.8765754019991308,0.8884408602150538,0.9375
BBB-B,landmark_still_registered,score_free,56,id_test,0.05,label_conditional,class0_coverage,10,0.9553719008264462,0.019557288539172286,0.9090909090909091,0.9504132231404959,0.9586776859504132,0.9669421487603306,0.9752066115702479
BBB-B,landmark_still_registered,score_free,56,id_test,0.05,label_conditional,class1_coverage,10,0.968,0.03326659986633239,0.91,0.9475,0.98,0.99,1.0
BBB-B,landmark_still_registered,score_free,56,id_test,0.05,label_conditional,class0_avg_set_size,10,1.8033057851239669,0.05506886363291798,1.6942148760330578,1.7851239669421488,1.8099173553719008,1.8388429752066116,1.884297520661157
BBB-B,landmark_still_registered,score_free,56,id_test,0.05,label_conditional,class1_avg_set_size,10,1.59,0.061824123303304654,1.5,1.545,1.58,1.635,1.7
BBB-B,landmark_still_registered,score_free,56,id_test,0.05,label_conditional,class0_singleton_accuracy,10,0.7662210401599197,0.10462164222928352,0.5,0.7449392712550607,0.7967032967032968,0.8277027027027027,0.8709677419354839
BBB-B,landmark_still_registered,score_free,56,id_test,0.05,label_conditional,class1_singleton_accuracy,10,0.9275476295509891,0.06971478169895987,0.8181818181818182,0.8828267477203647,0.9503968253968254,0.9755639097744361,1.0
BBB-B,landmark_still_registered,score_free,56,id_test,0.05,marginal,coverage,10,0.958371040723982,0.026107024462647125,0.9095022624434389,0.9547511312217195,0.9592760180995475,0.9773755656108597,0.9909502262443439
BBB-B,landmark_still_registered,score_free,56,id_test,0.05,marginal,avg_set_size,10,1.695475113122172,0.08203381279742544,1.5158371040723981,1.6617647058823528,1.7171945701357467,1.744343891402715,1.7918552036199096
BBB-B,landmark_still_registered,score_free,56,id_test,0.05,marginal,singleton_rate,10,0.3045248868778281,0.08203381279742543,0.2081447963800905,0.25565610859728505,0.2828054298642534,0.3382352941176471,0.4841628959276018
BBB-B,landmark_still_registered,score_free,56,id_test,0.05,marginal,ambiguous_rate,10,0.6954751131221719,0.08203381279742541,0.5158371040723982,0.6617647058823529,0.7171945701357466,0.744343891402715,0.7918552036199095
BBB-B,landmark_still_registered,score_free,56,id_test,0.05,marginal,empty_rate,10,0.0,0.0,0.0,0.0,0.0,0.0,0.0
BBB-B,landmark_still_registered,score_free,56,id_test,0.05,marginal,singleton_accuracy,10,0.8735023968489098,0.053076758154532694,0.7976190476190477,0.8438209904588824,0.8652450090744102,0.9082539682539683,0.9565217391304348
BBB-B,landmark_still_registered,score_free,56,id_test,0.05,marginal,class0_coverage,10,0.9867768595041323,0.011816865338582491,0.9669421487603306,0.9834710743801653,0.9917355371900827,0.9917355371900827,1.0
BBB-B,landmark_still_registered,score_free,56,id_test,0.05,marginal,class1_coverage,10,0.924,0.053166405433005035,0.84,0.9025000000000001,0.935,0.9624999999999999,1.0
BBB-B,landmark_still_registered,score_free,56,id_test,0.05,marginal,class0_avg_set_size,10,1.7289256198347107,0.09854406896212836,1.5206611570247934,1.7045454545454546,1.7479338842975207,1.8057851239669422,1.8264462809917354
BBB-B,landmark_still_registered,score_free,56,id_test,0.05,marginal,class1_avg_set_size,10,1.655,0.07027722880769338,1.51,1.63,1.65,1.705,1.75
BBB-B,landmark_still_registered,score_free,56,id_test,0.05,marginal,class0_singleton_accuracy,10,0.9519773057999876,0.03780701521805708,0.8857142857142857,0.9326508620689655,0.9582608695652174,0.975421863536317,1.0
BBB-B,landmark_still_registered,score_free,56,id_test,0.05,marginal,class1_singleton_accuracy,10,0.7946852942742398,0.12354932186146636,0.5675675675675675,0.7516891891891893,0.7825361512791991,0.875,1.0
BBB-B,landmark_still_registered,score_free,56,id_test,0.1,label_conditional,coverage,10,0.9131221719457014,0.039722906114947866,0.8506787330316742,0.8880090497737556,0.9072398190045249,0.9434389140271493,0.9683257918552036
BBB-B,landmark_still_registered,score_free,56,id_test,0.1,label_conditional,avg_set_size,10,1.553393665158371,0.09839938482786237,1.420814479638009,1.4705882352941175,1.5384615384615383,1.6357466063348416,1.6968325791855203
BBB-B,landmark_still_registered,score_free,56,id_test,0.1,label_conditional,singleton_rate,10,0.446606334841629,0.09839938482786237,0.3031674208144796,0.3642533936651584,0.46153846153846156,0.5294117647058824,0.579185520361991
BBB-B,landmark_still_registered,score_free,56,id_test,0.1,label_conditional,ambiguous_rate,10,0.5533936651583711,0.09839938482786237,0.42081447963800905,0.47058823529411764,0.5384615384615384,0.6357466063348416,0.6968325791855203
BBB-B,landmark_still_registered,score_free,56,id_test,0.1,label_conditional,empty_rate,10,0.0,0.0,0.0,0.0,0.0,0.0,0.0
BBB-B,landmark_still_registered,score_free,56,id_test,0.1,label_conditional,singleton_accuracy,10,0.8142566607211386,0.05770336709082995,0.7027027027027027,0.7896597859327217,0.8115131578947368,0.8448426573426573,0.8955223880597015
BBB-B,landmark_still_registered,score_free,56,id_test,0.1,label_conditional,class0_coverage,10,0.9041322314049587,0.04163335644586791,0.8099173553719008,0.8863636363636365,0.9049586776859504,0.9318181818181819,0.9586776859504132
BBB-B,landmark_still_registered,score_free,56,id_test,0.1,label_conditional,class1_coverage,10,0.924,0.047888759989514584,0.84,0.9,0.92,0.9624999999999999,1.0
BBB-B,landmark_still_registered,score_free,56,id_test,0.1,label_conditional,class0_avg_set_size,10,1.6421487603305784,0.10512087710805854,1.5041322314049588,1.5661157024793388,1.6322314049586777,1.7293388429752066,1.7851239669421488
BBB-B,landmark_still_registered,score_free,56,id_test,0.1,label_conditional,class1_avg_set_size,10,1.4460000000000002,0.09276014469827248,1.32,1.3924999999999998,1.4249999999999998,1.5225,1.59
BBB-B,landmark_still_registered,score_free,56,id_test,0.1,label_conditional,class0_singleton_accuracy,10,0.7346190571015869,0.07443675060821511,0.5490196078431373,0.7184615384615385,0.7427431059506531,0.7837719298245615,0.8148148148148148
BBB-B,landmark_still_registered,score_free,56,id_test,0.1,label_conditional,class1_singleton_accuracy,10,0.8716836123442704,0.07260479596752446,0.7377049180327869,0.836864406779661,0.8639705882352942,0.92,1.0
BBB-B,landmark_still_registered,score_free,56,id_test,0.1,marginal,coverage,10,0.9131221719457014,0.028601994126415817,0.8733031674208145,0.8891402714932126,0.9095022624434389,0.9400452488687783,0.9502262443438914
BBB-B,landmark_still_registered,score_free,56,id_test,0.1,marginal,avg_set_size,10,1.5144796380090497,0.09064969645160754,1.3665158371040724,1.4536199095022624,1.5203619909502262,1.6006787330316743,1.6153846153846154
BBB-B,landmark_still_registered,score_free,56,id_test,0.1,marginal,singleton_rate,10,0.48552036199095017,0.09064969645160752,0.38461538461538464,0.3993212669683258,0.4796380090497738,0.5463800904977376,0.6334841628959276
BBB-B,landmark_still_registered,score_free,56,id_test,0.1,marginal,ambiguous_rate,10,0.5144796380090498,0.09064969645160753,0.3665158371040724,0.45361990950226244,0.5203619909502262,0.6006787330316742,0.6153846153846154
BBB-B,landmark_still_registered,score_free,56,id_test,0.1,marginal,empty_rate,10,0.0,0.0,0.0,0.0,0.0,0.0,0.0
BBB-B,landmark_still_registered,score_free,56,id_test,0.1,marginal,singleton_accuracy,10,0.8251825109352511,0.030199928931416584,0.7807017543859649,0.8056561859193438,0.8133668101386896,0.849887556221889,0.8735632183908046
BBB-B,landmark_still_registered,score_free,56,id_test,0.1,marginal,class0_coverage,10,0.9694214876033058,0.017004186624805472,0.9421487603305785,0.9669421487603306,0.9669421487603306,0.9731404958677685,1.0
BBB-B,landmark_still_registered,score_free,56,id_test,0.1,marginal,class1_coverage,10,0.845,0.05967504596656053,0.76,0.805,0.845,0.8975,0.92
BBB-B,landmark_still_registered,score_free,56,id_test,0.1,marginal,class0_avg_set_size,10,1.518181818181818,0.09940667428022114,1.3801652892561984,1.4462809917355373,1.524793388429752,1.6074380165289255,1.6446280991735538
BBB-B,landmark_still_registered,score_free,56,id_test,0.1,marginal,class1_avg_set_size,10,1.51,0.08419553960210062,1.35,1.4625,1.5150000000000001,1.5675000000000001,1.62
BBB-B,landmark_still_registered,score_free,56,id_test,0.1,marginal,class0_singleton_accuracy,10,0.9372396276290006,0.0331397692017562,0.8970588235294118,0.9157620495006513,0.9222641509433962,0.9503763440860216,1.0
BBB-B,landmark_still_registered,score_free,56,id_test,0.1,marginal,class1_singleton_accuracy,10,0.6915825649349294,0.08493000613674119,0.52,0.636870026525199,0.7014842300556586,0.7630813953488372,0.7894736842105263
BBB-B,landmark_still_registered,score_free,56,id_test,0.2,label_conditional,coverage,10,0.8063348416289593,0.049236092339313836,0.751131221719457,0.7579185520361991,0.8122171945701357,0.8427601809954751,0.8914027149321267
BBB-B,landmark_still_registered,score_free,56,id_test,0.2,label_conditional,avg_set_size,10,1.252941176470588,0.11740412710751064,1.1040723981900453,1.1493212669683257,1.2669683257918551,1.333710407239819,1.4524886877828054
BBB-B,landmark_still_registered,score_free,56,id_test,0.2,label_conditional,singleton_rate,10,0.7470588235294119,0.11740412710751066,0.5475113122171946,0.666289592760181,0.7330316742081449,0.8506787330316743,0.8959276018099548
BBB-B,landmark_still_registered,score_free,56,id_test,0.2,label_conditional,ambiguous_rate,10,0.2529411764705883,0.11740412710751065,0.10407239819004525,0.1493212669683258,0.2669683257918552,0.333710407239819,0.45248868778280543
BBB-B,landmark_still_registered,score_free,56,id_test,0.2,label_conditional,empty_rate,10,0.0,0.0,0.0,0.0,0.0,0.0,0.0
BBB-B,landmark_still_registered,score_free,56,id_test,0.2,label_conditional,singleton_accuracy,10,0.7442366816472997,0.03137674116738896,0.6978021978021978,0.7291280148423006,0.7388314785373609,0.762737508796622,0.8016528925619835
BBB-B,landmark_still_registered,score_free,56,id_test,0.2,label_conditional,class0_coverage,10,0.8016528925619835,0.06389759506745564,0.6859504132231405,0.7768595041322314,0.8140495867768596,0.8388429752066116,0.8925619834710744
BBB-B,landmark_still_registered,score_free,56,id_test,0.2,label_conditional,class1_coverage,10,0.812,0.06579429222120176,0.69,0.76,0.825,0.865,0.89
BBB-B,landmark_still_registered,score_free,56,id_test,0.2,label_conditional,class0_avg_set_size,10,1.297520661157025,0.13234613938803652,1.1322314049586777,1.1756198347107438,1.322314049586777,1.3801652892561984,1.537190082644628
BBB-B,landmark_still_registered,score_free,56,id_test,0.2,label_conditional,class1_avg_set_size,10,1.1990000000000003,0.1036500522591925,1.05,1.1175000000000002,1.1949999999999998,1.2775,1.35
BBB-B,landmark_still_registered,score_free,56,id_test,0.2,label_conditional,class0_singleton_accuracy,10,0.7198928298844922,0.06288459044581707,0.6161616161616161,0.6726315789473685,0.7263366336633663,0.7776785714285714,0.7866666666666666
BBB-B,landmark_still_registered,score_free,56,id_test,0.2,label_conditional,class1_singleton_accuracy,10,0.7694915515459823,0.05856309748630751,0.6666666666666666,0.7401315789473684,0.7746376811594203,0.8218721037998147,0.8356164383561644
BBB-B,landmark_still_registered,score_free,56,id_test,0.2,marginal,coverage,10,0.8058823529411765,0.037764662388860275,0.7420814479638009,0.7760180995475113,0.8167420814479638,0.831447963800905,0.8552036199095022
BBB-B,landmark_still_registered,score_free,56,id_test,0.2,marginal,avg_set_size,10,1.1941176470588235,0.10308293048262838,1.0361990950226245,1.1131221719457014,1.2330316742081449,1.2669683257918551,1.3076923076923077
BBB-B,landmark_still_registered,score_free,56,id_test,0.2,marginal,singleton_rate,10,0.8058823529411765,0.10308293048262844,0.6923076923076923,0.7330316742081447,0.7669683257918551,0.8868778280542986,0.9638009049773756
BBB-B,landmark_still_registered,score_free,56,id_test,0.2,marginal,ambiguous_rate,10,0.19411764705882356,0.10308293048262843,0.03619909502262444,0.11312217194570134,0.2330316742081448,0.2669683257918552,0.3076923076923077
BBB-B,landmark_still_registered,score_free,56,id_test,0.2,marginal,empty_rate,10,0.0,0.0,0.0,0.0,0.0,0.0,0.0
BBB-B,landmark_still_registered,score_free,56,id_test,0.2,marginal,singleton_accuracy,10,0.7607901082012185,0.018034076870029694,0.7311320754716981,0.7546481693363845,0.7629977395235611,0.7706679894179894,0.7908496732026143
BBB-B,landmark_still_registered,score_free,56,id_test,0.2,marginal,class0_coverage,10,0.909090909090909,0.03282748013171621,0.8512396694214877,0.890495867768595,0.9173553719008265,0.9235537190082646,0.9586776859504132
BBB-B,landmark_still_registered,score_free,56,id_test,0.2,marginal,class1_coverage,10,0.681,0.051736511929841834,0.58,0.6575,0.7,0.72,0.73
BBB-B,landmark_still_registered,score_free,56,id_test,0.2,marginal,class0_avg_set_size,10,1.178512396694215,0.09772433634301271,1.0330578512396693,1.0888429752066116,1.21900826446281,1.2479338842975207,1.2892561983471074
BBB-B,landmark_still_registered,score_free,56,id_test,0.2,marginal,class1_avg_set_size,10,1.2129999999999999,0.11294541454466699,1.03,1.1424999999999998,1.24,1.3,1.35
BBB-B,landmark_still_registered,score_free,56,id_test,0.2,marginal,class0_singleton_accuracy,10,0.8915852911377318,0.028834796046403443,0.8461538461538461,0.8695862960568843,0.8941532258064516,0.9017102515660733,0.9418604651162791
BBB-B,landmark_still_registered,score_free,56,id_test,0.2,marginal,class1_singleton_accuracy,10,0.5941438446793994,0.03519858540475734,0.5172413793103449,0.5773684210526315,0.5956089119619294,0.6205730036752423,0.6391752577319587
BBB-B,landmark_still_registered,score_free,56,ood_test,0.05,label_conditional,coverage,10,0.9431743421052632,0.023668246376163486,0.9029605263157895,0.9276315789473685,0.9420230263157895,0.9564144736842105,0.9835526315789473
BBB-B,landmark_still_registered,score_free,56,ood_test,0.05,label_conditional,avg_set_size,10,1.7239309210526315,0.05761674071395732,1.6373355263157894,1.6957236842105263,1.717516447368421,1.7259457236842106,1.830592105263158
BBB-B,landmark_still_registered,score_free,56,ood_test,0.05,label_conditional,singleton_rate,10,0.27606907894736843,0.057616740713957296,0.16940789473684212,0.2740542763157895,0.282483552631579,0.3042763157894737,0.3626644736842105
BBB-B,landmark_still_registered,score_free,56,ood_test,0.05,label_conditional,ambiguous_rate,10,0.7239309210526315,0.05761674071395729,0.6373355263157895,0.6957236842105263,0.717516447368421,0.7259457236842105,0.8305921052631579
BBB-B,landmark_still_registered,score_free,56,ood_test,0.05,label_conditional,empty_rate,10,0.0,0.0,0.0,0.0,0.0,0.0,0.0
BBB-B,landmark_still_registered,score_free,56,ood_test,0.05,label_conditional,singleton_accuracy,10,0.8004765939940087,0.06423647552544538,0.6731301939058172,0.7626763025993706,0.8141060221898545,0.8367862296433725,0.9029126213592233
BBB-B,landmark_still_registered,score_free,56,ood_test,0.05,label_conditional,class0_coverage,10,0.9186980609418282,0.04039664951659489,0.8448753462603878,0.8898891966759003,0.9272853185595568,0.9418282548476454,0.9806094182825484
BBB-B,landmark_still_registered,score_free,56,ood_test,0.05,label_conditional,class1_coverage,10,0.9789473684210526,0.014572399445822516,0.9412955465587044,0.9752024291497976,0.9858299595141701,0.9878542510121457,0.9878542510121457
BBB-B,landmark_still_registered,score_free,56,ood_test,0.05,label_conditional,class0_avg_set_size,10,1.8347645429362882,0.06956852905558877,1.706371191135734,1.8130193905817173,1.8296398891966759,1.8431440443213296,1.9501385041551247
BBB-B,landmark_still_registered,score_free,56,ood_test,0.05,label_conditional,class1_avg_set_size,10,1.5619433198380566,0.04539711575482279,1.5182186234817814,1.5349190283400809,1.5465587044534415,1.5703441295546559,1.6558704453441295
BBB-B,landmark_still_registered,score_free,56,ood_test,0.05,label_conditional,class0_singleton_accuracy,10,0.487750554143089,0.18938098509552065,0.17037037037037037,0.33715780998389694,0.5073051948051948,0.6143162393162394,0.7783018867924528
BBB-B,landmark_still_registered,score_free,56,ood_test,0.05,label_conditional,class1_singleton_accuracy,10,0.9524850324176313,0.030685951127021913,0.8733624454148472,0.9470124182614434,0.9661367249602544,0.9692910301605954,0.9747899159663865
BBB-B,landmark_still_registered,score_free,56,ood_test,0.05,marginal,coverage,10,0.9592927631578947,0.02420754281173524,0.9185855263157895,0.9510690789473685,0.9683388157894737,0.9751233552631579,0.9860197368421053
BBB-B,landmark_still_registered,score_free,56,ood_test,0.05,marginal,avg_set_size,10,1.7310855263157894,0.08597760350956384,1.5641447368421053,1.673314144736842,1.7545230263157894,1.7892680921052633,1.832236842105263
BBB-B,landmark_still_registered,score_free,56,ood_test,0.05,marginal,singleton_rate,10,0.2689144736842105,0.08597760350956386,0.16776315789473684,0.21073190789473684,0.2454769736842105,0.32668585526315785,0.43585526315789475
BBB-B,landmark_still_registered,score_free,56,ood_test,0.05,marginal,ambiguous_rate,10,0.7310855263157895,0.08597760350956385,0.5641447368421053,0.673314144736842,0.7545230263157894,0.7892680921052632,0.8322368421052632
BBB-B,landmark_still_registered,score_free,56,ood_test,0.05,marginal,empty_rate,10,0.0,0.0,0.0,0.0,0.0,0.0,0.0
BBB-B,landmark_still_registered,score_free,56,ood_test,0.05,marginal,singleton_accuracy,10,0.8556046273048177,0.06197877323399666,0.6990881458966566,0.8621543778801843,0.8638911909520792,0.8927644149713387,0.9166666666666666
BBB-B,landmark_still_registered,score_free,56,ood_test,0.05,marginal,class0_coverage,10,0.963157894736842,0.036762063117154645,0.8739612188365651,0.9681440443213296,0.9709141274238227,0.9882271468144044,0.9903047091412742
BBB-B,landmark_still_registered,score_free,56,ood_test,0.05,marginal,class1_coverage,10,0.9536437246963564,0.03126494754345826,0.8987854251012146,0.9326923076923077,0.965587044534413,0.9762145748987854,0.9838056680161943
BBB-B,landmark_still_registered,score_free,56,ood_test,0.05,marginal,class0_avg_set_size,10,1.7940443213296402,0.10819697404563206,1.605263157894737,1.704639889196676,1.8199445983379503,1.8732686980609419,1.9168975069252077
BBB-B,landmark_still_registered,score_free,56,ood_test,0.05,marginal,class1_avg_set_size,10,1.6390688259109312,0.06069162158175879,1.5040485829959513,1.6113360323886639,1.6406882591093117,1.6786437246963564,1.708502024291498
BBB-B,landmark_still_registered,score_free,56,ood_test,0.05,marginal,class0_singleton_accuracy,10,0.8072817113413839,0.18546243073642296,0.3157894736842105,0.8097744360902256,0.8538804071246819,0.905275974025974,0.9666666666666667
BBB-B,landmark_still_registered,score_free,56,ood_test,0.05,marginal,class1_singleton_accuracy,10,0.8760244030924831,0.07248887166957473,0.7222222222222222,0.8321816068199432,0.9009184308841842,0.9255702979515829,0.9591836734693877
BBB-B,landmark_still_registered,score_free,56,ood_test,0.1,label_conditional,coverage,10,0.8740953947368422,0.047936939311214746,0.7771381578947368,0.8458059210526315,0.878700657894737,0.9083059210526315,0.9350328947368421
BBB-B,landmark_still_registered,score_free,56,ood_test,0.1,label_conditional,avg_set_size,10,1.5601151315789474,0.0858765549235521,1.4638157894736843,1.4938322368421053,1.5238486842105263,1.6101973684210527,1.6973684210526316
BBB-B,landmark_still_registered,score_free,56,ood_test,0.1,label_conditional,singleton_rate,10,0.4398848684210527,0.08587655492355209,0.3026315789473684,0.38980263157894735,0.4761513157894737,0.5061677631578947,0.5361842105263158
BBB-B,landmark_still_registered,score_free,56,ood_test,0.1,label_conditional,ambiguous_rate,10,0.5601151315789474,0.08587655492355206,0.46381578947368424,0.49383223684210525,0.5238486842105263,0.6101973684210527,0.6973684210526315
BBB-B,landmark_still_registered,score_free,56,ood_test,0.1,label_conditional,empty_rate,10,0.0,0.0,0.0,0.0,0.0,0.0,0.0
BBB-B,landmark_still_registered,score_free,56,ood_test,0.1,label_conditional,singleton_accuracy,10,0.719304658037869,0.07086914753111306,0.5643086816720257,0.6805385556915544,0.7353723404255319,0.7758179959100204,0.7853260869565217
BBB-B,landmark_still_registered,score_free,56,ood_test,0.1,label_conditional,class0_coverage,10,0.8195290858725762,0.08534236476027694,0.6357340720221607,0.7683518005540166,0.8372576177285318,0.8857340720221607,0.909972299168975
BBB-B,landmark_still_registered,score_free,56,ood_test,0.1,label_conditional,class1_coverage,10,0.9538461538461538,0.030637547608902877,0.8987854251012146,0.9498987854251012,0.9605263157894737,0.9762145748987854,0.9838056680161943
BBB-B,landmark_still_registered,score_free,56,ood_test,0.1,label_conditional,class0_avg_set_size,10,1.6541551246537396,0.10751715560566201,1.5124653739612188,1.5723684210526316,1.6246537396121883,1.7229916897506925,1.8157894736842106
BBB-B,landmark_still_registered,score_free,56,ood_test,0.1,label_conditional,class1_avg_set_size,10,1.422672064777328,0.05956907446879388,1.3562753036437247,1.3775303643724697,1.408906882591093,1.4493927125506072,1.5263157894736843
BBB-B,landmark_still_registered,score_free,56,ood_test,0.1,label_conditional,class0_singleton_accuracy,10,0.4679849270672139,0.1828043432975724,0.1377049180327869,0.36948349133703823,0.4557825952894855,0.5619837704680481,0.7483870967741936
BBB-B,landmark_still_registered,score_free,56,ood_test,0.1,label_conditional,class1_singleton_accuracy,10,0.9208279026310338,0.05048729457167817,0.8251748251748252,0.9194793245291188,0.9334981085659912,0.9541785375118708,0.9747634069400631
BBB-B,landmark_still_registered,score_free,56,ood_test,0.1,marginal,coverage,10,0.9186677631578949,0.02977344711297939,0.8717105263157895,0.897203947368421,0.9263980263157895,0.9348273026315789,0.9629934210526315
BBB-B,landmark_still_registered,score_free,56,ood_test,0.1,marginal,avg_set_size,10,1.5700657894736842,0.0979211789985999,1.4136513157894737,1.508223684210526,1.590049342105263,1.6365131578947367,1.714638157894737
BBB-B,landmark_still_registered,score_free,56,ood_test,0.1,marginal,singleton_rate,10,0.42993421052631575,0.09792117899859988,0.28536184210526316,0.36348684210526316,0.40995065789473684,0.4917763157894737,0.5863486842105263
BBB-B,landmark_still_registered,score_free,56,ood_test,0.1,marginal,ambiguous_rate,10,0.5700657894736841,0.09792117899859988,0.4136513157894737,0.5082236842105263,0.5900493421052632,0.6365131578947368,0.7146381578947368
BBB-B,landmark_still_registered,score_free,56,ood_test,0.1,marginal,empty_rate,10,0.0,0.0,0.0,0.0,0.0,0.0,0.0
BBB-B,landmark_still_registered,score_free,56,ood_test,0.1,marginal,singleton_accuracy,10,0.8141258328893821,0.0450217896728524,0.7228381374722838,0.7954390041377963,0.8186282467532467,0.8429330103858406,0.8703170028818443
BBB-B,landmark_still_registered,score_free,56,ood_test,0.1,marginal,class0_coverage,10,0.9383656509695291,0.043639189334118325,0.850415512465374,0.9207063711911357,0.948753462603878,0.9726454293628809,0.9833795013850416
BBB-B,landmark_still_registered,score_free,56,ood_test,0.1,marginal,class1_coverage,10,0.8898785425101213,0.054852946041519024,0.7955465587044535,0.853744939271255,0.8927125506072875,0.9347165991902834,0.9655870445344129
BBB-B,landmark_still_registered,score_free,56,ood_test,0.1,marginal,class0_avg_set_size,10,1.612049861495845,0.11753455676310771,1.4265927977839334,1.5231994459833795,1.6357340720221607,1.700831024930748,1.7686980609418284
BBB-B,landmark_still_registered,score_free,56,ood_test,0.1,marginal,class1_avg_set_size,10,1.5087044534412954,0.07733070252918849,1.394736842105263,1.4524291497975708,1.527327935222672,1.5430161943319838,1.6356275303643724
BBB-B,landmark_still_registered,score_free,56,ood_test,0.1,marginal,class0_singleton_accuracy,10,0.8306436793410159,0.13556698259074598,0.5,0.7916986869613359,0.8718800322061191,0.9103279290475652,0.9659090909090909
BBB-B,landmark_still_registered,score_free,56,ood_test,0.1,marginal,class1_singleton_accuracy,10,0.7819377013920803,0.08922057147288404,0.645021645021645,0.7372881355932204,0.7885332599657618,0.8290094339622642,0.9276595744680851
BBB-B,landmark_still_registered,score_free,56,ood_test,0.2,label_conditional,coverage,10,0.7444901315789474,0.06373700118004619,0.6644736842105263,0.6907894736842105,0.7306743421052632,0.8001644736842105,0.8388157894736842
BBB-B,landmark_still_registered,score_free,56,ood_test,0.2,label_conditional,avg_set_size,10,1.2550986842105263,0.11287723486350512,1.1060855263157894,1.16015625,1.263157894736842,1.324013157894737,1.4761513157894737
BBB-B,landmark_still_registered,score_free,56,ood_test,0.2,label_conditional,singleton_rate,10,0.7449013157894737,0.11287723486350515,0.5238486842105263,0.6759868421052632,0.7368421052631579,0.83984375,0.8939144736842105
BBB-B,landmark_still_registered,score_free,56,ood_test,0.2,label_conditional,ambiguous_rate,10,0.25509868421052634,0.11287723486350514,0.10608552631578948,0.16015625,0.2631578947368421,0.32401315789473684,0.4761513157894737
BBB-B,landmark_still_registered,score_free,56,ood_test,0.2,label_conditional,empty_rate,10,0.0,0.0,0.0,0.0,0.0,0.0,0.0
BBB-B,landmark_still_registered,score_free,56,ood_test,0.2,label_conditional,singleton_accuracy,10,0.6595139272691005,0.055823397736825514,0.5471698113207547,0.6376257782264849,0.6652647543662629,0.6933721260289526,0.7295173961840629
BBB-B,landmark_still_registered,score_free,56,ood_test,0.2,label_conditional,class0_coverage,10,0.6649584487534625,0.10788210261112831,0.46814404432132967,0.6135734072022161,0.6578947368421053,0.7628116343490304,0.796398891966759
BBB-B,landmark_still_registered,score_free,56,ood_test,0.2,label_conditional,class1_coverage,10,0.8607287449392713,0.06267535423733442,0.7631578947368421,0.8097165991902834,0.8694331983805668,0.9048582995951417,0.951417004048583
BBB-B,landmark_still_registered,score_free,56,ood_test,0.2,label_conditional,class0_avg_set_size,10,1.2934903047091413,0.1313145518757901,1.1218836565096952,1.1838642659279779,1.2950138504155124,1.3704986149584488,1.559556786703601
BBB-B,landmark_still_registered,score_free,56,ood_test,0.2,label_conditional,class1_avg_set_size,10,1.1989878542510122,0.08671200960996368,1.082995951417004,1.125506072874494,1.2165991902834008,1.2530364372469636,1.354251012145749
BBB-B,landmark_still_registered,score_free,56,ood_test,0.2,label_conditional,class0_singleton_accuracy,10,0.5234181745231204,0.13388948422044408,0.2455795677799607,0.45705644353643393,0.5449219774003504,0.6152442854219154,0.7111984282907662
BBB-B,landmark_still_registered,score_free,56,ood_test,0.2,label_conditional,class1_singleton_accuracy,10,0.8297680658787696,0.06562808619020155,0.7417218543046358,0.7806839952363693,0.8323370467650877,0.8757265817124972,0.9387755102040817
BBB-B,landmark_still_registered,score_free,56,ood_test,0.2,marginal,coverage,10,0.784703947368421,0.05802448827531516,0.694078947368421,0.7452713815789473,0.7754934210526316,0.8248355263157894,0.8643092105263158
BBB-B,landmark_still_registered,score_free,56,ood_test,0.2,marginal,avg_set_size,10,1.2254934210526316,0.11494267083414099,1.0485197368421053,1.1268503289473684,1.2557565789473686,1.314967105263158,1.3807565789473684
BBB-B,landmark_still_registered,score_free,56,ood_test,0.2,marginal,singleton_rate,10,0.7745065789473685,0.11494267083414099,0.6192434210526315,0.6850328947368421,0.7442434210526316,0.8731496710526316,0.9514802631578947
BBB-B,landmark_still_registered,score_free,56,ood_test,0.2,marginal,ambiguous_rate,10,0.2254934210526316,0.11494267083414099,0.04851973684210526,0.12685032894736842,0.2557565789473684,0.3149671052631579,0.3807565789473684
BBB-B,landmark_still_registered,score_free,56,ood_test,0.2,marginal,empty_rate,10,0.0,0.0,0.0,0.0,0.0,0.0,0.0
BBB-B,landmark_still_registered,score_free,56,ood_test,0.2,marginal,singleton_accuracy,10,0.7253285830632841,0.04647020994299529,0.6425389755011136,0.6944718237380454,0.7393132579370487,0.7455807751929253,0.7913043478260869
BBB-B,landmark_still_registered,score_free,56,ood_test,0.2,marginal,class0_coverage,10,0.8285318559556787,0.08882473989496756,0.6897506925207756,0.7541551246537396,0.8531855955678671,0.8981994459833795,0.9335180055401662
BBB-B,landmark_still_registered,score_free,56,ood_test,0.2,marginal,class1_coverage,10,0.7206477732793524,0.07144853706855088,0.582995951417004,0.673582995951417,0.7449392712550608,0.7773279352226721,0.8036437246963563
BBB-B,landmark_still_registered,score_free,56,ood_test,0.2,marginal,class0_avg_set_size,10,1.2444598337950137,0.12733890207586782,1.051246537396122,1.121191135734072,1.2943213296398892,1.3362188365650969,1.4058171745152355
BBB-B,landmark_still_registered,score_free,56,ood_test,0.2,marginal,class1_avg_set_size,10,1.1977732793522269,0.10066902003564814,1.0445344129554657,1.1351214574898785,1.1993927125506072,1.2535425101214575,1.3441295546558705
BBB-B,landmark_still_registered,score_free,56,ood_test,0.2,marginal,class0_singleton_accuracy,10,0.7753037279039847,0.11096045500520227,0.5528942115768463,0.7114065131948344,0.7968791934138468,0.8734009892546478,0.8913043478260869
BBB-B,landmark_still_registered,score_free,56,ood_test,0.2,marginal,class1_singleton_accuracy,10,0.6534296942033233,0.06543606989924441,0.5209302325581395,0.6357245648499246,0.6436868686868686,0.6931009113347257,0.7556675062972292
BBB-J,landmark_still_registered,score_free,14,id_test,0.05,label_conditional,coverage,10,0.9480286738351256,0.010719449489203321,0.9283154121863799,0.942652329749104,0.9498207885304659,0.9560931899641577,0.9605734767025089
BBB-J,landmark_still_registered,score_free,14,id_test,0.05,label_conditional,avg_set_size,10,1.7415770609318997,0.04102164064811519,1.6845878136200716,1.7087813620071683,1.7383512544802868,1.7616487455197132,1.8064516129032258
BBB-J,landmark_still_registered,score_free,14,id_test,0.05,label_conditional,singleton_rate,10,0.2584229390681003,0.041021640648115185,0.1935483870967742,0.23835125448028674,0.2616487455197133,0.29121863799283154,0.3154121863799283
BBB-J,landmark_still_registered,score_free,14,id_test,0.05,label_conditional,ambiguous_rate,10,0.7415770609318997,0.04102164064811519,0.6845878136200717,0.7087813620071685,0.7383512544802867,0.7616487455197133,0.8064516129032258
BBB-J,landmark_still_registered,score_free,14,id_test,0.05,label_conditional,empty_rate,10,0.0,0.0,0.0,0.0,0.0,0.0,0.0
BBB-J,landmark_still_registered,score_free,14,id_test,0.05,label_conditional,singleton_accuracy,10,0.7961513822639813,0.04508955397040665,0.7090909090909091,0.7956649831649831,0.8036144578313253,0.8271868050407709,0.8493150684931506
BBB-J,landmark_still_registered,score_free,14,id_test,0.05,label_conditional,class0_coverage,10,0.9472049689440993,0.018108546257283552,0.9192546583850931,0.9440993788819876,0.9503105590062112,0.9549689440993789,0.9813664596273292
BBB-J,landmark_still_registered,score_free,14,id_test,0.05,label_conditional,class1_coverage,10,0.9491525423728815,0.027095093352049255,0.8898305084745762,0.940677966101695,0.9533898305084746,0.972457627118644,0.9745762711864406
BBB-J,landmark_still_registered,score_free,14,id_test,0.05,label_conditional,class0_avg_set_size,10,1.7590062111801241,0.060772305785365965,1.6956521739130435,1.7142857142857142,1.7298136645962732,1.8027950310559007,1.8819875776397517
BBB-J,landmark_still_registered,score_free,14,id_test,0.05,label_conditional,class1_avg_set_size,10,1.7177966101694913,0.04431518277123551,1.6440677966101696,1.6906779661016949,1.707627118644068,1.7372881355932204,1.7966101694915255
BBB-J,landmark_still_registered,score_free,14,id_test,0.05,label_conditional,class0_singleton_accuracy,10,0.7641565272057496,0.09812035964591903,0.5789473684210527,0.717391304347826,0.7547438330170778,0.819047619047619,0.9387755102040817
BBB-J,landmark_still_registered,score_free,14,id_test,0.05,label_conditional,class1_singleton_accuracy,10,0.810374732960122,0.114615360956531,0.6176470588235294,0.757168458781362,0.845881595881596,0.898847926267281,0.918918918918919
BBB-J,landmark_still_registered,score_free,14,id_test,0.05,marginal,coverage,10,0.9505376344086022,0.012956216689821703,0.9283154121863799,0.946236559139785,0.9480286738351255,0.9525089605734767,0.974910394265233
BBB-J,landmark_still_registered,score_free,14,id_test,0.05,marginal,avg_set_size,10,1.7383512544802868,0.05071681069723085,1.6810035842293907,1.7025089605734767,1.7311827956989247,1.7562724014336917,1.8602150537634408
BBB-J,landmark_still_registered,score_free,14,id_test,0.05,marginal,singleton_rate,10,0.2616487455197133,0.050716810697230885,0.13978494623655913,0.24372759856630824,0.26881720430107525,0.29749103942652333,0.31899641577060933
BBB-J,landmark_still_registered,score_free,14,id_test,0.05,marginal,ambiguous_rate,10,0.7383512544802867,0.05071681069723088,0.6810035842293907,0.7025089605734767,0.7311827956989247,0.7562724014336917,0.8602150537634409
BBB-J,landmark_still_registered,score_free,14,id_test,0.05,marginal,empty_rate,10,0.0,0.0,0.0,0.0,0.0,0.0,0.0
BBB-J,landmark_still_registered,score_free,14,id_test,0.05,marginal,singleton_accuracy,10,0.8094287317675697,0.04595893736385408,0.696969696969697,0.7964085820895522,0.8209706959706959,0.8296765866990586,0.8732394366197183
BBB-J,landmark_still_registered,score_free,14,id_test,0.05,marginal,class0_coverage,10,0.9770186335403727,0.013110675113033148,0.9565217391304348,0.968944099378882,0.9782608695652174,0.9875776397515528,0.9937888198757764
BBB-J,landmark_still_registered,score_free,14,id_test,0.05,marginal,class1_coverage,10,0.9144067796610169,0.020930659381743193,0.8898305084745762,0.8940677966101694,0.9152542372881356,0.923728813559322,0.9491525423728814
BBB-J,landmark_still_registered,score_free,14,id_test,0.05,marginal,class0_avg_set_size,10,1.6925465838509317,0.05679447918983522,1.6335403726708075,1.6506211180124224,1.6739130434782608,1.7142857142857144,1.813664596273292
BBB-J,landmark_still_registered,score_free,14,id_test,0.05,marginal,class1_avg_set_size,10,1.8008474576271187,0.05861156474928369,1.7372881355932204,1.7521186440677967,1.792372881355932,1.832627118644068,1.923728813559322
BBB-J,landmark_still_registered,score_free,14,id_test,0.05,marginal,class0_singleton_accuracy,10,0.9241365429522184,0.04802287219391338,0.8205128205128205,0.8979044834307992,0.9372189553787617,0.9620827285921626,0.9666666666666667
BBB-J,landmark_still_registered,score_free,14,id_test,0.05,marginal,class1_singleton_accuracy,10,0.5493386610873878,0.10525350164154705,0.3333333333333333,0.5046296296296297,0.5495818399044206,0.6060606060606061,0.7
BBB-J,landmark_still_registered,score_free,14,id_test,0.1,label_conditional,coverage,10,0.9025089605734766,0.0222106571825515,0.8709677419354839,0.8897849462365591,0.8960573476702509,0.9193548387096775,0.9390681003584229
BBB-J,landmark_still_registered,score_free,14,id_test,0.1,label_conditional,avg_set_size,10,1.5863799283154123,0.08094682285438919,1.4480286738351253,1.528673835125448,1.603942652329749,1.6173835125448028,1.7132616487455197
BBB-J,landmark_still_registered,score_free,14,id_test,0.1,label_conditional,singleton_rate,10,0.4136200716845878,0.08094682285438919,0.2867383512544803,0.3826164874551971,0.3960573476702509,0.471326164874552,0.5519713261648745
BBB-J,landmark_still_registered,score_free,14,id_test,0.1,label_conditional,ambiguous_rate,10,0.5863799283154121,0.08094682285438919,0.44802867383512546,0.5286738351254481,0.6039426523297491,0.6173835125448028,0.7132616487455197
BBB-J,landmark_still_registered,score_free,14,id_test,0.1,label_conditional,empty_rate,10,0.0,0.0,0.0,0.0,0.0,0.0,0.0
BBB-J,landmark_still_registered,score_free,14,id_test,0.1,label_conditional,singleton_accuracy,10,0.7647525781214639,0.027608094950722067,0.7075471698113207,0.7511937557392103,0.7707573325550854,0.7840754423488236,0.7981651376146789
BBB-J,landmark_still_registered,score_free,14,id_test,0.1,label_conditional,class0_coverage,10,0.9024844720496894,0.03300313544680825,0.8571428571428571,0.8711180124223602,0.9130434782608696,0.9285714285714286,0.9440993788819876
BBB-J,landmark_still_registered,score_free,14,id_test,0.1,label_conditional,class1_coverage,10,0.9025423728813561,0.04194701244326978,0.8305084745762712,0.8834745762711864,0.9152542372881356,0.9364406779661018,0.9491525423728814
BBB-J,landmark_still_registered,score_free,14,id_test,0.1,label_conditional,class0_avg_set_size,10,1.5906832298136646,0.10279039185226407,1.434782608695652,1.5341614906832297,1.5683229813664596,1.6475155279503104,1.7701863354037266
BBB-J,landmark_still_registered,score_free,14,id_test,0.1,label_conditional,class1_avg_set_size,10,1.5805084745762712,0.07718122086053253,1.4661016949152543,1.5190677966101696,1.5889830508474576,1.6334745762711864,1.7118644067796611
BBB-J,landmark_still_registered,score_free,14,id_test,0.1,label_conditional,class0_singleton_accuracy,10,0.7581250120934256,0.0609900395525097,0.7027027027027027,0.7201897018970189,0.7254784688995215,0.7823023750443105,0.8732394366197183
BBB-J,landmark_still_registered,score_free,14,id_test,0.1,label_conditional,class1_singleton_accuracy,10,0.7607891972809159,0.11420859592392901,0.5476190476190477,0.7017973856209151,0.7940858276235124,0.8405032467532467,0.8771929824561403
BBB-J,landmark_still_registered,score_free,14,id_test,0.1,marginal,coverage,10,0.9014336917562724,0.025638307925776503,0.8673835125448028,0.8888888888888888,0.8942652329749103,0.9121863799283154,0.9605734767025089
BBB-J,landmark_still_registered,score_free,14,id_test,0.1,marginal,avg_set_size,10,1.5555555555555554,0.09215799653847977,1.3835125448028673,1.5358422939068102,1.5483870967741935,1.5725806451612903,1.7634408602150538
BBB-J,landmark_still_registered,score_free,14,id_test,0.1,marginal,singleton_rate,10,0.4444444444444445,0.09215799653847978,0.23655913978494625,0.4274193548387097,0.45161290322580644,0.46415770609318996,0.6164874551971327
BBB-J,landmark_still_registered,score_free,14,id_test,0.1,marginal,ambiguous_rate,10,0.5555555555555556,0.09215799653847974,0.3835125448028674,0.53584229390681,0.5483870967741935,0.5725806451612903,0.7634408602150538
BBB-J,landmark_still_registered,score_free,14,id_test,0.1,marginal,empty_rate,10,0.0,0.0,0.0,0.0,0.0,0.0,0.0
BBB-J,landmark_still_registered,score_free,14,id_test,0.1,marginal,singleton_accuracy,10,0.7803266946576941,0.03275665539113727,0.7203389830508474,0.7625600961538461,0.7803728949478749,0.8034391534391534,0.8333333333333334
BBB-J,landmark_still_registered,score_free,14,id_test,0.1,marginal,class0_coverage,10,0.9552795031055901,0.021275747542302485,0.9254658385093167,0.9394409937888198,0.9503105590062112,0.9720496894409938,0.9937888198757764
BBB-J,landmark_still_registered,score_free,14,id_test,0.1,marginal,class1_coverage,10,0.8279661016949152,0.03874281169716089,0.788135593220339,0.8050847457627118,0.8220338983050848,0.836864406779661,0.9152542372881356
BBB-J,landmark_still_registered,score_free,14,id_test,0.1,marginal,class0_avg_set_size,10,1.4993788819875777,0.09470550515488965,1.3043478260869565,1.4767080745341614,1.5,1.513975155279503,1.6956521739130435
BBB-J,landmark_still_registered,score_free,14,id_test,0.1,marginal,class1_avg_set_size,10,1.6322033898305086,0.10202394981250357,1.4915254237288136,1.5720338983050848,1.6101694915254239,1.673728813559322,1.8559322033898304
BBB-J,landmark_still_registered,score_free,14,id_test,0.1,marginal,class0_singleton_accuracy,10,0.913209449853721,0.038095174336552046,0.8648648648648649,0.8860225140712945,0.902124773960217,0.9457185405807893,0.9795918367346939
BBB-J,landmark_still_registered,score_free,14,id_test,0.1,marginal,class1_singleton_accuracy,10,0.5206506873761512,0.0574042786571205,0.4117647058823529,0.5,0.5196078431372548,0.5389030612244898,0.6226415094339622
BBB-J,landmark_still_registered,score_free,14,id_test,0.2,label_conditional,coverage,10,0.8,0.03365699758501125,0.7741935483870968,0.7786738351254481,0.7849462365591398,0.8091397849462365,0.8853046594982079
BBB-J,landmark_still_registered,score_free,14,id_test,0.2,label_conditional,avg_set_size,10,1.3114695340501792,0.09598852126280599,1.1863799283154122,1.2580645161290323,1.3010752688172043,1.3279569892473118,1.5448028673835126
BBB-J,landmark_still_registered,score_free,14,id_test,0.2,label_conditional,singleton_rate,10,0.6885304659498208,0.09598852126280598,0.4551971326164875,0.6720430107526881,0.6989247311827957,0.7419354838709677,0.8136200716845878
BBB-J,landmark_still_registered,score_free,14,id_test,0.2,label_conditional,ambiguous_rate,10,0.31146953405017924,0.09598852126280599,0.1863799283154122,0.25806451612903225,0.3010752688172043,0.3279569892473118,0.5448028673835126
BBB-J,landmark_still_registered,score_free,14,id_test,0.2,label_conditional,empty_rate,10,0.0,0.0,0.0,0.0,0.0,0.0,0.0
BBB-J,landmark_still_registered,score_free,14,id_test,0.2,label_conditional,singleton_accuracy,10,0.7105170513673034,0.022471750518756606,0.671875,0.6983092306865223,0.7101449275362319,0.7253487253487254,0.7480314960629921
BBB-J,landmark_still_registered,score_free,14,id_test,0.2,label_conditional,class0_coverage,10,0.7919254658385093,0.04184551331554395,0.7204968944099379,0.7608695652173914,0.7950310559006211,0.8183229813664596,0.8633540372670807
BBB-J,landmark_still_registered,score_free,14,id_test,0.2,label_conditional,class1_coverage,10,0.8110169491525424,0.0566452860848519,0.7203389830508474,0.7902542372881356,0.8008474576271186,0.8432203389830508,0.9152542372881356
BBB-J,landmark_still_registered,score_free,14,id_test,0.2,label_conditional,class0_avg_set_size,10,1.3204968944099378,0.1147976651145135,1.173913043478261,1.2624223602484472,1.2950310559006213,1.355590062111801,1.5962732919254659
BBB-J,landmark_still_registered,score_free,14,id_test,0.2,label_conditional,class1_avg_set_size,10,1.2991525423728814,0.08020310806050099,1.2033898305084745,1.2542372881355932,1.2796610169491525,1.3283898305084745,1.4745762711864407
BBB-J,landmark_still_registered,score_free,14,id_test,0.2,label_conditional,class0_singleton_accuracy,10,0.6910214000272761,0.049215381208884156,0.6186440677966102,0.6620629370629371,0.6734972677595628,0.7247011398387546,0.7669172932330827
BBB-J,landmark_still_registered,score_free,14,id_test,0.2,label_conditional,class1_singleton_accuracy,10,0.7339899708795854,0.06354869107081555,0.625,0.6971518987341773,0.7329545454545454,0.7627186009538951,0.8387096774193549
BBB-J,landmark_still_registered,score_free,14,id_test,0.2,marginal,coverage,10,0.7867383512544802,0.041567790339581356,0.7347670250896058,0.7535842293906809,0.7795698924731183,0.8163082437275986,0.8673835125448028
BBB-J,landmark_still_registered,score_free,14,id_test,0.2,marginal,avg_set_size,10,1.2659498207885307,0.08986501714537182,1.1218637992831542,1.2338709677419355,1.2724014336917562,1.289426523297491,1.4623655913978495
BBB-J,landmark_still_registered,score_free,14,id_test,0.2,marginal,singleton_rate,10,0.7340501792114695,0.08986501714537182,0.5376344086021505,0.7105734767025089,0.7275985663082437,0.7661290322580645,0.8781362007168458
BBB-J,landmark_still_registered,score_free,14,id_test,0.2,marginal,ambiguous_rate,10,0.26594982078853047,0.08986501714537182,0.12186379928315412,0.2338709677419355,0.2724014336917563,0.2894265232974911,0.46236559139784944
BBB-J,landmark_still_registered,score_free,14,id_test,0.2,marginal,empty_rate,10,0.0,0.0,0.0,0.0,0.0,0.0,0.0
BBB-J,landmark_still_registered,score_free,14,id_test,0.2,marginal,singleton_accuracy,10,0.7111254067842254,0.034226794935732247,0.6432160804020101,0.6956709956709957,0.7100907029478458,0.7380963797650444,0.7533333333333333
BBB-J,landmark_still_registered,score_free,14,id_test,0.2,marginal,class0_coverage,10,0.8925465838509317,0.042232980038830754,0.8260869565217391,0.8680124223602484,0.8913043478260869,0.9145962732919255,0.9627329192546584
BBB-J,landmark_still_registered,score_free,14,id_test,0.2,marginal,class1_coverage,10,0.6423728813559321,0.05731052950470399,0.559322033898305,0.6122881355932204,0.6271186440677966,0.6779661016949152,0.7372881355932204
BBB-J,landmark_still_registered,score_free,14,id_test,0.2,marginal,class0_avg_set_size,10,1.2267080745341614,0.08162970601952928,1.1055900621118013,1.1832298136645962,1.220496894409938,1.2562111801242235,1.3975155279503106
BBB-J,landmark_still_registered,score_free,14,id_test,0.2,marginal,class1_avg_set_size,10,1.3194915254237287,0.11606354274373895,1.1440677966101696,1.2330508474576272,1.326271186440678,1.38135593220339,1.5508474576271187
BBB-J,landmark_still_registered,score_free,14,id_test,0.2,marginal,class0_singleton_accuracy,10,0.8634052974158244,0.047981305200636724,0.7795275590551181,0.8476015406162465,0.8561266167460857,0.8918621700879765,0.9381443298969072
BBB-J,landmark_still_registered,score_free,14,id_test,0.2,marginal,class1_singleton_accuracy,10,0.4708689238956617,0.05433309738756167,0.4027777777777778,0.4322916666666667,0.4594507060500065,0.5122445755213819,0.5657894736842105
BBB-J,landmark_still_registered,score_free,14,ood_test,0.05,label_conditional,coverage,10,0.8607954545454547,0.05869806772177404,0.7897727272727273,0.8164772727272728,0.859375,0.8961647727272727,0.9573863636363636
BBB-J,landmark_still_registered,score_free,14,ood_test,0.05,label_conditional,avg_set_size,10,1.4979545454545455,0.17540459755108168,1.3,1.375284090909091,1.472159090909091,1.5901988636363635,1.822159090909091
BBB-J,landmark_still_registered,score_free,14,ood_test,0.05,label_conditional,singleton_rate,10,0.5020454545454546,0.17540459755108168,0.17784090909090908,0.40980113636363635,0.5278409090909091,0.6247159090909091,0.7
BBB-J,landmark_still_registered,score_free,14,ood_test,0.05,label_conditional,ambiguous_rate,10,0.4979545454545454,0.1754045975510817,0.3,0.37528409090909093,0.4721590909090909,0.5901988636363636,0.8221590909090909
BBB-J,landmark_still_registered,score_free,14,ood_test,0.05,label_conditional,empty_rate,10,0.0,0.0,0.0,0.0,0.0,0.0,0.0
BBB-J,landmark_still_registered,score_free,14,ood_test,0.05,label_conditional,singleton_accuracy,10,0.7307647369347487,0.027457391526736555,0.6962233169129721,0.7056359596444871,0.7335287256979295,0.7470537012904401,0.7786885245901639
BBB-J,landmark_still_registered,score_free,14,ood_test,0.05,label_conditional,class0_coverage,10,0.975642161204606,0.009207243064371226,0.9654561558901683,0.9703277236492471,0.9716563330380869,0.9798494242692648,0.9929140832595217
BBB-J,landmark_still_registered,score_free,14,ood_test,0.05,label_conditional,class1_coverage,10,0.655309033280507,0.16459791711118535,0.4754358161648177,0.5265451664025357,0.6394611727416799,0.7606973058637084,0.9318541996830428
BBB-J,landmark_still_registered,score_free,14,ood_test,0.05,label_conditional,class0_avg_set_size,10,1.4547387068201947,0.18718639369865211,1.2550930026572187,1.3299379982285209,1.4154118689105402,1.5442869796279894,1.821080602302923
BBB-J,landmark_still_registered,score_free,14,ood_test,0.05,label_conditional,class1_avg_set_size,10,1.5752773375594296,0.15646368332119645,1.3771790808240887,1.456418383518225,1.5736925515055469,1.6723454833597464,1.8240887480190173
BBB-J,landmark_still_registered,score_free,14,ood_test,0.05,label_conditional,class0_singleton_accuracy,10,0.9442800324498453,0.04339227338512198,0.8415841584158416,0.9291550994880364,0.9566830280318617,0.9695798543745124,0.987220447284345
BBB-J,landmark_still_registered,score_free,14,ood_test,0.05,label_conditional,class1_singleton_accuracy,10,0.2359547914231821,0.1682579254805941,0.109375,0.12900874635568513,0.15347718131823032,0.2896915077352736,0.6126126126126126
BBB-J,landmark_still_registered,score_free,14,ood_test,0.05,marginal,coverage,10,0.8406818181818181,0.058670072919521796,0.7613636363636364,0.7928977272727272,0.8417613636363637,0.871875,0.9414772727272728
BBB-J,landmark_still_registered,score_free,14,ood_test,0.05,marginal,avg_set_size,10,1.430340909090909,0.15813593247739702,1.2244318181818181,1.3109374999999999,1.4272727272727272,1.4997159090909091,1.7227272727272727
BBB-J,landmark_still_registered,score_free,14,ood_test,0.05,marginal,singleton_rate,10,0.5696590909090908,0.158135932477397,0.2772727272727273,0.5002840909090909,0.5727272727272728,0.6890624999999999,0.7755681818181818
BBB-J,landmark_still_registered,score_free,14,ood_test,0.05,marginal,ambiguous_rate,10,0.4303409090909091,0.15813593247739705,0.22443181818181818,0.3109375,0.42727272727272725,0.49971590909090907,0.7227272727272728
BBB-J,landmark_still_registered,score_free,14,ood_test,0.05,marginal,empty_rate,10,0.0,0.0,0.0,0.0,0.0,0.0,0.0
BBB-J,landmark_still_registered,score_free,14,ood_test,0.05,marginal,singleton_accuracy,10,0.7283026702184986,0.03264755421298195,0.6923076923076923,0.701647159044496,0.7235471067556931,0.7440027745711566,0.7889344262295082
BBB-J,landmark_still_registered,score_free,14,ood_test,0.05,marginal,class0_coverage,10,0.9923826395039859,0.004996562338661059,0.9858281665190434,0.9880425155004429,0.991585473870682,0.996014171833481,1.0
BBB-J,landmark_still_registered,score_free,14,ood_test,0.05,marginal,class1_coverage,10,0.5692551505546751,0.16256193954983236,0.35340729001584786,0.43858954041204434,0.5641838351822503,0.6656101426307448,0.8367670364500792
BBB-J,landmark_still_registered,score_free,14,ood_test,0.05,marginal,class0_avg_set_size,10,1.374313551815766,0.15483601856904247,1.175376439326838,1.262621789193977,1.3684676705048715,1.4391054030115145,1.662533215234721
BBB-J,landmark_still_registered,score_free,14,ood_test,0.05,marginal,class1_avg_set_size,10,1.5305863708399365,0.16469884776103136,1.312202852614897,1.3965927099841522,1.5324881141045958,1.608161648177496,1.8304278922345483
BBB-J,landmark_still_registered,score_free,14,ood_test,0.05,marginal,class0_singleton_accuracy,10,0.9875849675093955,0.009355885723700965,0.9722772277227723,0.983384702389368,0.9881660953067013,0.9943659825238773,1.0
BBB-J,landmark_still_registered,score_free,14,ood_test,0.05,marginal,class1_singleton_accuracy,10,0.08870849362126873,0.05201508710012578,0.03580562659846547,0.05174166440769856,0.07427724240177909,0.11136892109018692,0.1896551724137931
BBB-J,landmark_still_registered,score_free,14,ood_test,0.1,label_conditional,coverage,10,0.8061931818181819,0.055176048957480725,0.7363636363636363,0.7798295454545454,0.7911931818181818,0.8140625,0.915340909090909
BBB-J,landmark_still_registered,score_free,14,ood_test,0.1,label_conditional,avg_set_size,10,1.346818181818182,0.14615156148881828,1.174431818181818,1.2740056818181817,1.3053977272727273,1.3589488636363636,1.65
BBB-J,landmark_still_registered,score_free,14,ood_test,0.1,label_conditional,singleton_rate,10,0.6531818181818182,0.14615156148881828,0.35,0.6410511363636364,0.6946022727272727,0.7259943181818181,0.8255681818181818
BBB-J,landmark_still_registered,score_free,14,ood_test,0.1,label_conditional,ambiguous_rate,10,0.34681818181818186,0.1461515614888183,0.1744318181818182,0.27400568181818186,0.3053977272727273,0.35894886363636364,0.65
BBB-J,landmark_still_registered,score_free,14,ood_test,0.1,label_conditional,empty_rate,10,0.0,0.0,0.0,0.0,0.0,0.0,0.0
BBB-J,landmark_still_registered,score_free,14,ood_test,0.1,label_conditional,singleton_accuracy,10,0.7083307611140424,0.025238807915193572,0.6806607019958706,0.6940199881037944,0.6993778840697638,0.7101543675546648,0.7581168831168831
BBB-J,landmark_still_registered,score_free,14,ood_test,0.1,label_conditional,class0_coverage,10,0.9528786536758191,0.01866742742559863,0.9105403011514615,0.9508414526129318,0.9534986713906111,0.9639061116031886,0.9769707705934455
BBB-J,landmark_still_registered,score_free,14,ood_test,0.1,label_conditional,class1_coverage,10,0.5437400950871633,0.15507248283518782,0.35340729001584786,0.45602218700475433,0.4849445324881141,0.5768621236133121,0.8462757527733756
BBB-J,landmark_still_registered,score_free,14,ood_test,0.1,label_conditional,class0_avg_set_size,10,1.3079716563330381,0.14862550246472478,1.1364038972542072,1.2322852081488043,1.262178919397697,1.3168733392382639,1.6279893711248892
BBB-J,landmark_still_registered,score_free,14,ood_test,0.1,label_conditional,class1_avg_set_size,10,1.4163232963549919,0.14329646443804697,1.242472266244057,1.3462757527733755,1.3700475435816166,1.442947702060222,1.6893819334389857
BBB-J,landmark_still_registered,score_free,14,ood_test,0.1,label_conditional,class0_singleton_accuracy,10,0.9279167946332347,0.03338179571790321,0.8740648379052369,0.9081212390253527,0.941546368462668,0.950621206248813,0.9684466019417476
BBB-J,landmark_still_registered,score_free,14,ood_test,0.1,label_conditional,class1_singleton_accuracy,10,0.23987264040616676,0.12614727752435426,0.13212435233160622,0.14587013792034711,0.1864289551437013,0.32514006468602535,0.5051020408163265
BBB-J,landmark_still_registered,score_free,14,ood_test,0.1,marginal,coverage,10,0.787159090909091,0.0503725218249453,0.727840909090909,0.7569602272727273,0.7755681818181819,0.7992897727272728,0.8988636363636363
BBB-J,landmark_still_registered,score_free,14,ood_test,0.1,marginal,avg_set_size,10,1.2889204545454542,0.12587995198047247,1.152840909090909,1.2103693181818183,1.2556818181818181,1.3181818181818181,1.5664772727272727
BBB-J,landmark_still_registered,score_free,14,ood_test,0.1,marginal,singleton_rate,10,0.7110795454545455,0.1258799519804725,0.4335227272727273,0.6818181818181819,0.7443181818181819,0.7896306818181819,0.8471590909090909
BBB-J,landmark_still_registered,score_free,14,ood_test,0.1,marginal,ambiguous_rate,10,0.28892045454545456,0.1258799519804725,0.15284090909090908,0.21036931818181817,0.2556818181818182,0.3181818181818182,0.5664772727272728
BBB-J,landmark_still_registered,score_free,14,ood_test,0.1,marginal,empty_rate,10,0.0,0.0,0.0,0.0,0.0,0.0,0.0
BBB-J,landmark_still_registered,score_free,14,ood_test,0.1,marginal,singleton_accuracy,10,0.7044754051051416,0.024651681528340075,0.6787391012743126,0.6922140261119087,0.696873884201229,0.7065410668924641,0.7667103538663171
BBB-J,landmark_still_registered,score_free,14,ood_test,0.1,marginal,class0_coverage,10,0.9797165633303807,0.010883749879918532,0.95837023914969,0.9754207263064659,0.9778565101860053,0.9853852967227634,0.9991142604074402
BBB-J,landmark_still_registered,score_free,14,ood_test,0.1,marginal,class1_coverage,10,0.44263074484944537,0.1336430867769957,0.2868462757527734,0.358161648177496,0.40966719492868464,0.4893026941362916,0.7194928684627575
BBB-J,landmark_still_registered,score_free,14,ood_test,0.1,marginal,class0_avg_set_size,10,1.2410097431355183,0.1172366313651877,1.1160318866253323,1.1645261293179805,1.2099202834366696,1.2717006200177148,1.4889282550930028
BBB-J,landmark_still_registered,score_free,14,ood_test,0.1,marginal,class1_avg_set_size,10,1.3746434231378764,0.14230794408583372,1.2187004754358162,1.292393026941363,1.3375594294770206,1.4013470681458005,1.705229793977813
BBB-J,landmark_still_registered,score_free,14,ood_test,0.1,marginal,class0_singleton_accuracy,10,0.9736462966912909,0.014575102713581487,0.9452214452214452,0.967437368196642,0.9704494826562997,0.9823071493245693,0.9982668977469671
BBB-J,landmark_still_registered,score_free,14,ood_test,0.1,marginal,class1_singleton_accuracy,10,0.10854337526104145,0.043259352250165056,0.04838709677419355,0.08194678326763366,0.09693522938851713,0.13611073667183393,0.1796116504854369
BBB-J,landmark_still_registered,score_free,14,ood_test,0.2,label_conditional,coverage,10,0.737840909090909,0.04646617325664574,0.6931818181818182,0.7171875,0.7221590909090909,0.7450284090909092,0.8534090909090909
BBB-J,landmark_still_registered,score_free,14,ood_test,0.2,label_conditional,avg_set_size,10,1.1774431818181816,0.11470677985847422,1.0789772727272726,1.1211647727272727,1.128409090909091,1.1839488636363638,1.4636363636363636
BBB-J,landmark_still_registered,score_free,14,ood_test,0.2,label_conditional,singleton_rate,10,0.8225568181818181,0.11470677985847419,0.5363636363636364,0.8160511363636364,0.8715909090909091,0.8788352272727272,0.9210227272727273
BBB-J,landmark_still_registered,score_free,14,ood_test,0.2,label_conditional,ambiguous_rate,10,0.1774431818181818,0.11470677985847419,0.07897727272727273,0.12116477272727272,0.12840909090909092,0.18394886363636365,0.4636363636363636
BBB-J,landmark_still_registered,score_free,14,ood_test,0.2,label_conditional,empty_rate,10,0.0,0.0,0.0,0.0,0.0,0.0,0.0
BBB-J,landmark_still_registered,score_free,14,ood_test,0.2,label_conditional,singleton_accuracy,10,0.6832681681673272,0.01738593111850153,0.6629941672067401,0.6754675530375718,0.6820496299903946,0.6850925018377848,0.7266949152542372
BBB-J,landmark_still_registered,score_free,14,ood_test,0.2,label_conditional,class0_coverage,10,0.9084145261293181,0.024070108103674236,0.8547387068201948,0.9065544729849424,0.9189548272807795,0.9224977856510186,0.929140832595217
BBB-J,landmark_still_registered,score_free,14,ood_test,0.2,label_conditional,class1_coverage,10,0.4326465927099841,0.136514598666046,0.2868462757527734,0.35261489698890647,0.3740095087163233,0.4679080824088748,0.7385103011093502
BBB-J,landmark_still_registered,score_free,14,ood_test,0.2,label_conditional,class0_avg_set_size,10,1.1576616474756423,0.11321154981554532,1.0620017714791852,1.1009743135518157,1.108503100088574,1.1680690876882198,1.4322409211691762
BBB-J,landmark_still_registered,score_free,14,ood_test,0.2,label_conditional,class1_avg_set_size,10,1.2128367670364502,0.11905260974536609,1.109350237717908,1.1572900158478605,1.1687797147385104,1.2194928684627575,1.5198098256735342
BBB-J,landmark_still_registered,score_free,14,ood_test,0.2,label_conditional,class0_singleton_accuracy,10,0.8885547048675697,0.03522019320799741,0.8313106796116505,0.8621095604693753,0.9068739857306101,0.9147897446509821,0.92
BBB-J,landmark_still_registered,score_free,14,ood_test,0.2,label_conditional,class1_singleton_accuracy,10,0.28914556681894765,0.0928564330285546,0.193359375,0.21964798850574713,0.2546397000971907,0.34175032786143894,0.45544554455445546
BBB-J,landmark_still_registered,score_free,14,ood_test,0.2,marginal,coverage,10,0.7209090909090909,0.03170502063291133,0.6948863636363637,0.7001420454545455,0.7133522727272728,0.7208806818181819,0.7994318181818182
BBB-J,landmark_still_registered,score_free,14,ood_test,0.2,marginal,avg_set_size,10,1.1268181818181817,0.06802159203863926,1.0704545454545455,1.0850852272727272,1.1096590909090909,1.123153409090909,1.299431818181818
BBB-J,landmark_still_registered,score_free,14,ood_test,0.2,marginal,singleton_rate,10,0.8731818181818183,0.06802159203863928,0.7005681818181818,0.8768465909090909,0.8903409090909091,0.9149147727272727,0.9295454545454546
BBB-J,landmark_still_registered,score_free,14,ood_test,0.2,marginal,ambiguous_rate,10,0.12681818181818183,0.06802159203863928,0.07045454545454545,0.08508522727272727,0.10965909090909091,0.12315340909090909,0.2994318181818182
BBB-J,landmark_still_registered,score_free,14,ood_test,0.2,marginal,empty_rate,10,0.0,0.0,0.0,0.0,0.0,0.0,0.0
BBB-J,landmark_still_registered,score_free,14,ood_test,0.2,marginal,singleton_accuracy,10,0.6812821777272087,0.013604360397943084,0.6654205607476635,0.6753914008828169,0.6774207529171906,0.682399468750777,0.7137064071370641
BBB-J,landmark_still_registered,score_free,14,ood_test,0.2,marginal,class0_coverage,10,0.9511957484499558,0.021365937018219084,0.9131975199291408,0.9355624446412755,0.9552701505757307,0.9656775907883082,0.9849424269264836
BBB-J,landmark_still_registered,score_free,14,ood_test,0.2,marginal,class1_coverage,10,0.30887480190174327,0.08027305957986458,0.21077654516640254,0.26465927099841524,0.2820919175911252,0.3379556259904913,0.4675118858954041
BBB-J,landmark_still_registered,score_free,14,ood_test,0.2,marginal,class0_avg_set_size,10,1.0997342781222321,0.05651669524568148,1.050487156775908,1.0695305580159433,1.0823737821080601,1.0954384410983171,1.2426926483613818
BBB-J,landmark_still_registered,score_free,14,ood_test,0.2,marginal,class1_avg_set_size,10,1.1752773375594294,0.0893315907526622,1.1030110935023771,1.1164817749603801,1.1584786053882725,1.172741679873217,1.4009508716323296
BBB-J,landmark_still_registered,score_free,14,ood_test,0.2,marginal,class0_singleton_accuracy,10,0.9462640688713684,0.022951530008972234,0.9063097514340345,0.9287274030143975,0.9515921136705265,0.9626583929636255,0.9801169590643275
BBB-J,landmark_still_registered,score_free,14,ood_test,0.2,marginal,class1_singleton_accuracy,10,0.16081619092828073,0.052957513389610855,0.11071428571428571,0.11994566154907711,0.1334282235829126,0.20061445341159206,0.25265017667844525
BBB-J,landmark_still_registered,score_free,56,id_test,0.05,label_conditional,coverage,10,0.9483271375464684,0.029503918097102164,0.8884758364312267,0.9302973977695167,0.9553903345724907,0.9702602230483272,0.9814126394052045
BBB-J,landmark_still_registered,score_free,56,id_test,0.05,label_conditional,avg_set_size,10,1.7044609665427508,0.07584716173243863,1.546468401486989,1.6765799256505576,1.7360594795539033,1.75,1.7843866171003717
BBB-J,landmark_still_registered,score_free,56,id_test,0.05,label_conditional,singleton_rate,10,0.2955390334572491,0.07584716173243866,0.21561338289962825,0.25,0.2639405204460966,0.32342007434944237,0.45353159851301117
BBB-J,landmark_still_registered,score_free,56,id_test,0.05,label_conditional,ambiguous_rate,10,0.704460966542751,0.07584716173243866,0.5464684014869888,0.6765799256505576,0.7360594795539033,0.75,0.7843866171003717
BBB-J,landmark_still_registered,score_free,56,id_test,0.05,label_conditional,empty_rate,10,0.0,0.0,0.0,0.0,0.0,0.0,0.0
BBB-J,landmark_still_registered,score_free,56,id_test,0.05,label_conditional,singleton_accuracy,10,0.8346651724951913,0.060737890808956675,0.7169811320754716,0.8008084437457893,0.831764705882353,0.8801447308909995,0.9137931034482759
BBB-J,landmark_still_registered,score_free,56,id_test,0.05,label_conditional,class0_coverage,10,0.9475308641975309,0.048887260784019435,0.8209876543209876,0.941358024691358,0.9567901234567902,0.9675925925925926,0.9938271604938271
BBB-J,landmark_still_registered,score_free,56,id_test,0.05,label_conditional,class1_coverage,10,0.9495327102803739,0.036649074566611206,0.8785046728971962,0.9392523364485981,0.9579439252336448,0.9766355140186915,0.9906542056074766
BBB-J,landmark_still_registered,score_free,56,id_test,0.05,label_conditional,class0_avg_set_size,10,1.7839506172839505,0.08438722903049331,1.6111111111111112,1.7268518518518519,1.8209876543209877,1.8425925925925926,1.8641975308641976
BBB-J,landmark_still_registered,score_free,56,id_test,0.05,label_conditional,class1_avg_set_size,10,1.5841121495327102,0.08454371803808043,1.4485981308411215,1.5560747663551402,1.5981308411214954,1.6355140186915889,1.7009345794392523
BBB-J,landmark_still_registered,score_free,56,id_test,0.05,label_conditional,class0_singleton_accuracy,10,0.7714184165928072,0.16979061495482764,0.3829787234042553,0.7177777777777778,0.8154761904761905,0.8525345622119815,0.9565217391304348
BBB-J,landmark_still_registered,score_free,56,id_test,0.05,label_conditional,class1_singleton_accuracy,10,0.876518012451743,0.08495516905049233,0.6904761904761905,0.8416193181818182,0.8885093167701863,0.9396929824561403,0.9830508474576272
BBB-J,landmark_still_registered,score_free,56,id_test,0.05,marginal,coverage,10,0.9501858736059481,0.0206757408818976,0.9033457249070632,0.9451672862453532,0.9553903345724907,0.9628252788104089,0.9702602230483272
BBB-J,landmark_still_registered,score_free,56,id_test,0.05,marginal,avg_set_size,10,1.6743494423791823,0.07946468030481779,1.520446096654275,1.6310408921933086,1.7007434944237918,1.7304832713754648,1.7695167286245352
BBB-J,landmark_still_registered,score_free,56,id_test,0.05,marginal,singleton_rate,10,0.32565055762081785,0.07946468030481779,0.23048327137546468,0.26951672862453535,0.2992565055762082,0.36895910780669144,0.4795539033457249
BBB-J,landmark_still_registered,score_free,56,id_test,0.05,marginal,ambiguous_rate,10,0.6743494423791822,0.07946468030481779,0.5204460966542751,0.6310408921933086,0.7007434944237918,0.7304832713754648,0.7695167286245354
BBB-J,landmark_still_registered,score_free,56,id_test,0.05,marginal,empty_rate,10,0.0,0.0,0.0,0.0,0.0,0.0,0.0
BBB-J,landmark_still_registered,score_free,56,id_test,0.05,marginal,singleton_accuracy,10,0.8493863137963024,0.0365262270833393,0.7978723404255319,0.8186872309899569,0.8650613357564743,0.875434076397446,0.8961038961038961
BBB-J,landmark_still_registered,score_free,56,id_test,0.05,marginal,class0_coverage,10,0.9851851851851853,0.008826177197336301,0.9629629629629629,0.9830246913580247,0.9876543209876543,0.9876543209876543,0.9938271604938271
BBB-J,landmark_still_registered,score_free,56,id_test,0.05,marginal,class1_coverage,10,0.8971962616822429,0.040137379210981705,0.8130841121495327,0.8831775700934579,0.9065420560747663,0.9228971962616822,0.9439252336448598
BBB-J,landmark_still_registered,score_free,56,id_test,0.05,marginal,class0_avg_set_size,10,1.6987654320987655,0.10037272407001407,1.537037037037037,1.6141975308641976,1.7191358024691359,1.7623456790123457,1.845679012345679
BBB-J,landmark_still_registered,score_free,56,id_test,0.05,marginal,class1_avg_set_size,10,1.6373831775700936,0.0673646749945197,1.4953271028037383,1.6261682242990654,1.6542056074766356,1.6635514018691588,1.7102803738317758
BBB-J,landmark_still_registered,score_free,56,id_test,0.05,marginal,class0_singleton_accuracy,10,0.9529050295306746,0.013600307333125736,0.92,0.94957898957498,0.9547008547008548,0.9591304347826086,0.96875
BBB-J,landmark_still_registered,score_free,56,id_test,0.05,marginal,class1_singleton_accuracy,10,0.718734425810547,0.08659812375900923,0.5555555555555556,0.6558413251961639,0.7502815315315315,0.7798102981029811,0.8108108108108109
BBB-J,landmark_still_registered,score_free,56,id_test,0.1,label_conditional,coverage,10,0.8977695167286246,0.031846585566038144,0.8401486988847584,0.895910780669145,0.9070631970260223,0.9135687732342007,0.9330855018587361
BBB-J,landmark_still_registered,score_free,56,id_test,0.1,label_conditional,avg_set_size,10,1.5386617100371747,0.07468840535070823,1.3828996282527881,1.5018587360594795,1.5687732342007434,1.588289962825279,1.6133828996282529
BBB-J,landmark_still_registered,score_free,56,id_test,0.1,label_conditional,singleton_rate,10,0.4613382899628252,0.0746884053507082,0.38661710037174724,0.4117100371747212,0.4312267657992565,0.49814126394052044,0.6171003717472119
BBB-J,landmark_still_registered,score_free,56,id_test,0.1,label_conditional,ambiguous_rate,10,0.5386617100371748,0.0746884053507082,0.3828996282527881,0.5018587360594795,0.5687732342007434,0.5882899628252788,0.6133828996282528
BBB-J,landmark_still_registered,score_free,56,id_test,0.1,label_conditional,empty_rate,10,0.0,0.0,0.0,0.0,0.0,0.0,0.0
BBB-J,landmark_still_registered,score_free,56,id_test,0.1,label_conditional,singleton_accuracy,10,0.781746706935597,0.03755272275018041,0.7094594594594594,0.7660072878709006,0.7818181818181819,0.8022043903338868,0.8434782608695652
BBB-J,landmark_still_registered,score_free,56,id_test,0.1,label_conditional,class0_coverage,10,0.9,0.05179302953926676,0.7901234567901234,0.8703703703703703,0.9135802469135802,0.9197530864197531,0.9753086419753086
BBB-J,landmark_still_registered,score_free,56,id_test,0.1,label_conditional,class1_coverage,10,0.894392523364486,0.040868189903071964,0.8130841121495327,0.8738317757009346,0.9065420560747663,0.9135514018691588,0.9439252336448598
BBB-J,landmark_still_registered,score_free,56,id_test,0.1,label_conditional,class0_avg_set_size,10,1.5981481481481483,0.08087492991533897,1.4382716049382716,1.5416666666666667,1.632716049382716,1.6574074074074074,1.6666666666666667
BBB-J,landmark_still_registered,score_free,56,id_test,0.1,label_conditional,class1_avg_set_size,10,1.4485981308411215,0.083823202785506,1.2990654205607477,1.4135514018691588,1.4485981308411215,1.4906542056074765,1.560747663551402
BBB-J,landmark_still_registered,score_free,56,id_test,0.1,label_conditional,class0_singleton_accuracy,10,0.7534059799876794,0.10959620176933905,0.5641025641025641,0.7407407407407407,0.7650857914015808,0.775646551724138,0.9344262295081968
BBB-J,landmark_still_registered,score_free,56,id_test,0.1,label_conditional,class1_singleton_accuracy,10,0.8062723229192306,0.07545304873208897,0.6595744680851063,0.7547080979284368,0.8259685230024213,0.8611985472154964,0.90625
BBB-J,landmark_still_registered,score_free,56,id_test,0.1,marginal,coverage,10,0.9118959107806692,0.028096373476716053,0.8661710037174721,0.8903345724907064,0.9089219330855018,0.9358736059479554,0.9516728624535316
BBB-J,landmark_still_registered,score_free,56,id_test,0.1,marginal,avg_set_size,10,1.4970260223048328,0.060530015572711406,1.3680297397769516,1.495353159851301,1.509293680297398,1.5195167286245352,1.579925650557621
BBB-J,landmark_still_registered,score_free,56,id_test,0.1,marginal,singleton_rate,10,0.5029739776951672,0.06053001557271139,0.4200743494423792,0.48048327137546465,0.49070631970260226,0.5046468401486989,0.6319702602230484
BBB-J,landmark_still_registered,score_free,56,id_test,0.1,marginal,ambiguous_rate,10,0.4970260223048328,0.060530015572711385,0.3680297397769517,0.49535315985130113,0.5092936802973977,0.5195167286245354,0.5799256505576208
BBB-J,landmark_still_registered,score_free,56,id_test,0.1,marginal,empty_rate,10,0.0,0.0,0.0,0.0,0.0,0.0,0.0
BBB-J,landmark_still_registered,score_free,56,id_test,0.1,marginal,singleton_accuracy,10,0.8274437300354981,0.041599281727947655,0.7744360902255639,0.7915441176470588,0.8217443249701314,0.8610298792116975,0.8849557522123894
BBB-J,landmark_still_registered,score_free,56,id_test,0.1,marginal,class0_coverage,10,0.9771604938271604,0.014564064501387976,0.9444444444444444,0.970679012345679,0.9783950617283951,0.986111111111111,0.9938271604938271
BBB-J,landmark_still_registered,score_free,56,id_test,0.1,marginal,class1_coverage,10,0.8130841121495326,0.0543164977388246,0.7476635514018691,0.7686915887850467,0.7990654205607477,0.8574766355140186,0.8878504672897196
BBB-J,landmark_still_registered,score_free,56,id_test,0.1,marginal,class0_avg_set_size,10,1.4919753086419754,0.06855589138822879,1.376543209876543,1.4814814814814814,1.4969135802469136,1.5108024691358026,1.6049382716049383
BBB-J,landmark_still_registered,score_free,56,id_test,0.1,marginal,class1_avg_set_size,10,1.5046728971962615,0.06183624062703802,1.355140186915888,1.4789719626168225,1.5233644859813085,1.5420560747663552,1.5700934579439252
BBB-J,landmark_still_registered,score_free,56,id_test,0.1,marginal,class0_singleton_accuracy,10,0.9570354883968017,0.023196399833413525,0.9108910891089109,0.9428571428571428,0.960604494962542,0.9729991394148021,0.9857142857142858
BBB-J,landmark_still_registered,score_free,56,id_test,0.1,marginal,class1_singleton_accuracy,10,0.6247290924819144,0.09359645817863128,0.4897959183673469,0.5526315789473685,0.6120401337792643,0.6831841432225064,0.7647058823529411
BBB-J,landmark_still_registered,score_free,56,id_test,0.2,label_conditional,coverage,10,0.8133828996282528,0.02187384799367162,0.7881040892193308,0.7964684014869888,0.8066914498141264,0.8327137546468402,0.8438661710037175
BBB-J,landmark_still_registered,score_free,56,id_test,0.2,label_conditional,avg_set_size,10,1.292193308550186,0.046338521506895665,1.2193308550185873,1.2509293680297398,1.3029739776951672,1.3178438661710037,1.3643122676579926
BBB-J,landmark_still_registered,score_free,56,id_test,0.2,label_conditional,singleton_rate,10,0.7078066914498141,0.04633852150689562,0.6356877323420075,0.6821561338289963,0.6970260223048328,0.7490706319702602,0.7806691449814126
BBB-J,landmark_still_registered,score_free,56,id_test,0.2,label_conditional,ambiguous_rate,10,0.2921933085501859,0.04633852150689563,0.21933085501858737,0.25092936802973975,0.3029739776951673,0.3178438661710037,0.3643122676579926
BBB-J,landmark_still_registered,score_free,56,id_test,0.2,label_conditional,empty_rate,10,0.0,0.0,0.0,0.0,0.0,0.0,0.0
BBB-J,landmark_still_registered,score_free,56,id_test,0.2,label_conditional,singleton_accuracy,10,0.7367637855688046,0.020839231681769196,0.7061855670103093,0.7275974025974026,0.7360681114551084,0.7526165871754107,0.7650273224043715
BBB-J,landmark_still_registered,score_free,56,id_test,0.2,label_conditional,class0_coverage,10,0.8179012345679011,0.04685307628286297,0.7160493827160493,0.8055555555555556,0.8148148148148148,0.8503086419753086,0.8765432098765432
BBB-J,landmark_still_registered,score_free,56,id_test,0.2,label_conditional,class1_coverage,10,0.8065420560747665,0.05062664736819877,0.7289719626168224,0.7757009345794392,0.8037383177570093,0.8294392523364486,0.897196261682243
BBB-J,landmark_still_registered,score_free,56,id_test,0.2,label_conditional,class0_avg_set_size,10,1.322222222222222,0.05411170559202133,1.2469135802469136,1.277777777777778,1.3209876543209877,1.3688271604938271,1.4012345679012346
BBB-J,landmark_still_registered,score_free,56,id_test,0.2,label_conditional,class1_avg_set_size,10,1.246728971962617,0.06027856260410132,1.158878504672897,1.1869158878504673,1.2616822429906542,1.3037383177570092,1.308411214953271
BBB-J,landmark_still_registered,score_free,56,id_test,0.2,label_conditional,class0_singleton_accuracy,10,0.7316299434495196,0.0640029274420301,0.6101694915254238,0.7175604104601125,0.7419140451927337,0.7843440594059405,0.7981651376146789
BBB-J,landmark_still_registered,score_free,56,id_test,0.2,label_conditional,class1_singleton_accuracy,10,0.7436614639246217,0.06312268796811306,0.6547619047619048,0.6989404176904177,0.7534872534872534,0.7797348484848485,0.8552631578947368
BBB-J,landmark_still_registered,score_free,56,id_test,0.2,marginal,coverage,10,0.8052044609665427,0.0283222693970987,0.7472118959107806,0.7946096654275093,0.8104089219330854,0.8243494423791822,0.8438661710037175
BBB-J,landmark_still_registered,score_free,56,id_test,0.2,marginal,avg_set_size,10,1.179553903345725,0.057937730247459546,1.100371747211896,1.153345724907063,1.1784386617100373,1.1923791821561338,1.275092936802974
BBB-J,landmark_still_registered,score_free,56,id_test,0.2,marginal,singleton_rate,10,0.820446096654275,0.05793773024745953,0.724907063197026,0.8076208178438662,0.8215613382899628,0.8466542750929368,0.8996282527881041
BBB-J,landmark_still_registered,score_free,56,id_test,0.2,marginal,ambiguous_rate,10,0.1795539033457249,0.05793773024745954,0.10037174721189591,0.15334572490706322,0.1784386617100372,0.19237918215613384,0.275092936802974
BBB-J,landmark_still_registered,score_free,56,id_test,0.2,marginal,empty_rate,10,0.0,0.0,0.0,0.0,0.0,0.0,0.0
BBB-J,landmark_still_registered,score_free,56,id_test,0.2,marginal,singleton_accuracy,10,0.7634218160473827,0.020396273688720552,0.71900826446281,0.7516069788797062,0.7682080474111042,0.779024186822352,0.7846153846153846
BBB-J,landmark_still_registered,score_free,56,id_test,0.2,marginal,class0_coverage,10,0.9246913580246913,0.03224615312618887,0.8518518518518519,0.9212962962962963,0.9320987654320988,0.9429012345679012,0.9567901234567902
BBB-J,landmark_still_registered,score_free,56,id_test,0.2,marginal,class1_coverage,10,0.6242990654205608,0.04221155061920081,0.5794392523364486,0.5911214953271028,0.6214953271028036,0.6261682242990654,0.7102803738317757
BBB-J,landmark_still_registered,score_free,56,id_test,0.2,marginal,class0_avg_set_size,10,1.1604938271604939,0.040530279019737055,1.0925925925925926,1.1450617283950617,1.1574074074074074,1.1712962962962963,1.228395061728395
BBB-J,landmark_still_registered,score_free,56,id_test,0.2,marginal,class1_avg_set_size,10,1.208411214953271,0.08689857910035033,1.074766355140187,1.1635514018691588,1.205607476635514,1.2383177570093458,1.3457943925233644
BBB-J,landmark_still_registered,score_free,56,id_test,0.2,marginal,class0_singleton_accuracy,10,0.9111033248687788,0.034776673580337356,0.8321678321678322,0.9051799824407375,0.9152592592592592,0.9331906737383815,0.948905109489051
BBB-J,landmark_still_registered,score_free,56,id_test,0.2,marginal,class1_singleton_accuracy,10,0.5238569210991063,0.044281233389378935,0.43661971830985913,0.5060612821656998,0.5282828282828282,0.5535087719298246,0.5903614457831325
BBB-J,landmark_still_registered,score_free,56,ood_test,0.05,label_conditional,coverage,10,0.8647707486941382,0.05046255517618209,0.7991874637260592,0.8311085316308764,0.843006384213581,0.9040917005223448,0.9396401625072548
BBB-J,landmark_still_registered,score_free,56,ood_test,0.05,label_conditional,avg_set_size,10,1.413406848520023,0.1890200375727374,1.2141613464886825,1.2801799187463727,1.3287869994196169,1.4955020313406848,1.7800348229831688
BBB-J,landmark_still_registered,score_free,56,ood_test,0.05,label_conditional,singleton_rate,10,0.5865931514799768,0.18902003757273744,0.2199651770168311,0.5044979686593152,0.6712130005803831,0.7198200812536274,0.7858386535113174
BBB-J,landmark_still_registered,score_free,56,ood_test,0.05,label_conditional,ambiguous_rate,10,0.4134068485200232,0.18902003757273741,0.21416134648868254,0.2801799187463726,0.328786999419617,0.4955020313406848,0.7800348229831688
BBB-J,landmark_still_registered,score_free,56,ood_test,0.05,label_conditional,empty_rate,10,0.0,0.0,0.0,0.0,0.0,0.0,0.0
BBB-J,landmark_still_registered,score_free,56,ood_test,0.05,label_conditional,singleton_accuracy,10,0.7708420118288736,0.02827698462990998,0.7255936675461742,0.7568827768089272,0.76432480283277,0.7940744147982193,0.8133022170361727
BBB-J,landmark_still_registered,score_free,56,ood_test,0.05,label_conditional,class0_coverage,10,0.9660526315789474,0.023001309172709306,0.9201754385964912,0.950657894736842,0.9741228070175438,0.9837719298245613,0.9885964912280701
BBB-J,landmark_still_registered,score_free,56,ood_test,0.05,label_conditional,class1_coverage,10,0.6667238421955404,0.17942196589680975,0.4716981132075472,0.5364493996569468,0.6020583190394511,0.7667238421955404,0.9777015437392796
BBB-J,landmark_still_registered,score_free,56,ood_test,0.05,label_conditional,class0_avg_set_size,10,1.3890350877192983,0.22233655492171722,1.1833333333333333,1.2344298245614036,1.2855263157894736,1.4513157894736843,1.856140350877193
BBB-J,landmark_still_registered,score_free,56,ood_test,0.05,label_conditional,class1_avg_set_size,10,1.4610634648370497,0.1334820244849149,1.2744425385934819,1.369639794168096,1.4133790737564322,1.5819039451114922,1.6569468267581475
BBB-J,landmark_still_registered,score_free,56,ood_test,0.05,label_conditional,class0_singleton_accuracy,10,0.8973948792452491,0.16594085504018918,0.4451219512195122,0.9247367497367498,0.967572605965463,0.9762237823524018,0.9854748603351955
BBB-J,landmark_still_registered,score_free,56,ood_test,0.05,label_conditional,class1_singleton_accuracy,10,0.4265080770280803,0.24466554345195732,0.2204724409448819,0.2661333112253358,0.32029134804601345,0.4830075573801082,0.9395348837209302
BBB-J,landmark_still_registered,score_free,56,ood_test,0.05,marginal,coverage,10,0.8511897852582704,0.057481823046693796,0.7928032501450958,0.8022344747533372,0.834300638421358,0.8939349970980847,0.9500870574579222
BBB-J,landmark_still_registered,score_free,56,ood_test,0.05,marginal,avg_set_size,10,1.3531630876378409,0.17699373056716217,1.1915264074289031,1.2172083575159605,1.2829367382472432,1.453279164248404,1.7115496227510156
BBB-J,landmark_still_registered,score_free,56,ood_test,0.05,marginal,singleton_rate,10,0.646836912362159,0.17699373056716222,0.2884503772489843,0.546720835751596,0.7170632617527568,0.7827916424840395,0.808473592571097
BBB-J,landmark_still_registered,score_free,56,ood_test,0.05,marginal,ambiguous_rate,10,0.353163087637841,0.17699373056716217,0.1915264074289031,0.21720835751596052,0.2829367382472432,0.453279164248404,0.7115496227510156
BBB-J,landmark_still_registered,score_free,56,ood_test,0.05,marginal,empty_rate,10,0.0,0.0,0.0,0.0,0.0,0.0,0.0
BBB-J,landmark_still_registered,score_free,56,ood_test,0.05,marginal,singleton_accuracy,10,0.7780732596066702,0.034366300741138944,0.7433234421364985,0.7482474376263406,0.7692182164433938,0.8068483449668827,0.8289473684210527
BBB-J,landmark_still_registered,score_free,56,ood_test,0.05,marginal,class0_coverage,10,0.9867543859649122,0.0070473295753182294,0.968421052631579,0.9861842105263158,0.9885964912280701,0.9910087719298245,0.9921052631578947
BBB-J,landmark_still_registered,score_free,56,ood_test,0.05,marginal,class1_coverage,10,0.586106346483705,0.17817503932921072,0.4202401372212693,0.4395368782161235,0.5283018867924528,0.7088336192109777,0.9142367066895368
BBB-J,landmark_still_registered,score_free,56,ood_test,0.05,marginal,class0_avg_set_size,10,1.3073684210526317,0.19181696615214502,1.156140350877193,1.1695175438596492,1.219736842105263,1.3934210526315791,1.7298245614035088
BBB-J,landmark_still_registered,score_free,56,ood_test,0.05,marginal,class1_avg_set_size,10,1.4427101200686108,0.1556171484411395,1.260720411663808,1.3096054888507718,1.4065180102915953,1.5703259005145798,1.6758147512864494
BBB-J,landmark_still_registered,score_free,56,ood_test,0.05,marginal,class0_singleton_accuracy,10,0.9740250182954261,0.0324867338707168,0.8831168831168831,0.9791291378924156,0.9856142565486063,0.9881289005470792,0.9904559915164369
BBB-J,landmark_still_registered,score_free,56,ood_test,0.05,marginal,class1_singleton_accuracy,10,0.29395109105440687,0.17764757894564798,0.16790123456790124,0.19096750784212746,0.21350360435251933,0.3263855244806577,0.7354497354497355
BBB-J,landmark_still_registered,score_free,56,ood_test,0.1,label_conditional,coverage,10,0.8175275681950087,0.036550515868494796,0.7736506094022054,0.786564132327336,0.8154381892048752,0.8418456181079512,0.8810214741729542
BBB-J,landmark_still_registered,score_free,56,ood_test,0.1,label_conditional,avg_set_size,10,1.2716192687173535,0.13161037997055483,1.1485780615206036,1.186012768427162,1.2269297736506095,1.3029599535693557,1.5380150899593732
BBB-J,landmark_still_registered,score_free,56,ood_test,0.1,label_conditional,singleton_rate,10,0.7283807312826466,0.13161037997055486,0.4619849100406268,0.6970400464306442,0.7730702263493906,0.813987231572838,0.8514219384793964
BBB-J,landmark_still_registered,score_free,56,ood_test,0.1,label_conditional,ambiguous_rate,10,0.2716192687173534,0.13161037997055483,0.1485780615206036,0.18601276842716194,0.2269297736506094,0.3029599535693558,0.5380150899593732
BBB-J,landmark_still_registered,score_free,56,ood_test,0.1,label_conditional,empty_rate,10,0.0,0.0,0.0,0.0,0.0,0.0,0.0
BBB-J,landmark_still_registered,score_free,56,ood_test,0.1,label_conditional,singleton_accuracy,10,0.7487121983195275,0.027885730177887084,0.6871859296482412,0.7347891946478162,0.7519847344474211,0.7698129329549269,0.7798066595059077
BBB-J,landmark_still_registered,score_free,56,ood_test,0.1,label_conditional,class0_coverage,10,0.9429824561403508,0.04551458644683206,0.8254385964912281,0.9355263157894738,0.9618421052631578,0.9706140350877193,0.9754385964912281
BBB-J,landmark_still_registered,score_free,56,ood_test,0.1,label_conditional,class1_coverage,10,0.57221269296741,0.17371803818391604,0.38078902229845624,0.452401372212693,0.5111492281303602,0.644082332761578,0.9142367066895368
BBB-J,landmark_still_registered,score_free,56,ood_test,0.1,label_conditional,class0_avg_set_size,10,1.2478947368421052,0.15431185089740446,1.1245614035087719,1.1521929824561403,1.1780701754385965,1.2699561403508772,1.5868421052631578
BBB-J,landmark_still_registered,score_free,56,ood_test,0.1,label_conditional,class1_avg_set_size,10,1.3180102915951972,0.0965850218732498,1.1938250428816466,1.248713550600343,1.3224699828473412,1.3674957118353346,1.4734133790737565
BBB-J,landmark_still_registered,score_free,56,ood_test,0.1,label_conditional,class0_singleton_accuracy,10,0.9040643211577251,0.12034301957594322,0.5774946921443737,0.9136299611730144,0.9533624655442151,0.9650826254928422,0.9709418837675351
BBB-J,landmark_still_registered,score_free,56,ood_test,0.1,label_conditional,class1_singleton_accuracy,10,0.39370120024963584,0.19947443882963106,0.2302771855010661,0.26983963162908864,0.30507185966230654,0.4376520858529193,0.8461538461538461
BBB-J,landmark_still_registered,score_free,56,ood_test,0.1,marginal,coverage,10,0.8084155542658156,0.045301655753115753,0.7678467788740568,0.775972141613465,0.7942542077771328,0.8257399883923389,0.9164248403946604
BBB-J,landmark_still_registered,score_free,56,ood_test,0.1,marginal,avg_set_size,10,1.229483459082995,0.1326285548110652,1.1334881021474172,1.149883923389437,1.1822402785838655,1.2494196169471852,1.5780615206035984
BBB-J,landmark_still_registered,score_free,56,ood_test,0.1,marginal,singleton_rate,10,0.7705165409170053,0.1326285548110652,0.4219384793964016,0.7505803830528148,0.8177597214161346,0.850116076610563,0.8665118978525828
BBB-J,landmark_still_registered,score_free,56,ood_test,0.1,marginal,ambiguous_rate,10,0.22948345908299478,0.1326285548110652,0.1334881021474173,0.149883923389437,0.18224027858386535,0.24941961694718512,0.5780615206035984
BBB-J,landmark_still_registered,score_free,56,ood_test,0.1,marginal,empty_rate,10,0.0,0.0,0.0,0.0,0.0,0.0,0.0
BBB-J,landmark_still_registered,score_free,56,ood_test,0.1,marginal,singleton_accuracy,10,0.7546432736891872,0.022694305746731414,0.7320830542531815,0.7364857272881988,0.7484392884203059,0.7679211416784208,0.8019257221458047
BBB-J,landmark_still_registered,score_free,56,ood_test,0.1,marginal,class0_coverage,10,0.9787719298245614,0.01186860798684057,0.9508771929824561,0.9765350877192983,0.9846491228070176,0.9859649122807017,0.9885964912280701
BBB-J,landmark_still_registered,score_free,56,ood_test,0.1,marginal,class1_coverage,10,0.47530017152658666,0.15473867926619533,0.35506003430531735,0.36620926243567753,0.41852487135506,0.5257289879931389,0.8490566037735849
BBB-J,landmark_still_registered,score_free,56,ood_test,0.1,marginal,class0_avg_set_size,10,1.1917543859649125,0.14235364426514166,1.105263157894737,1.1149122807017544,1.1337719298245612,1.2015350877192983,1.575438596491228
BBB-J,landmark_still_registered,score_free,56,ood_test,0.1,marginal,class1_avg_set_size,10,1.3032590051457977,0.11649729729628455,1.1886792452830188,1.2182675814751287,1.2770154373927958,1.3430531732418525,1.5831903945111492
BBB-J,landmark_still_registered,score_free,56,ood_test,0.1,marginal,class0_singleton_accuracy,10,0.9689121265607306,0.031137922534801053,0.8842975206611571,0.9717876685557945,0.9819067475684535,0.9841064241567861,0.9871414441147379
BBB-J,landmark_still_registered,score_free,56,ood_test,0.1,marginal,class1_singleton_accuracy,10,0.2671150085326995,0.14173912450646967,0.1826086956521739,0.18759097909326808,0.20811788379734583,0.2785110096670247,0.6378600823045267
BBB-J,landmark_still_registered,score_free,56,ood_test,0.2,label_conditional,coverage,10,0.7648868253047011,0.02324987755202778,0.7405687753917586,0.7450667440510738,0.7597214161346488,0.7762623331398724,0.8009286128845038
BBB-J,landmark_still_registered,score_free,56,ood_test,0.2,label_conditional,avg_set_size,10,1.1406848520023216,0.09759996172316918,1.0667440510737087,1.0793673824724317,1.109692396982008,1.1405977945443992,1.3847939640162508
BBB-J,landmark_still_registered,score_free,56,ood_test,0.2,label_conditional,singleton_rate,10,0.8593151479976784,0.09759996172316919,0.6152060359837492,0.8594022054556006,0.8903076030179919,0.9206326175275682,0.9332559489262914
BBB-J,landmark_still_registered,score_free,56,ood_test,0.2,label_conditional,ambiguous_rate,10,0.14068485200232153,0.09759996172316915,0.06674405107370865,0.0793673824724318,0.10969239698200814,0.1405977945443993,0.3847939640162507
BBB-J,landmark_still_registered,score_free,56,ood_test,0.2,label_conditional,empty_rate,10,0.0,0.0,0.0,0.0,0.0,0.0,0.0
BBB-J,landmark_still_registered,score_free,56,ood_test,0.2,label_conditional,singleton_accuracy,10,0.7252035236312693,0.019722074450055933,0.6754716981132075,0.720791161299317,0.7267096123157796,0.7389096304025302,0.7447916666666666
BBB-J,landmark_still_registered,score_free,56,ood_test,0.2,label_conditional,class0_coverage,10,0.9121929824561403,0.05771495803609939,0.7657894736842106,0.906140350877193,0.9311403508771929,0.9489035087719297,0.9543859649122807
BBB-J,landmark_still_registered,score_free,56,ood_test,0.2,label_conditional,class1_coverage,10,0.47684391080617494,0.17055183295826548,0.33276157804459694,0.35763293310463123,0.4176672384219554,0.5068610634648371,0.8679245283018868
BBB-J,landmark_still_registered,score_free,56,ood_test,0.2,label_conditional,class0_avg_set_size,10,1.129298245614035,0.11354460419449541,1.0543859649122806,1.0649122807017544,1.0912280701754387,1.1223684210526315,1.4254385964912282
BBB-J,landmark_still_registered,score_free,56,ood_test,0.2,label_conditional,class1_avg_set_size,10,1.1629502572898798,0.07045361601257574,1.0909090909090908,1.1157804459691252,1.1449399656946826,1.1818181818181819,1.3053173241852487
BBB-J,landmark_still_registered,score_free,56,ood_test,0.2,label_conditional,class0_singleton_accuracy,10,0.8865751459770947,0.10907015688707321,0.5923664122137404,0.8941488338860223,0.9241527015367221,0.9443628019877568,0.9517625231910947
BBB-J,landmark_still_registered,score_free,56,ood_test,0.2,label_conditional,class1_singleton_accuracy,10,0.38729136746549186,0.17274585767422013,0.2660377358490566,0.27654340055602133,0.31216185104178656,0.40299639917695473,0.8098765432098766
BBB-J,landmark_still_registered,score_free,56,ood_test,0.2,marginal,coverage,10,0.750667440510737,0.023326617853292896,0.7231572838073128,0.733749274521184,0.7460824143934996,0.7569645966337782,0.7991874637260592
BBB-J,landmark_still_registered,score_free,56,ood_test,0.2,marginal,avg_set_size,10,1.0833430063842138,0.05231122954972826,1.0388856645385955,1.0502031340684852,1.0687753917585607,1.0892338943702844,1.2118398142774232
BBB-J,landmark_still_registered,score_free,56,ood_test,0.2,marginal,singleton_rate,10,0.9166569936157865,0.052311229549728236,0.788160185722577,0.9107661056297156,0.9312246082414393,0.9497968659315148,0.9611143354614046
BBB-J,landmark_still_registered,score_free,56,ood_test,0.2,marginal,ambiguous_rate,10,0.08334300638421357,0.05231122954972825,0.038885664538595474,0.0502031340684852,0.06877539175856065,0.0892338943702844,0.2118398142774231
BBB-J,landmark_still_registered,score_free,56,ood_test,0.2,marginal,empty_rate,10,0.0,0.0,0.0,0.0,0.0,0.0,0.0
BBB-J,landmark_still_registered,score_free,56,ood_test,0.2,marginal,singleton_accuracy,10,0.728494118299167,0.01149839391673087,0.7119565217391305,0.7197198900668845,0.7268316238723055,0.7357119835041639,0.7458416500332667
BBB-J,landmark_still_registered,score_free,56,ood_test,0.2,marginal,class0_coverage,10,0.9560526315789474,0.02745877149235989,0.8850877192982456,0.9497807017543859,0.9649122807017544,0.9719298245614035,0.9771929824561404
BBB-J,landmark_still_registered,score_free,56,ood_test,0.2,marginal,class1_coverage,10,0.34905660377358494,0.11606280289945045,0.2624356775300172,0.2765866209262436,0.3053173241852487,0.36749571183533447,0.6312178387650086
BBB-J,landmark_still_registered,score_free,56,ood_test,0.2,marginal,class0_avg_set_size,10,1.0659649122807016,0.050668051689287466,1.025438596491228,1.0403508771929824,1.05,1.0651315789473685,1.1973684210526316
BBB-J,landmark_still_registered,score_free,56,ood_test,0.2,marginal,class1_avg_set_size,10,1.1173241852487137,0.05780216923151184,1.053173241852487,1.0810463121783875,1.1054888507718696,1.1363636363636362,1.2401372212692967
BBB-J,landmark_still_registered,score_free,56,ood_test,0.2,marginal,class0_singleton_accuracy,10,0.9513397672981491,0.03557623508334229,0.8568306010928962,0.9471987028381083,0.963113512335781,0.9710852255243806,0.9755409219190969
BBB-J,landmark_still_registered,score_free,56,ood_test,0.2,marginal,class1_singleton_accuracy,10,0.2673529844216215,0.09806242988946734,0.2003780718336484,0.20407492037113972,0.23023474551572476,0.29138398789310493,0.5146726862302483
DDD-B,landmark_still_registered,score_free,14,id_test,0.05,label_conditional,coverage,10,0.9605555555555554,0.01665637542353249,0.9333333333333333,0.9513888888888888,0.9638888888888889,0.9708333333333333,0.9888888888888889
DDD-B,landmark_still_registered,score_free,14,id_test,0.05,label_conditional,avg_set_size,10,1.786111111111111,0.05904184654418471,1.6555555555555554,1.761111111111111,1.7833333333333332,1.8263888888888888,1.8611111111111112
DDD-B,landmark_still_registered,score_free,14,id_test,0.05,label_conditional,singleton_rate,10,0.21388888888888888,0.059041846544184665,0.1388888888888889,0.1736111111111111,0.21666666666666667,0.23888888888888887,0.34444444444444444
DDD-B,landmark_still_registered,score_free,14,id_test,0.05,label_conditional,ambiguous_rate,10,0.7861111111111111,0.05904184654418467,0.6555555555555556,0.7611111111111111,0.7833333333333333,0.826388888888889,0.8611111111111112
DDD-B,landmark_still_registered,score_free,14,id_test,0.05,label_conditional,empty_rate,10,0.0,0.0,0.0,0.0,0.0,0.0,0.0
DDD-B,landmark_still_registered,score_free,14,id_test,0.05,label_conditional,singleton_accuracy,10,0.8205544241019623,0.04924553065333342,0.7272727272727273,0.8150584795321637,0.8203812316715543,0.8321428571428572,0.92
DDD-B,landmark_still_registered,score_free,14,id_test,0.05,label_conditional,class0_coverage,10,0.9727272727272727,0.021601688224891172,0.935064935064935,0.961038961038961,0.974025974025974,0.987012987012987,1.0
DDD-B,landmark_still_registered,score_free,14,id_test,0.05,label_conditional,class1_coverage,10,0.9514563106796118,0.02548222612948805,0.9029126213592233,0.941747572815534,0.9466019417475728,0.9684466019417476,0.9902912621359223
DDD-B,landmark_still_registered,score_free,14,id_test,0.05,label_conditional,class0_avg_set_size,10,1.8259740259740262,0.09166864715197523,1.6623376623376624,1.762987012987013,1.8246753246753247,1.9025974025974026,1.948051948051948
DDD-B,landmark_still_registered,score_free,14,id_test,0.05,label_conditional,class1_avg_set_size,10,1.7563106796116508,0.05423971391227324,1.6504854368932038,1.7597087378640777,1.7718446601941749,1.7766990291262137,1.825242718446602
DDD-B,landmark_still_registered,score_free,14,id_test,0.05,label_conditional,class0_singleton_accuracy,10,0.7660533545401965,0.30081222352499654,0.16666666666666666,0.8209134615384616,0.8759398496240601,0.925,1.0
DDD-B,landmark_still_registered,score_free,14,id_test,0.05,label_conditional,class1_singleton_accuracy,10,0.8010562050907319,0.10404656865463363,0.6,0.7418478260869565,0.7837301587301587,0.8805147058823529,0.9444444444444444
DDD-B,landmark_still_registered,score_free,14,id_test,0.05,marginal,coverage,10,0.946111111111111,0.013620870776617241,0.9222222222222223,0.9402777777777778,0.9444444444444444,0.95,0.9666666666666667
DDD-B,landmark_still_registered,score_free,14,id_test,0.05,marginal,avg_set_size,10,1.6866666666666668,0.06416072069078588,1.5333333333333334,1.675,1.6972222222222222,1.725,1.7555555555555555
DDD-B,landmark_still_registered,score_free,14,id_test,0.05,marginal,singleton_rate,10,0.3133333333333333,0.0641607206907859,0.24444444444444444,0.27499999999999997,0.3027777777777778,0.325,0.4666666666666667
DDD-B,landmark_still_registered,score_free,14,id_test,0.05,marginal,ambiguous_rate,10,0.6866666666666668,0.0641607206907859,0.5333333333333333,0.675,0.6972222222222222,0.725,0.7555555555555555
DDD-B,landmark_still_registered,score_free,14,id_test,0.05,marginal,empty_rate,10,0.0,0.0,0.0,0.0,0.0,0.0,0.0
DDD-B,landmark_still_registered,score_free,14,id_test,0.05,marginal,singleton_accuracy,10,0.827381489005033,0.03238185015753776,0.7857142857142857,0.8060910582444627,0.8270189431704885,0.8326923076923077,0.8947368421052632
DDD-B,landmark_still_registered,score_free,14,id_test,0.05,marginal,class0_coverage,10,0.9116883116883118,0.028584543756223695,0.8831168831168831,0.8863636363636364,0.9025974025974026,0.9318181818181818,0.961038961038961
DDD-B,landmark_still_registered,score_free,14,id_test,0.05,marginal,class1_coverage,10,0.9718446601941748,0.01911851843073388,0.9320388349514563,0.970873786407767,0.970873786407767,0.9805825242718447,1.0
DDD-B,landmark_still_registered,score_free,14,id_test,0.05,marginal,class0_avg_set_size,10,1.8142857142857143,0.07983463353226501,1.6233766233766234,1.7922077922077921,1.8181818181818181,1.8668831168831168,1.9090909090909092
DDD-B,landmark_still_registered,score_free,14,id_test,0.05,marginal,class1_avg_set_size,10,1.5912621359223302,0.05815345781820994,1.4660194174757282,1.5728155339805825,1.6116504854368932,1.6189320388349513,1.6601941747572815
DDD-B,landmark_still_registered,score_free,14,id_test,0.05,marginal,class0_singleton_accuracy,10,0.4697911709093251,0.233560230792431,0.1,0.37723214285714285,0.4772727272727273,0.625,0.7647058823529411
DDD-B,landmark_still_registered,score_free,14,id_test,0.05,marginal,class1_singleton_accuracy,10,0.9332955279383851,0.03800751536951803,0.8727272727272727,0.9154440154440154,0.9318877551020408,0.95,1.0
DDD-B,landmark_still_registered,score_free,14,id_test,0.1,label_conditional,coverage,10,0.903888888888889,0.027473643686152942,0.8555555555555555,0.8833333333333333,0.9083333333333333,0.9277777777777778,0.9333333333333333
DDD-B,landmark_still_registered,score_free,14,id_test,0.1,label_conditional,avg_set_size,10,1.5677777777777777,0.07557733890776125,1.45,1.5,1.6,1.625,1.6388888888888888
DDD-B,landmark_still_registered,score_free,14,id_test,0.1,label_conditional,singleton_rate,10,0.4322222222222222,0.07557733890776124,0.3611111111111111,0.375,0.4,0.5,0.55
DDD-B,landmark_still_registered,score_free,14,id_test,0.1,label_conditional,ambiguous_rate,10,0.5677777777777778,0.07557733890776124,0.45,0.5,0.6,0.625,0.6388888888888888
DDD-B,landmark_still_registered,score_free,14,id_test,0.1,label_conditional,empty_rate,10,0.0,0.0,0.0,0.0,0.0,0.0,0.0
DDD-B,landmark_still_registered,score_free,14,id_test,0.1,label_conditional,singleton_accuracy,10,0.7791045121811535,0.04284216975694743,0.704225352112676,0.7571654373024236,0.7805373320837239,0.8101881894873459,0.84
DDD-B,landmark_still_registered,score_free,14,id_test,0.1,label_conditional,class0_coverage,10,0.9129870129870131,0.03572412300567578,0.8701298701298701,0.8863636363636364,0.8961038961038961,0.9512987012987013,0.961038961038961
DDD-B,landmark_still_registered,score_free,14,id_test,0.1,label_conditional,class1_coverage,10,0.8970873786407767,0.04890908864029145,0.8155339805825242,0.8786407766990291,0.9029126213592233,0.9199029126213593,0.9611650485436893
DDD-B,landmark_still_registered,score_free,14,id_test,0.1,label_conditional,class0_avg_set_size,10,1.6259740259740258,0.11677082950137682,1.4155844155844155,1.5844155844155845,1.6753246753246753,1.685064935064935,1.7792207792207793
DDD-B,landmark_still_registered,score_free,14,id_test,0.1,label_conditional,class1_avg_set_size,10,1.5242718446601942,0.0730847235639884,1.3689320388349515,1.4854368932038835,1.5194174757281553,1.5825242718446602,1.6116504854368932
DDD-B,landmark_still_registered,score_free,14,id_test,0.1,label_conditional,class0_singleton_accuracy,10,0.74523642826242,0.13104271837270554,0.5294117647058824,0.65,0.7329411764705882,0.8618055555555555,0.9302325581395349
DDD-B,landmark_still_registered,score_free,14,id_test,0.1,label_conditional,class1_singleton_accuracy,10,0.7847812771699815,0.0938796530541552,0.64,0.7523148148148149,0.7790697674418605,0.835243328100471,0.92
DDD-B,landmark_still_registered,score_free,14,id_test,0.1,marginal,coverage,10,0.8983333333333334,0.03132313116457805,0.8611111111111112,0.8694444444444445,0.8916666666666666,0.9263888888888889,0.9444444444444444
DDD-B,landmark_still_registered,score_free,14,id_test,0.1,marginal,avg_set_size,10,1.5461111111111112,0.07476758685350055,1.4222222222222223,1.5166666666666666,1.5444444444444445,1.5722222222222222,1.6722222222222223
DDD-B,landmark_still_registered,score_free,14,id_test,0.1,marginal,singleton_rate,10,0.4538888888888889,0.07476758685350053,0.3277777777777778,0.42777777777777776,0.45555555555555555,0.48333333333333334,0.5777777777777777
DDD-B,landmark_still_registered,score_free,14,id_test,0.1,marginal,ambiguous_rate,10,0.5461111111111111,0.07476758685350056,0.4222222222222222,0.5166666666666667,0.5444444444444445,0.5722222222222222,0.6722222222222223
DDD-B,landmark_still_registered,score_free,14,id_test,0.1,marginal,empty_rate,10,0.0,0.0,0.0,0.0,0.0,0.0,0.0
DDD-B,landmark_still_registered,score_free,14,id_test,0.1,marginal,singleton_accuracy,10,0.7784486672724161,0.05134853682535825,0.6875,0.7478448275862069,0.7811671087533156,0.8260063559322034,0.8375
DDD-B,landmark_still_registered,score_free,14,id_test,0.1,marginal,class0_coverage,10,0.8506493506493505,0.05310755041725233,0.7532467532467533,0.8181818181818182,0.8636363636363635,0.8701298701298701,0.935064935064935
DDD-B,landmark_still_registered,score_free,14,id_test,0.1,marginal,class1_coverage,10,0.9339805825242719,0.03655668931117914,0.8640776699029126,0.9101941747572816,0.9320388349514563,0.9660194174757282,0.9805825242718447
DDD-B,landmark_still_registered,score_free,14,id_test,0.1,marginal,class0_avg_set_size,10,1.668831168831169,0.08598278816468052,1.5324675324675325,1.6396103896103897,1.668831168831169,1.727272727272727,1.8051948051948052
DDD-B,landmark_still_registered,score_free,14,id_test,0.1,marginal,class1_avg_set_size,10,1.454368932038835,0.07559249874773555,1.3398058252427185,1.4101941747572817,1.4368932038834952,1.5024271844660193,1.5728155339805825
DDD-B,landmark_still_registered,score_free,14,id_test,0.1,marginal,class0_singleton_accuracy,10,0.5330328492170596,0.1842177919393907,0.20833333333333334,0.4645748987854251,0.6,0.6517857142857142,0.7407407407407407
DDD-B,landmark_still_registered,score_free,14,id_test,0.1,marginal,class1_singleton_accuracy,10,0.8821820158576867,0.05489215055352584,0.7941176470588235,0.8420491803278689,0.8792744573297651,0.9306818181818182,0.9555555555555556
DDD-B,landmark_still_registered,score_free,14,id_test,0.2,label_conditional,coverage,10,0.818888888888889,0.04597667447017104,0.7611111111111111,0.7958333333333333,0.8083333333333333,0.8166666666666667,0.9055555555555556
DDD-B,landmark_still_registered,score_free,14,id_test,0.2,label_conditional,avg_set_size,10,1.3205555555555555,0.1289146951602411,1.1555555555555554,1.2277777777777779,1.2805555555555554,1.4208333333333334,1.5166666666666666
DDD-B,landmark_still_registered,score_free,14,id_test,0.2,label_conditional,singleton_rate,10,0.6794444444444444,0.1289146951602411,0.48333333333333334,0.5791666666666667,0.7194444444444444,0.7722222222222223,0.8444444444444444
DDD-B,landmark_still_registered,score_free,14,id_test,0.2,label_conditional,ambiguous_rate,10,0.32055555555555554,0.1289146951602411,0.15555555555555556,0.22777777777777777,0.28055555555555556,0.42083333333333334,0.5166666666666667
DDD-B,landmark_still_registered,score_free,14,id_test,0.2,label_conditional,empty_rate,10,0.0,0.0,0.0,0.0,0.0,0.0,0.0
DDD-B,landmark_still_registered,score_free,14,id_test,0.2,label_conditional,singleton_accuracy,10,0.7352590752847077,0.043481127345260814,0.6666666666666666,0.7042763157894736,0.7319881440948472,0.7649899396378269,0.8068181818181818
DDD-B,landmark_still_registered,score_free,14,id_test,0.2,label_conditional,class0_coverage,10,0.8142857142857143,0.05744704553258398,0.7402597402597403,0.7792207792207793,0.7987012987012987,0.8538961038961038,0.922077922077922
DDD-B,landmark_still_registered,score_free,14,id_test,0.2,label_conditional,class1_coverage,10,0.8223300970873787,0.049726685675743745,0.7669902912621359,0.7985436893203883,0.8155339805825242,0.8228155339805825,0.9223300970873787
DDD-B,landmark_still_registered,score_free,14,id_test,0.2,label_conditional,class0_avg_set_size,10,1.374025974025974,0.1684199676645933,1.1428571428571428,1.262987012987013,1.3571428571428572,1.5292207792207793,1.5974025974025974
DDD-B,landmark_still_registered,score_free,14,id_test,0.2,label_conditional,class1_avg_set_size,10,1.2805825242718447,0.10902354981460038,1.1553398058252426,1.2087378640776698,1.2475728155339807,1.3325242718446604,1.4563106796116505
DDD-B,landmark_still_registered,score_free,14,id_test,0.2,label_conditional,class0_singleton_accuracy,10,0.6927257207648979,0.1009805270437146,0.5161290322580645,0.6471362738643844,0.6755872160184828,0.7851731601731602,0.8275862068965517
DDD-B,landmark_still_registered,score_free,14,id_test,0.2,label_conditional,class1_singleton_accuracy,10,0.7570851978837317,0.046116582800701654,0.7073170731707317,0.724241978216073,0.7426470588235294,0.7768318965517241,0.8571428571428571
DDD-B,landmark_still_registered,score_free,14,id_test,0.2,marginal,coverage,10,0.7916666666666667,0.041096927816985464,0.7222222222222222,0.7805555555555556,0.7916666666666666,0.8097222222222222,0.85
DDD-B,landmark_still_registered,score_free,14,id_test,0.2,marginal,avg_set_size,10,1.2544444444444445,0.10901730900435687,1.0944444444444446,1.2,1.225,1.3569444444444443,1.4055555555555554
DDD-B,landmark_still_registered,score_free,14,id_test,0.2,marginal,singleton_rate,10,0.7455555555555555,0.10901730900435692,0.5944444444444444,0.6430555555555556,0.7749999999999999,0.8,0.9055555555555556
DDD-B,landmark_still_registered,score_free,14,id_test,0.2,marginal,ambiguous_rate,10,0.2544444444444445,0.10901730900435692,0.09444444444444444,0.2,0.22499999999999998,0.35694444444444445,0.40555555555555556
DDD-B,landmark_still_registered,score_free,14,id_test,0.2,marginal,empty_rate,10,0.0,0.0,0.0,0.0,0.0,0.0,0.0
DDD-B,landmark_still_registered,score_free,14,id_test,0.2,marginal,singleton_accuracy,10,0.7203719585985594,0.038711205047538444,0.6527777777777778,0.6956111373289288,0.7372144340602285,0.749881948192121,0.7622377622377622
DDD-B,landmark_still_registered,score_free,14,id_test,0.2,marginal,class0_coverage,10,0.7129870129870131,0.09069238239845852,0.4935064935064935,0.7012987012987013,0.7272727272727273,0.7727272727272727,0.8051948051948052
DDD-B,landmark_still_registered,score_free,14,id_test,0.2,marginal,class1_coverage,10,0.8504854368932039,0.044183943471523685,0.7864077669902912,0.8203883495145631,0.8495145631067961,0.8859223300970874,0.9223300970873787
DDD-B,landmark_still_registered,score_free,14,id_test,0.2,marginal,class0_avg_set_size,10,1.324675324675325,0.14067598969066597,1.103896103896104,1.2727272727272727,1.2922077922077921,1.4123376623376622,1.5584415584415585
DDD-B,landmark_still_registered,score_free,14,id_test,0.2,marginal,class1_avg_set_size,10,1.2019417475728154,0.09377298386758315,1.087378640776699,1.1383495145631066,1.1796116504854368,1.25,1.3786407766990292
DDD-B,landmark_still_registered,score_free,14,id_test,0.2,marginal,class0_singleton_accuracy,10,0.5612329477182567,0.15011565556918935,0.2909090909090909,0.5144230769230769,0.6066734074823054,0.6455026455026456,0.7321428571428571
DDD-B,landmark_still_registered,score_free,14,id_test,0.2,marginal,class1_singleton_accuracy,10,0.8143451605613692,0.04372519679992856,0.75,0.7817197170645447,0.8176274944567627,0.8276154891304348,0.8873239436619719
DDD-B,landmark_still_registered,score_free,14,ood_test,0.05,label_conditional,coverage,10,0.9553571428571429,0.021669517097097715,0.9186507936507936,0.9451884920634921,0.9608134920634921,0.9714781746031746,0.9791666666666666
DDD-B,landmark_still_registered,score_free,14,ood_test,0.05,label_conditional,avg_set_size,10,1.8165674603174602,0.061228974986300054,1.7251984126984128,1.757936507936508,1.8308531746031746,1.8645833333333335,1.8918650793650793
DDD-B,landmark_still_registered,score_free,14,ood_test,0.05,label_conditional,singleton_rate,10,0.18343253968253967,0.06122897498630007,0.10813492063492064,0.13541666666666669,0.1691468253968254,0.24206349206349204,0.2748015873015873
DDD-B,landmark_still_registered,score_free,14,ood_test,0.05,label_conditional,ambiguous_rate,10,0.8165674603174603,0.061228974986300075,0.7251984126984127,0.7579365079365079,0.8308531746031746,0.8645833333333334,0.8918650793650794
DDD-B,landmark_still_registered,score_free,14,ood_test,0.05,label_conditional,empty_rate,10,0.0,0.0,0.0,0.0,0.0,0.0,0.0
DDD-B,landmark_still_registered,score_free,14,ood_test,0.05,label_conditional,singleton_accuracy,10,0.7662810201922612,0.041659509655115445,0.6964980544747081,0.7439956501475843,0.7823549314836745,0.7947776993648553,0.8205128205128205
DDD-B,landmark_still_registered,score_free,14,ood_test,0.05,label_conditional,class0_coverage,10,0.9812765957446808,0.01093211283290649,0.9595744680851064,0.9771276595744681,0.9840425531914894,0.9872340425531915,0.9957446808510638
DDD-B,landmark_still_registered,score_free,14,ood_test,0.05,label_conditional,class1_coverage,10,0.93271375464684,0.040955978940405355,0.8587360594795539,0.9186802973977695,0.946096654275093,0.9628252788104089,0.9702602230483272
DDD-B,landmark_still_registered,score_free,14,ood_test,0.05,label_conditional,class0_avg_set_size,10,1.8085106382978726,0.07035232208588507,1.6872340425531915,1.7728723404255318,1.825531914893617,1.8638297872340426,1.8872340425531915
DDD-B,landmark_still_registered,score_free,14,ood_test,0.05,label_conditional,class1_avg_set_size,10,1.82360594795539,0.058911801353665375,1.7193308550185873,1.7843866171003717,1.8289962825278812,1.8722118959107807,1.895910780669145
DDD-B,landmark_still_registered,score_free,14,ood_test,0.05,label_conditional,class0_singleton_accuracy,10,0.8943417336605346,0.06758136358375583,0.7619047619047619,0.8539520706327517,0.9117538005190953,0.9503115264797508,0.9622641509433962
DDD-B,landmark_still_registered,score_free,14,ood_test,0.05,label_conditional,class1_singleton_accuracy,10,0.6320766309678196,0.13840255938143084,0.4098360655737705,0.5586734693877551,0.6723741374904165,0.7045332257196664,0.8279569892473119
DDD-B,landmark_still_registered,score_free,14,ood_test,0.05,marginal,coverage,10,0.9470238095238095,0.019576049252073,0.9017857142857143,0.9459325396825397,0.9528769841269842,0.9558531746031746,0.9682539682539683
DDD-B,landmark_still_registered,score_free,14,ood_test,0.05,marginal,avg_set_size,10,1.7752976190476193,0.061080199728142846,1.628968253968254,1.7626488095238095,1.7976190476190477,1.8015873015873016,1.8442460317460319
DDD-B,landmark_still_registered,score_free,14,ood_test,0.05,marginal,singleton_rate,10,0.224702380952381,0.06108019972814284,0.15575396825396826,0.1984126984126984,0.20238095238095238,0.23735119047619047,0.37103174603174605
DDD-B,landmark_still_registered,score_free,14,ood_test,0.05,marginal,ambiguous_rate,10,0.775297619047619,0.061080199728142846,0.628968253968254,0.7626488095238095,0.7976190476190477,0.8015873015873016,0.8442460317460317
DDD-B,landmark_still_registered,score_free,14,ood_test,0.05,marginal,empty_rate,10,0.0,0.0,0.0,0.0,0.0,0.0,0.0
DDD-B,landmark_still_registered,score_free,14,ood_test,0.05,marginal,singleton_accuracy,10,0.7687543998015695,0.02214009784360575,0.7311827956989247,0.7639746525127777,0.7713332273955188,0.778073293295747,0.7989130434782609
DDD-B,landmark_still_registered,score_free,14,ood_test,0.05,marginal,class0_coverage,10,0.9280851063829786,0.024686556770983293,0.8680851063829788,0.9180851063829787,0.9372340425531915,0.9436170212765957,0.951063829787234
DDD-B,landmark_still_registered,score_free,14,ood_test,0.05,marginal,class1_coverage,10,0.9635687732342009,0.02438024417791484,0.9163568773234201,0.9595724907063197,0.962825278810409,0.983271375464684,0.9907063197026023
DDD-B,landmark_still_registered,score_free,14,ood_test,0.05,marginal,class0_avg_set_size,10,1.8148936170212764,0.06371936863891123,1.6829787234042553,1.7893617021276595,1.8329787234042554,1.8547872340425533,1.8914893617021276
DDD-B,landmark_still_registered,score_free,14,ood_test,0.05,marginal,class1_avg_set_size,10,1.740706319702602,0.062305406942747076,1.5817843866171004,1.7342007434944238,1.753717472118959,1.778810408921933,1.8029739776951672
DDD-B,landmark_still_registered,score_free,14,ood_test,0.05,marginal,class0_singleton_accuracy,10,0.592433535168505,0.12772804694136558,0.36923076923076925,0.5136202131859455,0.6295098039215686,0.6663930581613509,0.7560975609756098
DDD-B,landmark_still_registered,score_free,14,ood_test,0.05,marginal,class1_singleton_accuracy,10,0.8647496872454041,0.07489945447903147,0.7115384615384616,0.8365903307888041,0.8493923611111112,0.9293618116314977,0.9642857142857143
DDD-B,landmark_still_registered,score_free,14,ood_test,0.1,label_conditional,coverage,10,0.8818452380952382,0.04840133533197985,0.7916666666666666,0.8521825396825397,0.9002976190476191,0.919890873015873,0.9285714285714286
DDD-B,landmark_still_registered,score_free,14,ood_test,0.1,label_conditional,avg_set_size,10,1.611607142857143,0.1051111440200882,1.443452380952381,1.5183531746031746,1.6388888888888888,1.7033730158730158,1.7251984126984128
DDD-B,landmark_still_registered,score_free,14,ood_test,0.1,label_conditional,singleton_rate,10,0.3883928571428571,0.10511114402008823,0.2748015873015873,0.29662698412698413,0.3611111111111111,0.48164682539682535,0.5565476190476191
DDD-B,landmark_still_registered,score_free,14,ood_test,0.1,label_conditional,ambiguous_rate,10,0.6116071428571428,0.10511114402008821,0.44345238095238093,0.5183531746031745,0.6388888888888888,0.7033730158730159,0.7251984126984127
DDD-B,landmark_still_registered,score_free,14,ood_test,0.1,label_conditional,empty_rate,10,0.0,0.0,0.0,0.0,0.0,0.0,0.0
DDD-B,landmark_still_registered,score_free,14,ood_test,0.1,label_conditional,singleton_accuracy,10,0.7047624221402369,0.041680149398696194,0.6256684491978609,0.6892610837438424,0.7210639135203931,0.7316798596956914,0.75
DDD-B,landmark_still_registered,score_free,14,ood_test,0.1,label_conditional,class0_coverage,10,0.9257446808510638,0.04816903071835738,0.7957446808510639,0.9276595744680851,0.9393617021276596,0.9436170212765957,0.9659574468085106
DDD-B,landmark_still_registered,score_free,14,ood_test,0.1,label_conditional,class1_coverage,10,0.8434944237918216,0.09333166838584701,0.6617100371747212,0.8392193308550187,0.8763940520446096,0.9089219330855018,0.9200743494423792
DDD-B,landmark_still_registered,score_free,14,ood_test,0.1,label_conditional,class0_avg_set_size,10,1.60468085106383,0.11357176740188198,1.4085106382978723,1.5579787234042553,1.6095744680851065,1.706914893617021,1.7234042553191489
DDD-B,landmark_still_registered,score_free,14,ood_test,0.1,label_conditional,class1_avg_set_size,10,1.6176579925650558,0.10649204121220959,1.420074349442379,1.554832713754647,1.6598513011152418,1.6970260223048328,1.728624535315985
DDD-B,landmark_still_registered,score_free,14,ood_test,0.1,label_conditional,class0_singleton_accuracy,10,0.8022090449855261,0.11047483911291309,0.5492957746478874,0.7747545827907443,0.7965966921119593,0.8849124090558061,0.9393939393939394
DDD-B,landmark_still_registered,score_free,14,ood_test,0.1,label_conditional,class1_singleton_accuracy,10,0.6031984423994032,0.15860401769665108,0.32661290322580644,0.5457676902536716,0.642652329749104,0.7118172922967443,0.8076923076923077
DDD-B,landmark_still_registered,score_free,14,ood_test,0.1,marginal,coverage,10,0.8935515873015873,0.031455522900038835,0.8373015873015873,0.8725198412698413,0.8958333333333333,0.9151785714285714,0.933531746031746
DDD-B,landmark_still_registered,score_free,14,ood_test,0.1,marginal,avg_set_size,10,1.613690476190476,0.08229437584375035,1.4513888888888888,1.5674603174603174,1.623015873015873,1.6510416666666665,1.7281746031746033
DDD-B,landmark_still_registered,score_free,14,ood_test,0.1,marginal,singleton_rate,10,0.3863095238095238,0.08229437584375038,0.2718253968253968,0.3489583333333333,0.376984126984127,0.43253968253968256,0.5486111111111112
DDD-B,landmark_still_registered,score_free,14,ood_test,0.1,marginal,ambiguous_rate,10,0.6136904761904762,0.08229437584375036,0.4513888888888889,0.5674603174603174,0.623015873015873,0.6510416666666667,0.7281746031746031
DDD-B,landmark_still_registered,score_free,14,ood_test,0.1,marginal,empty_rate,10,0.0,0.0,0.0,0.0,0.0,0.0,0.0
DDD-B,landmark_still_registered,score_free,14,ood_test,0.1,marginal,singleton_accuracy,10,0.7285772618858252,0.02707226018760727,0.6887871853546911,0.7041463602526781,0.7306475066290309,0.7537594717260455,0.7627118644067796
DDD-B,landmark_still_registered,score_free,14,ood_test,0.1,marginal,class0_coverage,10,0.8768085106382978,0.0423333565026807,0.8021276595744681,0.8595744680851064,0.8978723404255319,0.9090425531914894,0.9106382978723404
DDD-B,landmark_still_registered,score_free,14,ood_test,0.1,marginal,class1_coverage,10,0.90817843866171,0.04476600718859189,0.8345724907063197,0.8698884758364311,0.9228624535315986,0.9428438661710038,0.9609665427509294
DDD-B,landmark_still_registered,score_free,14,ood_test,0.1,marginal,class0_avg_set_size,10,1.6563829787234041,0.08442546757032554,1.5063829787234042,1.6095744680851063,1.6585106382978725,1.7148936170212765,1.7765957446808511
DDD-B,landmark_still_registered,score_free,14,ood_test,0.1,marginal,class1_avg_set_size,10,1.5763940520446096,0.08425108346177981,1.403345724907063,1.5422862453531598,1.5845724907063197,1.6175650557620818,1.6858736059479553
DDD-B,landmark_still_registered,score_free,14,ood_test,0.1,marginal,class0_singleton_accuracy,10,0.6327978333304698,0.11206372442639322,0.45294117647058824,0.5733682266009852,0.6518283904405413,0.6928447715955834,0.7920792079207921
DDD-B,landmark_still_registered,score_free,14,ood_test,0.1,marginal,class1_singleton_accuracy,10,0.7883438853869055,0.08627118374779624,0.6352459016393442,0.7579237453807055,0.8087242026266417,0.8382778106314476,0.8963963963963963
DDD-B,landmark_still_registered,score_free,14,ood_test,0.2,label_conditional,coverage,10,0.7748015873015872,0.0666530834612731,0.6805555555555556,0.7242063492063492,0.7619047619047619,0.8291170634920635,0.8740079365079365
DDD-B,landmark_still_registered,score_free,14,ood_test,0.2,label_conditional,avg_set_size,10,1.3396825396825396,0.14229125008807778,1.128968253968254,1.2492559523809523,1.3010912698412698,1.4387400793650795,1.560515873015873
DDD-B,landmark_still_registered,score_free,14,ood_test,0.2,label_conditional,singleton_rate,10,0.6603174603174603,0.14229125008807778,0.439484126984127,0.5612599206349207,0.6989087301587301,0.7507440476190477,0.871031746031746
DDD-B,landmark_still_registered,score_free,14,ood_test,0.2,label_conditional,ambiguous_rate,10,0.3396825396825397,0.14229125008807778,0.12896825396825398,0.24925595238095238,0.3010912698412698,0.43874007936507936,0.560515873015873
DDD-B,landmark_still_registered,score_free,14,ood_test,0.2,label_conditional,empty_rate,10,0.0,0.0,0.0,0.0,0.0,0.0,0.0
DDD-B,landmark_still_registered,score_free,14,ood_test,0.2,label_conditional,singleton_accuracy,10,0.6648460665281595,0.03338727669283766,0.6205533596837944,0.6385276896606473,0.6601953025465773,0.6952394681779989,0.7133182844243793
DDD-B,landmark_still_registered,score_free,14,ood_test,0.2,label_conditional,class0_coverage,10,0.823404255319149,0.07484201962140663,0.6595744680851063,0.7968085106382978,0.851063829787234,0.8739361702127659,0.8893617021276595
DDD-B,landmark_still_registered,score_free,14,ood_test,0.2,label_conditional,class1_coverage,10,0.7323420074349444,0.11570704544510625,0.5539033457249071,0.6603159851301115,0.7537174721189591,0.8252788104089219,0.8605947955390335
DDD-B,landmark_still_registered,score_free,14,ood_test,0.2,label_conditional,class0_avg_set_size,10,1.3480851063829786,0.1486088940480062,1.1106382978723404,1.275,1.297872340425532,1.4361702127659575,1.5765957446808512
DDD-B,landmark_still_registered,score_free,14,ood_test,0.2,label_conditional,class1_avg_set_size,10,1.3323420074349444,0.13954639690019346,1.1449814126394051,1.2342007434944238,1.3066914498141264,1.4423791821561338,1.5483271375464684
DDD-B,landmark_still_registered,score_free,14,ood_test,0.2,label_conditional,class0_singleton_accuracy,10,0.7256760544882492,0.10219882985774963,0.5166163141993958,0.7045387757500956,0.7544984802431611,0.7997212070979166,0.8314606741573034
DDD-B,landmark_still_registered,score_free,14,ood_test,0.2,label_conditional,class1_singleton_accuracy,10,0.6084863254993742,0.11586181649983959,0.43424317617866004,0.5223533478174995,0.5994217888288839,0.6972535686728395,0.7647058823529411
DDD-B,landmark_still_registered,score_free,14,ood_test,0.2,marginal,coverage,10,0.7607142857142857,0.058517358408661936,0.6924603174603174,0.708829365079365,0.751984126984127,0.8055555555555556,0.8472222222222222
DDD-B,landmark_still_registered,score_free,14,ood_test,0.2,marginal,avg_set_size,10,1.2949404761904761,0.12733504099625875,1.1359126984126984,1.2053571428571428,1.2827380952380953,1.3950892857142858,1.4811507936507937
DDD-B,landmark_still_registered,score_free,14,ood_test,0.2,marginal,singleton_rate,10,0.7050595238095239,0.1273350409962587,0.5188492063492064,0.6049107142857143,0.7172619047619048,0.7946428571428571,0.8640873015873016
DDD-B,landmark_still_registered,score_free,14,ood_test,0.2,marginal,ambiguous_rate,10,0.29494047619047625,0.1273350409962587,0.1359126984126984,0.20535714285714285,0.28273809523809523,0.3950892857142857,0.48115079365079366
DDD-B,landmark_still_registered,score_free,14,ood_test,0.2,marginal,empty_rate,10,0.0,0.0,0.0,0.0,0.0,0.0,0.0
DDD-B,landmark_still_registered,score_free,14,ood_test,0.2,marginal,singleton_accuracy,10,0.6643635155812937,0.027116376608358316,0.6246882793017456,0.6449338321499256,0.6651703097405962,0.6787072799625468,0.7055449330783938
DDD-B,landmark_still_registered,score_free,14,ood_test,0.2,marginal,class0_coverage,10,0.7404255319148936,0.0711556434677107,0.6361702127659574,0.6734042553191489,0.7595744680851064,0.7930851063829787,0.8319148936170213
DDD-B,landmark_still_registered,score_free,14,ood_test,0.2,marginal,class1_coverage,10,0.7784386617100372,0.08511396667665906,0.6301115241635687,0.7351301115241635,0.8011152416356877,0.8480483271375464,0.8643122676579925
DDD-B,landmark_still_registered,score_free,14,ood_test,0.2,marginal,class0_avg_set_size,10,1.3208510638297872,0.13769755140595644,1.1425531914893616,1.21968085106383,1.3074468085106383,1.4196808510638297,1.5276595744680852
DDD-B,landmark_still_registered,score_free,14,ood_test,0.2,marginal,class1_avg_set_size,10,1.2723048327137545,0.11893732374892173,1.1301115241635689,1.184479553903346,1.258364312267658,1.375,1.449814126394052
DDD-B,landmark_still_registered,score_free,14,ood_test,0.2,marginal,class0_singleton_accuracy,10,0.6161687366102158,0.07800144604195508,0.4864864864864865,0.5711963448618522,0.617117117117117,0.6798874866055482,0.7245657568238213
DDD-B,landmark_still_registered,score_free,14,ood_test,0.2,marginal,class1_singleton_accuracy,10,0.7018864009003996,0.07827870018274462,0.5694444444444444,0.6697266354626761,0.7301229640121033,0.7552339590213655,0.7984886649874056
DDD-B,landmark_still_registered,score_free,56,id_test,0.05,label_conditional,coverage,10,0.9481707317073169,0.021748917234789295,0.9207317073170732,0.9329268292682927,0.9512195121951219,0.9573170731707317,0.9878048780487805
DDD-B,landmark_still_registered,score_free,56,id_test,0.05,label_conditional,avg_set_size,10,1.6628048780487805,0.0599541819462513,1.5853658536585367,1.6341463414634145,1.6524390243902438,1.6829268292682926,1.7926829268292683
DDD-B,landmark_still_registered,score_free,56,id_test,0.05,label_conditional,singleton_rate,10,0.33719512195121953,0.05995418194625131,0.2073170731707317,0.3170731707317073,0.3475609756097561,0.36585365853658536,0.4146341463414634
DDD-B,landmark_still_registered,score_free,56,id_test,0.05,label_conditional,ambiguous_rate,10,0.6628048780487805,0.05995418194625132,0.5853658536585366,0.6341463414634146,0.6524390243902439,0.6829268292682927,0.7926829268292683
DDD-B,landmark_still_registered,score_free,56,id_test,0.05,label_conditional,empty_rate,10,0.0,0.0,0.0,0.0,0.0,0.0,0.0
DDD-B,landmark_still_registered,score_free,56,id_test,0.05,label_conditional,singleton_accuracy,10,0.8499726570555237,0.05482199778519451,0.7719298245614035,0.8107843137254902,0.850531914893617,0.8868006993006993,0.9411764705882353
DDD-B,landmark_still_registered,score_free,56,id_test,0.05,label_conditional,class0_coverage,10,0.9415584415584416,0.04983058196199715,0.8571428571428571,0.9155844155844155,0.948051948051948,0.9837662337662337,1.0
DDD-B,landmark_still_registered,score_free,56,id_test,0.05,label_conditional,class1_coverage,10,0.9540229885057473,0.03426924103447954,0.8850574712643678,0.9339080459770115,0.9655172413793103,0.9770114942528736,0.9885057471264368
DDD-B,landmark_still_registered,score_free,56,id_test,0.05,label_conditional,class0_avg_set_size,10,1.8000000000000003,0.06795295885835012,1.6883116883116882,1.7727272727272727,1.8116883116883118,1.8311688311688312,1.9090909090909092
DDD-B,landmark_still_registered,score_free,56,id_test,0.05,label_conditional,class1_avg_set_size,10,1.5413793103448277,0.06444303213471972,1.4597701149425288,1.5,1.5402298850574714,1.5517241379310345,1.6896551724137931
DDD-B,landmark_still_registered,score_free,56,id_test,0.05,label_conditional,class0_singleton_accuracy,10,0.6991935600631253,0.23286108712232192,0.23076923076923078,0.5757211538461539,0.7167832167832169,0.8511904761904762,1.0
DDD-B,landmark_still_registered,score_free,56,id_test,0.05,label_conditional,class1_singleton_accuracy,10,0.8987132384615519,0.07594335021709984,0.7435897435897436,0.8498931623931624,0.9255784865540964,0.9553030303030303,0.9787234042553191
DDD-B,landmark_still_registered,score_free,56,id_test,0.05,marginal,coverage,10,0.9469512195121951,0.024398711267353844,0.9085365853658537,0.9298780487804879,0.948170731707317,0.9573170731707317,0.9878048780487805
DDD-B,landmark_still_registered,score_free,56,id_test,0.05,marginal,avg_set_size,10,1.645121951219512,0.05587028308464606,1.5548780487804879,1.6143292682926829,1.6402439024390243,1.6753048780487805,1.7560975609756098
DDD-B,landmark_still_registered,score_free,56,id_test,0.05,marginal,singleton_rate,10,0.3548780487804878,0.05587028308464609,0.24390243902439024,0.3246951219512195,0.3597560975609756,0.3856707317073171,0.4451219512195122
DDD-B,landmark_still_registered,score_free,56,id_test,0.05,marginal,ambiguous_rate,10,0.6451219512195123,0.055870283084646095,0.5548780487804879,0.6143292682926829,0.6402439024390244,0.6753048780487805,0.7560975609756098
DDD-B,landmark_still_registered,score_free,56,id_test,0.05,marginal,empty_rate,10,0.0,0.0,0.0,0.0,0.0,0.0,0.0
DDD-B,landmark_still_registered,score_free,56,id_test,0.05,marginal,singleton_accuracy,10,0.8542017160913952,0.061365528088845496,0.7540983606557377,0.8247716894977168,0.8527644230769231,0.8914693772516726,0.95
DDD-B,landmark_still_registered,score_free,56,id_test,0.05,marginal,class0_coverage,10,0.9519480519480519,0.037764205173271684,0.8831168831168831,0.9253246753246753,0.9545454545454546,0.9805194805194806,1.0
DDD-B,landmark_still_registered,score_free,56,id_test,0.05,marginal,class1_coverage,10,0.9425287356321841,0.03383816423880402,0.8620689655172413,0.9339080459770115,0.9540229885057471,0.9540229885057471,0.9885057471264368
DDD-B,landmark_still_registered,score_free,56,id_test,0.05,marginal,class0_avg_set_size,10,1.7532467532467533,0.06362311020216048,1.6753246753246753,1.698051948051948,1.7467532467532467,1.8084415584415585,1.844155844155844
DDD-B,landmark_still_registered,score_free,56,id_test,0.05,marginal,class1_avg_set_size,10,1.5494252873563217,0.060531548377414576,1.4482758620689655,1.5316091954022988,1.5402298850574712,1.5517241379310345,1.6896551724137931
DDD-B,landmark_still_registered,score_free,56,id_test,0.05,marginal,class0_singleton_accuracy,10,0.8029931559668402,0.14353877666985343,0.5714285714285714,0.7232142857142857,0.7905701754385965,0.9048076923076923,1.0
DDD-B,landmark_still_registered,score_free,56,id_test,0.05,marginal,class1_singleton_accuracy,10,0.8754681745535404,0.06958826402667505,0.7073170731707317,0.85625,0.8931623931623931,0.9125,0.9629629629629629
DDD-B,landmark_still_registered,score_free,56,id_test,0.1,label_conditional,coverage,10,0.8878048780487806,0.03190474287861559,0.8353658536585366,0.8673780487804879,0.8871951219512195,0.9039634146341464,0.9512195121951219
DDD-B,landmark_still_registered,score_free,56,id_test,0.1,label_conditional,avg_set_size,10,1.46890243902439,0.07234459093393492,1.3597560975609757,1.4283536585365852,1.4664634146341462,1.5060975609756098,1.5975609756097562
DDD-B,landmark_still_registered,score_free,56,id_test,0.1,label_conditional,singleton_rate,10,0.5310975609756097,0.07234459093393487,0.4024390243902439,0.49390243902439024,0.5335365853658537,0.5716463414634145,0.6402439024390244
DDD-B,landmark_still_registered,score_free,56,id_test,0.1,label_conditional,ambiguous_rate,10,0.4689024390243902,0.0723445909339349,0.3597560975609756,0.42835365853658536,0.4664634146341463,0.5060975609756098,0.5975609756097561
DDD-B,landmark_still_registered,score_free,56,id_test,0.1,label_conditional,empty_rate,10,0.0,0.0,0.0,0.0,0.0,0.0,0.0
DDD-B,landmark_still_registered,score_free,56,id_test,0.1,label_conditional,singleton_accuracy,10,0.7909187284584457,0.0442858485039741,0.7428571428571429,0.7657624633431085,0.784928492849285,0.7978424575663399,0.8933333333333333
DDD-B,landmark_still_registered,score_free,56,id_test,0.1,label_conditional,class0_coverage,10,0.861038961038961,0.06954757994227341,0.7532467532467533,0.8214285714285715,0.8441558441558441,0.9090909090909091,0.987012987012987
DDD-B,landmark_still_registered,score_free,56,id_test,0.1,label_conditional,class1_coverage,10,0.9114942528735632,0.06202874625232974,0.8045977011494253,0.9022988505747127,0.9252873563218391,0.9482758620689655,0.9885057471264368
DDD-B,landmark_still_registered,score_free,56,id_test,0.1,label_conditional,class0_avg_set_size,10,1.5922077922077924,0.08876042515230687,1.4285714285714286,1.5584415584415585,1.5844155844155845,1.6428571428571428,1.7532467532467533
DDD-B,landmark_still_registered,score_free,56,id_test,0.1,label_conditional,class1_avg_set_size,10,1.3597701149425288,0.07168949944603528,1.2183908045977012,1.3218390804597702,1.3563218390804597,1.410919540229885,1.4597701149425288
DDD-B,landmark_still_registered,score_free,56,id_test,0.1,label_conditional,class0_singleton_accuracy,10,0.6668586605113775,0.14866509471950465,0.4411764705882353,0.5794117647058823,0.6677807486631016,0.7183499288762447,0.9615384615384616
DDD-B,landmark_still_registered,score_free,56,id_test,0.1,label_conditional,class1_singleton_accuracy,10,0.8647603639365476,0.08554832169627306,0.711864406779661,0.8206686930091185,0.8837320574162679,0.9173076923076924,0.9803921568627451
DDD-B,landmark_still_registered,score_free,56,id_test,0.1,marginal,coverage,10,0.900609756097561,0.03737295884388045,0.823170731707317,0.8917682926829269,0.9024390243902439,0.9192073170731707,0.9634146341463414
DDD-B,landmark_still_registered,score_free,56,id_test,0.1,marginal,avg_set_size,10,1.4963414634146344,0.08691015081238178,1.3353658536585367,1.451219512195122,1.4908536585365852,1.538109756097561,1.6280487804878048
DDD-B,landmark_still_registered,score_free,56,id_test,0.1,marginal,singleton_rate,10,0.5036585365853659,0.08691015081238179,0.3719512195121951,0.46189024390243905,0.5091463414634146,0.5487804878048781,0.6646341463414634
DDD-B,landmark_still_registered,score_free,56,id_test,0.1,marginal,ambiguous_rate,10,0.4963414634146341,0.08691015081238178,0.3353658536585366,0.45121951219512196,0.49085365853658536,0.538109756097561,0.6280487804878049
DDD-B,landmark_still_registered,score_free,56,id_test,0.1,marginal,empty_rate,10,0.0,0.0,0.0,0.0,0.0,0.0,0.0
DDD-B,landmark_still_registered,score_free,56,id_test,0.1,marginal,singleton_accuracy,10,0.8069358264344514,0.05063446113255235,0.7283950617283951,0.7957875457875457,0.8112877583465818,0.8169262143121988,0.9016393442622951
DDD-B,landmark_still_registered,score_free,56,id_test,0.1,marginal,class0_coverage,10,0.9142857142857143,0.03527540915578072,0.8701298701298701,0.8961038961038961,0.9090909090909091,0.9188311688311688,0.987012987012987
DDD-B,landmark_still_registered,score_free,56,id_test,0.1,marginal,class1_coverage,10,0.8885057471264368,0.060833935854102086,0.7471264367816092,0.8764367816091955,0.9022988505747127,0.9195402298850575,0.9655172413793104
DDD-B,landmark_still_registered,score_free,56,id_test,0.1,marginal,class0_avg_set_size,10,1.590909090909091,0.09704117649982635,1.4285714285714286,1.5616883116883118,1.5714285714285714,1.6525974025974026,1.7662337662337662
DDD-B,landmark_still_registered,score_free,56,id_test,0.1,marginal,class1_avg_set_size,10,1.4126436781609195,0.09407671292638549,1.2528735632183907,1.3620689655172413,1.396551724137931,1.471264367816092,1.5977011494252873
DDD-B,landmark_still_registered,score_free,56,id_test,0.1,marginal,class0_singleton_accuracy,10,0.781445710813865,0.09766892003581604,0.6666666666666666,0.7045454545454546,0.7616632860040567,0.8369318181818182,0.9696969696969697
DDD-B,landmark_still_registered,score_free,56,id_test,0.1,marginal,class1_singleton_accuracy,10,0.8181091182006206,0.07367116295503115,0.6615384615384615,0.7844628417404698,0.8345029239766082,0.8638888888888889,0.9142857142857143
DDD-B,landmark_still_registered,score_free,56,id_test,0.2,label_conditional,coverage,10,0.7945121951219513,0.04331224032465468,0.7195121951219512,0.774390243902439,0.7987804878048781,0.8277439024390243,0.8536585365853658
DDD-B,landmark_still_registered,score_free,56,id_test,0.2,label_conditional,avg_set_size,10,1.2402439024390244,0.10057176748519855,1.0304878048780488,1.1920731707317072,1.2378048780487805,1.3170731707317074,1.3597560975609757
DDD-B,landmark_still_registered,score_free,56,id_test,0.2,label_conditional,singleton_rate,10,0.7597560975609756,0.10057176748519848,0.6402439024390244,0.6829268292682927,0.7621951219512195,0.8079268292682926,0.9695121951219512
DDD-B,landmark_still_registered,score_free,56,id_test,0.2,label_conditional,ambiguous_rate,10,0.24024390243902433,0.10057176748519851,0.03048780487804878,0.19207317073170732,0.23780487804878048,0.3170731707317073,0.3597560975609756
DDD-B,landmark_still_registered,score_free,56,id_test,0.2,label_conditional,empty_rate,10,0.0,0.0,0.0,0.0,0.0,0.0,0.0
DDD-B,landmark_still_registered,score_free,56,id_test,0.2,label_conditional,singleton_accuracy,10,0.7309022126208624,0.033164187810441365,0.6884057971014492,0.7020631998772818,0.7330340485074627,0.7482142857142857,0.7857142857142857
DDD-B,landmark_still_registered,score_free,56,id_test,0.2,label_conditional,class0_coverage,10,0.7766233766233767,0.07417645018390957,0.6753246753246753,0.7207792207792207,0.7792207792207793,0.7922077922077922,0.935064935064935
DDD-B,landmark_still_registered,score_free,56,id_test,0.2,label_conditional,class1_coverage,10,0.810344827586207,0.056893649060986595,0.7241379310344828,0.764367816091954,0.7988505747126438,0.867816091954023,0.8850574712643678
DDD-B,landmark_still_registered,score_free,56,id_test,0.2,label_conditional,class0_avg_set_size,10,1.3064935064935066,0.13499276571163127,1.0389610389610389,1.2305194805194806,1.3181818181818181,1.3928571428571428,1.4935064935064934
DDD-B,landmark_still_registered,score_free,56,id_test,0.2,label_conditional,class1_avg_set_size,10,1.181609195402299,0.07562562324276066,1.0229885057471264,1.1637931034482758,1.1781609195402298,1.2413793103448276,1.2758620689655173
DDD-B,landmark_still_registered,score_free,56,id_test,0.2,label_conditional,class0_singleton_accuracy,10,0.6774250936772113,0.09388140422142321,0.5641025641025641,0.6181350114416476,0.6818469323213157,0.7034534534534534,0.8979591836734694
DDD-B,landmark_still_registered,score_free,56,id_test,0.2,label_conditional,class1_singleton_accuracy,10,0.7688137343079973,0.06495319500205513,0.6818181818181818,0.7106617647058824,0.766559829059829,0.8304794520547946,0.8484848484848485
DDD-B,landmark_still_registered,score_free,56,id_test,0.2,marginal,coverage,10,0.798170731707317,0.028520540737660225,0.7560975609756098,0.7850609756097562,0.7987804878048781,0.8140243902439024,0.8475609756097561
DDD-B,landmark_still_registered,score_free,56,id_test,0.2,marginal,avg_set_size,10,1.2384146341463416,0.07973336573029807,1.1219512195121952,1.1935975609756098,1.2439024390243902,1.2957317073170733,1.3597560975609757
DDD-B,landmark_still_registered,score_free,56,id_test,0.2,marginal,singleton_rate,10,0.7615853658536584,0.0797333657302981,0.6402439024390244,0.7042682926829268,0.7560975609756098,0.8064024390243902,0.8780487804878049
DDD-B,landmark_still_registered,score_free,56,id_test,0.2,marginal,ambiguous_rate,10,0.23841463414634148,0.07973336573029809,0.12195121951219512,0.19359756097560976,0.24390243902439024,0.29573170731707316,0.3597560975609756
DDD-B,landmark_still_registered,score_free,56,id_test,0.2,marginal,empty_rate,10,0.0,0.0,0.0,0.0,0.0,0.0,0.0
DDD-B,landmark_still_registered,score_free,56,id_test,0.2,marginal,singleton_accuracy,10,0.7350381153108705,0.02500404988626288,0.6952380952380952,0.7222222222222222,0.7396439575487846,0.7504482359745517,0.7787610619469026
DDD-B,landmark_still_registered,score_free,56,id_test,0.2,marginal,class0_coverage,10,0.8168831168831169,0.04838037600328487,0.7272727272727273,0.8051948051948052,0.8116883116883118,0.827922077922078,0.922077922077922
DDD-B,landmark_still_registered,score_free,56,id_test,0.2,marginal,class1_coverage,10,0.7816091954022989,0.05197187726532771,0.7126436781609196,0.7528735632183907,0.7758620689655172,0.8160919540229885,0.8620689655172413
DDD-B,landmark_still_registered,score_free,56,id_test,0.2,marginal,class0_avg_set_size,10,1.287012987012987,0.12775331122401773,1.1168831168831168,1.1883116883116884,1.3376623376623376,1.3474025974025974,1.5194805194805194
DDD-B,landmark_still_registered,score_free,56,id_test,0.2,marginal,class1_avg_set_size,10,1.1954022988505748,0.0544546758756778,1.1264367816091954,1.1436781609195403,1.2011494252873565,1.2183908045977012,1.2758620689655173
DDD-B,landmark_still_registered,score_free,56,id_test,0.2,marginal,class0_singleton_accuracy,10,0.7394219836509408,0.06898534395337047,0.6557377049180327,0.6832273449920508,0.7254901960784313,0.7794117647058824,0.88
DDD-B,landmark_still_registered,score_free,56,id_test,0.2,marginal,class1_singleton_accuracy,10,0.7296935800445273,0.05562894926775355,0.6710526315789473,0.6888888888888889,0.7100840336134454,0.76171875,0.8260869565217391
DDD-B,landmark_still_registered,score_free,56,ood_test,0.05,label_conditional,coverage,10,0.952411575562701,0.01835827890744891,0.9239013933547695,0.9389067524115755,0.9506966773847803,0.9643622722400857,0.9785637727759914
DDD-B,landmark_still_registered,score_free,56,ood_test,0.05,label_conditional,avg_set_size,10,1.7060021436227224,0.05741959769097024,1.6259378349410505,1.665326902465166,1.704715969989282,1.7309753483386923,1.797427652733119
DDD-B,landmark_still_registered,score_free,56,ood_test,0.05,label_conditional,singleton_rate,10,0.2939978563772776,0.05741959769097027,0.20257234726688103,0.2690246516613076,0.2952840300107181,0.3346730975348339,0.3740621650589496
DDD-B,landmark_still_registered,score_free,56,ood_test,0.05,label_conditional,ambiguous_rate,10,0.7060021436227224,0.05741959769097028,0.6259378349410504,0.6653269024651661,0.704715969989282,0.7309753483386924,0.797427652733119
DDD-B,landmark_still_registered,score_free,56,ood_test,0.05,label_conditional,empty_rate,10,0.0,0.0,0.0,0.0,0.0,0.0,0.0
DDD-B,landmark_still_registered,score_free,56,ood_test,0.05,label_conditional,singleton_accuracy,10,0.8438437057180247,0.03588109203034597,0.7893175074183977,0.8210825573065903,0.8331049024775963,0.867662905435569,0.898989898989899
DDD-B,landmark_still_registered,score_free,56,ood_test,0.05,label_conditional,class0_coverage,10,0.9440425531914893,0.02356595761756087,0.8936170212765957,0.9345744680851064,0.9457446808510639,0.9601063829787234,0.9723404255319149
DDD-B,landmark_still_registered,score_free,56,ood_test,0.05,label_conditional,class1_coverage,10,0.9609071274298057,0.03138899346376962,0.9006479481641468,0.9379049676025918,0.9708423326133909,0.9865010799136069,0.9935205183585313
DDD-B,landmark_still_registered,score_free,56,ood_test,0.05,label_conditional,class0_avg_set_size,10,1.8104255319148936,0.07325557972445897,1.6978723404255318,1.7590425531914893,1.8127659574468085,1.8547872340425533,1.9191489361702128
DDD-B,landmark_still_registered,score_free,56,ood_test,0.05,label_conditional,class1_avg_set_size,10,1.6,0.05568092457655306,1.5205183585313176,1.5653347732181426,1.6004319654427648,1.6349892008639308,1.676025917926566
DDD-B,landmark_still_registered,score_free,56,ood_test,0.05,label_conditional,class0_singleton_accuracy,10,0.6703785833568445,0.17738676051492955,0.2537313432835821,0.5949074074074074,0.7374646892655368,0.7593611892326235,0.8686868686868687
DDD-B,landmark_still_registered,score_free,56,ood_test,0.05,label_conditional,class1_singleton_accuracy,10,0.9045657961826915,0.07376725060972775,0.764102564102564,0.8627827232264511,0.926133644412539,0.9626190476190477,0.9819819819819819
DDD-B,landmark_still_registered,score_free,56,ood_test,0.05,marginal,coverage,10,0.9429796355841372,0.015356812378555093,0.909967845659164,0.9351554126473741,0.9458735262593784,0.9485530546623794,0.9646302250803859
DDD-B,landmark_still_registered,score_free,56,ood_test,0.05,marginal,avg_set_size,10,1.6665594855305463,0.05272723675137283,1.579849946409432,1.6345123258306538,1.652733118971061,1.7068595927116827,1.7438370846730975
DDD-B,landmark_still_registered,score_free,56,ood_test,0.05,marginal,singleton_rate,10,0.3334405144694534,0.05272723675137286,0.25616291532690244,0.29314040728831725,0.3472668810289389,0.3654876741693462,0.42015005359056806
DDD-B,landmark_still_registered,score_free,56,ood_test,0.05,marginal,ambiguous_rate,10,0.6665594855305466,0.05272723675137284,0.579849946409432,0.6345123258306538,0.6527331189710611,0.7068595927116827,0.7438370846730975
DDD-B,landmark_still_registered,score_free,56,ood_test,0.05,marginal,empty_rate,10,0.0,0.0,0.0,0.0,0.0,0.0,0.0
DDD-B,landmark_still_registered,score_free,56,ood_test,0.05,marginal,singleton_accuracy,10,0.831246191312685,0.02134620480054655,0.7857142857142857,0.8240795755415181,0.8288349333774725,0.8447944761596157,0.8619246861924686
DDD-B,landmark_still_registered,score_free,56,ood_test,0.05,marginal,class0_coverage,10,0.9470212765957446,0.010445053369049849,0.9340425531914893,0.9388297872340425,0.9457446808510639,0.9537234042553191,0.9638297872340426
DDD-B,landmark_still_registered,score_free,56,ood_test,0.05,marginal,class1_coverage,10,0.938876889848812,0.030204136600513833,0.8725701943844493,0.9314254859611232,0.937365010799136,0.9476241900647948,0.9848812095032398
DDD-B,landmark_still_registered,score_free,56,ood_test,0.05,marginal,class0_avg_set_size,10,1.7480851063829785,0.07310264551195139,1.6085106382978724,1.7127659574468086,1.7308510638297872,1.7920212765957446,1.8617021276595744
DDD-B,landmark_still_registered,score_free,56,ood_test,0.05,marginal,class1_avg_set_size,10,1.5838012958963283,0.04209108650452348,1.5226781857451404,1.5539956803455723,1.5885529157667386,1.613390928725702,1.650107991360691
DDD-B,landmark_still_registered,score_free,56,ood_test,0.05,marginal,class0_singleton_accuracy,10,0.7726863157199518,0.09138020060479984,0.5384615384615384,0.7576667862266857,0.7962962962962963,0.8197916666666667,0.8641304347826086
DDD-B,landmark_still_registered,score_free,56,ood_test,0.05,marginal,class1_singleton_accuracy,10,0.8552283600042863,0.06582073911735484,0.7163461538461539,0.8271923620933521,0.8579241859058373,0.8764890571613261,0.9621621621621622
DDD-B,landmark_still_registered,score_free,56,ood_test,0.1,label_conditional,coverage,10,0.8869239013933548,0.028716411426658504,0.8317256162915327,0.872454448017149,0.8879957127545552,0.9113076098606645,0.9196141479099679
DDD-B,landmark_still_registered,score_free,56,ood_test,0.1,label_conditional,avg_set_size,10,1.5064308681672025,0.0769671180492458,1.3558413719185423,1.4590032154340835,1.5112540192926045,1.5688638799571275,1.6034297963558413
DDD-B,landmark_still_registered,score_free,56,ood_test,0.1,label_conditional,singleton_rate,10,0.4935691318327974,0.07696711804924578,0.3965702036441586,0.4311361200428725,0.4887459807073955,0.5409967845659164,0.6441586280814576
DDD-B,landmark_still_registered,score_free,56,ood_test,0.1,label_conditional,ambiguous_rate,10,0.5064308681672026,0.07696711804924579,0.3558413719185423,0.4590032154340836,0.5112540192926045,0.5688638799571275,0.6034297963558414
DDD-B,landmark_still_registered,score_free,56,ood_test,0.1,label_conditional,empty_rate,10,0.0,0.0,0.0,0.0,0.0,0.0,0.0
DDD-B,landmark_still_registered,score_free,56,ood_test,0.1,label_conditional,singleton_accuracy,10,0.7734223821684773,0.02726023324441163,0.7387687188019967,0.7493678938383741,0.7722996125902288,0.7979637171417994,0.8125
DDD-B,landmark_still_registered,score_free,56,ood_test,0.1,label_conditional,class0_coverage,10,0.8672340425531916,0.04884048616546348,0.7936170212765957,0.8335106382978723,0.8563829787234043,0.9053191489361703,0.9553191489361702
DDD-B,landmark_still_registered,score_free,56,ood_test,0.1,label_conditional,class1_coverage,10,0.9069114470842333,0.04212063015967175,0.8056155507559395,0.892548596112311,0.9168466522678185,0.9341252699784017,0.9524838012958964
DDD-B,landmark_still_registered,score_free,56,ood_test,0.1,label_conditional,class0_avg_set_size,10,1.6061702127659572,0.09247884299443553,1.3829787234042554,1.5712765957446808,1.6287234042553191,1.6659574468085105,1.6893617021276597
DDD-B,landmark_still_registered,score_free,56,ood_test,0.1,label_conditional,class1_avg_set_size,10,1.4051835853131749,0.07426372538836165,1.3218142548596112,1.3374730021598271,1.3930885529157666,1.4665226781857452,1.5161987041036717
DDD-B,landmark_still_registered,score_free,56,ood_test,0.1,label_conditional,class0_singleton_accuracy,10,0.6591569577770751,0.12678673277097,0.44886363636363635,0.5554468362687541,0.6870255909780958,0.7389101597246394,0.8561643835616438
DDD-B,landmark_still_registered,score_free,56,ood_test,0.1,label_conditional,class1_singleton_accuracy,10,0.8426137674586721,0.06601515217683995,0.7106109324758842,0.8329166666666666,0.8517027066784348,0.8765182186234818,0.9261744966442953
DDD-B,landmark_still_registered,score_free,56,ood_test,0.1,marginal,coverage,10,0.8945337620578779,0.031456846851436425,0.834941050375134,0.8837084673097535,0.907288317256163,0.9180064308681671,0.9228295819935691
DDD-B,landmark_still_registered,score_free,56,ood_test,0.1,marginal,avg_set_size,10,1.5175777063236873,0.08487929452142123,1.3579849946409432,1.4732047159699893,1.553054662379421,1.5696677384780278,1.6066452304394427
DDD-B,landmark_still_registered,score_free,56,ood_test,0.1,marginal,singleton_rate,10,0.482422293676313,0.08487929452142125,0.3933547695605573,0.4303322615219721,0.44694533762057875,0.5267952840300107,0.6420150053590568
DDD-B,landmark_still_registered,score_free,56,ood_test,0.1,marginal,ambiguous_rate,10,0.517577706323687,0.08487929452142125,0.3579849946409432,0.4732047159699893,0.5530546623794212,0.5696677384780279,0.6066452304394426
DDD-B,landmark_still_registered,score_free,56,ood_test,0.1,marginal,empty_rate,10,0.0,0.0,0.0,0.0,0.0,0.0,0.0
DDD-B,landmark_still_registered,score_free,56,ood_test,0.1,marginal,singleton_accuracy,10,0.7850593673671542,0.024797542701802674,0.7418772563176895,0.7792760493993791,0.7915322416569299,0.8027255340673298,0.8114143920595533
DDD-B,landmark_still_registered,score_free,56,ood_test,0.1,marginal,class0_coverage,10,0.9114893617021277,0.024469626840111003,0.8787234042553191,0.8941489361702127,0.9117021276595745,0.925531914893617,0.9531914893617022
DDD-B,landmark_still_registered,score_free,56,ood_test,0.1,marginal,class1_coverage,10,0.8773218142548596,0.05295175162329498,0.7645788336933045,0.8612311015118791,0.8974082073434125,0.9125269978401729,0.9308855291576674
DDD-B,landmark_still_registered,score_free,56,ood_test,0.1,marginal,class0_avg_set_size,10,1.5874468085106384,0.10359199410375414,1.3872340425531915,1.5308510638297872,1.6414893617021278,1.6606382978723404,1.6936170212765957
DDD-B,landmark_still_registered,score_free,56,ood_test,0.1,marginal,class1_avg_set_size,10,1.4466522678185743,0.07193518095925365,1.3282937365010798,1.3952483801295896,1.4665226781857452,1.4983801295896328,1.5442764578833694
DDD-B,landmark_still_registered,score_free,56,ood_test,0.1,marginal,class0_singleton_accuracy,10,0.7810486501717093,0.06238694713648525,0.6392405063291139,0.763193619548617,0.7869664634146342,0.8257229504426813,0.8472222222222222
DDD-B,landmark_still_registered,score_free,56,ood_test,0.1,marginal,class1_singleton_accuracy,10,0.7828969894648635,0.06852645936923299,0.6495176848874598,0.7481045751633987,0.7938639827173313,0.8305439330543933,0.8819188191881919
DDD-B,landmark_still_registered,score_free,56,ood_test,0.2,label_conditional,coverage,10,0.80032154340836,0.049404316359330375,0.7020364415862809,0.7781350482315113,0.797427652733119,0.8445873526259379,0.8531618435155413
DDD-B,landmark_still_registered,score_free,56,ood_test,0.2,label_conditional,avg_set_size,10,1.2637727759914257,0.1252022178900907,1.0310825294748125,1.1862272240085745,1.265273311897106,1.377545551982851,1.405144694533762
DDD-B,landmark_still_registered,score_free,56,ood_test,0.2,label_conditional,singleton_rate,10,0.7362272240085745,0.12520221789009073,0.594855305466238,0.622454448017149,0.7347266881028939,0.8137727759914255,0.9689174705251876
DDD-B,landmark_still_registered,score_free,56,ood_test,0.2,label_conditional,ambiguous_rate,10,0.2637727759914255,0.12520221789009073,0.031082529474812434,0.1862272240085745,0.2652733118971061,0.377545551982851,0.40514469453376206
DDD-B,landmark_still_registered,score_free,56,ood_test,0.2,label_conditional,empty_rate,10,0.0,0.0,0.0,0.0,0.0,0.0,0.0
DDD-B,landmark_still_registered,score_free,56,ood_test,0.2,label_conditional,singleton_accuracy,10,0.7316562975309538,0.022366874489271698,0.6924778761061947,0.7185513570779941,0.7337206144545594,0.7511330405484155,0.7599337748344371
DDD-B,landmark_still_registered,score_free,56,ood_test,0.2,label_conditional,class0_coverage,10,0.7914893617021277,0.05605978112161562,0.7127659574468085,0.7579787234042553,0.7797872340425532,0.8420212765957447,0.8723404255319149
DDD-B,landmark_still_registered,score_free,56,ood_test,0.2,label_conditional,class1_coverage,10,0.8092872570194384,0.06054411715534948,0.6911447084233261,0.7786177105831533,0.806695464362851,0.8498920086393089,0.8984881209503239
DDD-B,landmark_still_registered,score_free,56,ood_test,0.2,label_conditional,class0_avg_set_size,10,1.32,0.1540369367992497,1.0276595744680852,1.2356382978723404,1.326595744680851,1.4579787234042554,1.5085106382978724
DDD-B,landmark_still_registered,score_free,56,ood_test,0.2,label_conditional,class1_avg_set_size,10,1.2066954643628511,0.09733903532146365,1.0345572354211663,1.1360691144708424,1.2030237580993521,1.2958963282937366,1.3282937365010798
DDD-B,landmark_still_registered,score_free,56,ood_test,0.2,label_conditional,class0_singleton_accuracy,10,0.6904550631709355,0.06779095919542154,0.5757575757575758,0.6829696421504889,0.6982719183878863,0.7069180272681367,0.7841726618705036
DDD-B,landmark_still_registered,score_free,56,ood_test,0.2,label_conditional,class1_singleton_accuracy,10,0.7634980993636797,0.05240969552576072,0.680089485458613,0.7292603953646899,0.7587190948809253,0.8006379066247905,0.8549382716049383
DDD-B,landmark_still_registered,score_free,56,ood_test,0.2,marginal,coverage,10,0.7989281886387996,0.03583121647743094,0.7502679528403001,0.7714362272240085,0.7942122186495176,0.8333333333333334,0.8456591639871383
DDD-B,landmark_still_registered,score_free,56,ood_test,0.2,marginal,avg_set_size,10,1.2469453376205788,0.10139710616581495,1.1254019292604502,1.1567524115755625,1.229903536977492,1.3365487674169345,1.3837084673097535
DDD-B,landmark_still_registered,score_free,56,ood_test,0.2,marginal,singleton_rate,10,0.7530546623794212,0.10139710616581497,0.6162915326902465,0.6634512325830654,0.770096463022508,0.8432475884244373,0.8745980707395499
DDD-B,landmark_still_registered,score_free,56,ood_test,0.2,marginal,ambiguous_rate,10,0.2469453376205788,0.10139710616581496,0.12540192926045016,0.1567524115755627,0.22990353697749194,0.3365487674169346,0.3837084673097535
DDD-B,landmark_still_registered,score_free,56,ood_test,0.2,marginal,empty_rate,10,0.0,0.0,0.0,0.0,0.0,0.0,0.0
DDD-B,landmark_still_registered,score_free,56,ood_test,0.2,marginal,singleton_accuracy,10,0.7343187217972516,0.014902270475406971,0.70875,0.7265691833891428,0.7298226280436608,0.7461861174675819,0.7582236842105263
DDD-B,landmark_still_registered,score_free,56,ood_test,0.2,marginal,class0_coverage,10,0.8272340425531916,0.02782818222539013,0.7936170212765957,0.8047872340425533,0.824468085106383,0.8457446808510638,0.8680851063829788
DDD-B,landmark_still_registered,score_free,56,ood_test,0.2,marginal,class1_coverage,10,0.770194384449244,0.061555707119138006,0.6825053995680346,0.744060475161987,0.7613390928725703,0.8077753779697625,0.8855291576673866
DDD-B,landmark_still_registered,score_free,56,ood_test,0.2,marginal,class0_avg_set_size,10,1.2817021276595744,0.12788868329970007,1.125531914893617,1.1925531914893617,1.2595744680851064,1.3856382978723405,1.476595744680851
DDD-B,landmark_still_registered,score_free,56,ood_test,0.2,marginal,class1_avg_set_size,10,1.2116630669546438,0.07861560083351302,1.101511879049676,1.161987041036717,1.1997840172786178,1.2786177105831533,1.326133909287257
DDD-B,landmark_still_registered,score_free,56,ood_test,0.2,marginal,class0_singleton_accuracy,10,0.7545123330777452,0.05165848387812199,0.6300813008130082,0.742757129952252,0.7567251461988305,0.7877085505735141,0.8103975535168195
DDD-B,landmark_still_registered,score_free,56,ood_test,0.2,marginal,class1_singleton_accuracy,10,0.7116179153779705,0.058934027441105964,0.622107969151671,0.6911510058568882,0.7056171179525222,0.735327743902439,0.8408408408408409
DDD-J,landmark_still_registered,score_free,14,id_test,0.05,label_conditional,coverage,10,0.9539682539682539,0.027185677415164297,0.9166666666666666,0.9305555555555556,0.9583333333333333,0.9761904761904762,0.9880952380952381
DDD-J,landmark_still_registered,score_free,14,id_test,0.05,label_conditional,avg_set_size,10,1.7357142857142858,0.08100596490583971,1.619047619047619,1.6765873015873016,1.7242063492063493,1.7807539682539684,1.880952380952381
DDD-J,landmark_still_registered,score_free,14,id_test,0.05,label_conditional,singleton_rate,10,0.2642857142857143,0.08100596490583972,0.11904761904761904,0.21924603174603174,0.2757936507936508,0.32341269841269843,0.38095238095238093
DDD-J,landmark_still_registered,score_free,14,id_test,0.05,label_conditional,ambiguous_rate,10,0.7357142857142858,0.08100596490583974,0.6190476190476191,0.6765873015873015,0.7242063492063492,0.7807539682539683,0.8809523809523809
DDD-J,landmark_still_registered,score_free,14,id_test,0.05,label_conditional,empty_rate,10,0.0,0.0,0.0,0.0,0.0,0.0,0.0
DDD-J,landmark_still_registered,score_free,14,id_test,0.05,label_conditional,singleton_accuracy,10,0.838956950352868,0.06043562169427701,0.7469879518072289,0.8054086538461539,0.848420236479938,0.89375,0.9038461538461539
DDD-J,landmark_still_registered,score_free,14,id_test,0.05,label_conditional,class0_coverage,10,0.9588709677419354,0.03302187126683214,0.9112903225806451,0.9254032258064516,0.967741935483871,0.9838709677419355,1.0
DDD-J,landmark_still_registered,score_free,14,id_test,0.05,label_conditional,class1_coverage,10,0.94921875,0.029057179172423696,0.9140625,0.9296875,0.94140625,0.9609375,1.0
DDD-J,landmark_still_registered,score_free,14,id_test,0.05,label_conditional,class0_avg_set_size,10,1.7620967741935485,0.0856215500464139,1.6451612903225807,1.7116935483870968,1.7379032258064515,1.7923387096774193,1.9112903225806452
DDD-J,landmark_still_registered,score_free,14,id_test,0.05,label_conditional,class1_avg_set_size,10,1.71015625,0.08005006706959852,1.59375,1.65625,1.69921875,1.76953125,1.8515625
DDD-J,landmark_still_registered,score_free,14,id_test,0.05,label_conditional,class0_singleton_accuracy,10,0.8274317796344162,0.11435079137778274,0.6857142857142857,0.7458133971291866,0.7961876832844574,0.9281045751633987,1.0
DDD-J,landmark_still_registered,score_free,14,id_test,0.05,label_conditional,class1_singleton_accuracy,10,0.8380418784917388,0.07723973511002023,0.7555555555555555,0.7924679487179487,0.8153021442495126,0.8464366515837104,1.0
DDD-J,landmark_still_registered,score_free,14,id_test,0.05,marginal,coverage,10,0.9555555555555555,0.025222616796937603,0.9166666666666666,0.9345238095238095,0.9563492063492064,0.9781746031746031,0.9841269841269841
DDD-J,landmark_still_registered,score_free,14,id_test,0.05,marginal,avg_set_size,10,1.741269841269841,0.07728309735445583,1.619047619047619,1.691468253968254,1.7361111111111112,1.7857142857142858,1.8611111111111112
DDD-J,landmark_still_registered,score_free,14,id_test,0.05,marginal,singleton_rate,10,0.25873015873015875,0.07728309735445585,0.1388888888888889,0.21428571428571427,0.2638888888888889,0.30853174603174605,0.38095238095238093
DDD-J,landmark_still_registered,score_free,14,id_test,0.05,marginal,ambiguous_rate,10,0.7412698412698412,0.07728309735445585,0.6190476190476191,0.691468253968254,0.7361111111111112,0.7857142857142857,0.8611111111111112
DDD-J,landmark_still_registered,score_free,14,id_test,0.05,marginal,empty_rate,10,0.0,0.0,0.0,0.0,0.0,0.0,0.0
DDD-J,landmark_still_registered,score_free,14,id_test,0.05,marginal,singleton_accuracy,10,0.8390358424881559,0.05426540292192622,0.7558139534883721,0.8046875,0.8459655307481394,0.8670634920634921,0.9259259259259259
DDD-J,landmark_still_registered,score_free,14,id_test,0.05,marginal,class0_coverage,10,0.9612903225806452,0.02428298879706714,0.9193548387096774,0.9435483870967742,0.967741935483871,0.9818548387096775,0.9919354838709677
DDD-J,landmark_still_registered,score_free,14,id_test,0.05,marginal,class1_coverage,10,0.95,0.031075903937867286,0.8984375,0.931640625,0.953125,0.97265625,1.0
DDD-J,landmark_still_registered,score_free,14,id_test,0.05,marginal,class0_avg_set_size,10,1.781451612903226,0.08943577070581746,1.6451612903225807,1.715725806451613,1.7580645161290323,1.872983870967742,1.8951612903225807
DDD-J,landmark_still_registered,score_free,14,id_test,0.05,marginal,class1_avg_set_size,10,1.70234375,0.07351410750145927,1.59375,1.662109375,1.69140625,1.740234375,1.8359375
DDD-J,landmark_still_registered,score_free,14,id_test,0.05,marginal,class0_singleton_accuracy,10,0.8264608222502959,0.07539383945061404,0.6923076923076923,0.7754914004914004,0.8364661654135338,0.8642857142857143,0.9523809523809523
DDD-J,landmark_still_registered,score_free,14,id_test,0.05,marginal,class1_singleton_accuracy,10,0.8426193852946261,0.07876460518205239,0.7317073170731707,0.8187645687645688,0.8399321266968325,0.8705357142857143,1.0
DDD-J,landmark_still_registered,score_free,14,id_test,0.1,label_conditional,coverage,10,0.9071428571428571,0.03723492110106198,0.8293650793650794,0.8859126984126984,0.9126984126984127,0.933531746031746,0.9523809523809523
DDD-J,landmark_still_registered,score_free,14,id_test,0.1,label_conditional,avg_set_size,10,1.5817460317460317,0.08782510978653602,1.4484126984126984,1.5069444444444444,1.6071428571428572,1.6458333333333333,1.7103174603174602
DDD-J,landmark_still_registered,score_free,14,id_test,0.1,label_conditional,singleton_rate,10,0.4182539682539682,0.08782510978653603,0.2896825396825397,0.35416666666666663,0.39285714285714285,0.4930555555555556,0.5515873015873016
DDD-J,landmark_still_registered,score_free,14,id_test,0.1,label_conditional,ambiguous_rate,10,0.5817460317460318,0.08782510978653602,0.44841269841269843,0.5069444444444444,0.6071428571428572,0.6458333333333334,0.7103174603174603
DDD-J,landmark_still_registered,score_free,14,id_test,0.1,label_conditional,empty_rate,10,0.0,0.0,0.0,0.0,0.0,0.0,0.0
DDD-J,landmark_still_registered,score_free,14,id_test,0.1,label_conditional,singleton_accuracy,10,0.7845796988327809,0.04561306100869607,0.6906474820143885,0.7692307692307693,0.783151904997526,0.8209677419354839,0.8409090909090909
DDD-J,landmark_still_registered,score_free,14,id_test,0.1,label_conditional,class0_coverage,10,0.9153225806451613,0.053257023538061686,0.8145161290322581,0.8891129032258065,0.9032258064516129,0.9596774193548387,0.9838709677419355
DDD-J,landmark_still_registered,score_free,14,id_test,0.1,label_conditional,class1_coverage,10,0.89921875,0.043020013612045216,0.828125,0.873046875,0.90625,0.921875,0.96875
DDD-J,landmark_still_registered,score_free,14,id_test,0.1,label_conditional,class0_avg_set_size,10,1.6153225806451612,0.09489285387842829,1.467741935483871,1.534274193548387,1.6290322580645162,1.6733870967741935,1.7580645161290323
DDD-J,landmark_still_registered,score_free,14,id_test,0.1,label_conditional,class1_avg_set_size,10,1.54921875,0.08700021576641508,1.4296875,1.46484375,1.56640625,1.619140625,1.6640625
DDD-J,landmark_still_registered,score_free,14,id_test,0.1,label_conditional,class0_singleton_accuracy,10,0.7868341939250916,0.1253397419457724,0.5714285714285714,0.7289002557544757,0.763007840342124,0.8952380952380953,0.95
DDD-J,landmark_still_registered,score_free,14,id_test,0.1,label_conditional,class1_singleton_accuracy,10,0.7818710085037489,0.06529718580511379,0.6857142857142857,0.7420276375232526,0.7750252780586451,0.8076508620689655,0.9215686274509803
DDD-J,landmark_still_registered,score_free,14,id_test,0.1,marginal,coverage,10,0.9083333333333332,0.03556454991426725,0.8452380952380952,0.8859126984126984,0.9087301587301587,0.9365079365079365,0.9563492063492064
DDD-J,landmark_still_registered,score_free,14,id_test,0.1,marginal,avg_set_size,10,1.5765873015873015,0.09206292191029435,1.4761904761904763,1.492063492063492,1.5694444444444444,1.6240079365079365,1.75
DDD-J,landmark_still_registered,score_free,14,id_test,0.1,marginal,singleton_rate,10,0.4234126984126984,0.09206292191029436,0.25,0.3759920634920635,0.4305555555555556,0.507936507936508,0.5238095238095238
DDD-J,landmark_still_registered,score_free,14,id_test,0.1,marginal,ambiguous_rate,10,0.5765873015873015,0.09206292191029435,0.47619047619047616,0.4920634920634921,0.5694444444444444,0.6240079365079365,0.75
DDD-J,landmark_still_registered,score_free,14,id_test,0.1,marginal,empty_rate,10,0.0,0.0,0.0,0.0,0.0,0.0,0.0
DDD-J,landmark_still_registered,score_free,14,id_test,0.1,marginal,singleton_accuracy,10,0.7896485645078679,0.045696676169723865,0.7022900763358778,0.7545019870839543,0.8020618556701031,0.8223186470850021,0.8404255319148937
DDD-J,landmark_still_registered,score_free,14,id_test,0.1,marginal,class0_coverage,10,0.9161290322580644,0.038054491116529886,0.8467741935483871,0.8971774193548387,0.9112903225806451,0.9435483870967742,0.9758064516129032
DDD-J,landmark_still_registered,score_free,14,id_test,0.1,marginal,class1_coverage,10,0.90078125,0.041018725081256084,0.84375,0.861328125,0.91015625,0.927734375,0.9609375
DDD-J,landmark_still_registered,score_free,14,id_test,0.1,marginal,class0_avg_set_size,10,1.6080645161290323,0.10016462342730433,1.4758064516129032,1.536290322580645,1.6048387096774193,1.651209677419355,1.7661290322580645
DDD-J,landmark_still_registered,score_free,14,id_test,0.1,marginal,class1_avg_set_size,10,1.54609375,0.09180934090889119,1.4296875,1.48046875,1.54296875,1.59765625,1.734375
DDD-J,landmark_still_registered,score_free,14,id_test,0.1,marginal,class0_singleton_accuracy,10,0.7926775631870582,0.06572060874678613,0.703125,0.7369439071566731,0.7965517241379311,0.8129996802046691,0.9032258064516129
DDD-J,landmark_still_registered,score_free,14,id_test,0.1,marginal,class1_singleton_accuracy,10,0.7874478374845085,0.06253154981029016,0.6842105263157895,0.7552093382211075,0.8,0.8384803921568628,0.8679245283018868
DDD-J,landmark_still_registered,score_free,14,id_test,0.2,label_conditional,coverage,10,0.8158730158730159,0.03315860816229312,0.7301587301587301,0.808531746031746,0.8234126984126984,0.8353174603174603,0.8492063492063492
DDD-J,landmark_still_registered,score_free,14,id_test,0.2,label_conditional,avg_set_size,10,1.3067460317460315,0.06613888887566165,1.2063492063492063,1.2658730158730158,1.3154761904761905,1.3353174603174602,1.4365079365079365
DDD-J,landmark_still_registered,score_free,14,id_test,0.2,label_conditional,singleton_rate,10,0.6932539682539682,0.06613888887566163,0.5634920634920635,0.6646825396825397,0.6845238095238095,0.7341269841269842,0.7936507936507936
DDD-J,landmark_still_registered,score_free,14,id_test,0.2,label_conditional,ambiguous_rate,10,0.30674603174603177,0.06613888887566165,0.20634920634920634,0.26587301587301587,0.31547619047619047,0.33531746031746035,0.4365079365079365
DDD-J,landmark_still_registered,score_free,14,id_test,0.2,label_conditional,empty_rate,10,0.0,0.0,0.0,0.0,0.0,0.0,0.0
DDD-J,landmark_still_registered,score_free,14,id_test,0.2,label_conditional,singleton_accuracy,10,0.7348209238976036,0.03328950830436971,0.66,0.7213068181818182,0.7426224474128666,0.7583938294010889,0.7751479289940828
DDD-J,landmark_still_registered,score_free,14,id_test,0.2,label_conditional,class0_coverage,10,0.8129032258064516,0.06370457309074677,0.7096774193548387,0.7600806451612903,0.8508064516129032,0.8548387096774194,0.8870967741935484
DDD-J,landmark_still_registered,score_free,14,id_test,0.2,label_conditional,class1_coverage,10,0.81875,0.05100445071810455,0.75,0.7890625,0.80859375,0.837890625,0.9375
DDD-J,landmark_still_registered,score_free,14,id_test,0.2,label_conditional,class0_avg_set_size,10,1.3258064516129031,0.08408437146031117,1.1774193548387097,1.2923387096774193,1.3266129032258065,1.3649193548387095,1.4838709677419355
DDD-J,landmark_still_registered,score_free,14,id_test,0.2,label_conditional,class1_avg_set_size,10,1.28828125,0.0565110167018835,1.21875,1.244140625,1.2734375,1.3203125,1.390625
DDD-J,landmark_still_registered,score_free,14,id_test,0.2,label_conditional,class0_singleton_accuracy,10,0.7197310409678097,0.10390376385345897,0.484375,0.6590044388078631,0.767094017094017,0.7946428571428572,0.8157894736842105
DDD-J,landmark_still_registered,score_free,14,id_test,0.2,label_conditional,class1_singleton_accuracy,10,0.7466228680095321,0.06892453524992549,0.673469387755102,0.6990595611285266,0.7334074898034854,0.7741935483870968,0.8974358974358975
DDD-J,landmark_still_registered,score_free,14,id_test,0.2,marginal,coverage,10,0.8146825396825397,0.041453008935823106,0.7103174603174603,0.8075396825396826,0.8273809523809523,0.8293650793650794,0.8571428571428571
DDD-J,landmark_still_registered,score_free,14,id_test,0.2,marginal,avg_set_size,10,1.307936507936508,0.07756332238263097,1.1666666666666667,1.306547619047619,1.3095238095238095,1.3462301587301588,1.4444444444444444
DDD-J,landmark_still_registered,score_free,14,id_test,0.2,marginal,singleton_rate,10,0.692063492063492,0.07756332238263097,0.5555555555555556,0.6537698412698413,0.6904761904761905,0.6934523809523809,0.8333333333333334
DDD-J,landmark_still_registered,score_free,14,id_test,0.2,marginal,ambiguous_rate,10,0.307936507936508,0.07756332238263097,0.16666666666666666,0.30654761904761907,0.30952380952380953,0.3462301587301587,0.4444444444444444
DDD-J,landmark_still_registered,score_free,14,id_test,0.2,marginal,empty_rate,10,0.0,0.0,0.0,0.0,0.0,0.0,0.0
DDD-J,landmark_still_registered,score_free,14,id_test,0.2,marginal,singleton_accuracy,10,0.7340018634395209,0.03448873196267308,0.6523809523809524,0.7327079107505071,0.7420753375977256,0.7528735632183908,0.7730061349693251
DDD-J,landmark_still_registered,score_free,14,id_test,0.2,marginal,class0_coverage,10,0.8282258064516128,0.058284380629126074,0.717741935483871,0.7943548387096774,0.8548387096774194,0.8608870967741935,0.9032258064516129
DDD-J,landmark_still_registered,score_free,14,id_test,0.2,marginal,class1_coverage,10,0.8015625,0.04153625424453518,0.703125,0.79296875,0.8046875,0.822265625,0.859375
DDD-J,landmark_still_registered,score_free,14,id_test,0.2,marginal,class0_avg_set_size,10,1.3129032258064517,0.08962544586069197,1.1370967741935485,1.3004032258064515,1.318548387096774,1.370967741935484,1.4274193548387097
DDD-J,landmark_still_registered,score_free,14,id_test,0.2,marginal,class1_avg_set_size,10,1.303125,0.07261843774138907,1.1953125,1.28125,1.3046875,1.326171875,1.4609375
DDD-J,landmark_still_registered,score_free,14,id_test,0.2,marginal,class0_singleton_accuracy,10,0.7527005943103444,0.06378059001589925,0.6728971962616822,0.6955882352941176,0.7621283255086072,0.7958887043189369,0.8441558441558441
DDD-J,landmark_still_registered,score_free,14,id_test,0.2,marginal,class1_singleton_accuracy,10,0.7159316357229132,0.04353786624762707,0.6310679611650486,0.6918604651162791,0.7191011235955056,0.7371435250116877,0.7821782178217822
DDD-J,landmark_still_registered,score_free,14,ood_test,0.05,label_conditional,coverage,10,0.9595944967414918,0.014803737398225394,0.9348298334540188,0.9558291093410572,0.9598117306299783,0.9632512671976828,0.9833454018826937
DDD-J,landmark_still_registered,score_free,14,ood_test,0.05,label_conditional,avg_set_size,10,1.7966690803765388,0.05714307103971453,1.721216509775525,1.7697320782041999,1.7892831281679942,1.8187907313540912,1.9116582186821145
DDD-J,landmark_still_registered,score_free,14,ood_test,0.05,label_conditional,singleton_rate,10,0.20333091962346125,0.05714307103971454,0.08834178131788559,0.18120926864590875,0.21071687183200577,0.23026792179580013,0.278783490224475
DDD-J,landmark_still_registered,score_free,14,ood_test,0.05,label_conditional,ambiguous_rate,10,0.7966690803765387,0.057143071039714534,0.721216509775525,0.7697320782041999,0.7892831281679942,0.8187907313540912,0.9116582186821144
DDD-J,landmark_still_registered,score_free,14,ood_test,0.05,label_conditional,empty_rate,10,0.0,0.0,0.0,0.0,0.0,0.0,0.0
DDD-J,landmark_still_registered,score_free,14,ood_test,0.05,label_conditional,singleton_accuracy,10,0.8050445995289192,0.024525823997469047,0.7662337662337663,0.7920398962814544,0.8062789220578894,0.812904063726622,0.8564102564102564
DDD-J,landmark_still_registered,score_free,14,ood_test,0.05,label_conditional,class0_coverage,10,0.9693211488250654,0.014251107827513322,0.9503916449086162,0.9559399477806788,0.9712793733681462,0.9813968668407311,0.9856396866840731
DDD-J,landmark_still_registered,score_free,14,ood_test,0.05,label_conditional,class1_coverage,10,0.947479674796748,0.02688314100683062,0.9089430894308943,0.9288617886178862,0.9471544715447155,0.9662601626016261,0.9853658536585366
DDD-J,landmark_still_registered,score_free,14,ood_test,0.05,label_conditional,class0_avg_set_size,10,1.7926892950391644,0.07193410243255655,1.7140992167101827,1.7382506527415142,1.774804177545692,1.8302872062663185,1.9386422976501305
DDD-J,landmark_still_registered,score_free,14,ood_test,0.05,label_conditional,class1_avg_set_size,10,1.8016260162601625,0.05233089697474823,1.730081300813008,1.7540650406504064,1.8113821138211381,1.8410569105691057,1.8780487804878048
DDD-J,landmark_still_registered,score_free,14,ood_test,0.05,label_conditional,class0_singleton_accuracy,10,0.833898166340947,0.08396169822435176,0.7021276595744681,0.7883995037220843,0.8323270358588154,0.9002267573696145,0.9455445544554455
DDD-J,landmark_still_registered,score_free,14,ood_test,0.05,label_conditional,class1_singleton_accuracy,10,0.7367898242691961,0.12655728768594776,0.5531914893617021,0.6236272523723211,0.7601204128440366,0.8506306911479325,0.88
DDD-J,landmark_still_registered,score_free,14,ood_test,0.05,marginal,coverage,10,0.9601013758146271,0.011861364239568007,0.941346850108617,0.9518464880521361,0.9598117306299783,0.9646994931209268,0.9818971759594497
DDD-J,landmark_still_registered,score_free,14,ood_test,0.05,marginal,avg_set_size,10,1.8000724112961624,0.0469520239519407,1.7313540912382333,1.7820419985517741,1.7900072411296162,1.802136133236785,1.9080376538740043
DDD-J,landmark_still_registered,score_free,14,ood_test,0.05,marginal,singleton_rate,10,0.1999275887038378,0.04695202395194075,0.09196234612599566,0.19786386676321507,0.20999275887038377,0.2179580014482259,0.26864590876176686
DDD-J,landmark_still_registered,score_free,14,ood_test,0.05,marginal,ambiguous_rate,10,0.8000724112961622,0.04695202395194077,0.7313540912382331,0.782041998551774,0.7900072411296162,0.8021361332367849,0.9080376538740044
DDD-J,landmark_still_registered,score_free,14,ood_test,0.05,marginal,empty_rate,10,0.0,0.0,0.0,0.0,0.0,0.0,0.0
DDD-J,landmark_still_registered,score_free,14,ood_test,0.05,marginal,singleton_accuracy,10,0.802321665309752,0.021301204276160335,0.7751677852348994,0.7846660676849355,0.7987873467036133,0.8198462274725137,0.8341013824884793
DDD-J,landmark_still_registered,score_free,14,ood_test,0.05,marginal,class0_coverage,10,0.9663185378590079,0.015831729279815125,0.9425587467362925,0.9530026109660574,0.9712793733681462,0.9800913838120104,0.9830287206266318
DDD-J,landmark_still_registered,score_free,14,ood_test,0.05,marginal,class1_coverage,10,0.9523577235772359,0.017395756626738333,0.9300813008130081,0.9378048780487805,0.9520325203252032,0.9621951219512195,0.9853658536585366
DDD-J,landmark_still_registered,score_free,14,ood_test,0.05,marginal,class0_avg_set_size,10,1.803655352480418,0.05524385727104952,1.7245430809399478,1.782963446475196,1.79177545691906,1.8077676240208878,1.9360313315926894
DDD-J,landmark_still_registered,score_free,14,ood_test,0.05,marginal,class1_avg_set_size,10,1.7956097560975608,0.044747791537647026,1.7398373983739837,1.7548780487804878,1.805691056910569,1.815040650406504,1.8731707317073172
DDD-J,landmark_still_registered,score_free,14,ood_test,0.05,marginal,class0_singleton_accuracy,10,0.8160424845085466,0.09080455874837934,0.673469387755102,0.7363628872775214,0.8354184451443879,0.8794419358005301,0.9265536723163842
DDD-J,landmark_still_registered,score_free,14,ood_test,0.05,marginal,class1_singleton_accuracy,10,0.7673165937174954,0.07829019209022803,0.6637931034482759,0.6938744469026548,0.773579644475427,0.8295798319327731,0.8846153846153846
DDD-J,landmark_still_registered,score_free,14,ood_test,0.1,label_conditional,coverage,10,0.9166545981173062,0.021208943271916022,0.8812454742939899,0.9031498913830558,0.9203475742215785,0.9364590876176684,0.939174511223751
DDD-J,landmark_still_registered,score_free,14,ood_test,0.1,label_conditional,avg_set_size,10,1.645257060101376,0.054330941794141045,1.5669804489500363,1.60427226647357,1.6502534395365678,1.694243301955105,1.7096307023895727
DDD-J,landmark_still_registered,score_free,14,ood_test,0.1,label_conditional,singleton_rate,10,0.3547429398986242,0.05433094179414105,0.29036929761042723,0.305756698044895,0.34974656046343233,0.39572773352643015,0.4330195510499638
DDD-J,landmark_still_registered,score_free,14,ood_test,0.1,label_conditional,ambiguous_rate,10,0.6452570601013757,0.054330941794141066,0.5669804489500362,0.6042722664735699,0.6502534395365678,0.694243301955105,0.7096307023895728
DDD-J,landmark_still_registered,score_free,14,ood_test,0.1,label_conditional,empty_rate,10,0.0,0.0,0.0,0.0,0.0,0.0,0.0
DDD-J,landmark_still_registered,score_free,14,ood_test,0.1,label_conditional,singleton_accuracy,10,0.7681617752258718,0.024379717832869734,0.7220338983050848,0.7506006785554737,0.7725877192982457,0.7898105762989786,0.7937649880095923
DDD-J,landmark_still_registered,score_free,14,ood_test,0.1,label_conditional,class0_coverage,10,0.9328981723237598,0.02993578827034965,0.891644908616188,0.9161227154046997,0.9255874673629243,0.9601827676240209,0.9738903394255874
DDD-J,landmark_still_registered,score_free,14,ood_test,0.1,label_conditional,class1_coverage,10,0.8964227642276423,0.02925875584863903,0.8617886178861789,0.8796747967479674,0.8886178861788618,0.8939024390243903,0.9544715447154472
DDD-J,landmark_still_registered,score_free,14,ood_test,0.1,label_conditional,class0_avg_set_size,10,1.6445169712793735,0.0505425978050621,1.573107049608355,1.6125979112271542,1.6312010443864229,1.66677545691906,1.7349869451697129
DDD-J,landmark_still_registered,score_free,14,ood_test,0.1,label_conditional,class1_avg_set_size,10,1.6461788617886177,0.07273462327928454,1.526829268292683,1.5939024390243903,1.643089430894309,1.701219512195122,1.7463414634146341
DDD-J,landmark_still_registered,score_free,14,ood_test,0.1,label_conditional,class0_singleton_accuracy,10,0.8111146965086722,0.08022626615755545,0.7241379310344828,0.7427698672976601,0.7842521047168723,0.8914084436421982,0.9215686274509803
DDD-J,landmark_still_registered,score_free,14,ood_test,0.1,label_conditional,class1_singleton_accuracy,10,0.6983485593892456,0.1007137381130076,0.5769230769230769,0.6127455094846399,0.6909671443891976,0.7551344249039822,0.8585858585858586
DDD-J,landmark_still_registered,score_free,14,ood_test,0.1,marginal,coverage,10,0.9154236060825488,0.02253117685600332,0.8870383779869659,0.8957277335264301,0.9149167270094134,0.9322954380883418,0.9522085445329471
DDD-J,landmark_still_registered,score_free,14,ood_test,0.1,marginal,avg_set_size,10,1.640622737146995,0.056734043880673976,1.5821868211440986,1.5925054308472122,1.6303403330919624,1.6795800144822592,1.7465604634322955
DDD-J,landmark_still_registered,score_free,14,ood_test,0.1,marginal,singleton_rate,10,0.3593772628530051,0.056734043880673976,0.25343953656770457,0.32041998551774076,0.36965966690803764,0.40749456915278787,0.4178131788559015
DDD-J,landmark_still_registered,score_free,14,ood_test,0.1,marginal,ambiguous_rate,10,0.6406227371469949,0.056734043880673976,0.5821868211440985,0.5925054308472122,0.6303403330919624,0.6795800144822592,0.7465604634322954
DDD-J,landmark_still_registered,score_free,14,ood_test,0.1,marginal,empty_rate,10,0.0,0.0,0.0,0.0,0.0,0.0,0.0
DDD-J,landmark_still_registered,score_free,14,ood_test,0.1,marginal,singleton_accuracy,10,0.7683742952511905,0.028843657980724583,0.7179023508137432,0.7467245240761478,0.7724110514808189,0.7887047436424234,0.8114285714285714
DDD-J,landmark_still_registered,score_free,14,ood_test,0.1,marginal,class0_coverage,10,0.9327676240208878,0.03333600327437454,0.8798955613577023,0.9151436031331592,0.933420365535248,0.9637728459530026,0.9686684073107049
DDD-J,landmark_still_registered,score_free,14,ood_test,0.1,marginal,class1_coverage,10,0.8938211382113821,0.016898925878450384,0.865040650406504,0.8865853658536585,0.8943089430894309,0.8983739837398373,0.9317073170731708
DDD-J,landmark_still_registered,score_free,14,ood_test,0.1,marginal,class0_avg_set_size,10,1.6365535248041776,0.04640620337419936,1.5678851174934725,1.6073759791122715,1.633159268929504,1.6573107049608355,1.737597911227154
DDD-J,landmark_still_registered,score_free,14,ood_test,0.1,marginal,class1_avg_set_size,10,1.6456910569105692,0.07444814881233099,1.5642276422764227,1.578048780487805,1.6341463414634148,1.710162601626016,1.7577235772357724
DDD-J,landmark_still_registered,score_free,14,ood_test,0.1,marginal,class0_singleton_accuracy,10,0.8204658420898712,0.07623431961494317,0.6860068259385665,0.784343853820598,0.8298429918520553,0.8865061310547633,0.9003831417624522
DDD-J,landmark_still_registered,score_free,14,ood_test,0.1,marginal,class1_singleton_accuracy,10,0.6937988616579911,0.05253621297643884,0.6242774566473989,0.641774002009683,0.7070996183708382,0.7244758632840028,0.7686567164179104
DDD-J,landmark_still_registered,score_free,14,ood_test,0.2,label_conditional,coverage,10,0.8134685010861693,0.021386068799223633,0.774800868935554,0.8023171614771905,0.8142650253439536,0.8213251267197683,0.8559015206372194
DDD-J,landmark_still_registered,score_free,14,ood_test,0.2,label_conditional,avg_set_size,10,1.361766835626358,0.06374680429791096,1.2447501810282404,1.3446777697320782,1.3711078928312816,1.3774438812454743,1.4887762490948588
DDD-J,landmark_still_registered,score_free,14,ood_test,0.2,label_conditional,singleton_rate,10,0.6382331643736422,0.06374680429791096,0.5112237509051412,0.6225561187545257,0.6288921071687184,0.6553222302679218,0.7552498189717596
DDD-J,landmark_still_registered,score_free,14,ood_test,0.2,label_conditional,ambiguous_rate,10,0.36176683562635764,0.06374680429791096,0.2447501810282404,0.3446777697320782,0.37110789283128165,0.3774438812454743,0.4887762490948588
DDD-J,landmark_still_registered,score_free,14,ood_test,0.2,label_conditional,empty_rate,10,0.0,0.0,0.0,0.0,0.0,0.0,0.0
DDD-J,landmark_still_registered,score_free,14,ood_test,0.2,label_conditional,singleton_accuracy,10,0.7079824635012475,0.011579764211142653,0.6823394495412844,0.7030129577852924,0.7100847467685844,0.713606527757324,0.7240977881257276
DDD-J,landmark_still_registered,score_free,14,ood_test,0.2,label_conditional,class0_coverage,10,0.8360313315926893,0.02979629766900693,0.7872062663185379,0.8247389033942558,0.8302872062663186,0.8482375979112272,0.8968668407310705
DDD-J,landmark_still_registered,score_free,14,ood_test,0.2,label_conditional,class1_coverage,10,0.7853658536585366,0.05194210753695798,0.7089430894308943,0.7788617886178861,0.7845528455284553,0.8004065040650407,0.8959349593495934
DDD-J,landmark_still_registered,score_free,14,ood_test,0.2,label_conditional,class0_avg_set_size,10,1.3655352480417755,0.07624388480632775,1.2297650130548303,1.3315926892950392,1.3701044386422976,1.3949086161879896,1.524804177545692
DDD-J,landmark_still_registered,score_free,14,ood_test,0.2,label_conditional,class1_avg_set_size,10,1.3570731707317074,0.054055089384456384,1.2634146341463415,1.3369918699186991,1.3658536585365852,1.390650406504065,1.4439024390243902
DDD-J,landmark_still_registered,score_free,14,ood_test,0.2,label_conditional,class0_singleton_accuracy,10,0.7373514767342494,0.06129837933571138,0.6291208791208791,0.7158315377241781,0.742190171075458,0.7703812640170594,0.8466019417475729
DDD-J,landmark_still_registered,score_free,14,ood_test,0.2,label_conditional,class1_singleton_accuracy,10,0.6676795973423155,0.07343843738772894,0.5295698924731183,0.6497663087419681,0.6630967604433078,0.7017722732008447,0.8128654970760234
DDD-J,landmark_still_registered,score_free,14,ood_test,0.2,marginal,coverage,10,0.8136133236784939,0.02746797592395361,0.7646632874728457,0.8019551049963795,0.8128167994207096,0.8292903692976104,0.8638667632150615
DDD-J,landmark_still_registered,score_free,14,ood_test,0.2,marginal,avg_set_size,10,1.358291093410572,0.07486766203728451,1.2114409847936278,1.3441346850108615,1.3783490224475017,1.3861332367849384,1.4822592324402606
DDD-J,landmark_still_registered,score_free,14,ood_test,0.2,marginal,singleton_rate,10,0.641708906589428,0.07486766203728452,0.5177407675597393,0.6138667632150616,0.6216509775524981,0.6558653149891382,0.7885590152063722
DDD-J,landmark_still_registered,score_free,14,ood_test,0.2,marginal,ambiguous_rate,10,0.35829109341057197,0.07486766203728452,0.2114409847936278,0.3441346850108617,0.3783490224475018,0.38613323678493844,0.4822592324402607
DDD-J,landmark_still_registered,score_free,14,ood_test,0.2,marginal,empty_rate,10,0.0,0.0,0.0,0.0,0.0,0.0,0.0
DDD-J,landmark_still_registered,score_free,14,ood_test,0.2,marginal,singleton_accuracy,10,0.7103064392101256,0.01635402919106101,0.6823394495412844,0.7024713769327536,0.7109210710780878,0.720217838129254,0.737062937062937
DDD-J,landmark_still_registered,score_free,14,ood_test,0.2,marginal,class0_coverage,10,0.8536553524804177,0.041536568567218525,0.7872062663185379,0.8224543080939948,0.8570496083550914,0.8844647519582246,0.9151436031331592
DDD-J,landmark_still_registered,score_free,14,ood_test,0.2,marginal,class1_coverage,10,0.7637398373983739,0.048015990658077885,0.6634146341463415,0.7467479674796748,0.7691056910569105,0.7983739837398374,0.8178861788617886
DDD-J,landmark_still_registered,score_free,14,ood_test,0.2,marginal,class0_avg_set_size,10,1.3527415143603134,0.07875524667387673,1.1919060052219321,1.3293080939947781,1.3681462140992167,1.389360313315927,1.4725848563968669
DDD-J,landmark_still_registered,score_free,14,ood_test,0.2,marginal,class1_avg_set_size,10,1.3652032520325206,0.0736098436979725,1.2357723577235773,1.3601626016260162,1.3715447154471545,1.4004065040650406,1.494308943089431
DDD-J,landmark_still_registered,score_free,14,ood_test,0.2,marginal,class0_singleton_accuracy,10,0.7733379965123277,0.06374112102156555,0.6625258799171843,0.7510365824764251,0.7882573230312291,0.8250418743867509,0.8391089108910891
DDD-J,landmark_still_registered,score_free,14,ood_test,0.2,marginal,class1_singleton_accuracy,10,0.6280006445716511,0.056984098479301956,0.5569620253164557,0.5808774680449629,0.6201013368448172,0.6681616832779623,0.7098445595854922
DDD-J,landmark_still_registered,score_free,56,id_test,0.05,label_conditional,coverage,10,0.9582278481012658,0.02146422160622745,0.9071729957805907,0.9578059071729957,0.9620253164556962,0.9683544303797469,0.9831223628691983
DDD-J,landmark_still_registered,score_free,56,id_test,0.05,label_conditional,avg_set_size,10,1.7168776371308017,0.07717534242445741,1.5654008438818565,1.6656118143459917,1.7362869198312236,1.751054852320675,1.8143459915611815
DDD-J,landmark_still_registered,score_free,56,id_test,0.05,label_conditional,singleton_rate,10,0.2831223628691983,0.07717534242445741,0.18565400843881857,0.2489451476793249,0.26371308016877637,0.3343881856540084,0.4345991561181435
DDD-J,landmark_still_registered,score_free,56,id_test,0.05,label_conditional,ambiguous_rate,10,0.7168776371308018,0.07717534242445742,0.5654008438818565,0.6656118143459916,0.7362869198312236,0.7510548523206751,0.8143459915611815
DDD-J,landmark_still_registered,score_free,56,id_test,0.05,label_conditional,empty_rate,10,0.0,0.0,0.0,0.0,0.0,0.0,0.0
DDD-J,landmark_still_registered,score_free,56,id_test,0.05,label_conditional,singleton_accuracy,10,0.857067228972889,0.042283713256182784,0.7864077669902912,0.8353174603174603,0.8544980443285528,0.8821036889332003,0.9193548387096774
DDD-J,landmark_still_registered,score_free,56,id_test,0.05,label_conditional,class0_coverage,10,0.9599999999999997,0.02969474326842677,0.912,0.9380000000000001,0.964,0.982,1.0
DDD-J,landmark_still_registered,score_free,56,id_test,0.05,label_conditional,class1_coverage,10,0.95625,0.029597761643932897,0.9017857142857143,0.9464285714285714,0.9508928571428572,0.9776785714285714,1.0
DDD-J,landmark_still_registered,score_free,56,id_test,0.05,label_conditional,class0_avg_set_size,10,1.7792000000000001,0.0814272681599967,1.632,1.73,1.808,1.838,1.864
DDD-J,landmark_still_registered,score_free,56,id_test,0.05,label_conditional,class1_avg_set_size,10,1.6473214285714288,0.0972854710040545,1.4910714285714286,1.5959821428571428,1.6339285714285714,1.6674107142857144,1.8214285714285714
DDD-J,landmark_still_registered,score_free,56,id_test,0.05,label_conditional,class0_singleton_accuracy,10,0.8154932229693301,0.13578031905731708,0.5882352941176471,0.765096618357488,0.849624060150376,0.8892857142857142,1.0
DDD-J,landmark_still_registered,score_free,56,id_test,0.05,label_conditional,class1_singleton_accuracy,10,0.8657196300126426,0.11004206594138134,0.6,0.8477951635846372,0.8722826086956521,0.9142441860465116,1.0
DDD-J,landmark_still_registered,score_free,56,id_test,0.05,marginal,coverage,10,0.9641350210970465,0.017594931087477905,0.9324894514767933,0.9546413502109705,0.9683544303797469,0.9778481012658228,0.9831223628691983
DDD-J,landmark_still_registered,score_free,56,id_test,0.05,marginal,avg_set_size,10,1.7244725738396625,0.06327707297980574,1.6329113924050633,1.6677215189873418,1.738396624472574,1.7668776371308017,1.8059071729957805
DDD-J,landmark_still_registered,score_free,56,id_test,0.05,marginal,singleton_rate,10,0.2755274261603375,0.06327707297980578,0.1940928270042194,0.2331223628691983,0.2616033755274262,0.3322784810126582,0.3670886075949367
DDD-J,landmark_still_registered,score_free,56,id_test,0.05,marginal,ambiguous_rate,10,0.7244725738396625,0.06327707297980577,0.6329113924050633,0.6677215189873418,0.7383966244725738,0.7668776371308017,0.8059071729957806
DDD-J,landmark_still_registered,score_free,56,id_test,0.05,marginal,empty_rate,10,0.0,0.0,0.0,0.0,0.0,0.0,0.0
DDD-J,landmark_still_registered,score_free,56,id_test,0.05,marginal,singleton_accuracy,10,0.8755190734784175,0.037107451006373054,0.8072289156626506,0.8536363636363636,0.8791666666666667,0.9079968944099379,0.921875
DDD-J,landmark_still_registered,score_free,56,id_test,0.05,marginal,class0_coverage,10,0.9784,0.01309113355587583,0.96,0.97,0.98,0.984,1.0
DDD-J,landmark_still_registered,score_free,56,id_test,0.05,marginal,class1_coverage,10,0.9482142857142858,0.029402592941020173,0.9017857142857143,0.9263392857142857,0.9553571428571429,0.9620535714285714,0.9910714285714286
DDD-J,landmark_still_registered,score_free,56,id_test,0.05,marginal,class0_avg_set_size,10,1.7592000000000003,0.0739441230479701,1.648,1.694,1.784,1.81,1.84
DDD-J,landmark_still_registered,score_free,56,id_test,0.05,marginal,class1_avg_set_size,10,1.6857142857142857,0.06951810152693536,1.5982142857142858,1.6361607142857144,1.6830357142857144,1.703125,1.8214285714285714
DDD-J,landmark_still_registered,score_free,56,id_test,0.05,marginal,class0_singleton_accuracy,10,0.9134748507005529,0.03882543078791897,0.8780487804878049,0.8869949494949495,0.9,0.9267441860465117,1.0
DDD-J,landmark_still_registered,score_free,56,id_test,0.05,marginal,class1_singleton_accuracy,10,0.8469284628108158,0.06505745883823469,0.7380952380952381,0.8071428571428572,0.8547979797979799,0.8779809220985691,0.95
DDD-J,landmark_still_registered,score_free,56,id_test,0.1,label_conditional,coverage,10,0.9101265822784811,0.021884054818379656,0.8776371308016878,0.890295358649789,0.9135021097046414,0.9240506329113924,0.9451476793248945
DDD-J,landmark_still_registered,score_free,56,id_test,0.1,label_conditional,avg_set_size,10,1.5316455696202531,0.04765421756989425,1.4641350210970465,1.4968354430379747,1.529535864978903,1.5632911392405062,1.6075949367088607
DDD-J,landmark_still_registered,score_free,56,id_test,0.1,label_conditional,singleton_rate,10,0.46835443037974694,0.0476542175698943,0.3924050632911392,0.43670886075949367,0.4704641350210971,0.5031645569620253,0.5358649789029536
DDD-J,landmark_still_registered,score_free,56,id_test,0.1,label_conditional,ambiguous_rate,10,0.5316455696202531,0.04765421756989428,0.4641350210970464,0.4968354430379747,0.5295358649789029,0.5632911392405063,0.6075949367088608
DDD-J,landmark_still_registered,score_free,56,id_test,0.1,label_conditional,empty_rate,10,0.0,0.0,0.0,0.0,0.0,0.0,0.0
DDD-J,landmark_still_registered,score_free,56,id_test,0.1,label_conditional,singleton_accuracy,10,0.8095886496315339,0.03490538585238573,0.7521367521367521,0.7825646794150731,0.8159302555973846,0.8317919502811483,0.8602150537634409
DDD-J,landmark_still_registered,score_free,56,id_test,0.1,label_conditional,class0_coverage,10,0.9096,0.03883640903413531,0.848,0.884,0.912,0.934,0.96
DDD-J,landmark_still_registered,score_free,56,id_test,0.1,label_conditional,class1_coverage,10,0.9107142857142858,0.055520113411242945,0.8035714285714286,0.875,0.9196428571428571,0.953125,0.9910714285714286
DDD-J,landmark_still_registered,score_free,56,id_test,0.1,label_conditional,class0_avg_set_size,10,1.5912000000000002,0.0672983407422996,1.496,1.528,1.604,1.65,1.672
DDD-J,landmark_still_registered,score_free,56,id_test,0.1,label_conditional,class1_avg_set_size,10,1.4651785714285714,0.06908993982180399,1.3125,1.4419642857142856,1.46875,1.4910714285714286,1.5803571428571428
DDD-J,landmark_still_registered,score_free,56,id_test,0.1,label_conditional,class0_singleton_accuracy,10,0.7681874094184888,0.12305576789616156,0.5476190476190477,0.725588905775076,0.798999309868875,0.8567307692307693,0.9180327868852459
DDD-J,landmark_still_registered,score_free,56,id_test,0.1,label_conditional,class1_singleton_accuracy,10,0.8337940287501352,0.10312807053559937,0.6271186440677966,0.7731813524590163,0.8377192982456141,0.9069494335451782,0.9824561403508771
DDD-J,landmark_still_registered,score_free,56,id_test,0.1,marginal,coverage,10,0.9016877637130802,0.032625854518134656,0.8607594936708861,0.8734177215189873,0.9050632911392404,0.9187763713080168,0.9578059071729957
DDD-J,landmark_still_registered,score_free,56,id_test,0.1,marginal,avg_set_size,10,1.4987341772151899,0.10190453363731561,1.3333333333333333,1.4335443037974684,1.5063291139240507,1.5854430379746836,1.6244725738396624
DDD-J,landmark_still_registered,score_free,56,id_test,0.1,marginal,singleton_rate,10,0.5012658227848101,0.1019045336373156,0.3755274261603376,0.41455696202531644,0.4936708860759494,0.5664556962025317,0.6666666666666666
DDD-J,landmark_still_registered,score_free,56,id_test,0.1,marginal,ambiguous_rate,10,0.49873417721518987,0.10190453363731561,0.3333333333333333,0.43354430379746833,0.5063291139240507,0.5854430379746836,0.6244725738396625
DDD-J,landmark_still_registered,score_free,56,id_test,0.1,marginal,empty_rate,10,0.0,0.0,0.0,0.0,0.0,0.0,0.0
DDD-J,landmark_still_registered,score_free,56,id_test,0.1,marginal,singleton_accuracy,10,0.8074895876980003,0.03820243110836024,0.7608695652173914,0.7831506637851189,0.79509596137996,0.8316184649610678,0.8888888888888888
DDD-J,landmark_still_registered,score_free,56,id_test,0.1,marginal,class0_coverage,10,0.9512,0.015295605759679956,0.928,0.9380000000000001,0.952,0.96,0.976
DDD-J,landmark_still_registered,score_free,56,id_test,0.1,marginal,class1_coverage,10,0.8464285714285713,0.057217213527132944,0.7767857142857143,0.796875,0.8482142857142857,0.8816964285714286,0.9553571428571429
DDD-J,landmark_still_registered,score_free,56,id_test,0.1,marginal,class0_avg_set_size,10,1.5032,0.11614244128081114,1.304,1.448,1.532,1.582,1.648
DDD-J,landmark_still_registered,score_free,56,id_test,0.1,marginal,class1_avg_set_size,10,1.49375,0.0963522993475981,1.3660714285714286,1.4241071428571428,1.4776785714285716,1.5491071428571428,1.6517857142857142
DDD-J,landmark_still_registered,score_free,56,id_test,0.1,marginal,class0_singleton_accuracy,10,0.9021079417357104,0.02164179700600011,0.8732394366197183,0.8817401960784313,0.9047619047619048,0.9145114942528736,0.9318181818181818
DDD-J,landmark_still_registered,score_free,56,id_test,0.1,marginal,class1_singleton_accuracy,10,0.7054748912552464,0.07457431117043345,0.6417910447761194,0.6486139056561592,0.6767259198015709,0.7473610133708656,0.8717948717948718
DDD-J,landmark_still_registered,score_free,56,id_test,0.2,label_conditional,coverage,10,0.7991561181434598,0.030178528285943973,0.7552742616033755,0.7784810126582278,0.7932489451476793,0.819620253164557,0.8565400843881856
DDD-J,landmark_still_registered,score_free,56,id_test,0.2,label_conditional,avg_set_size,10,1.2130801687763715,0.08230552406384457,1.0970464135021096,1.1740506329113924,1.2025316455696202,1.2721518987341773,1.358649789029536
DDD-J,landmark_still_registered,score_free,56,id_test,0.2,label_conditional,singleton_rate,10,0.7869198312236286,0.08230552406384453,0.6413502109704642,0.7278481012658228,0.7974683544303798,0.8259493670886076,0.9029535864978903
DDD-J,landmark_still_registered,score_free,56,id_test,0.2,label_conditional,ambiguous_rate,10,0.21308016877637131,0.08230552406384456,0.0970464135021097,0.1740506329113924,0.20253164556962025,0.2721518987341772,0.35864978902953587
DDD-J,landmark_still_registered,score_free,56,id_test,0.2,label_conditional,empty_rate,10,0.0,0.0,0.0,0.0,0.0,0.0,0.0
DDD-J,landmark_still_registered,score_free,56,id_test,0.2,label_conditional,singleton_accuracy,10,0.7445515642096634,0.030998944819704593,0.6947368421052632,0.7263569078947368,0.7494662934674321,0.7601846057571965,0.7988165680473372
DDD-J,landmark_still_registered,score_free,56,id_test,0.2,label_conditional,class0_coverage,10,0.8136000000000001,0.06608277637428178,0.704,0.758,0.832,0.862,0.904
DDD-J,landmark_still_registered,score_free,56,id_test,0.2,label_conditional,class1_coverage,10,0.7830357142857143,0.04146421906397172,0.7232142857142857,0.75,0.7946428571428572,0.8102678571428572,0.8392857142857143
DDD-J,landmark_still_registered,score_free,56,id_test,0.2,label_conditional,class0_avg_set_size,10,1.2376,0.10982329240901291,1.088,1.166,1.248,1.29,1.44
DDD-J,landmark_still_registered,score_free,56,id_test,0.2,label_conditional,class1_avg_set_size,10,1.1857142857142857,0.06705351198399492,1.0982142857142858,1.1205357142857144,1.1964285714285714,1.2388392857142858,1.2678571428571428
DDD-J,landmark_still_registered,score_free,56,id_test,0.2,label_conditional,class0_singleton_accuracy,10,0.7521126806729425,0.0916733996561732,0.6021505376344086,0.6833959899749373,0.7718301435406698,0.8297122165046693,0.8554216867469879
DDD-J,landmark_still_registered,score_free,56,id_test,0.2,label_conditional,class1_singleton_accuracy,10,0.7317374985497626,0.05531920700211879,0.6593406593406593,0.688287368062649,0.7257515598411798,0.7770731707317073,0.8217821782178217
DDD-J,landmark_still_registered,score_free,56,id_test,0.2,marginal,coverage,10,0.8063291139240507,0.026793156656946687,0.7637130801687764,0.7827004219409283,0.8101265822784811,0.8259493670886076,0.8438818565400844
DDD-J,landmark_still_registered,score_free,56,id_test,0.2,marginal,avg_set_size,10,1.2037974683544304,0.07529672182414437,1.0548523206751055,1.1624472573839664,1.2130801687763713,1.260548523206751,1.2953586497890295
DDD-J,landmark_still_registered,score_free,56,id_test,0.2,marginal,singleton_rate,10,0.7962025316455696,0.07529672182414436,0.7046413502109705,0.739451476793249,0.7869198312236287,0.8375527426160337,0.9451476793248945
DDD-J,landmark_still_registered,score_free,56,id_test,0.2,marginal,ambiguous_rate,10,0.20379746835443036,0.07529672182414436,0.05485232067510549,0.16244725738396626,0.21308016877637131,0.26054852320675104,0.29535864978902954
DDD-J,landmark_still_registered,score_free,56,id_test,0.2,marginal,empty_rate,10,0.0,0.0,0.0,0.0,0.0,0.0,0.0
DDD-J,landmark_still_registered,score_free,56,id_test,0.2,marginal,singleton_accuracy,10,0.7568121778665224,0.02347259525104149,0.7219251336898396,0.7475307572344481,0.7507396449704142,0.7540403064838066,0.8020304568527918
DDD-J,landmark_still_registered,score_free,56,id_test,0.2,marginal,class0_coverage,10,0.8824,0.031109841243925112,0.816,0.872,0.888,0.896,0.928
DDD-J,landmark_still_registered,score_free,56,id_test,0.2,marginal,class1_coverage,10,0.7214285714285714,0.04054615801411047,0.6428571428571429,0.6941964285714286,0.7366071428571428,0.7477678571428572,0.7767857142857143
DDD-J,landmark_still_registered,score_free,56,id_test,0.2,marginal,class0_avg_set_size,10,1.1944000000000001,0.08525412990973909,1.04,1.15,1.192,1.258,1.32
DDD-J,landmark_still_registered,score_free,56,id_test,0.2,marginal,class1_avg_set_size,10,1.2142857142857142,0.07216878364870322,1.0714285714285714,1.171875,1.25,1.265625,1.2946428571428572
DDD-J,landmark_still_registered,score_free,56,id_test,0.2,marginal,class0_singleton_accuracy,10,0.8547099557579273,0.03062811072272591,0.7946428571428571,0.8463800904977375,0.8516908212560386,0.865,0.9052631578947369
DDD-J,landmark_still_registered,score_free,56,id_test,0.2,marginal,class1_singleton_accuracy,10,0.6439857992151257,0.05072993373130206,0.5662650602409639,0.6197663096397275,0.6431601272534464,0.6646341463414633,0.7422680412371134
DDD-J,landmark_still_registered,score_free,56,ood_test,0.05,label_conditional,coverage,10,0.9474830954169796,0.03199626977021402,0.8692712246431255,0.9402704733283245,0.9549211119459053,0.9626220886551464,0.9879789631855748
DDD-J,landmark_still_registered,score_free,56,ood_test,0.05,label_conditional,avg_set_size,10,1.745604808414726,0.08619821755525191,1.5537190082644627,1.7116829451540194,1.7595792637114953,1.7712246431254697,1.8797896318557477
DDD-J,landmark_still_registered,score_free,56,ood_test,0.05,label_conditional,singleton_rate,10,0.25439519158527424,0.0861982175552519,0.12021036814425244,0.22877535687453043,0.24042073628850488,0.28831705484598047,0.4462809917355372
DDD-J,landmark_still_registered,score_free,56,ood_test,0.05,label_conditional,ambiguous_rate,10,0.7456048084147258,0.08619821755525188,0.5537190082644629,0.7116829451540196,0.7595792637114951,0.7712246431254696,0.8797896318557475
DDD-J,landmark_still_registered,score_free,56,ood_test,0.05,label_conditional,empty_rate,10,0.0,0.0,0.0,0.0,0.0,0.0,0.0
DDD-J,landmark_still_registered,score_free,56,ood_test,0.05,label_conditional,singleton_accuracy,10,0.8074704774020137,0.05468796377675637,0.7070707070707071,0.7795290436456996,0.8164638445268675,0.8350673602774443,0.9
DDD-J,landmark_still_registered,score_free,56,ood_test,0.05,label_conditional,class0_coverage,10,0.9431551499348109,0.0561053507491918,0.8096479791395046,0.9230769230769231,0.9530638852672751,0.9804432855280313,0.9973924380704041
DDD-J,landmark_still_registered,score_free,56,ood_test,0.05,label_conditional,class1_coverage,10,0.9533687943262411,0.022951692211617563,0.9095744680851063,0.9397163120567376,0.9547872340425532,0.9685283687943262,0.9840425531914894
DDD-J,landmark_still_registered,score_free,56,ood_test,0.05,label_conditional,class0_avg_set_size,10,1.7908735332464143,0.07461151660881701,1.6414602346805736,1.7633637548891787,1.801825293350717,1.832464146023468,1.9061277705345503
DDD-J,landmark_still_registered,score_free,56,ood_test,0.05,label_conditional,class1_avg_set_size,10,1.6840425531914895,0.11864809931627951,1.4343971631205674,1.6467198581560285,1.6843971631205674,1.7238475177304964,1.849290780141844
DDD-J,landmark_still_registered,score_free,56,ood_test,0.05,label_conditional,class0_singleton_accuracy,10,0.7418370436514528,0.20378491699233323,0.37606837606837606,0.6630048260096519,0.7327172096908939,0.9183156370656371,0.9875
DDD-J,landmark_still_registered,score_free,56,ood_test,0.05,label_conditional,class1_singleton_accuracy,10,0.8300123990486032,0.12011920480682707,0.5529411764705883,0.7875141242937853,0.8732541899441341,0.899385838150289,0.9560975609756097
DDD-J,landmark_still_registered,score_free,56,ood_test,0.05,marginal,coverage,10,0.9640120210368146,0.015435816981154562,0.9376408715251691,0.9573628850488354,0.9639368895567242,0.9706987227648385,0.9864763335837716
DDD-J,landmark_still_registered,score_free,56,ood_test,0.05,marginal,avg_set_size,10,1.7747558226897073,0.058202844642673404,1.6919609316303532,1.7379789631855749,1.781367392937641,1.7879413974455296,1.8707738542449286
DDD-J,landmark_still_registered,score_free,56,ood_test,0.05,marginal,singleton_rate,10,0.22524417731029303,0.058202844642673425,0.12922614575507138,0.21205860255447032,0.21863260706235915,0.26202103681442523,0.3080390683696469
DDD-J,landmark_still_registered,score_free,56,ood_test,0.05,marginal,ambiguous_rate,10,0.774755822689707,0.05820284464267342,0.6919609316303531,0.7379789631855748,0.7813673929376409,0.7879413974455296,0.8707738542449286
DDD-J,landmark_still_registered,score_free,56,ood_test,0.05,marginal,empty_rate,10,0.0,0.0,0.0,0.0,0.0,0.0,0.0
DDD-J,landmark_still_registered,score_free,56,ood_test,0.05,marginal,singleton_accuracy,10,0.8471666407767916,0.032854441486272194,0.7975609756097561,0.8277844975808709,0.8419405505627265,0.8647457282778384,0.9
DDD-J,landmark_still_registered,score_free,56,ood_test,0.05,marginal,class0_coverage,10,0.9774445893089961,0.016086424111282548,0.9374185136897001,0.9729465449804433,0.9830508474576272,0.9872881355932204,0.9908735332464146
DDD-J,landmark_still_registered,score_free,56,ood_test,0.05,marginal,class1_coverage,10,0.9457446808510639,0.02447122557249321,0.8953900709219859,0.9352836879432624,0.9432624113475176,0.9570035460992908,0.9804964539007093
DDD-J,landmark_still_registered,score_free,56,ood_test,0.05,marginal,class0_avg_set_size,10,1.7967405475880054,0.064882518494456,1.6870925684485008,1.7539113428943938,1.7926988265971318,1.8265971316818774,1.9035202086049543
DDD-J,landmark_still_registered,score_free,56,ood_test,0.05,marginal,class1_avg_set_size,10,1.744858156028369,0.06142848708577354,1.6170212765957446,1.7189716312056738,1.7349290780141844,1.7823581560283688,1.826241134751773
DDD-J,landmark_still_registered,score_free,56,ood_test,0.05,marginal,class0_singleton_accuracy,10,0.8901880123364743,0.06032747059660895,0.7525773195876289,0.8735393961050563,0.9134870164281929,0.9251578282828283,0.9458333333333333
DDD-J,landmark_still_registered,score_free,56,ood_test,0.05,marginal,class1_singleton_accuracy,10,0.7902058950868511,0.08320404057559817,0.6168831168831169,0.7583739258934924,0.7943541701210413,0.8516782407407407,0.8877551020408163
DDD-J,landmark_still_registered,score_free,56,ood_test,0.1,label_conditional,coverage,10,0.8859504132231404,0.026991157774214077,0.836213373403456,0.8764087152516905,0.8921863260706235,0.9062734785875282,0.9158527422990232
DDD-J,landmark_still_registered,score_free,56,ood_test,0.1,label_conditional,avg_set_size,10,1.556123215627348,0.053429465040634797,1.4718256949661908,1.5293012772351615,1.5503380916604057,1.593914350112697,1.6288504883546207
DDD-J,landmark_still_registered,score_free,56,ood_test,0.1,label_conditional,singleton_rate,10,0.4438767843726522,0.05342946504063477,0.3711495116453794,0.4060856498873028,0.4496619083395943,0.4706987227648385,0.5281743050338091
DDD-J,landmark_still_registered,score_free,56,ood_test,0.1,label_conditional,ambiguous_rate,10,0.5561232156273479,0.05342946504063476,0.4718256949661908,0.5293012772351615,0.5503380916604057,0.5939143501126972,0.6288504883546205
DDD-J,landmark_still_registered,score_free,56,ood_test,0.1,label_conditional,empty_rate,10,0.0,0.0,0.0,0.0,0.0,0.0,0.0
DDD-J,landmark_still_registered,score_free,56,ood_test,0.1,label_conditional,singleton_accuracy,10,0.7447380305895359,0.039388003576372906,0.6871508379888268,0.7091357526414686,0.7596822976072999,0.7702916858061553,0.7990033222591362
DDD-J,landmark_still_registered,score_free,56,ood_test,0.1,label_conditional,class0_coverage,10,0.8636245110821381,0.06635549212195228,0.7666232073011734,0.8102998696219035,0.8696219035202086,0.9044980443285527,0.9569752281616688
DDD-J,landmark_still_registered,score_free,56,ood_test,0.1,label_conditional,class1_coverage,10,0.9163120567375886,0.04594597771062822,0.8173758865248227,0.9109042553191489,0.9290780141843972,0.9370567375886525,0.9787234042553191
DDD-J,landmark_still_registered,score_free,56,ood_test,0.1,label_conditional,class0_avg_set_size,10,1.610560625814863,0.05785827444288951,1.544980443285528,1.568122555410691,1.5795306388526726,1.6665580182529336,1.6923076923076923
DDD-J,landmark_still_registered,score_free,56,ood_test,0.1,label_conditional,class1_avg_set_size,10,1.4820921985815603,0.0742917440050617,1.3528368794326242,1.4609929078014183,1.4884751773049645,1.5336879432624113,1.5691489361702127
DDD-J,landmark_still_registered,score_free,56,ood_test,0.1,label_conditional,class0_singleton_accuracy,10,0.6406083839550998,0.17707802906948128,0.3472803347280335,0.49970760233918127,0.6659122012843457,0.7157627160071371,0.9054441260744985
DDD-J,landmark_still_registered,score_free,56,ood_test,0.1,label_conditional,class1_singleton_accuracy,10,0.8306614707091529,0.1096062994805407,0.5813008130081301,0.8285959570681793,0.8506874013973406,0.8985545751474675,0.959731543624161
DDD-J,landmark_still_registered,score_free,56,ood_test,0.1,marginal,coverage,10,0.9038317054845979,0.024604205541327584,0.8632607062359129,0.8899323816679188,0.9004507888805409,0.914725770097671,0.9436513899323816
DDD-J,landmark_still_registered,score_free,56,ood_test,0.1,marginal,avg_set_size,10,1.5577761081893313,0.08315621545945992,1.4410217881292262,1.4998121712997747,1.5394440270473329,1.6198347107438016,1.6844477836213374
DDD-J,landmark_still_registered,score_free,56,ood_test,0.1,marginal,singleton_rate,10,0.4422238918106687,0.08315621545945992,0.31555221637866265,0.3801652892561983,0.46055597295266715,0.5001878287002254,0.5589782118707739
DDD-J,landmark_still_registered,score_free,56,ood_test,0.1,marginal,ambiguous_rate,10,0.5577761081893313,0.08315621545945992,0.44102178812922616,0.4998121712997746,0.5394440270473329,0.6198347107438016,0.6844477836213373
DDD-J,landmark_still_registered,score_free,56,ood_test,0.1,marginal,empty_rate,10,0.0,0.0,0.0,0.0,0.0,0.0,0.0
DDD-J,landmark_still_registered,score_free,56,ood_test,0.1,marginal,singleton_accuracy,10,0.7849498956699977,0.020665394168632157,0.7553763440860215,0.7756856916751915,0.7820847906229322,0.7920028229700617,0.8214285714285714
DDD-J,landmark_still_registered,score_free,56,ood_test,0.1,marginal,class0_coverage,10,0.9354628422425032,0.029732368455784537,0.877444589308996,0.9234028683181226,0.9465449804432855,0.9582790091264668,0.9621903520208605
DDD-J,landmark_still_registered,score_free,56,ood_test,0.1,marginal,class1_coverage,10,0.8608156028368794,0.044007919264733235,0.7872340425531915,0.8262411347517731,0.8687943262411348,0.8971631205673759,0.9184397163120568
DDD-J,landmark_still_registered,score_free,56,ood_test,0.1,marginal,class0_avg_set_size,10,1.5685788787483703,0.09553244405133213,1.4419817470664928,1.5032594524119949,1.5501955671447196,1.6522164276401565,1.7053455019556714
DDD-J,landmark_still_registered,score_free,56,ood_test,0.1,marginal,class1_avg_set_size,10,1.543085106382979,0.07349570598693403,1.4397163120567376,1.499113475177305,1.549645390070922,1.5784574468085106,1.6560283687943262
DDD-J,landmark_still_registered,score_free,56,ood_test,0.1,marginal,class0_singleton_accuracy,10,0.8485389980918008,0.06154866723474969,0.7388888888888889,0.8157945606131917,0.8613421406293582,0.8929000459315266,0.927400468384075
DDD-J,landmark_still_registered,score_free,56,ood_test,0.1,marginal,class1_singleton_accuracy,10,0.6976304925973337,0.07467174030495582,0.5759717314487632,0.6318596425912137,0.7141913299397871,0.7547629876692945,0.7866242038216561
DDD-J,landmark_still_registered,score_free,56,ood_test,0.2,label_conditional,coverage,10,0.763861758076634,0.040820746115808645,0.7002253944402704,0.7406085649887303,0.7693463561232157,0.7935762584522915,0.8271975957926371
DDD-J,landmark_still_registered,score_free,56,ood_test,0.2,label_conditional,avg_set_size,10,1.229601803155522,0.09536089398121529,1.063861758076634,1.2101803155522164,1.2332832456799399,1.2943275732531931,1.3486100676183321
DDD-J,landmark_still_registered,score_free,56,ood_test,0.2,label_conditional,singleton_rate,10,0.7703981968444779,0.09536089398121529,0.6513899323816679,0.7056724267468069,0.7667167543200601,0.7898196844477836,0.9361382419233659
DDD-J,landmark_still_registered,score_free,56,ood_test,0.2,label_conditional,ambiguous_rate,10,0.22960180315552217,0.09536089398121528,0.0638617580766341,0.2101803155522164,0.2332832456799399,0.2943275732531931,0.3486100676183321
DDD-J,landmark_still_registered,score_free,56,ood_test,0.2,label_conditional,empty_rate,10,0.0,0.0,0.0,0.0,0.0,0.0,0.0
DDD-J,landmark_still_registered,score_free,56,ood_test,0.2,label_conditional,singleton_accuracy,10,0.6945005345327079,0.026538935487499908,0.6560951437066402,0.6798644367664903,0.6900954460386775,0.7094693712958778,0.7352941176470589
DDD-J,landmark_still_registered,score_free,56,ood_test,0.2,label_conditional,class0_coverage,10,0.7401564537157758,0.07784214153717511,0.6453715775749674,0.6753585397653195,0.7385919165580183,0.7878096479791394,0.8565840938722294
DDD-J,landmark_still_registered,score_free,56,ood_test,0.2,label_conditional,class1_coverage,10,0.7960992907801419,0.07192455284433238,0.675531914893617,0.7375886524822695,0.8076241134751774,0.862145390070922,0.875886524822695
DDD-J,landmark_still_registered,score_free,56,ood_test,0.2,label_conditional,class0_avg_set_size,10,1.2487614080834422,0.10795047448783011,1.0717079530638853,1.2121903520208606,1.253585397653194,1.3288787483702738,1.3885267275097783
DDD-J,landmark_still_registered,score_free,56,ood_test,0.2,label_conditional,class1_avg_set_size,10,1.20354609929078,0.0817561973590067,1.053191489361702,1.1861702127659575,1.2127659574468086,1.2579787234042552,1.3138297872340425
DDD-J,landmark_still_registered,score_free,56,ood_test,0.2,label_conditional,class0_singleton_accuracy,10,0.6514066274766429,0.10122246916429463,0.5081374321880651,0.5825200342588822,0.6471192593522757,0.6758520387149918,0.8120805369127517
DDD-J,landmark_still_registered,score_free,56,ood_test,0.2,label_conditional,class1_singleton_accuracy,10,0.7449512901489743,0.08626129954364664,0.5763888888888888,0.7093564739238767,0.7611273951039461,0.8113329962925514,0.8355263157894737
DDD-J,landmark_still_registered,score_free,56,ood_test,0.2,marginal,coverage,10,0.780015026296018,0.0347266771253296,0.709992486851991,0.7565740045078888,0.7907588279489106,0.8037190082644629,0.8226897069872277
DDD-J,landmark_still_registered,score_free,56,ood_test,0.2,marginal,avg_set_size,10,1.2249436513899323,0.07521174442050796,1.0811419984973705,1.1865138993238167,1.229151014274981,1.2787377911344853,1.3208114199849736
DDD-J,landmark_still_registered,score_free,56,ood_test,0.2,marginal,singleton_rate,10,0.7750563486100677,0.075211744420508,0.6791885800150262,0.7212622088655146,0.7708489857250188,0.8134861006761833,0.9188580015026296
DDD-J,landmark_still_registered,score_free,56,ood_test,0.2,marginal,ambiguous_rate,10,0.2249436513899324,0.07521174442050796,0.0811419984973704,0.18651389932381668,0.2291510142749812,0.2787377911344853,0.3208114199849737
DDD-J,landmark_still_registered,score_free,56,ood_test,0.2,marginal,empty_rate,10,0.0,0.0,0.0,0.0,0.0,0.0,0.0
DDD-J,landmark_still_registered,score_free,56,ood_test,0.2,marginal,singleton_accuracy,10,0.7174581961227847,0.01894326298673552,0.6843826655764513,0.7043618333657538,0.7174771607636135,0.730963864313884,0.7451171875
DDD-J,landmark_still_registered,score_free,56,ood_test,0.2,marginal,class0_coverage,10,0.8196870925684484,0.06013133673283561,0.7405475880052151,0.7601043024771839,0.8396349413298566,0.8529986962190352,0.9074315514993481
DDD-J,landmark_still_registered,score_free,56,ood_test,0.2,marginal,class1_coverage,10,0.726063829787234,0.047290557608994706,0.6631205673758865,0.6786347517730495,0.7429078014184397,0.7655141843971631,0.7854609929078015
DDD-J,landmark_still_registered,score_free,56,ood_test,0.2,marginal,class0_avg_set_size,10,1.2213820078226858,0.0757809717963938,1.073011734028683,1.198174706649283,1.2196870925684484,1.2571707953063886,1.33116036505867
DDD-J,landmark_still_registered,score_free,56,ood_test,0.2,marginal,class1_avg_set_size,10,1.229787234042553,0.07921033006470023,1.0921985815602837,1.169769503546099,1.2437943262411348,1.3054078014184398,1.3085106382978724
DDD-J,landmark_still_registered,score_free,56,ood_test,0.2,marginal,class0_singleton_accuracy,10,0.7701734332474206,0.06507251113608739,0.6921797004991681,0.7207888292270016,0.7674553390061088,0.8057744346561446,0.8822553897180763
DDD-J,landmark_still_registered,score_free,56,ood_test,0.2,marginal,class1_singleton_accuracy,10,0.642400303177525,0.06415712402910705,0.5486935866983373,0.5909830729166666,0.6542431341923727,0.6932954281245376,0.7155361050328227
EEE-J,landmark_still_registered,score_free,14,id_test,0.05,label_conditional,coverage,10,0.9475177304964537,0.022227251581169092,0.9148936170212766,0.9308510638297872,0.950354609929078,0.9574468085106383,0.9858156028368794
EEE-J,landmark_still_registered,score_free,14,id_test,0.05,label_conditional,avg_set_size,10,1.7716312056737589,0.10491767317847875,1.5460992907801419,1.7198581560283688,1.8085106382978724,1.8439716312056738,1.8865248226950355
EEE-J,landmark_still_registered,score_free,14,id_test,0.05,label_conditional,singleton_rate,10,0.22836879432624113,0.10491767317847875,0.11347517730496454,0.15602836879432624,0.19148936170212766,0.2801418439716312,0.45390070921985815
EEE-J,landmark_still_registered,score_free,14,id_test,0.05,label_conditional,ambiguous_rate,10,0.7716312056737589,0.10491767317847873,0.5460992907801419,0.7198581560283688,0.8085106382978723,0.8439716312056738,0.8865248226950354
EEE-J,landmark_still_registered,score_free,14,id_test,0.05,label_conditional,empty_rate,10,0.0,0.0,0.0,0.0,0.0,0.0,0.0
EEE-J,landmark_still_registered,score_free,14,id_test,0.05,label_conditional,singleton_accuracy,10,0.7560876017998444,0.09054736688307367,0.5925925925925926,0.7068181818181818,0.756578947368421,0.8050271739130435,0.9259259259259259
EEE-J,landmark_still_registered,score_free,14,id_test,0.05,label_conditional,class0_coverage,10,0.9478260869565217,0.03150299292649877,0.8804347826086957,0.9375,0.9510869565217391,0.9646739130434783,1.0
EEE-J,landmark_still_registered,score_free,14,id_test,0.05,label_conditional,class1_coverage,10,0.9469387755102041,0.05946060784601949,0.8571428571428571,0.903061224489796,0.9693877551020408,1.0,1.0
EEE-J,landmark_still_registered,score_free,14,id_test,0.05,label_conditional,class0_avg_set_size,10,1.7945652173913047,0.14658920592972075,1.4891304347826086,1.7282608695652173,1.815217391304348,1.9130434782608696,1.9565217391304348
EEE-J,landmark_still_registered,score_free,14,id_test,0.05,label_conditional,class1_avg_set_size,10,1.7285714285714284,0.07007132942486036,1.653061224489796,1.6938775510204083,1.7040816326530612,1.75,1.8979591836734695
EEE-J,landmark_still_registered,score_free,14,id_test,0.05,label_conditional,class0_singleton_accuracy,10,0.5246301003960578,0.41593167985510754,0.0,0.13392857142857142,0.6018181818181818,0.8902127659574468,1.0
EEE-J,landmark_still_registered,score_free,14,id_test,0.05,label_conditional,class1_singleton_accuracy,10,0.8032786576168929,0.19928988020208707,0.5625,0.6038461538461538,0.8333333333333333,1.0,1.0
EEE-J,landmark_still_registered,score_free,14,id_test,0.05,marginal,coverage,10,0.9432624113475176,0.04775179639887507,0.8581560283687943,0.9095744680851063,0.9468085106382979,0.9840425531914894,1.0
EEE-J,landmark_still_registered,score_free,14,id_test,0.05,marginal,avg_set_size,10,1.6709219858156028,0.17139724462264383,1.4397163120567376,1.5585106382978724,1.6418439716312057,1.7960992907801419,1.9432624113475176
EEE-J,landmark_still_registered,score_free,14,id_test,0.05,marginal,singleton_rate,10,0.3290780141843971,0.17139724462264386,0.05673758865248227,0.20390070921985817,0.35815602836879434,0.44148936170212766,0.5602836879432624
EEE-J,landmark_still_registered,score_free,14,id_test,0.05,marginal,ambiguous_rate,10,0.6709219858156028,0.17139724462264386,0.4397163120567376,0.5585106382978724,0.6418439716312057,0.7960992907801419,0.9432624113475178
EEE-J,landmark_still_registered,score_free,14,id_test,0.05,marginal,empty_rate,10,0.0,0.0,0.0,0.0,0.0,0.0,0.0
EEE-J,landmark_still_registered,score_free,14,id_test,0.05,marginal,singleton_accuracy,10,0.8529911241307584,0.0822424137999844,0.7468354430379747,0.8022017045454546,0.8316355404640634,0.9151785714285714,1.0
EEE-J,landmark_still_registered,score_free,14,id_test,0.05,marginal,class0_coverage,10,0.9923913043478262,0.010311774978809947,0.967391304347826,0.9891304347826086,0.9945652173913043,1.0,1.0
EEE-J,landmark_still_registered,score_free,14,id_test,0.05,marginal,class1_coverage,10,0.8510204081632654,0.12582275851462457,0.6122448979591837,0.7704081632653061,0.8571428571428572,0.9540816326530612,1.0
EEE-J,landmark_still_registered,score_free,14,id_test,0.05,marginal,class0_avg_set_size,10,1.6076086956521738,0.18954851342439716,1.358695652173913,1.4918478260869565,1.565217391304348,1.752717391304348,1.923913043478261
EEE-J,landmark_still_registered,score_free,14,id_test,0.05,marginal,class1_avg_set_size,10,1.789795918367347,0.1493658212216423,1.5918367346938775,1.653061224489796,1.8265306122448979,1.8775510204081634,1.9795918367346939
EEE-J,landmark_still_registered,score_free,14,id_test,0.05,marginal,class0_singleton_accuracy,10,0.9839157928295708,0.025555541567485646,0.9166666666666666,0.9796565882792087,0.9915254237288136,1.0,1.0
EEE-J,landmark_still_registered,score_free,14,id_test,0.05,marginal,class1_singleton_accuracy,10,0.3595238095238095,0.3126661815634598,0.0,0.11666666666666667,0.3416666666666667,0.5178571428571428,1.0
EEE-J,landmark_still_registered,score_free,14,id_test,0.1,label_conditional,coverage,10,0.8921985815602836,0.05262901979893855,0.7801418439716312,0.8794326241134752,0.8971631205673758,0.9184397163120568,0.9574468085106383
EEE-J,landmark_still_registered,score_free,14,id_test,0.1,label_conditional,avg_set_size,10,1.549645390070922,0.15618052613835728,1.3049645390070923,1.4698581560283688,1.5602836879432624,1.6897163120567376,1.75177304964539
EEE-J,landmark_still_registered,score_free,14,id_test,0.1,label_conditional,singleton_rate,10,0.4503546099290781,0.15618052613835728,0.24822695035460993,0.31028368794326244,0.43971631205673756,0.5301418439716312,0.6950354609929078
EEE-J,landmark_still_registered,score_free,14,id_test,0.1,label_conditional,ambiguous_rate,10,0.549645390070922,0.15618052613835728,0.3049645390070922,0.4698581560283688,0.5602836879432624,0.6897163120567376,0.75177304964539
EEE-J,landmark_still_registered,score_free,14,id_test,0.1,label_conditional,empty_rate,10,0.0,0.0,0.0,0.0,0.0,0.0,0.0
EEE-J,landmark_still_registered,score_free,14,id_test,0.1,label_conditional,singleton_accuracy,10,0.765580216049251,0.06802171741909484,0.625,0.7505802707930368,0.7718018018018018,0.81171875,0.85
EEE-J,landmark_still_registered,score_free,14,id_test,0.1,label_conditional,class0_coverage,10,0.9076086956521741,0.04294662895336847,0.8369565217391305,0.8858695652173914,0.9130434782608695,0.9347826086956522,0.9782608695652174
EEE-J,landmark_still_registered,score_free,14,id_test,0.1,label_conditional,class1_coverage,10,0.863265306122449,0.10715095531430159,0.673469387755102,0.8163265306122449,0.8673469387755102,0.9489795918367346,1.0
EEE-J,landmark_still_registered,score_free,14,id_test,0.1,label_conditional,class0_avg_set_size,10,1.5586956521739128,0.17610335702236735,1.2934782608695652,1.4456521739130435,1.5706521739130435,1.703804347826087,1.7717391304347827
EEE-J,landmark_still_registered,score_free,14,id_test,0.1,label_conditional,class1_avg_set_size,10,1.5326530612244897,0.14380958816827086,1.2857142857142858,1.4183673469387754,1.5408163265306123,1.6428571428571428,1.7142857142857142
EEE-J,landmark_still_registered,score_free,14,id_test,0.1,label_conditional,class0_singleton_accuracy,10,0.7653890566760666,0.16440172905470718,0.3333333333333333,0.7392566782810686,0.8198924731182795,0.8451417004048583,0.9230769230769231
EEE-J,landmark_still_registered,score_free,14,id_test,0.1,label_conditional,class1_singleton_accuracy,10,0.7283852623565583,0.18067639653917364,0.5294117647058824,0.5615203761755486,0.6904761904761905,0.89167916041979,1.0
EEE-J,landmark_still_registered,score_free,14,id_test,0.1,marginal,coverage,10,0.8886524822695036,0.04560258564309012,0.8226950354609929,0.8581560283687943,0.8723404255319149,0.9326241134751774,0.950354609929078
EEE-J,landmark_still_registered,score_free,14,id_test,0.1,marginal,avg_set_size,10,1.4659574468085108,0.11768444037289813,1.2836879432624113,1.4184397163120568,1.4609929078014185,1.5053191489361701,1.6453900709219857
EEE-J,landmark_still_registered,score_free,14,id_test,0.1,marginal,singleton_rate,10,0.5340425531914894,0.11768444037289816,0.3546099290780142,0.49468085106382975,0.5390070921985816,0.5815602836879432,0.7163120567375887
EEE-J,landmark_still_registered,score_free,14,id_test,0.1,marginal,ambiguous_rate,10,0.4659574468085106,0.11768444037289816,0.28368794326241137,0.41843971631205673,0.46099290780141844,0.5053191489361701,0.6453900709219859
EEE-J,landmark_still_registered,score_free,14,id_test,0.1,marginal,empty_rate,10,0.0,0.0,0.0,0.0,0.0,0.0,0.0
EEE-J,landmark_still_registered,score_free,14,id_test,0.1,marginal,singleton_accuracy,10,0.7980924024116354,0.051953069701864134,0.7435897435897436,0.7560975609756098,0.7735316552250191,0.8454166666666667,0.8783783783783784
EEE-J,landmark_still_registered,score_free,14,id_test,0.1,marginal,class0_coverage,10,0.9760869565217393,0.014310447578356126,0.9565217391304348,0.9619565217391305,0.9782608695652174,0.9891304347826086,0.9891304347826086
EEE-J,landmark_still_registered,score_free,14,id_test,0.1,marginal,class1_coverage,10,0.7244897959183673,0.11352598141686146,0.5714285714285714,0.6377551020408163,0.6938775510204082,0.8418367346938775,0.8775510204081632
EEE-J,landmark_still_registered,score_free,14,id_test,0.1,marginal,class0_avg_set_size,10,1.393478260869565,0.12465031954797007,1.184782608695652,1.3315217391304346,1.391304347826087,1.4619565217391304,1.5978260869565217
EEE-J,landmark_still_registered,score_free,14,id_test,0.1,marginal,class1_avg_set_size,10,1.6020408163265305,0.12951995077999842,1.4489795918367347,1.4948979591836735,1.5816326530612246,1.6989795918367347,1.836734693877551
EEE-J,landmark_still_registered,score_free,14,id_test,0.1,marginal,class0_singleton_accuracy,10,0.9618533942606149,0.018875125571858126,0.9259259259259259,0.9495833333333333,0.9657894736842105,0.9753861003861004,0.9838709677419355
EEE-J,landmark_still_registered,score_free,14,id_test,0.1,marginal,class1_singleton_accuracy,10,0.31826478967655436,0.13309221656942904,0.05,0.2575,0.3333333333333333,0.4014161220043573,0.5
EEE-J,landmark_still_registered,score_free,14,id_test,0.2,label_conditional,coverage,10,0.7907801418439716,0.06354458655184686,0.6808510638297872,0.7695035460992907,0.8085106382978724,0.8439716312056738,0.851063829787234
EEE-J,landmark_still_registered,score_free,14,id_test,0.2,label_conditional,avg_set_size,10,1.2709219858156027,0.12214697877324075,1.0780141843971631,1.1648936170212765,1.297872340425532,1.3794326241134753,1.4184397163120568
EEE-J,landmark_still_registered,score_free,14,id_test,0.2,label_conditional,singleton_rate,10,0.7290780141843972,0.12214697877324074,0.5815602836879432,0.6205673758865249,0.7021276595744681,0.8351063829787234,0.9219858156028369
EEE-J,landmark_still_registered,score_free,14,id_test,0.2,label_conditional,ambiguous_rate,10,0.2709219858156028,0.12214697877324072,0.07801418439716312,0.1648936170212766,0.2978723404255319,0.37943262411347517,0.41843971631205673
EEE-J,landmark_still_registered,score_free,14,id_test,0.2,label_conditional,empty_rate,10,0.0,0.0,0.0,0.0,0.0,0.0,0.0
EEE-J,landmark_still_registered,score_free,14,id_test,0.2,label_conditional,singleton_accuracy,10,0.71589067548373,0.0529885349289554,0.625,0.6781609195402298,0.7197200533231765,0.7416875130289764,0.7980769230769231
EEE-J,landmark_still_registered,score_free,14,id_test,0.2,label_conditional,class0_coverage,10,0.8054347826086955,0.06728798375508056,0.6739130434782609,0.7961956521739131,0.8097826086956521,0.8233695652173914,0.9021739130434783
EEE-J,landmark_still_registered,score_free,14,id_test,0.2,label_conditional,class1_coverage,10,0.763265306122449,0.11227581516069529,0.6122448979591837,0.6938775510204082,0.7244897959183674,0.8520408163265306,0.9387755102040817
EEE-J,landmark_still_registered,score_free,14,id_test,0.2,label_conditional,class0_avg_set_size,10,1.2826086956521743,0.13312444254256403,1.0978260869565217,1.1657608695652175,1.2880434782608696,1.4103260869565217,1.434782608695652
EEE-J,landmark_still_registered,score_free,14,id_test,0.2,label_conditional,class1_avg_set_size,10,1.2489795918367348,0.11334239782127088,1.0408163265306123,1.163265306122449,1.2857142857142856,1.3265306122448979,1.3877551020408163
EEE-J,landmark_still_registered,score_free,14,id_test,0.2,label_conditional,class0_singleton_accuracy,10,0.7272774881209768,0.08370150314876063,0.6103896103896104,0.657051282051282,0.7279690189328744,0.7921802131912059,0.8524590163934426
EEE-J,landmark_still_registered,score_free,14,id_test,0.2,label_conditional,class1_singleton_accuracy,10,0.6921184826031201,0.1303111882183513,0.53125,0.6087092731829574,0.6437632135306555,0.7916666666666667,0.9
EEE-J,landmark_still_registered,score_free,14,id_test,0.2,marginal,coverage,10,0.7900709219858155,0.04361686110921536,0.723404255319149,0.7588652482269503,0.7872340425531915,0.8333333333333334,0.8439716312056738
EEE-J,landmark_still_registered,score_free,14,id_test,0.2,marginal,avg_set_size,10,1.1914893617021276,0.06263660188884995,1.1063829787234043,1.1329787234042552,1.1879432624113475,1.25177304964539,1.2765957446808511
EEE-J,landmark_still_registered,score_free,14,id_test,0.2,marginal,singleton_rate,10,0.8085106382978724,0.06263660188884998,0.723404255319149,0.74822695035461,0.8120567375886525,0.8670212765957447,0.8936170212765957
EEE-J,landmark_still_registered,score_free,14,id_test,0.2,marginal,ambiguous_rate,10,0.19148936170212766,0.06263660188884998,0.10638297872340426,0.13297872340425532,0.1879432624113475,0.25177304964539005,0.2765957446808511
EEE-J,landmark_still_registered,score_free,14,id_test,0.2,marginal,empty_rate,10,0.0,0.0,0.0,0.0,0.0,0.0,0.0
EEE-J,landmark_still_registered,score_free,14,id_test,0.2,marginal,singleton_accuracy,10,0.742142086099143,0.0391483156432752,0.6904761904761905,0.7157520325203253,0.7378948125764444,0.7778904665314401,0.794392523364486
EEE-J,landmark_still_registered,score_free,14,id_test,0.2,marginal,class0_coverage,10,0.9380434782608698,0.03588603047656341,0.8586956521739131,0.9266304347826086,0.9456521739130435,0.9646739130434783,0.9782608695652174
EEE-J,landmark_still_registered,score_free,14,id_test,0.2,marginal,class1_coverage,10,0.5122448979591836,0.10514551200152417,0.32653061224489793,0.4744897959183674,0.4897959183673469,0.5918367346938775,0.673469387755102
EEE-J,landmark_still_registered,score_free,14,id_test,0.2,marginal,class0_avg_set_size,10,1.151086956521739,0.052617378610313216,1.0869565217391304,1.1032608695652173,1.1630434782608696,1.1820652173913042,1.25
EEE-J,landmark_still_registered,score_free,14,id_test,0.2,marginal,class1_avg_set_size,10,1.26734693877551,0.10775389953290407,1.1428571428571428,1.1887755102040816,1.2551020408163267,1.3571428571428572,1.4489795918367347
EEE-J,landmark_still_registered,score_free,14,id_test,0.2,marginal,class0_singleton_accuracy,10,0.9275133993486856,0.03940285368721566,0.8452380952380952,0.9044325239977413,0.93734335839599,0.9566666666666667,0.9753086419753086
EEE-J,landmark_still_registered,score_free,14,id_test,0.2,marginal,class1_singleton_accuracy,10,0.33705537955537956,0.08457718048962633,0.19444444444444445,0.2986111111111111,0.3669871794871795,0.3803088803088803,0.4666666666666667
EEE-J,landmark_still_registered,score_free,14,ood_test,0.05,label_conditional,coverage,10,0.9483549351944166,0.02066266185733513,0.9152542372881356,0.9317048853439681,0.9526420737786641,0.9638584247258225,0.9780658025922233
EEE-J,landmark_still_registered,score_free,14,ood_test,0.05,label_conditional,avg_set_size,10,1.7979062811565303,0.096291604006884,1.5982053838484547,1.7390329012961117,1.825024925224327,1.8746261216350948,1.8913260219341974
EEE-J,landmark_still_registered,score_free,14,ood_test,0.05,label_conditional,singleton_rate,10,0.20209371884346958,0.096291604006884,0.10867397806580259,0.12537387836490527,0.17497507477567298,0.26096709870388834,0.4017946161515454
EEE-J,landmark_still_registered,score_free,14,ood_test,0.05,label_conditional,ambiguous_rate,10,0.7979062811565304,0.09629160400688397,0.5982053838484547,0.7390329012961117,0.825024925224327,0.8746261216350947,0.8913260219341974
EEE-J,landmark_still_registered,score_free,14,ood_test,0.05,label_conditional,empty_rate,10,0.0,0.0,0.0,0.0,0.0,0.0,0.0
EEE-J,landmark_still_registered,score_free,14,ood_test,0.05,label_conditional,singleton_accuracy,10,0.7237443493226836,0.10120304159157051,0.5565217391304348,0.6743119266055045,0.7291797264981077,0.8035066424201163,0.8461538461538461
EEE-J,landmark_still_registered,score_free,14,ood_test,0.05,label_conditional,class0_coverage,10,0.9398230088495577,0.030748665366424288,0.8746312684365781,0.9299410029498525,0.9387905604719764,0.9494837758112095,0.9941002949852508
EEE-J,landmark_still_registered,score_free,14,ood_test,0.05,label_conditional,class1_coverage,10,0.9661538461538461,0.04019675475336497,0.8830769230769231,0.9446153846153846,0.9784615384615385,1.0,1.0
EEE-J,landmark_still_registered,score_free,14,ood_test,0.05,label_conditional,class0_avg_set_size,10,1.8213864306784662,0.11939201826715938,1.5825958702064897,1.7382005899705015,1.8547197640117994,1.9170353982300885,1.9498525073746313
EEE-J,landmark_still_registered,score_free,14,ood_test,0.05,label_conditional,class1_avg_set_size,10,1.7489230769230768,0.0831870115791132,1.6307692307692307,1.6961538461538463,1.7646153846153845,1.7946153846153845,1.9015384615384616
EEE-J,landmark_still_registered,score_free,14,ood_test,0.05,label_conditional,class0_singleton_accuracy,10,0.4691548593032124,0.411405381606442,0.0,0.03396358543417367,0.5737847222222222,0.8354402789886661,0.963963963963964
EEE-J,landmark_still_registered,score_free,14,ood_test,0.05,label_conditional,class1_singleton_accuracy,10,0.8480911289810378,0.1877476897255694,0.4375,0.7833549748417465,0.8955072463768117,1.0,1.0
EEE-J,landmark_still_registered,score_free,14,ood_test,0.05,marginal,coverage,10,0.9461615154536391,0.03695962452497932,0.8873379860418744,0.9232303090727816,0.9506480558325026,0.9730807577268196,0.9940179461615155
EEE-J,landmark_still_registered,score_free,14,ood_test,0.05,marginal,avg_set_size,10,1.6888334995014955,0.17359631723452576,1.4376869391824527,1.5755234297108673,1.678963110667996,1.8339980059820538,1.9511465603190428
EEE-J,landmark_still_registered,score_free,14,ood_test,0.05,marginal,singleton_rate,10,0.3111665004985045,0.1735963172345258,0.04885343968095713,0.16600199401794616,0.321036889332004,0.42447657028913255,0.5623130608175474
EEE-J,landmark_still_registered,score_free,14,ood_test,0.05,marginal,ambiguous_rate,10,0.6888334995014955,0.1735963172345258,0.43768693918245266,0.5755234297108675,0.6789631106679961,0.8339980059820539,0.9511465603190429
EEE-J,landmark_still_registered,score_free,14,ood_test,0.05,marginal,empty_rate,10,0.0,0.0,0.0,0.0,0.0,0.0,0.0
EEE-J,landmark_still_registered,score_free,14,ood_test,0.05,marginal,singleton_accuracy,10,0.8401462995405724,0.03170336494214465,0.799645390070922,0.819423984891407,0.8345757820868767,0.8594264460794276,0.896551724137931
EEE-J,landmark_still_registered,score_free,14,ood_test,0.05,marginal,class0_coverage,10,0.988495575221239,0.01053996239595801,0.9631268436578171,0.9856194690265487,0.9896755162241888,0.9966814159292035,0.9985250737463127
EEE-J,landmark_still_registered,score_free,14,ood_test,0.05,marginal,class1_coverage,10,0.8578461538461539,0.09947977767865886,0.68,0.7953846153846154,0.8646153846153846,0.936923076923077,0.9907692307692307
EEE-J,landmark_still_registered,score_free,14,ood_test,0.05,marginal,class0_avg_set_size,10,1.6380530973451326,0.19245034092412716,1.3613569321533923,1.5070058997050146,1.6150442477876106,1.7946165191740413,1.9424778761061947
EEE-J,landmark_still_registered,score_free,14,ood_test,0.05,marginal,class1_avg_set_size,10,1.7947692307692311,0.13774210053226324,1.5723076923076924,1.7184615384615385,1.8123076923076924,1.8953846153846154,1.9692307692307693
EEE-J,landmark_still_registered,score_free,14,ood_test,0.05,marginal,class0_singleton_accuracy,10,0.9647425556261808,0.025643322931369488,0.9230769230769231,0.9447931833374541,0.97206917978459,0.9827069209565671,0.996078431372549
EEE-J,landmark_still_registered,score_free,14,ood_test,0.05,marginal,class1_singleton_accuracy,10,0.3426429447641888,0.1731111389666888,0.09615384615384616,0.22036962635596624,0.3447971781305115,0.41323227132579654,0.7
EEE-J,landmark_still_registered,score_free,14,ood_test,0.1,label_conditional,coverage,10,0.8900299102691923,0.04346382323312049,0.8055832502492523,0.8731306081754735,0.8898305084745763,0.9262213359920239,0.9441674975074775
EEE-J,landmark_still_registered,score_free,14,ood_test,0.1,label_conditional,avg_set_size,10,1.5738783649052839,0.1621182781458888,1.3010967098703887,1.493519441674975,1.5952143569292123,1.6782153539381854,1.7866400797607178
EEE-J,landmark_still_registered,score_free,14,ood_test,0.1,label_conditional,singleton_rate,10,0.42612163509471584,0.16211827814588878,0.21335992023928216,0.32178464606181456,0.4047856430707877,0.5064805583250249,0.6989032901296112
EEE-J,landmark_still_registered,score_free,14,ood_test,0.1,label_conditional,ambiguous_rate,10,0.5738783649052842,0.16211827814588878,0.30109670987038883,0.4935194416749751,0.5952143569292123,0.6782153539381854,0.7866400797607178
EEE-J,landmark_still_registered,score_free,14,ood_test,0.1,label_conditional,empty_rate,10,0.0,0.0,0.0,0.0,0.0,0.0,0.0
EEE-J,landmark_still_registered,score_free,14,ood_test,0.1,label_conditional,singleton_accuracy,10,0.7367214553494588,0.06396667249412459,0.5915032679738562,0.7087474837991256,0.7605382755964953,0.7689991429828829,0.8123324396782842
EEE-J,landmark_still_registered,score_free,14,ood_test,0.1,label_conditional,class0_coverage,10,0.8957227138643067,0.0472797650793617,0.8200589970501475,0.8602507374631269,0.9056047197640118,0.9314159292035399,0.9498525073746312
EEE-J,landmark_still_registered,score_free,14,ood_test,0.1,label_conditional,class1_coverage,10,0.8781538461538462,0.08511213935517499,0.7476923076923077,0.8215384615384616,0.8984615384615384,0.9292307692307692,0.9907692307692307
EEE-J,landmark_still_registered,score_free,14,ood_test,0.1,label_conditional,class0_avg_set_size,10,1.5843657817109147,0.17450981053549727,1.3067846607669618,1.49594395280236,1.5966076696165192,1.7323008849557522,1.7994100294985251
EEE-J,landmark_still_registered,score_free,14,ood_test,0.1,label_conditional,class1_avg_set_size,10,1.552,0.15064149481650888,1.2892307692307692,1.4838461538461538,1.5353846153846153,1.6530769230769229,1.76
EEE-J,landmark_still_registered,score_free,14,ood_test,0.1,label_conditional,class0_singleton_accuracy,10,0.7097363002869326,0.1985455004945638,0.2129032258064516,0.6606339733610103,0.7724734042553192,0.8378358254315584,0.8716981132075472
EEE-J,landmark_still_registered,score_free,14,ood_test,0.1,label_conditional,class1_singleton_accuracy,10,0.7424645424727508,0.1240748560844551,0.594059405940594,0.6523673177216485,0.7008032128514057,0.82151882188916,0.9801324503311258
EEE-J,landmark_still_registered,score_free,14,ood_test,0.1,marginal,coverage,10,0.8982053838484546,0.033181913895108786,0.8564307078763709,0.8726321036889332,0.8963110667996013,0.9125124626121636,0.9531405782652044
EEE-J,landmark_still_registered,score_free,14,ood_test,0.1,marginal,avg_set_size,10,1.492023928215354,0.12329834395185975,1.3419740777667,1.3918245264207378,1.4705882352941178,1.5600697906281156,1.7228315054835492
EEE-J,landmark_still_registered,score_free,14,ood_test,0.1,marginal,singleton_rate,10,0.5079760717846461,0.12329834395185978,0.27716849451645065,0.4399302093718844,0.5294117647058824,0.6081754735792622,0.6580259222333001
EEE-J,landmark_still_registered,score_free,14,ood_test,0.1,marginal,ambiguous_rate,10,0.4920239282153539,0.12329834395185978,0.3419740777666999,0.3918245264207378,0.47058823529411764,0.5600697906281157,0.7228315054835494
EEE-J,landmark_still_registered,score_free,14,ood_test,0.1,marginal,empty_rate,10,0.0,0.0,0.0,0.0,0.0,0.0,0.0
EEE-J,landmark_still_registered,score_free,14,ood_test,0.1,marginal,singleton_accuracy,10,0.8036389007217535,0.022568880990620505,0.7728,0.7877524871872174,0.8028767209801693,0.8154110058179826,0.8448753462603878
EEE-J,landmark_still_registered,score_free,14,ood_test,0.1,marginal,class0_coverage,10,0.9753687315634219,0.012242776383154661,0.9498525073746312,0.9705014749262537,0.9756637168141593,0.9837758112094396,0.9926253687315634
EEE-J,landmark_still_registered,score_free,14,ood_test,0.1,marginal,class1_coverage,10,0.7372307692307694,0.09334122254625755,0.5938461538461538,0.6707692307692308,0.7384615384615385,0.7876923076923077,0.8984615384615384
EEE-J,landmark_still_registered,score_free,14,ood_test,0.1,marginal,class0_avg_set_size,10,1.4286135693215338,0.1310725542719734,1.2979351032448379,1.3160029498525074,1.4011799410029497,1.5132743362831858,1.6858407079646018
EEE-J,landmark_still_registered,score_free,14,ood_test,0.1,marginal,class1_avg_set_size,10,1.624307692307692,0.11495830076106929,1.4276923076923076,1.5684615384615384,1.6153846153846154,1.6576923076923078,1.8
EEE-J,landmark_still_registered,score_free,14,ood_test,0.1,marginal,class0_singleton_accuracy,10,0.9558825121270973,0.02137027382891937,0.9245283018867925,0.9372771153776882,0.9609629695951462,0.9731540157046425,0.9831081081081081
EEE-J,landmark_still_registered,score_free,14,ood_test,0.1,marginal,class1_singleton_accuracy,10,0.3072023779418358,0.10770832287197649,0.1592356687898089,0.2216159809183065,0.3008695652173913,0.39,0.49230769230769234
EEE-J,landmark_still_registered,score_free,14,ood_test,0.2,label_conditional,coverage,10,0.7823529411764707,0.04986828084736775,0.6989032901296112,0.7532402791625125,0.7866400797607178,0.8177966101694916,0.8534396809571286
EEE-J,landmark_still_registered,score_free,14,ood_test,0.2,label_conditional,avg_set_size,10,1.2873379860418743,0.12103413351891915,1.0648055832502492,1.1956630109670987,1.3439680957128615,1.3686440677966103,1.4267198404785644
EEE-J,landmark_still_registered,score_free,14,ood_test,0.2,label_conditional,singleton_rate,10,0.7126620139581256,0.12103413351891913,0.5732801595214357,0.6313559322033898,0.6560319042871385,0.8043369890329013,0.9351944167497508
EEE-J,landmark_still_registered,score_free,14,ood_test,0.2,label_conditional,ambiguous_rate,10,0.2873379860418744,0.12103413351891913,0.06480558325024925,0.1956630109670987,0.3439680957128614,0.3686440677966102,0.4267198404785643
EEE-J,landmark_still_registered,score_free,14,ood_test,0.2,label_conditional,empty_rate,10,0.0,0.0,0.0,0.0,0.0,0.0,0.0
EEE-J,landmark_still_registered,score_free,14,ood_test,0.2,label_conditional,singleton_accuracy,10,0.6964442127198421,0.031967939455486226,0.6494522691705791,0.678465990299679,0.6949769062219209,0.7075403572965993,0.7566225165562914
EEE-J,landmark_still_registered,score_free,14,ood_test,0.2,label_conditional,class0_coverage,10,0.7806784660766961,0.05803480277884884,0.6976401179941003,0.7363569321533923,0.7861356932153392,0.8174778761061947,0.8775811209439528
EEE-J,landmark_still_registered,score_free,14,ood_test,0.2,label_conditional,class1_coverage,10,0.7858461538461539,0.0760248410906158,0.676923076923077,0.7153846153846154,0.7923076923076923,0.8484615384615385,0.8769230769230769
EEE-J,landmark_still_registered,score_free,14,ood_test,0.2,label_conditional,class0_avg_set_size,10,1.299410029498525,0.12784395923335473,1.0722713864306785,1.192109144542773,1.3650442477876106,1.3945427728613569,1.4424778761061947
EEE-J,landmark_still_registered,score_free,14,ood_test,0.2,label_conditional,class1_avg_set_size,10,1.2621538461538462,0.11422712878023072,1.0492307692307692,1.1907692307692308,1.2799999999999998,1.3284615384615384,1.4307692307692308
EEE-J,landmark_still_registered,score_free,14,ood_test,0.2,label_conditional,class0_singleton_accuracy,10,0.6847826180673416,0.07614609159510335,0.5490196078431373,0.6461677870600933,0.6846720670250082,0.7422517620144998,0.801909307875895
EEE-J,landmark_still_registered,score_free,14,ood_test,0.2,label_conditional,class1_singleton_accuracy,10,0.7133348213277391,0.07640959374350206,0.6108949416342413,0.655589084229861,0.7092302878598248,0.7553429953982638,0.8268398268398268
EEE-J,landmark_still_registered,score_free,14,ood_test,0.2,marginal,coverage,10,0.8062811565304088,0.02709733521828305,0.773678963110668,0.7848953140578265,0.7956131605184447,0.8342472582253241,0.8454636091724825
EEE-J,landmark_still_registered,score_free,14,ood_test,0.2,marginal,avg_set_size,10,1.2096709870388833,0.05358978619410223,1.152542372881356,1.1627617148554337,1.1894317048853438,1.264207377866401,1.2781655034895314
EEE-J,landmark_still_registered,score_free,14,ood_test,0.2,marginal,singleton_rate,10,0.7903290129611167,0.053589786194102186,0.7218344965104686,0.7357926221335992,0.810568295114656,0.8372382851445663,0.847457627118644
EEE-J,landmark_still_registered,score_free,14,ood_test,0.2,marginal,ambiguous_rate,10,0.20967098703888332,0.05358978619410219,0.15254237288135594,0.1627617148554337,0.18943170488534397,0.2642073778664008,0.2781655034895314
EEE-J,landmark_still_registered,score_free,14,ood_test,0.2,marginal,empty_rate,10,0.0,0.0,0.0,0.0,0.0,0.0,0.0
EEE-J,landmark_still_registered,score_free,14,ood_test,0.2,marginal,singleton_accuracy,10,0.7558896906282493,0.01965423527049609,0.7274909963985594,0.7438109543104653,0.749641022368295,0.7731259758587558,0.7862068965517242
EEE-J,landmark_still_registered,score_free,14,ood_test,0.2,marginal,class0_coverage,10,0.9289085545722715,0.032610364122484664,0.8525073746312685,0.915929203539823,0.9358407079646018,0.9491150442477876,0.9616519174041298
EEE-J,landmark_still_registered,score_free,14,ood_test,0.2,marginal,class1_coverage,10,0.5504615384615384,0.0815684511854727,0.40923076923076923,0.4992307692307692,0.5646153846153846,0.6076923076923078,0.6461538461538462
EEE-J,landmark_still_registered,score_free,14,ood_test,0.2,marginal,class0_avg_set_size,10,1.1615044247787611,0.042991282185532546,1.1091445427728615,1.1360619469026547,1.1415929203539823,1.2057522123893807,1.2212389380530972
EEE-J,landmark_still_registered,score_free,14,ood_test,0.2,marginal,class1_avg_set_size,10,1.310153846153846,0.0821768270300284,1.1907692307692308,1.2446153846153847,1.3,1.3892307692307693,1.4246153846153846
EEE-J,landmark_still_registered,score_free,14,ood_test,0.2,marginal,class0_singleton_accuracy,10,0.9151161560398986,0.038494477988816646,0.8275862068965517,0.8968702435312024,0.9257008255301771,0.9378538984219207,0.9568106312292359
EEE-J,landmark_still_registered,score_free,14,ood_test,0.2,marginal,class1_singleton_accuracy,10,0.3483270975944892,0.08615300832094383,0.22580645161290322,0.2838076744725249,0.339546233321219,0.4119897959183674,0.4980237154150198
EEE-J,landmark_still_registered,score_free,56,id_test,0.05,label_conditional,coverage,10,0.9562043795620438,0.017545261681089996,0.9343065693430657,0.9434306569343065,0.9562043795620438,0.9671532846715329,0.9854014598540146
EEE-J,landmark_still_registered,score_free,56,id_test,0.05,label_conditional,avg_set_size,10,1.7817518248175184,0.07939855372180467,1.6131386861313868,1.7372262773722627,1.7956204379562042,1.8211678832116789,1.8905109489051095
EEE-J,landmark_still_registered,score_free,56,id_test,0.05,label_conditional,singleton_rate,10,0.21824817518248177,0.07939855372180463,0.10948905109489052,0.17883211678832117,0.20437956204379562,0.26277372262773724,0.38686131386861317
EEE-J,landmark_still_registered,score_free,56,id_test,0.05,label_conditional,ambiguous_rate,10,0.7817518248175184,0.07939855372180463,0.6131386861313869,0.7372262773722628,0.7956204379562044,0.8211678832116789,0.8905109489051095
EEE-J,landmark_still_registered,score_free,56,id_test,0.05,label_conditional,empty_rate,10,0.0,0.0,0.0,0.0,0.0,0.0,0.0
EEE-J,landmark_still_registered,score_free,56,id_test,0.05,label_conditional,singleton_accuracy,10,0.7952075070732401,0.0665469335337417,0.6896551724137931,0.7444444444444445,0.7947368421052632,0.8391261171797417,0.9166666666666666
EEE-J,landmark_still_registered,score_free,56,id_test,0.05,label_conditional,class0_coverage,10,0.9434782608695652,0.027016452003343835,0.9021739130434783,0.9239130434782609,0.9456521739130435,0.967391304347826,0.9782608695652174
EEE-J,landmark_still_registered,score_free,56,id_test,0.05,label_conditional,class1_coverage,10,0.9822222222222223,0.02295101242196987,0.9333333333333333,0.9777777777777777,0.9888888888888889,1.0,1.0
EEE-J,landmark_still_registered,score_free,56,id_test,0.05,label_conditional,class0_avg_set_size,10,1.8641304347826086,0.09255101285829567,1.6304347826086956,1.8532608695652173,1.8967391304347827,1.9021739130434783,1.9565217391304348
EEE-J,landmark_still_registered,score_free,56,id_test,0.05,label_conditional,class1_avg_set_size,10,1.6133333333333337,0.0926370263754873,1.4666666666666666,1.5555555555555556,1.588888888888889,1.6888888888888889,1.7555555555555555
EEE-J,landmark_still_registered,score_free,56,id_test,0.05,label_conditional,class0_singleton_accuracy,10,0.49004201680672266,0.2792062767220864,0.0,0.2708333333333333,0.55,0.7263071895424836,0.8333333333333334
EEE-J,landmark_still_registered,score_free,56,id_test,0.05,label_conditional,class1_singleton_accuracy,10,0.958145933014354,0.049037306297259324,0.875,0.9186602870813396,0.975,1.0,1.0
EEE-J,landmark_still_registered,score_free,56,id_test,0.05,marginal,coverage,10,0.9510948905109489,0.044870560452440915,0.8321167883211679,0.9507299270072993,0.9562043795620438,0.9744525547445255,0.9927007299270073
EEE-J,landmark_still_registered,score_free,56,id_test,0.05,marginal,avg_set_size,10,1.6175182481751826,0.11501080400286025,1.364963503649635,1.5675182481751826,1.635036496350365,1.7080291970802919,1.7518248175182483
EEE-J,landmark_still_registered,score_free,56,id_test,0.05,marginal,singleton_rate,10,0.3824817518248175,0.11501080400286026,0.24817518248175183,0.291970802919708,0.36496350364963503,0.4324817518248175,0.635036496350365
EEE-J,landmark_still_registered,score_free,56,id_test,0.05,marginal,ambiguous_rate,10,0.6175182481751825,0.11501080400286026,0.36496350364963503,0.5675182481751825,0.635036496350365,0.708029197080292,0.7518248175182481
EEE-J,landmark_still_registered,score_free,56,id_test,0.05,marginal,empty_rate,10,0.0,0.0,0.0,0.0,0.0,0.0,0.0
EEE-J,landmark_still_registered,score_free,56,id_test,0.05,marginal,singleton_accuracy,10,0.8863031292273519,0.06515606876782319,0.735632183908046,0.8770833333333333,0.8890484003281378,0.9258118701007839,0.9705882352941176
EEE-J,landmark_still_registered,score_free,56,id_test,0.05,marginal,class0_coverage,10,0.9989130434782609,0.0034372583262699927,0.9891304347826086,1.0,1.0,1.0,1.0
EEE-J,landmark_still_registered,score_free,56,id_test,0.05,marginal,class1_coverage,10,0.8533333333333333,0.1370670637774267,0.4888888888888889,0.85,0.8777777777777778,0.9222222222222223,0.9777777777777777
EEE-J,landmark_still_registered,score_free,56,id_test,0.05,marginal,class0_avg_set_size,10,1.5923913043478262,0.11111439293620037,1.3695652173913044,1.5244565217391304,1.6141304347826086,1.6494565217391304,1.7391304347826086
EEE-J,landmark_still_registered,score_free,56,id_test,0.05,marginal,class1_avg_set_size,10,1.668888888888889,0.14942046253030714,1.3555555555555556,1.6722222222222223,1.7,1.7333333333333334,1.8666666666666667
EEE-J,landmark_still_registered,score_free,56,id_test,0.05,marginal,class0_singleton_accuracy,10,0.9973684210526315,0.008321783316232567,0.9736842105263158,1.0,1.0,1.0,1.0
EEE-J,landmark_still_registered,score_free,56,id_test,0.05,marginal,class1_singleton_accuracy,10,0.6007995452823038,0.1893215207471207,0.20689655172413793,0.5,0.641025641025641,0.6666666666666666,0.9
EEE-J,landmark_still_registered,score_free,56,id_test,0.1,label_conditional,coverage,10,0.8759124087591241,0.04629269486725172,0.7591240875912408,0.8631386861313868,0.8905109489051095,0.9051094890510949,0.9197080291970803
EEE-J,landmark_still_registered,score_free,56,id_test,0.1,label_conditional,avg_set_size,10,1.5043795620437956,0.11263130875027479,1.2481751824817517,1.4562043795620436,1.5364963503649636,1.5656934306569343,1.6496350364963503
EEE-J,landmark_still_registered,score_free,56,id_test,0.1,label_conditional,singleton_rate,10,0.49562043795620436,0.11263130875027477,0.35036496350364965,0.43430656934306566,0.4635036496350365,0.5437956204379562,0.7518248175182481
EEE-J,landmark_still_registered,score_free,56,id_test,0.1,label_conditional,ambiguous_rate,10,0.5043795620437956,0.11263130875027477,0.24817518248175183,0.4562043795620438,0.5364963503649636,0.5656934306569343,0.6496350364963503
EEE-J,landmark_still_registered,score_free,56,id_test,0.1,label_conditional,empty_rate,10,0.0,0.0,0.0,0.0,0.0,0.0,0.0
EEE-J,landmark_still_registered,score_free,56,id_test,0.1,label_conditional,singleton_accuracy,10,0.7494979594632571,0.06949119429778955,0.5833333333333334,0.7485245901639345,0.7664335664335664,0.7934710561201944,0.8135593220338984
EEE-J,landmark_still_registered,score_free,56,id_test,0.1,label_conditional,class0_coverage,10,0.8782608695652174,0.03995376449881223,0.8260869565217391,0.845108695652174,0.875,0.9103260869565217,0.9347826086956522
EEE-J,landmark_still_registered,score_free,56,id_test,0.1,label_conditional,class1_coverage,10,0.8711111111111111,0.13650547555306006,0.5111111111111111,0.8722222222222222,0.8999999999999999,0.9277777777777778,1.0
EEE-J,landmark_still_registered,score_free,56,id_test,0.1,label_conditional,class0_avg_set_size,10,1.5413043478260868,0.12475558966178169,1.2934782608695652,1.483695652173913,1.5706521739130435,1.6005434782608696,1.7391304347826086
EEE-J,landmark_still_registered,score_free,56,id_test,0.1,label_conditional,class1_avg_set_size,10,1.4288888888888889,0.11381885832448009,1.1555555555555554,1.4222222222222223,1.4555555555555555,1.5,1.5555555555555556
EEE-J,landmark_still_registered,score_free,56,id_test,0.1,label_conditional,class0_singleton_accuracy,10,0.7088281642683636,0.1598584867797031,0.3333333333333333,0.6456400742115027,0.7763888888888889,0.8217948717948718,0.8461538461538461
EEE-J,landmark_still_registered,score_free,56,id_test,0.1,label_conditional,class1_singleton_accuracy,10,0.7952754263280579,0.15824287190170017,0.42105263157894735,0.75,0.8129370629370629,0.8717948717948718,1.0
EEE-J,landmark_still_registered,score_free,56,id_test,0.1,marginal,coverage,10,0.8846715328467154,0.03670661248787563,0.7956204379562044,0.8759124087591241,0.8868613138686132,0.8978102189781022,0.927007299270073
EEE-J,landmark_still_registered,score_free,56,id_test,0.1,marginal,avg_set_size,10,1.3503649635036494,0.07101955970475145,1.218978102189781,1.3375912408759123,1.354014598540146,1.386861313868613,1.4452554744525548
EEE-J,landmark_still_registered,score_free,56,id_test,0.1,marginal,singleton_rate,10,0.6496350364963502,0.07101955970475146,0.5547445255474452,0.6131386861313869,0.6459854014598541,0.6624087591240876,0.781021897810219
EEE-J,landmark_still_registered,score_free,56,id_test,0.1,marginal,ambiguous_rate,10,0.35036496350364965,0.07101955970475146,0.21897810218978103,0.3375912408759124,0.354014598540146,0.38686131386861317,0.44525547445255476
EEE-J,landmark_still_registered,score_free,56,id_test,0.1,marginal,empty_rate,10,0.0,0.0,0.0,0.0,0.0,0.0,0.0
EEE-J,landmark_still_registered,score_free,56,id_test,0.1,marginal,singleton_accuracy,10,0.8251734010533719,0.038289055647926375,0.7383177570093458,0.8149462896653907,0.8304597701149425,0.843560606060606,0.8701298701298701
EEE-J,landmark_still_registered,score_free,56,id_test,0.1,marginal,class0_coverage,10,0.982608695652174,0.012758562943231171,0.967391304347826,0.9701086956521738,0.9836956521739131,0.9891304347826086,1.0
EEE-J,landmark_still_registered,score_free,56,id_test,0.1,marginal,class1_coverage,10,0.6844444444444445,0.1019965302403467,0.4444444444444444,0.6666666666666666,0.6777777777777778,0.7444444444444445,0.8222222222222222
EEE-J,landmark_still_registered,score_free,56,id_test,0.1,marginal,class0_avg_set_size,10,1.3043478260869565,0.05566047643383047,1.2065217391304348,1.2717391304347827,1.3043478260869565,1.3342391304347825,1.4021739130434783
EEE-J,landmark_still_registered,score_free,56,id_test,0.1,marginal,class1_avg_set_size,10,1.4444444444444444,0.13415385389833212,1.2444444444444445,1.3888888888888888,1.4666666666666666,1.4833333333333334,1.6666666666666667
EEE-J,landmark_still_registered,score_free,56,id_test,0.1,marginal,class0_singleton_accuracy,10,0.9752870399339069,0.017562188483801634,0.9552238805970149,0.9600871731008717,0.9749863313285949,0.9851244343891403,1.0
EEE-J,landmark_still_registered,score_free,56,id_test,0.1,marginal,class1_singleton_accuracy,10,0.4335698047334876,0.09597766362973514,0.2647058823529412,0.375,0.44047619047619047,0.5163043478260869,0.5555555555555556
EEE-J,landmark_still_registered,score_free,56,id_test,0.2,label_conditional,coverage,10,0.7941605839416057,0.047901604680582806,0.6934306569343066,0.7682481751824817,0.8029197080291971,0.8321167883211679,0.8467153284671532
EEE-J,landmark_still_registered,score_free,56,id_test,0.2,label_conditional,avg_set_size,10,1.256204379562044,0.09158572301686428,1.0802919708029197,1.2135036496350367,1.27007299270073,1.3102189781021898,1.3941605839416058
EEE-J,landmark_still_registered,score_free,56,id_test,0.2,label_conditional,singleton_rate,10,0.7437956204379562,0.09158572301686427,0.6058394160583942,0.6897810218978102,0.7299270072992701,0.7864963503649636,0.9197080291970803
EEE-J,landmark_still_registered,score_free,56,id_test,0.2,label_conditional,ambiguous_rate,10,0.2562043795620438,0.09158572301686427,0.08029197080291971,0.2135036496350365,0.27007299270072993,0.3102189781021898,0.39416058394160586
EEE-J,landmark_still_registered,score_free,56,id_test,0.2,label_conditional,empty_rate,10,0.0,0.0,0.0,0.0,0.0,0.0,0.0
EEE-J,landmark_still_registered,score_free,56,id_test,0.2,label_conditional,singleton_accuracy,10,0.724727652803739,0.044288430778955355,0.6373626373626373,0.7174242424242424,0.7320689655172414,0.7458845282118574,0.78
EEE-J,landmark_still_registered,score_free,56,id_test,0.2,label_conditional,class0_coverage,10,0.7978260869565219,0.056176949111055974,0.6630434782608695,0.7853260869565217,0.8043478260869565,0.8342391304347827,0.8586956521739131
EEE-J,landmark_still_registered,score_free,56,id_test,0.2,label_conditional,class1_coverage,10,0.7866666666666666,0.13464376613335424,0.4666666666666667,0.7611111111111111,0.788888888888889,0.8611111111111112,0.9555555555555556
EEE-J,landmark_still_registered,score_free,56,id_test,0.2,label_conditional,class0_avg_set_size,10,1.2728260869565218,0.10253687202135407,1.108695652173913,1.1956521739130435,1.2880434782608696,1.326086956521739,1.4673913043478262
EEE-J,landmark_still_registered,score_free,56,id_test,0.2,label_conditional,class1_avg_set_size,10,1.222222222222222,0.10210406483029795,1.0222222222222221,1.1888888888888889,1.2444444444444445,1.2944444444444445,1.3333333333333333
EEE-J,landmark_still_registered,score_free,56,id_test,0.2,label_conditional,class0_singleton_accuracy,10,0.7179142059256594,0.0885078355362617,0.4918032786885246,0.7108294930875576,0.7417543859649123,0.7705020445252158,0.8
EEE-J,landmark_still_registered,score_free,56,id_test,0.2,label_conditional,class1_singleton_accuracy,10,0.7369451945774433,0.13298387782401203,0.45454545454545453,0.6780846484935438,0.7362934362934364,0.8033681214421252,0.9333333333333333
EEE-J,landmark_still_registered,score_free,56,id_test,0.2,marginal,coverage,10,0.7802919708029197,0.0467317996104506,0.6934306569343066,0.7664233576642335,0.7737226277372262,0.8193430656934306,0.8394160583941606
EEE-J,landmark_still_registered,score_free,56,id_test,0.2,marginal,avg_set_size,10,1.0576642335766422,0.08346952835952848,0.948905109489051,1.0018248175182483,1.0474452554744524,1.1003649635036497,1.2043795620437956
EEE-J,landmark_still_registered,score_free,56,id_test,0.2,marginal,singleton_rate,10,0.9262773722627736,0.06799169836258476,0.7956204379562044,0.8996350364963503,0.9416058394160584,0.9708029197080292,1.0
EEE-J,landmark_still_registered,score_free,56,id_test,0.2,marginal,ambiguous_rate,10,0.06569343065693431,0.07403953311290967,0.0,0.0018248175182481751,0.04744525547445255,0.10036496350364964,0.20437956204379562
EEE-J,landmark_still_registered,score_free,56,id_test,0.2,marginal,empty_rate,10,0.008029197080291971,0.017696444326976334,0.0,0.0,0.0,0.0,0.051094890510948905
EEE-J,landmark_still_registered,score_free,56,id_test,0.2,marginal,singleton_accuracy,10,0.7725715932993935,0.026214115629679294,0.7307692307692307,0.7593984962406015,0.7660241788321167,0.7934767943874798,0.8114754098360656
EEE-J,landmark_still_registered,score_free,56,id_test,0.2,marginal,class0_coverage,10,0.9402173913043479,0.027234232569516136,0.8913043478260869,0.9266304347826086,0.9456521739130435,0.9646739130434783,0.967391304347826
EEE-J,landmark_still_registered,score_free,56,id_test,0.2,marginal,class1_coverage,10,0.4533333333333333,0.09893812063445333,0.28888888888888886,0.4,0.4111111111111111,0.5388888888888889,0.6
EEE-J,landmark_still_registered,score_free,56,id_test,0.2,marginal,class0_avg_set_size,10,1.0413043478260868,0.06416215542370625,0.9565217391304348,1.002717391304348,1.0434782608695652,1.0733695652173911,1.1630434782608696
EEE-J,landmark_still_registered,score_free,56,id_test,0.2,marginal,class1_avg_set_size,10,1.0911111111111111,0.13102947866734188,0.9333333333333333,1.0,1.0444444444444443,1.172222222222222,1.3111111111111111
EEE-J,landmark_still_registered,score_free,56,id_test,0.2,marginal,class0_singleton_accuracy,10,0.9460397117267684,0.014748811387131164,0.9230769230769231,0.936381074168798,0.9435010214504597,0.9599045532780472,0.9655172413793104
EEE-J,landmark_still_registered,score_free,56,id_test,0.2,marginal,class1_singleton_accuracy,10,0.39746460474135525,0.05324366346428833,0.30952380952380953,0.36444805194805197,0.3935483870967742,0.43368055555555557,0.4888888888888889
EEE-J,landmark_still_registered,score_free,56,ood_test,0.05,label_conditional,coverage,10,0.9552361396303901,0.021075450046793107,0.9117043121149897,0.9486652977412731,0.9589322381930185,0.9658624229979466,0.9804928131416838
EEE-J,landmark_still_registered,score_free,56,ood_test,0.05,label_conditional,avg_set_size,10,1.778952772073922,0.053881714719022866,1.6827515400410678,1.7525667351129364,1.7772073921971252,1.8041581108829567,1.8613963039014374
EEE-J,landmark_still_registered,score_free,56,ood_test,0.05,label_conditional,singleton_rate,10,0.22104722792607806,0.053881714719022894,0.13860369609856263,0.19584188911704312,0.22279260780287474,0.24743326488706366,0.31724845995893225
EEE-J,landmark_still_registered,score_free,56,ood_test,0.05,label_conditional,ambiguous_rate,10,0.778952772073922,0.05388171471902291,0.6827515400410678,0.7525667351129364,0.7772073921971252,0.804158110882957,0.8613963039014374
EEE-J,landmark_still_registered,score_free,56,ood_test,0.05,label_conditional,empty_rate,10,0.0,0.0,0.0,0.0,0.0,0.0,0.0
EEE-J,landmark_still_registered,score_free,56,ood_test,0.05,label_conditional,singleton_accuracy,10,0.8003282501358993,0.07279720082162301,0.6446280991735537,0.7572741263805902,0.8180566109422492,0.8565134099616858,0.8737864077669902
EEE-J,landmark_still_registered,score_free,56,ood_test,0.05,label_conditional,class0_coverage,10,0.94070796460177,0.03230503782968498,0.8731563421828908,0.9273598820058997,0.948377581120944,0.9657079646017699,0.971976401179941
EEE-J,landmark_still_registered,score_free,56,ood_test,0.05,label_conditional,class1_coverage,10,0.9885135135135135,0.018654305622386187,0.9391891891891891,0.9873310810810811,0.9949324324324325,1.0,1.0
EEE-J,landmark_still_registered,score_free,56,ood_test,0.05,label_conditional,class0_avg_set_size,10,1.8709439528023597,0.06746880832733146,1.7212389380530972,1.845132743362832,1.8797935103244838,1.912241887905605,1.9572271386430677
EEE-J,landmark_still_registered,score_free,56,ood_test,0.05,label_conditional,class1_avg_set_size,10,1.5682432432432432,0.06707402328976511,1.4662162162162162,1.5194256756756757,1.589527027027027,1.6055743243243243,1.6756756756756757
EEE-J,landmark_still_registered,score_free,56,ood_test,0.05,label_conditional,class0_singleton_accuracy,10,0.45267900526955207,0.2937867079384133,0.011494252873563218,0.2738916256157636,0.5129892037786774,0.6200187969924812,0.8888888888888888
EEE-J,landmark_still_registered,score_free,56,ood_test,0.05,label_conditional,class1_singleton_accuracy,10,0.9724571882616179,0.04601936393846665,0.85,0.9713094192901042,0.9892066003616637,1.0,1.0
EEE-J,landmark_still_registered,score_free,56,ood_test,0.05,marginal,coverage,10,0.964476386036961,0.017512082097226246,0.919917864476386,0.9602156057494867,0.9686858316221766,0.9763860369609856,0.9794661190965093
EEE-J,landmark_still_registered,score_free,56,ood_test,0.05,marginal,avg_set_size,10,1.639630390143737,0.10491163247021126,1.3839835728952772,1.6203798767967146,1.6540041067761808,1.7102156057494866,1.7546201232032854
EEE-J,landmark_still_registered,score_free,56,ood_test,0.05,marginal,singleton_rate,10,0.3603696098562629,0.10491163247021126,0.24537987679671458,0.2897843942505134,0.3459958932238193,0.3796201232032854,0.6160164271047228
EEE-J,landmark_still_registered,score_free,56,ood_test,0.05,marginal,ambiguous_rate,10,0.639630390143737,0.10491163247021128,0.3839835728952772,0.6203798767967146,0.6540041067761807,0.7102156057494867,0.7546201232032854
EEE-J,landmark_still_registered,score_free,56,ood_test,0.05,marginal,empty_rate,10,0.0,0.0,0.0,0.0,0.0,0.0,0.0
EEE-J,landmark_still_registered,score_free,56,ood_test,0.05,marginal,singleton_accuracy,10,0.9049847862114012,0.017050931797157838,0.87,0.8971919747915919,0.9044252180696405,0.9143258426966292,0.9280575539568345
EEE-J,landmark_still_registered,score_free,56,ood_test,0.05,marginal,class0_coverage,10,0.992772861356932,0.0025499119921120975,0.9882005899705014,0.9911504424778761,0.9941002949852508,0.9941002949852508,0.995575221238938
EEE-J,landmark_still_registered,score_free,56,ood_test,0.05,marginal,class1_coverage,10,0.8996621621621621,0.055146845971156974,0.7567567567567568,0.8885135135135135,0.9138513513513513,0.9349662162162162,0.9459459459459459
EEE-J,landmark_still_registered,score_free,56,ood_test,0.05,marginal,class0_avg_set_size,10,1.6103244837758113,0.11700213976739776,1.3215339233038348,1.573377581120944,1.6297935103244838,1.6795722713864307,1.733038348082596
EEE-J,landmark_still_registered,score_free,56,ood_test,0.05,marginal,class1_avg_set_size,10,1.7067567567567568,0.08453900158349803,1.527027027027027,1.6697635135135136,1.739864864864865,1.7491554054054055,1.804054054054054
EEE-J,landmark_still_registered,score_free,56,ood_test,0.05,marginal,class0_singleton_accuracy,10,0.98092156267952,0.005988472054545537,0.9702602230483272,0.9770332776564307,0.9807331588819674,0.9856302353410451,0.9898648648648649
EEE-J,landmark_still_registered,score_free,56,ood_test,0.05,marginal,class1_singleton_accuracy,10,0.669602630723529,0.09179828368967013,0.4857142857142857,0.6763882669055084,0.6922076715891149,0.7284197462768891,0.7532467532467533
EEE-J,landmark_still_registered,score_free,56,ood_test,0.1,label_conditional,coverage,10,0.8915811088295686,0.03173427718406065,0.8490759753593429,0.8670431211498973,0.885523613963039,0.9104209445585215,0.9404517453798767
EEE-J,landmark_still_registered,score_free,56,ood_test,0.1,label_conditional,avg_set_size,10,1.508829568788501,0.10449573430715502,1.2741273100616017,1.4869096509240247,1.5236139630390144,1.5844455852156059,1.61088295687885
EEE-J,landmark_still_registered,score_free,56,ood_test,0.1,label_conditional,singleton_rate,10,0.491170431211499,0.10449573430715504,0.3891170431211499,0.41555441478439425,0.47638603696098564,0.5130903490759754,0.7258726899383984
EEE-J,landmark_still_registered,score_free,56,ood_test,0.1,label_conditional,ambiguous_rate,10,0.5088295687885009,0.10449573430715506,0.2741273100616016,0.48690965092402466,0.5236139630390144,0.5844455852156057,0.6108829568788501
EEE-J,landmark_still_registered,score_free,56,ood_test,0.1,label_conditional,empty_rate,10,0.0,0.0,0.0,0.0,0.0,0.0,0.0
EEE-J,landmark_still_registered,score_free,56,ood_test,0.1,label_conditional,singleton_accuracy,10,0.7779280927128717,0.060522066301010466,0.6569920844327177,0.7561095425728853,0.7871402720214815,0.814258338276224,0.8564356435643564
EEE-J,landmark_still_registered,score_free,56,ood_test,0.1,label_conditional,class0_coverage,10,0.8780235988200589,0.0438254177501394,0.8053097345132744,0.8521386430678466,0.885693215339233,0.90523598820059,0.9380530973451328
EEE-J,landmark_still_registered,score_free,56,ood_test,0.1,label_conditional,class1_coverage,10,0.9226351351351353,0.05745340546220572,0.7736486486486487,0.9206081081081081,0.9425675675675675,0.9518581081081081,0.972972972972973
EEE-J,landmark_still_registered,score_free,56,ood_test,0.1,label_conditional,class0_avg_set_size,10,1.5612094395280234,0.12259793092187321,1.2787610619469028,1.5424041297935105,1.5833333333333335,1.6375368731563422,1.7064896755162242
EEE-J,landmark_still_registered,score_free,56,ood_test,0.1,label_conditional,class1_avg_set_size,10,1.3888513513513514,0.07883606787867808,1.2635135135135136,1.3319256756756759,1.383445945945946,1.4366554054054055,1.510135135135135
EEE-J,landmark_still_registered,score_free,56,ood_test,0.1,label_conditional,class0_singleton_accuracy,10,0.7031829596646331,0.14311882026295797,0.3869346733668342,0.6797220919935406,0.7307022607022607,0.7864024920312953,0.869120654396728
EEE-J,landmark_still_registered,score_free,56,ood_test,0.1,label_conditional,class1_singleton_accuracy,10,0.8782567557113902,0.07340021100515193,0.6926605504587156,0.8712741312741312,0.8983908045977012,0.9206451105754114,0.9555555555555556
EEE-J,landmark_still_registered,score_free,56,ood_test,0.1,marginal,coverage,10,0.9161190965092402,0.02008434462560609,0.8706365503080082,0.9145277207392197,0.9194045174537988,0.9268480492813141,0.9435318275154004
EEE-J,landmark_still_registered,score_free,56,ood_test,0.1,marginal,avg_set_size,10,1.3875770020533884,0.07197158617236434,1.228952772073922,1.3703798767967146,1.3998973305954825,1.4217145790554415,1.5010266940451746
EEE-J,landmark_still_registered,score_free,56,ood_test,0.1,marginal,singleton_rate,10,0.6124229979466119,0.07197158617236432,0.4989733059548255,0.5782854209445585,0.6001026694045175,0.6296201232032854,0.771047227926078
EEE-J,landmark_still_registered,score_free,56,ood_test,0.1,marginal,ambiguous_rate,10,0.3875770020533881,0.07197158617236432,0.22895277207392198,0.3703798767967146,0.39989733059548255,0.42171457905544146,0.5010266940451745
EEE-J,landmark_still_registered,score_free,56,ood_test,0.1,marginal,empty_rate,10,0.0,0.0,0.0,0.0,0.0,0.0,0.0
EEE-J,landmark_still_registered,score_free,56,ood_test,0.1,marginal,singleton_accuracy,10,0.8645445725096087,0.016495251678066106,0.8322237017310253,0.8559442288550945,0.868522780686257,0.8752860411899313,0.8868312757201646
EEE-J,landmark_still_registered,score_free,56,ood_test,0.1,marginal,class0_coverage,10,0.985250737463127,0.007488469130642976,0.971976401179941,0.9797197640117994,0.9889380530973451,0.9907817109144543,0.9941002949852508
EEE-J,landmark_still_registered,score_free,56,ood_test,0.1,marginal,class1_coverage,10,0.7577702702702702,0.05482395588711274,0.6283783783783784,0.7415540540540541,0.7719594594594594,0.7820945945945945,0.8344594594594594
EEE-J,landmark_still_registered,score_free,56,ood_test,0.1,marginal,class0_avg_set_size,10,1.3402654867256636,0.06684904266487911,1.1873156342182891,1.3241150442477876,1.3443952802359882,1.3797935103244838,1.4395280235988202
EEE-J,landmark_still_registered,score_free,56,ood_test,0.1,marginal,class1_avg_set_size,10,1.4959459459459459,0.09268230104958963,1.3243243243243243,1.4552364864864864,1.5168918918918919,1.529560810810811,1.6418918918918919
EEE-J,landmark_still_registered,score_free,56,ood_test,0.1,marginal,class0_singleton_accuracy,10,0.978068379236961,0.009825885471903436,0.96,0.9710942226255292,0.9820344681192845,0.9846147230822153,0.9911111111111112
EEE-J,landmark_still_registered,score_free,56,ood_test,0.1,marginal,class1_singleton_accuracy,10,0.519158340900796,0.056427707216742236,0.45,0.4623376623376623,0.5278607302836975,0.5661810411810412,0.5974842767295597
EEE-J,landmark_still_registered,score_free,56,ood_test,0.2,label_conditional,coverage,10,0.793223819301848,0.025588287995928896,0.74435318275154,0.776694045174538,0.7946611909650925,0.8149383983572895,0.8254620123203286
EEE-J,landmark_still_registered,score_free,56,ood_test,0.2,label_conditional,avg_set_size,10,1.2471252566735112,0.07714117783873477,1.0893223819301847,1.2117556468172486,1.2464065708418892,1.2990246406570842,1.3726899383983573
EEE-J,landmark_still_registered,score_free,56,ood_test,0.2,label_conditional,singleton_rate,10,0.7528747433264887,0.07714117783873475,0.6273100616016427,0.7009753593429158,0.7535934291581109,0.7882443531827515,0.9106776180698152
EEE-J,landmark_still_registered,score_free,56,ood_test,0.2,label_conditional,ambiguous_rate,10,0.2471252566735113,0.07714117783873475,0.08932238193018481,0.21175564681724846,0.2464065708418891,0.2990246406570842,0.3726899383983573
EEE-J,landmark_still_registered,score_free,56,ood_test,0.2,label_conditional,empty_rate,10,0.0,0.0,0.0,0.0,0.0,0.0,0.0
EEE-J,landmark_still_registered,score_free,56,ood_test,0.2,label_conditional,singleton_accuracy,10,0.7244389108423557,0.030890227479313123,0.6551246537396122,0.7165783923857834,0.7207955806213018,0.7485289573677398,0.7601043024771839
EEE-J,landmark_still_registered,score_free,56,ood_test,0.2,label_conditional,class0_coverage,10,0.7722713864306785,0.0435662579556773,0.6755162241887905,0.7562684365781711,0.7662241887905605,0.8067846607669616,0.827433628318584
EEE-J,landmark_still_registered,score_free,56,ood_test,0.2,label_conditional,class1_coverage,10,0.8412162162162161,0.06304295046071354,0.7027027027027027,0.8209459459459459,0.8378378378378378,0.8792229729729729,0.9358108108108109
EEE-J,landmark_still_registered,score_free,56,ood_test,0.2,label_conditional,class0_avg_set_size,10,1.2730088495575222,0.08987897725598848,1.0914454277286136,1.2223451327433628,1.282448377581121,1.3241150442477876,1.4174041297935103
EEE-J,landmark_still_registered,score_free,56,ood_test,0.2,label_conditional,class1_avg_set_size,10,1.1878378378378378,0.053112100500204935,1.0844594594594594,1.1630067567567566,1.1841216216216215,1.2060810810810811,1.2702702702702702
EEE-J,landmark_still_registered,score_free,56,ood_test,0.2,label_conditional,class0_singleton_accuracy,10,0.6815257792757073,0.07605045007397937,0.5368421052631579,0.6511658880419637,0.6811718602865546,0.7410714285714286,0.7873376623376623
EEE-J,landmark_still_registered,score_free,56,ood_test,0.2,label_conditional,class1_singleton_accuracy,10,0.8067791279289216,0.06745707969035587,0.6752767527675276,0.7763841720695688,0.7938782991202346,0.8505041442365205,0.9120370370370371
EEE-J,landmark_still_registered,score_free,56,ood_test,0.2,marginal,coverage,10,0.8152977412731006,0.041381558392380786,0.7597535934291582,0.7856776180698152,0.8126283367556468,0.8501026694045174,0.8798767967145791
EEE-J,landmark_still_registered,score_free,56,ood_test,0.2,marginal,avg_set_size,10,1.0781314168377825,0.10007613564579015,0.9507186858316222,1.0017967145790554,1.0564681724845997,1.1375770020533882,1.2525667351129364
EEE-J,landmark_still_registered,score_free,56,ood_test,0.2,marginal,singleton_rate,10,0.9064681724845997,0.08412969598531794,0.7474332648870636,0.8624229979466119,0.9378850102669405,0.9620123203285421,0.9897330595482546
EEE-J,landmark_still_registered,score_free,56,ood_test,0.2,marginal,ambiguous_rate,10,0.08583162217659138,0.09108781633643331,0.0,0.009496919917864477,0.056468172484599594,0.13757700205338808,0.25256673511293637
EEE-J,landmark_still_registered,score_free,56,ood_test,0.2,marginal,empty_rate,10,0.007700205338809035,0.01579648857336656,0.0,0.0,0.0,0.0077002053388090345,0.049281314168377825
EEE-J,landmark_still_registered,score_free,56,ood_test,0.2,marginal,singleton_accuracy,10,0.8062748970337432,0.020414448667609275,0.7717842323651453,0.7935155106060048,0.8046734729590113,0.8182344816439282,0.8392857142857143
EEE-J,landmark_still_registered,score_free,56,ood_test,0.2,marginal,class0_coverage,10,0.9420353982300884,0.03594068411816987,0.8893805309734514,0.9103982300884956,0.9505899705014749,0.9752949852507374,0.9823008849557522
EEE-J,landmark_still_registered,score_free,56,ood_test,0.2,marginal,class1_coverage,10,0.525,0.07786085224496525,0.41216216216216217,0.46621621621621623,0.5422297297297297,0.5777027027027026,0.6452702702702703
EEE-J,landmark_still_registered,score_free,56,ood_test,0.2,marginal,class0_avg_set_size,10,1.0626843657817109,0.07933052948216293,0.967551622418879,0.997787610619469,1.0486725663716814,1.0973451327433628,1.2064896755162242
EEE-J,landmark_still_registered,score_free,56,ood_test,0.2,marginal,class1_avg_set_size,10,1.1135135135135135,0.149687538097747,0.9121621621621622,1.0050675675675675,1.0861486486486487,1.2297297297297298,1.3581081081081081
EEE-J,landmark_still_registered,score_free,56,ood_test,0.2,marginal,class0_singleton_accuracy,10,0.9446591847241705,0.03041651777793398,0.8986587183308494,0.917310916542474,0.9489545664384089,0.9730211000359629,0.9776951672862454
EEE-J,landmark_still_registered,score_free,56,ood_test,0.2,marginal,class1_singleton_accuracy,10,0.46007822669995546,0.056998244473553034,0.36496350364963503,0.4332706766917293,0.45288838326380987,0.49828877695983465,0.5524475524475524
FFF-B,landmark_still_registered,score_free,14,id_test,0.05,label_conditional,coverage,10,0.9561403508771928,0.020983479670186142,0.9298245614035088,0.9331140350877193,0.9649122807017544,0.9714912280701755,0.9824561403508771
FFF-B,landmark_still_registered,score_free,14,id_test,0.05,label_conditional,avg_set_size,10,1.7513157894736842,0.0557111548298633,1.6491228070175439,1.7105263157894737,1.7653508771929824,1.7982456140350878,1.8114035087719298
FFF-B,landmark_still_registered,score_free,14,id_test,0.05,label_conditional,singleton_rate,10,0.24868421052631584,0.05571115482986331,0.18859649122807018,0.20175438596491227,0.23464912280701755,0.2894736842105263,0.3508771929824561
FFF-B,landmark_still_registered,score_free,14,id_test,0.05,label_conditional,ambiguous_rate,10,0.7513157894736842,0.05571115482986329,0.6491228070175439,0.7105263157894737,0.7653508771929824,0.7982456140350876,0.8114035087719298
FFF-B,landmark_still_registered,score_free,14,id_test,0.05,label_conditional,empty_rate,10,0.0,0.0,0.0,0.0,0.0,0.0,0.0
FFF-B,landmark_still_registered,score_free,14,id_test,0.05,label_conditional,singleton_accuracy,10,0.8297364930284369,0.0548911249372349,0.7592592592592593,0.7809859154929577,0.8321678321678322,0.8602611179110566,0.9245283018867925
FFF-B,landmark_still_registered,score_free,14,id_test,0.05,label_conditional,class0_coverage,10,0.9555555555555555,0.026665205599538666,0.905982905982906,0.9337606837606838,0.9658119658119658,0.9743589743589743,0.9914529914529915
FFF-B,landmark_still_registered,score_free,14,id_test,0.05,label_conditional,class1_coverage,10,0.9567567567567569,0.033655076819512075,0.8918918918918919,0.9346846846846847,0.9684684684684686,0.9797297297297297,1.0
FFF-B,landmark_still_registered,score_free,14,id_test,0.05,label_conditional,class0_avg_set_size,10,1.7897435897435898,0.07835534797009695,1.6837606837606838,1.7435897435897436,1.782051282051282,1.8461538461538463,1.9230769230769231
FFF-B,landmark_still_registered,score_free,14,id_test,0.05,label_conditional,class1_avg_set_size,10,1.7108108108108109,0.060277384588438745,1.6126126126126126,1.6846846846846846,1.7072072072072073,1.7612612612612613,1.7927927927927927
FFF-B,landmark_still_registered,score_free,14,id_test,0.05,label_conditional,class0_singleton_accuracy,10,0.7630820069562463,0.1529321768996309,0.5,0.6916666666666667,0.8085585585585586,0.8548850574712643,0.9666666666666667
FFF-B,landmark_still_registered,score_free,14,id_test,0.05,label_conditional,class1_singleton_accuracy,10,0.8555232784367721,0.09907800031981906,0.6363636363636364,0.824750830564784,0.8633540372670807,0.9123076923076924,1.0
FFF-B,landmark_still_registered,score_free,14,id_test,0.05,marginal,coverage,10,0.9451754385964911,0.030684344827215455,0.8903508771929824,0.9221491228070176,0.956140350877193,0.9682017543859649,0.9780701754385965
FFF-B,landmark_still_registered,score_free,14,id_test,0.05,marginal,avg_set_size,10,1.7061403508771928,0.06721967212030787,1.5657894736842106,1.6732456140350878,1.7280701754385963,1.7543859649122808,1.7894736842105263
FFF-B,landmark_still_registered,score_free,14,id_test,0.05,marginal,singleton_rate,10,0.29385964912280704,0.0672196721203079,0.21052631578947367,0.2456140350877193,0.2719298245614035,0.3267543859649123,0.4342105263157895
FFF-B,landmark_still_registered,score_free,14,id_test,0.05,marginal,ambiguous_rate,10,0.706140350877193,0.0672196721203079,0.5657894736842105,0.6732456140350878,0.7280701754385965,0.7543859649122807,0.7894736842105263
FFF-B,landmark_still_registered,score_free,14,id_test,0.05,marginal,empty_rate,10,0.0,0.0,0.0,0.0,0.0,0.0,0.0
FFF-B,landmark_still_registered,score_free,14,id_test,0.05,marginal,singleton_accuracy,10,0.8241360357748884,0.06535648748411353,0.726027397260274,0.7681707317073171,0.8371087928464978,0.8688311688311687,0.9152542372881356
FFF-B,landmark_still_registered,score_free,14,id_test,0.05,marginal,class0_coverage,10,0.9521367521367521,0.02177204920175817,0.905982905982906,0.9423076923076923,0.9572649572649573,0.9658119658119658,0.9829059829059829
FFF-B,landmark_still_registered,score_free,14,id_test,0.05,marginal,class1_coverage,10,0.9378378378378379,0.048505703311096875,0.8468468468468469,0.8986486486486487,0.954954954954955,0.9707207207207208,0.990990990990991
FFF-B,landmark_still_registered,score_free,14,id_test,0.05,marginal,class0_avg_set_size,10,1.7410256410256413,0.0910834721257896,1.5897435897435896,1.6752136752136753,1.7435897435897436,1.814102564102564,1.8717948717948718
FFF-B,landmark_still_registered,score_free,14,id_test,0.05,marginal,class1_avg_set_size,10,1.6693693693693696,0.05389532918825256,1.5405405405405406,1.6666666666666667,1.6801801801801801,1.7004504504504503,1.7207207207207207
FFF-B,landmark_still_registered,score_free,14,id_test,0.05,marginal,class0_singleton_accuracy,10,0.8097760025062657,0.07045191667686855,0.7083333333333334,0.7473684210526316,0.8377192982456141,0.8537946428571428,0.9047619047619048
FFF-B,landmark_still_registered,score_free,14,id_test,0.05,marginal,class1_singleton_accuracy,10,0.823997981692479,0.11674627379517297,0.6666666666666666,0.7214285714285714,0.8472485768500948,0.9104729729729729,0.9696969696969697
FFF-B,landmark_still_registered,score_free,14,id_test,0.1,label_conditional,coverage,10,0.8947368421052632,0.034965674687430996,0.8508771929824561,0.8695175438596492,0.8771929824561403,0.9320175438596492,0.9385964912280702
FFF-B,landmark_still_registered,score_free,14,id_test,0.1,label_conditional,avg_set_size,10,1.5421052631578946,0.06836104731187405,1.469298245614035,1.4846491228070176,1.5219298245614035,1.5910087719298245,1.6578947368421053
FFF-B,landmark_still_registered,score_free,14,id_test,0.1,label_conditional,singleton_rate,10,0.4578947368421053,0.06836104731187402,0.34210526315789475,0.4089912280701754,0.4780701754385965,0.5153508771929824,0.5307017543859649
FFF-B,landmark_still_registered,score_free,14,id_test,0.1,label_conditional,ambiguous_rate,10,0.5421052631578946,0.06836104731187405,0.4692982456140351,0.48464912280701755,0.5219298245614035,0.5910087719298245,0.6578947368421053
FFF-B,landmark_still_registered,score_free,14,id_test,0.1,label_conditional,empty_rate,10,0.0,0.0,0.0,0.0,0.0,0.0,0.0
FFF-B,landmark_still_registered,score_free,14,id_test,0.1,label_conditional,singleton_accuracy,10,0.7755405137444209,0.04856556905247846,0.7142857142857143,0.7459043370145542,0.7564289888953828,0.8201718494271686,0.8387096774193549
FFF-B,landmark_still_registered,score_free,14,id_test,0.1,label_conditional,class0_coverage,10,0.9076923076923077,0.04354409840351636,0.8461538461538461,0.8653846153846154,0.9145299145299146,0.9444444444444444,0.9658119658119658
FFF-B,landmark_still_registered,score_free,14,id_test,0.1,label_conditional,class1_coverage,10,0.8810810810810811,0.051280178273000736,0.8018018018018018,0.8536036036036037,0.8918918918918919,0.9076576576576577,0.9459459459459459
FFF-B,landmark_still_registered,score_free,14,id_test,0.1,label_conditional,class0_avg_set_size,10,1.5743589743589745,0.09025540302756063,1.4786324786324787,1.5085470085470085,1.5512820512820513,1.6132478632478633,1.7692307692307692
FFF-B,landmark_still_registered,score_free,14,id_test,0.1,label_conditional,class1_avg_set_size,10,1.5081081081081082,0.0658199072326606,1.4234234234234233,1.4459459459459458,1.5225225225225225,1.5382882882882882,1.6306306306306306
FFF-B,landmark_still_registered,score_free,14,id_test,0.1,label_conditional,class0_singleton_accuracy,10,0.7819062424272494,0.08844536279116555,0.660377358490566,0.7081056466302368,0.7817307692307692,0.8504497751124438,0.9111111111111111
FFF-B,landmark_still_registered,score_free,14,id_test,0.1,label_conditional,class1_singleton_accuracy,10,0.7602867287816204,0.09307603691865618,0.5849056603773585,0.7398056402439024,0.767948717948718,0.7975470430107526,0.8867924528301887
FFF-B,landmark_still_registered,score_free,14,id_test,0.1,marginal,coverage,10,0.887719298245614,0.03594232162659473,0.8377192982456141,0.8640350877192983,0.8771929824561404,0.9166666666666666,0.9429824561403509
FFF-B,landmark_still_registered,score_free,14,id_test,0.1,marginal,avg_set_size,10,1.517982456140351,0.06688336843456773,1.4166666666666667,1.4638157894736843,1.5197368421052633,1.5625,1.6271929824561404
FFF-B,landmark_still_registered,score_free,14,id_test,0.1,marginal,singleton_rate,10,0.4820175438596491,0.06688336843456776,0.37280701754385964,0.4375,0.48026315789473684,0.5361842105263158,0.5833333333333334
FFF-B,landmark_still_registered,score_free,14,id_test,0.1,marginal,ambiguous_rate,10,0.5179824561403509,0.06688336843456773,0.4166666666666667,0.4638157894736842,0.5197368421052632,0.5625,0.6271929824561403
FFF-B,landmark_still_registered,score_free,14,id_test,0.1,marginal,empty_rate,10,0.0,0.0,0.0,0.0,0.0,0.0,0.0
FFF-B,landmark_still_registered,score_free,14,id_test,0.1,marginal,singleton_accuracy,10,0.7721995529365168,0.04879289682017842,0.7129629629629629,0.7341639095671354,0.760850439882698,0.810366026671711,0.8470588235294118
FFF-B,landmark_still_registered,score_free,14,id_test,0.1,marginal,class0_coverage,10,0.917948717948718,0.03203069931066711,0.8632478632478633,0.891025641025641,0.9273504273504274,0.938034188034188,0.9658119658119658
FFF-B,landmark_still_registered,score_free,14,id_test,0.1,marginal,class1_coverage,10,0.8558558558558558,0.05235914646895707,0.7747747747747747,0.8378378378378378,0.8558558558558559,0.8963963963963963,0.918918918918919
FFF-B,landmark_still_registered,score_free,14,id_test,0.1,marginal,class0_avg_set_size,10,1.5307692307692307,0.08062728398260323,1.4017094017094016,1.4679487179487178,1.5256410256410255,1.5940170940170941,1.641025641025641
FFF-B,landmark_still_registered,score_free,14,id_test,0.1,marginal,class1_avg_set_size,10,1.5045045045045045,0.07441148164182503,1.3783783783783783,1.4617117117117118,1.5135135135135136,1.529279279279279,1.6306306306306306
FFF-B,landmark_still_registered,score_free,14,id_test,0.1,marginal,class0_singleton_accuracy,10,0.8271031904792003,0.057866055660670684,0.7142857142857143,0.8017378826530612,0.830952380952381,0.8691675998506906,0.9090909090909091
FFF-B,landmark_still_registered,score_free,14,id_test,0.1,marginal,class1_singleton_accuracy,10,0.7129183294752054,0.08339089042926635,0.576271186440678,0.660377358490566,0.7325808249721293,0.7826219512195122,0.8
FFF-B,landmark_still_registered,score_free,14,id_test,0.2,label_conditional,coverage,10,0.8004385964912281,0.04063433365405642,0.7192982456140351,0.7807017543859649,0.8026315789473684,0.8234649122807017,0.868421052631579
FFF-B,landmark_still_registered,score_free,14,id_test,0.2,label_conditional,avg_set_size,10,1.2644736842105264,0.06753847982423024,1.1359649122807018,1.2302631578947367,1.2609649122807016,1.305921052631579,1.368421052631579
FFF-B,landmark_still_registered,score_free,14,id_test,0.2,label_conditional,singleton_rate,10,0.7355263157894738,0.06753847982423027,0.631578947368421,0.694078947368421,0.7390350877192983,0.7697368421052632,0.8640350877192983
FFF-B,landmark_still_registered,score_free,14,id_test,0.2,label_conditional,ambiguous_rate,10,0.2644736842105263,0.06753847982423024,0.13596491228070176,0.23026315789473684,0.26096491228070173,0.305921052631579,0.3684210526315789
FFF-B,landmark_still_registered,score_free,14,id_test,0.2,label_conditional,empty_rate,10,0.0,0.0,0.0,0.0,0.0,0.0,0.0
FFF-B,landmark_still_registered,score_free,14,id_test,0.2,label_conditional,singleton_accuracy,10,0.7305296061574678,0.03588428027258957,0.6751269035532995,0.7034438087012846,0.7377154147305258,0.7481319038336582,0.7916666666666666
FFF-B,landmark_still_registered,score_free,14,id_test,0.2,label_conditional,class0_coverage,10,0.8273504273504274,0.06226228321206946,0.717948717948718,0.797008547008547,0.8247863247863247,0.8846153846153846,0.8974358974358975
FFF-B,landmark_still_registered,score_free,14,id_test,0.2,label_conditional,class1_coverage,10,0.7720720720720721,0.05339099499067084,0.6846846846846847,0.7567567567567568,0.7657657657657657,0.8198198198198198,0.8378378378378378
FFF-B,landmark_still_registered,score_free,14,id_test,0.2,label_conditional,class0_avg_set_size,10,1.294017094017094,0.08718134925296644,1.1367521367521367,1.2457264957264957,1.2863247863247862,1.3440170940170941,1.452991452991453
FFF-B,landmark_still_registered,score_free,14,id_test,0.2,label_conditional,class1_avg_set_size,10,1.2333333333333334,0.055770220769976696,1.135135135135135,1.1936936936936937,1.2342342342342343,1.277027027027027,1.3063063063063063
FFF-B,landmark_still_registered,score_free,14,id_test,0.2,label_conditional,class0_singleton_accuracy,10,0.7597909692031118,0.06813105189140989,0.6162790697674418,0.730892343872485,0.7592592592592593,0.8086993243243243,0.8421052631578947
FFF-B,landmark_still_registered,score_free,14,id_test,0.2,label_conditional,class1_singleton_accuracy,10,0.7028820612031397,0.06669928797576552,0.5641025641025641,0.679788961038961,0.7016483516483516,0.7618010167029774,0.775
FFF-B,landmark_still_registered,score_free,14,id_test,0.2,marginal,coverage,10,0.7986842105263159,0.030767820868540536,0.7412280701754386,0.7796052631578947,0.8004385964912282,0.8157894736842105,0.8508771929824561
FFF-B,landmark_still_registered,score_free,14,id_test,0.2,marginal,avg_set_size,10,1.2662280701754387,0.05509388041184967,1.1973684210526316,1.2324561403508771,1.2543859649122808,1.3146929824561404,1.3508771929824561
FFF-B,landmark_still_registered,score_free,14,id_test,0.2,marginal,singleton_rate,10,0.7337719298245614,0.055093880411849726,0.6491228070175439,0.6853070175438596,0.7456140350877193,0.7675438596491228,0.8026315789473685
FFF-B,landmark_still_registered,score_free,14,id_test,0.2,marginal,ambiguous_rate,10,0.2662280701754386,0.05509388041184971,0.19736842105263158,0.2324561403508772,0.2543859649122807,0.31469298245614036,0.3508771929824561
FFF-B,landmark_still_registered,score_free,14,id_test,0.2,marginal,empty_rate,10,0.0,0.0,0.0,0.0,0.0,0.0,0.0
FFF-B,landmark_still_registered,score_free,14,id_test,0.2,marginal,singleton_accuracy,10,0.7263691945610387,0.030020592793022664,0.6775956284153005,0.7012254572350727,0.7344341245270037,0.7382052992756386,0.7702702702702703
FFF-B,landmark_still_registered,score_free,14,id_test,0.2,marginal,class0_coverage,10,0.8529914529914532,0.047978426062725676,0.7606837606837606,0.8311965811965812,0.8461538461538461,0.888888888888889,0.9316239316239316
FFF-B,landmark_still_registered,score_free,14,id_test,0.2,marginal,class1_coverage,10,0.7414414414414414,0.04352800799798982,0.6486486486486487,0.7229729729729729,0.7567567567567568,0.7635135135135135,0.7927927927927928
FFF-B,landmark_still_registered,score_free,14,id_test,0.2,marginal,class0_avg_set_size,10,1.2752136752136753,0.07091671141525732,1.188034188034188,1.2222222222222223,1.2606837606837606,1.3440170940170941,1.3675213675213675
FFF-B,landmark_still_registered,score_free,14,id_test,0.2,marginal,class1_avg_set_size,10,1.2567567567567568,0.06388002218072865,1.1711711711711712,1.2072072072072073,1.2477477477477477,1.3175675675675675,1.3423423423423424
FFF-B,landmark_still_registered,score_free,14,id_test,0.2,marginal,class0_singleton_accuracy,10,0.8003938521884274,0.05132172177752113,0.7021276595744681,0.7840160642570281,0.7903412377096588,0.831578947368421,0.8918918918918919
FFF-B,landmark_still_registered,score_free,14,id_test,0.2,marginal,class1_singleton_accuracy,10,0.6506498595023842,0.06102499780497062,0.5342465753424658,0.6298092209856916,0.6751094434021263,0.6932954545454546,0.7065217391304348
FFF-B,landmark_still_registered,score_free,14,ood_test,0.05,label_conditional,coverage,10,0.9591772151898734,0.010556431634606941,0.942246835443038,0.9503560126582279,0.9608386075949367,0.9675632911392406,0.9723101265822784
FFF-B,landmark_still_registered,score_free,14,ood_test,0.05,label_conditional,avg_set_size,10,1.7591772151898735,0.04791921374512122,1.6898734177215189,1.7175632911392404,1.7721518987341773,1.7828322784810127,1.8370253164556962
FFF-B,landmark_still_registered,score_free,14,ood_test,0.05,label_conditional,singleton_rate,10,0.2408227848101266,0.0479192137451212,0.1629746835443038,0.21716772151898733,0.22784810126582278,0.28243670886075944,0.310126582278481
FFF-B,landmark_still_registered,score_free,14,ood_test,0.05,label_conditional,ambiguous_rate,10,0.7591772151898735,0.04791921374512121,0.689873417721519,0.7175632911392404,0.7721518987341772,0.7828322784810127,0.8370253164556962
FFF-B,landmark_still_registered,score_free,14,ood_test,0.05,label_conditional,empty_rate,10,0.0,0.0,0.0,0.0,0.0,0.0,0.0
FFF-B,landmark_still_registered,score_free,14,ood_test,0.05,label_conditional,singleton_accuracy,10,0.8318171164504529,0.015090261255580389,0.8093994778067886,0.8218617021276595,0.8308648702199326,0.8368646238983398,0.8581560283687943
FFF-B,landmark_still_registered,score_free,14,ood_test,0.05,label_conditional,class0_coverage,10,0.9576802507836991,0.02137646034010324,0.9200626959247649,0.9471003134796239,0.9615987460815048,0.9737460815047022,0.987460815047022
FFF-B,landmark_still_registered,score_free,14,ood_test,0.05,label_conditional,class1_coverage,10,0.9607028753993611,0.02015285444731132,0.9297124600638977,0.9476837060702875,0.9608626198083067,0.9780351437699681,0.987220447284345
FFF-B,landmark_still_registered,score_free,14,ood_test,0.05,label_conditional,class0_avg_set_size,10,1.7731974921630091,0.07218752770401604,1.664576802507837,1.722962382445141,1.7633228840125392,1.8268025078369907,1.901253918495298
FFF-B,landmark_still_registered,score_free,14,ood_test,0.05,label_conditional,class1_avg_set_size,10,1.744888178913738,0.050047866386406,1.6773162939297124,1.6988817891373802,1.7460063897763578,1.7823482428115016,1.81629392971246
FFF-B,landmark_still_registered,score_free,14,ood_test,0.05,label_conditional,class0_singleton_accuracy,10,0.7826885489882229,0.14643077066695875,0.5463917525773195,0.6820580110497239,0.8361801242236024,0.8982855519070473,0.9512195121951219
FFF-B,landmark_still_registered,score_free,14,ood_test,0.05,label_conditional,class1_singleton_accuracy,10,0.8380946014653613,0.09139610043030863,0.6747967479674797,0.7938207266229899,0.8181747512437811,0.924807160948653,0.953125
FFF-B,landmark_still_registered,score_free,14,ood_test,0.05,marginal,coverage,10,0.9510284810126581,0.012753738212712569,0.9232594936708861,0.9467958860759493,0.9529272151898733,0.9580696202531646,0.9667721518987342
FFF-B,landmark_still_registered,score_free,14,ood_test,0.05,marginal,avg_set_size,10,1.7222310126582279,0.055480682078286374,1.6131329113924051,1.7011471518987342,1.7302215189873418,1.746637658227848,1.7958860759493671
FFF-B,landmark_still_registered,score_free,14,ood_test,0.05,marginal,singleton_rate,10,0.2777689873417722,0.055480682078286374,0.20411392405063292,0.2533623417721519,0.2697784810126582,0.29885284810126583,0.38686708860759494
FFF-B,landmark_still_registered,score_free,14,ood_test,0.05,marginal,ambiguous_rate,10,0.7222310126582279,0.055480682078286374,0.6131329113924051,0.7011471518987341,0.7302215189873418,0.7466376582278481,0.7958860759493671
FFF-B,landmark_still_registered,score_free,14,ood_test,0.05,marginal,empty_rate,10,0.0,0.0,0.0,0.0,0.0,0.0,0.0
FFF-B,landmark_still_registered,score_free,14,ood_test,0.05,marginal,singleton_accuracy,10,0.8253448935858241,0.010652227110085712,0.8016359918200409,0.8221673323523229,0.8263172542576782,0.8322368421052632,0.8375
FFF-B,landmark_still_registered,score_free,14,ood_test,0.05,marginal,class0_coverage,10,0.9543887147335424,0.011947234482858624,0.9373040752351097,0.9486677115987461,0.9506269592476488,0.9639498432601881,0.9733542319749217
FFF-B,landmark_still_registered,score_free,14,ood_test,0.05,marginal,class1_coverage,10,0.9476038338658146,0.017864729894651297,0.9057507987220448,0.9460862619808307,0.9520766773162939,0.9592651757188498,0.9648562300319489
FFF-B,landmark_still_registered,score_free,14,ood_test,0.05,marginal,class0_avg_set_size,10,1.7228840125391849,0.06437918042143291,1.5909090909090908,1.697884012539185,1.7358934169278997,1.7641065830721003,1.7993730407523512
FFF-B,landmark_still_registered,score_free,14,ood_test,0.05,marginal,class1_avg_set_size,10,1.7215654952076676,0.049415016427846556,1.6357827476038338,1.6948881789137382,1.720447284345048,1.7460063897763578,1.8035143769968052
FFF-B,landmark_still_registered,score_free,14,ood_test,0.05,marginal,class0_singleton_accuracy,10,0.8338551562443562,0.036165861355124826,0.7740112994350282,0.8122944078947368,0.8409718301022648,0.8564586754241926,0.8795180722891566
FFF-B,landmark_still_registered,score_free,14,ood_test,0.05,marginal,class1_singleton_accuracy,10,0.8138458960276287,0.037699449435644336,0.7412280701754386,0.7933428360257628,0.81176582038651,0.8445020053475936,0.8620689655172413
FFF-B,landmark_still_registered,score_free,14,ood_test,0.1,label_conditional,coverage,10,0.8988132911392406,0.018730870115693958,0.8710443037974683,0.8846914556962026,0.8983386075949367,0.9113924050632911,0.9264240506329114
FFF-B,landmark_still_registered,score_free,14,ood_test,0.1,label_conditional,avg_set_size,10,1.5541930379746833,0.06399078177464454,1.4715189873417722,1.5023734177215189,1.5510284810126582,1.6028481012658229,1.6606012658227849
FFF-B,landmark_still_registered,score_free,14,ood_test,0.1,label_conditional,singleton_rate,10,0.44580696202531644,0.06399078177464455,0.33939873417721517,0.3971518987341772,0.4489715189873418,0.49762658227848106,0.5284810126582279
FFF-B,landmark_still_registered,score_free,14,ood_test,0.1,label_conditional,ambiguous_rate,10,0.5541930379746836,0.06399078177464453,0.47151898734177217,0.502373417721519,0.5510284810126582,0.6028481012658228,0.6606012658227848
FFF-B,landmark_still_registered,score_free,14,ood_test,0.1,label_conditional,empty_rate,10,0.0,0.0,0.0,0.0,0.0,0.0,0.0
FFF-B,landmark_still_registered,score_free,14,ood_test,0.1,label_conditional,singleton_accuracy,10,0.7741521112553508,0.012342497542695516,0.7545180722891566,0.7661821859137056,0.7746737600496219,0.7815392840403094,0.7975951903807615
FFF-B,landmark_still_registered,score_free,14,ood_test,0.1,label_conditional,class0_coverage,10,0.9012539184952978,0.03812212402707356,0.8401253918495298,0.8851880877742947,0.9028213166144201,0.9208463949843261,0.9670846394984326
FFF-B,landmark_still_registered,score_free,14,ood_test,0.1,label_conditional,class1_coverage,10,0.8963258785942493,0.0401693578581562,0.8514376996805112,0.8582268370607029,0.8873801916932907,0.9313099041533547,0.9600638977635783
FFF-B,landmark_still_registered,score_free,14,ood_test,0.1,label_conditional,class0_avg_set_size,10,1.5548589341692791,0.07753649512680937,1.463949843260188,1.489028213166144,1.5579937304075235,1.5967868338557993,1.70846394984326
FFF-B,landmark_still_registered,score_free,14,ood_test,0.1,label_conditional,class1_avg_set_size,10,1.5535143769968052,0.0671486234741051,1.4712460063897763,1.496405750798722,1.5519169329073481,1.604632587859425,1.6517571884984026
FFF-B,landmark_still_registered,score_free,14,ood_test,0.1,label_conditional,class0_singleton_accuracy,10,0.7707189143475193,0.09861006468390793,0.6344086021505376,0.7045750930213082,0.7787628812993087,0.8454162366701066,0.926056338028169
FFF-B,landmark_still_registered,score_free,14,ood_test,0.1,label_conditional,class1_singleton_accuracy,10,0.7626341174267622,0.10433014311894327,0.5825688073394495,0.6864243444269504,0.7662905514319084,0.848744001150733,0.897119341563786
FFF-B,landmark_still_registered,score_free,14,ood_test,0.1,marginal,coverage,10,0.8952531645569619,0.017804832291031226,0.8718354430379747,0.8771756329113924,0.9003164556962024,0.9080300632911392,0.9200949367088608
FFF-B,landmark_still_registered,score_free,14,ood_test,0.1,marginal,avg_set_size,10,1.5388449367088608,0.06060290683496436,1.4501582278481013,1.4814082278481013,1.5522151898734178,1.5832674050632911,1.6313291139240507
FFF-B,landmark_still_registered,score_free,14,ood_test,0.1,marginal,singleton_rate,10,0.4611550632911392,0.060602906834964394,0.3686708860759494,0.41673259493670883,0.4477848101265823,0.5185917721518988,0.5498417721518988
FFF-B,landmark_still_registered,score_free,14,ood_test,0.1,marginal,ambiguous_rate,10,0.5388449367088608,0.060602906834964373,0.4501582278481013,0.4814082278481013,0.5522151898734178,0.5832674050632911,0.6313291139240507
FFF-B,landmark_still_registered,score_free,14,ood_test,0.1,marginal,empty_rate,10,0.0,0.0,0.0,0.0,0.0,0.0,0.0
FFF-B,landmark_still_registered,score_free,14,ood_test,0.1,marginal,singleton_accuracy,10,0.7738494254355516,0.00981905881274574,0.757847533632287,0.7676887616120696,0.7745869497019764,0.7823061650154426,0.7864963503649635
FFF-B,landmark_still_registered,score_free,14,ood_test,0.1,marginal,class0_coverage,10,0.9159874608150471,0.014744284159378911,0.8887147335423198,0.9106583072100314,0.914576802507837,0.9224137931034483,0.9373040752351097
FFF-B,landmark_still_registered,score_free,14,ood_test,0.1,marginal,class1_coverage,10,0.8741214057507987,0.025266787745547293,0.8322683706070287,0.8598242811501597,0.8769968051118211,0.8965654952076677,0.902555910543131
FFF-B,landmark_still_registered,score_free,14,ood_test,0.1,marginal,class0_avg_set_size,10,1.525705329153605,0.06559477379453188,1.426332288401254,1.4776645768025078,1.5454545454545454,1.5579937304075235,1.6128526645768024
FFF-B,landmark_still_registered,score_free,14,ood_test,0.1,marginal,class1_avg_set_size,10,1.5522364217252396,0.06110348350587339,1.4712460063897763,1.509185303514377,1.5447284345047922,1.6010383386581468,1.6501597444089458
FFF-B,landmark_still_registered,score_free,14,ood_test,0.1,marginal,class0_singleton_accuracy,10,0.8222589945016459,0.025071385404450933,0.782258064516129,0.8083153735632185,0.8239906832298136,0.8352464207359827,0.8620689655172413
FFF-B,landmark_still_registered,score_free,14,ood_test,0.1,marginal,class1_singleton_accuracy,10,0.7200278970461638,0.02925929775970603,0.6784565916398714,0.7026830609679446,0.7251030632429334,0.7351876357644004,0.7753623188405797
FFF-B,landmark_still_registered,score_free,14,ood_test,0.2,label_conditional,coverage,10,0.7895569620253164,0.02806779471656133,0.745253164556962,0.7753164556962026,0.7867879746835442,0.800237341772152,0.8520569620253164
FFF-B,landmark_still_registered,score_free,14,ood_test,0.2,label_conditional,avg_set_size,10,1.2814082278481014,0.07141421300184038,1.1534810126582278,1.2468354430379747,1.2875791139240507,1.3043908227848102,1.4335443037974684
FFF-B,landmark_still_registered,score_free,14,ood_test,0.2,label_conditional,singleton_rate,10,0.7185917721518987,0.07141421300184031,0.5664556962025317,0.6956091772151899,0.7124208860759493,0.7531645569620253,0.8465189873417721
FFF-B,landmark_still_registered,score_free,14,ood_test,0.2,label_conditional,ambiguous_rate,10,0.28140822784810127,0.07141421300184032,0.15348101265822786,0.24683544303797467,0.28757911392405067,0.3043908227848101,0.43354430379746833
FFF-B,landmark_still_registered,score_free,14,ood_test,0.2,label_conditional,empty_rate,10,0.0,0.0,0.0,0.0,0.0,0.0,0.0
FFF-B,landmark_still_registered,score_free,14,ood_test,0.2,label_conditional,singleton_accuracy,10,0.7081033970381659,0.012896097425537835,0.6945054945054945,0.6997487422709874,0.7033036290086182,0.7127417519908987,0.7388268156424581
FFF-B,landmark_still_registered,score_free,14,ood_test,0.2,label_conditional,class0_coverage,10,0.7990595611285267,0.04767799621443598,0.719435736677116,0.7660658307210031,0.8025078369905956,0.838166144200627,0.8652037617554859
FFF-B,landmark_still_registered,score_free,14,ood_test,0.2,label_conditional,class1_coverage,10,0.7798722044728434,0.057447805057597966,0.7124600638977636,0.731629392971246,0.7707667731629393,0.8342651757188498,0.8626198083067093
FFF-B,landmark_still_registered,score_free,14,ood_test,0.2,label_conditional,class0_avg_set_size,10,1.279153605015674,0.0714860710240016,1.1551724137931034,1.247257053291536,1.2782131661442007,1.2981974921630093,1.4357366771159874
FFF-B,landmark_still_registered,score_free,14,ood_test,0.2,label_conditional,class1_avg_set_size,10,1.2837060702875398,0.07303035764767193,1.1517571884984026,1.246405750798722,1.286741214057508,1.3083067092651757,1.4313099041533546
FFF-B,landmark_still_registered,score_free,14,ood_test,0.2,label_conditional,class0_singleton_accuracy,10,0.7212301031141435,0.0595759045999138,0.6133909287257019,0.6986498102159963,0.7146604938271606,0.7589230884776299,0.8126361655773421
FFF-B,landmark_still_registered,score_free,14,ood_test,0.2,label_conditional,class1_singleton_accuracy,10,0.6936773437807453,0.07197351165877287,0.5833333333333334,0.6495438200243693,0.6979715615059583,0.7488427980825323,0.7952069716775599
FFF-B,landmark_still_registered,score_free,14,ood_test,0.2,marginal,coverage,10,0.7886867088607594,0.025601773250835763,0.7555379746835443,0.7782832278481013,0.7824367088607594,0.7838212025316456,0.8449367088607594
FFF-B,landmark_still_registered,score_free,14,ood_test,0.2,marginal,avg_set_size,10,1.275870253164557,0.060531257645811284,1.2001582278481013,1.2494066455696204,1.2630537974683544,1.2816455696202533,1.4137658227848102
FFF-B,landmark_still_registered,score_free,14,ood_test,0.2,marginal,singleton_rate,10,0.7241297468354431,0.060531257645811305,0.5862341772151899,0.7183544303797469,0.7369462025316456,0.7505933544303798,0.7998417721518988
FFF-B,landmark_still_registered,score_free,14,ood_test,0.2,marginal,ambiguous_rate,10,0.275870253164557,0.0605312576458113,0.20015822784810128,0.24940664556962025,0.26305379746835444,0.28164556962025317,0.4137658227848101
FFF-B,landmark_still_registered,score_free,14,ood_test,0.2,marginal,empty_rate,10,0.0,0.0,0.0,0.0,0.0,0.0,0.0
FFF-B,landmark_still_registered,score_free,14,ood_test,0.2,marginal,singleton_accuracy,10,0.709002661734423,0.014897291725725417,0.6912242686890574,0.6990412960769987,0.705323280557371,0.7154712178566767,0.7354925775978407
FFF-B,landmark_still_registered,score_free,14,ood_test,0.2,marginal,class0_coverage,10,0.8340125391849529,0.03279863531486861,0.780564263322884,0.8138714733542319,0.8322884012539185,0.85423197492163,0.8840125391849529
FFF-B,landmark_still_registered,score_free,14,ood_test,0.2,marginal,class1_coverage,10,0.7424920127795527,0.03150022210723251,0.707667731629393,0.71685303514377,0.7332268370607029,0.764776357827476,0.805111821086262
FFF-B,landmark_still_registered,score_free,14,ood_test,0.2,marginal,class0_avg_set_size,10,1.2644200626959248,0.05438693299980394,1.20846394984326,1.230407523510972,1.2531347962382444,1.2692006269592477,1.3918495297805642
FFF-B,landmark_still_registered,score_free,14,ood_test,0.2,marginal,class1_avg_set_size,10,1.2875399361022364,0.06786996676432103,1.1916932907348243,1.2563897763578276,1.2731629392971247,1.2971246006389778,1.4361022364217253
FFF-B,landmark_still_registered,score_free,14,ood_test,0.2,marginal,class0_singleton_accuracy,10,0.7755254103285152,0.033912659642221794,0.7227722772277227,0.7542325402244516,0.7742199758992275,0.807066059023937,0.8143712574850299
FFF-B,landmark_still_registered,score_free,14,ood_test,0.2,marginal,class1_singleton_accuracy,10,0.6384332031391412,0.030489956004980386,0.5881006864988558,0.6192024769345856,0.6375083518930957,0.6614564060879218,0.6876355748373102
FFF-B,landmark_still_registered,score_free,56,id_test,0.05,label_conditional,coverage,10,0.9509433962264151,0.023022648072607704,0.8915094339622641,0.9457547169811321,0.9575471698113207,0.9622641509433962,0.9764150943396226
FFF-B,landmark_still_registered,score_free,56,id_test,0.05,label_conditional,avg_set_size,10,1.6584905660377358,0.07862264125788175,1.5235849056603774,1.6061320754716981,1.669811320754717,1.7087264150943398,1.7830188679245282
FFF-B,landmark_still_registered,score_free,56,id_test,0.05,label_conditional,singleton_rate,10,0.34150943396226413,0.07862264125788176,0.2169811320754717,0.29127358490566035,0.330188679245283,0.3938679245283019,0.47641509433962265
FFF-B,landmark_still_registered,score_free,56,id_test,0.05,label_conditional,ambiguous_rate,10,0.6584905660377359,0.07862264125788175,0.5235849056603774,0.6061320754716981,0.6698113207547169,0.7087264150943396,0.7830188679245284
FFF-B,landmark_still_registered,score_free,56,id_test,0.05,label_conditional,empty_rate,10,0.0,0.0,0.0,0.0,0.0,0.0,0.0
FFF-B,landmark_still_registered,score_free,56,id_test,0.05,label_conditional,singleton_accuracy,10,0.8554265770364436,0.052540620488908354,0.7722772277227723,0.8143234231731036,0.8725274725274725,0.8910526315789473,0.921875
FFF-B,landmark_still_registered,score_free,56,id_test,0.05,label_conditional,class0_coverage,10,0.9516949152542372,0.02882186653262082,0.8898305084745762,0.9364406779661016,0.9533898305084746,0.972457627118644,0.9915254237288136
FFF-B,landmark_still_registered,score_free,56,id_test,0.05,label_conditional,class1_coverage,10,0.9499999999999998,0.035831398805869885,0.8936170212765957,0.925531914893617,0.946808510638298,0.9787234042553191,1.0
FFF-B,landmark_still_registered,score_free,56,id_test,0.05,label_conditional,class0_avg_set_size,10,1.7016949152542373,0.09800265187234117,1.5508474576271187,1.6377118644067798,1.707627118644068,1.7669491525423728,1.847457627118644
FFF-B,landmark_still_registered,score_free,56,id_test,0.05,label_conditional,class1_avg_set_size,10,1.6042553191489362,0.06592312078650926,1.4893617021276595,1.555851063829787,1.6063829787234043,1.6515957446808511,1.702127659574468
FFF-B,landmark_still_registered,score_free,56,id_test,0.05,label_conditional,class0_singleton_accuracy,10,0.8191570635677495,0.11624159720356508,0.6521739130434783,0.7164570230607967,0.8511730205278593,0.9141379310344828,0.9743589743589743
FFF-B,landmark_still_registered,score_free,56,id_test,0.05,label_conditional,class1_singleton_accuracy,10,0.8732990983143422,0.08458745304740015,0.7666666666666667,0.8063612392880686,0.8474903474903475,0.95,1.0
FFF-B,landmark_still_registered,score_free,56,id_test,0.05,marginal,coverage,10,0.9556603773584905,0.0207642440493323,0.9292452830188679,0.9445754716981132,0.9528301886792453,0.9646226415094339,0.9905660377358491
FFF-B,landmark_still_registered,score_free,56,id_test,0.05,marginal,avg_set_size,10,1.659433962264151,0.0801362512048662,1.5424528301886793,1.6132075471698113,1.6391509433962264,1.7264150943396226,1.778301886792453
FFF-B,landmark_still_registered,score_free,56,id_test,0.05,marginal,singleton_rate,10,0.3405660377358491,0.08013625120486619,0.22169811320754718,0.27358490566037735,0.36084905660377353,0.3867924528301887,0.45754716981132076
FFF-B,landmark_still_registered,score_free,56,id_test,0.05,marginal,ambiguous_rate,10,0.659433962264151,0.08013625120486617,0.5424528301886793,0.6132075471698113,0.6391509433962264,0.7264150943396226,0.7783018867924528
FFF-B,landmark_still_registered,score_free,56,id_test,0.05,marginal,empty_rate,10,0.0,0.0,0.0,0.0,0.0,0.0,0.0
FFF-B,landmark_still_registered,score_free,56,id_test,0.05,marginal,singleton_accuracy,10,0.8725763453917169,0.05235211745668022,0.8085106382978723,0.8374125874125874,0.8617048026150365,0.9004332477535302,0.9615384615384616
FFF-B,landmark_still_registered,score_free,56,id_test,0.05,marginal,class0_coverage,10,0.98135593220339,0.014840593826625639,0.940677966101695,0.9830508474576272,0.9830508474576272,0.989406779661017,0.9915254237288136
FFF-B,landmark_still_registered,score_free,56,id_test,0.05,marginal,class1_coverage,10,0.9234042553191488,0.03845515379213039,0.8617021276595744,0.9069148936170213,0.9148936170212766,0.9388297872340425,0.9893617021276596
FFF-B,landmark_still_registered,score_free,56,id_test,0.05,marginal,class0_avg_set_size,10,1.6593220338983052,0.08311039795902053,1.5338983050847457,1.6144067796610169,1.6355932203389831,1.7436440677966103,1.7627118644067796
FFF-B,landmark_still_registered,score_free,56,id_test,0.05,marginal,class1_avg_set_size,10,1.6595744680851063,0.07960973163348815,1.553191489361702,1.601063829787234,1.643617021276596,1.7047872340425534,1.797872340425532
FFF-B,landmark_still_registered,score_free,56,id_test,0.05,marginal,class0_singleton_accuracy,10,0.948536225345482,0.028171426880426478,0.8727272727272727,0.952922077922078,0.9555335968379447,0.9635989010989011,0.9666666666666667
FFF-B,landmark_still_registered,score_free,56,id_test,0.05,marginal,class1_singleton_accuracy,10,0.7752771560511499,0.11756078090293548,0.5789473684210527,0.6977272727272728,0.7836257309941521,0.8420868347338936,0.9545454545454546
FFF-B,landmark_still_registered,score_free,56,id_test,0.1,label_conditional,coverage,10,0.9108490566037734,0.025687223901722487,0.8584905660377359,0.8985849056603774,0.9080188679245282,0.9233490566037736,0.9481132075471698
FFF-B,landmark_still_registered,score_free,56,id_test,0.1,label_conditional,avg_set_size,10,1.5231132075471698,0.07302270045576226,1.429245283018868,1.463443396226415,1.5141509433962264,1.580188679245283,1.6367924528301887
FFF-B,landmark_still_registered,score_free,56,id_test,0.1,label_conditional,singleton_rate,10,0.4768867924528302,0.07302270045576228,0.3632075471698113,0.419811320754717,0.4858490566037736,0.5365566037735849,0.5707547169811321
FFF-B,landmark_still_registered,score_free,56,id_test,0.1,label_conditional,ambiguous_rate,10,0.5231132075471698,0.07302270045576227,0.42924528301886794,0.4634433962264151,0.5141509433962264,0.5801886792452831,0.6367924528301887
FFF-B,landmark_still_registered,score_free,56,id_test,0.1,label_conditional,empty_rate,10,0.0,0.0,0.0,0.0,0.0,0.0,0.0
FFF-B,landmark_still_registered,score_free,56,id_test,0.1,label_conditional,singleton_accuracy,10,0.8139768735040708,0.0425205638142518,0.7402597402597403,0.8059326294620413,0.8177447552447552,0.8403227341964965,0.8705882352941177
FFF-B,landmark_still_registered,score_free,56,id_test,0.1,label_conditional,class0_coverage,10,0.9110169491525424,0.03300373289702803,0.8305084745762712,0.9004237288135594,0.9152542372881356,0.9300847457627118,0.9491525423728814
FFF-B,landmark_still_registered,score_free,56,id_test,0.1,label_conditional,class1_coverage,10,0.9106382978723403,0.049442340589881915,0.851063829787234,0.8696808510638298,0.9095744680851063,0.9388297872340425,0.9893617021276596
FFF-B,landmark_still_registered,score_free,56,id_test,0.1,label_conditional,class0_avg_set_size,10,1.561864406779661,0.08762072559703615,1.4152542372881356,1.5105932203389831,1.5466101694915255,1.6504237288135593,1.6694915254237288
FFF-B,landmark_still_registered,score_free,56,id_test,0.1,label_conditional,class1_avg_set_size,10,1.474468085106383,0.07060211554465144,1.372340425531915,1.4308510638297873,1.4627659574468086,1.5265957446808511,1.5957446808510638
FFF-B,landmark_still_registered,score_free,56,id_test,0.1,label_conditional,class0_singleton_accuracy,10,0.7901927635936462,0.07814249721668402,0.6721311475409836,0.7435897435897436,0.7846153846153847,0.8674568965517242,0.8840579710144928
FFF-B,landmark_still_registered,score_free,56,id_test,0.1,label_conditional,class1_singleton_accuracy,10,0.8332990711014914,0.08552696683102454,0.7307692307692307,0.782114183764496,0.8100079744816586,0.8870682888540031,0.9782608695652174
FFF-B,landmark_still_registered,score_free,56,id_test,0.1,marginal,coverage,10,0.8990566037735848,0.03017885060128321,0.8349056603773585,0.8915094339622641,0.8985849056603774,0.9186320754716981,0.9386792452830188
FFF-B,landmark_still_registered,score_free,56,id_test,0.1,marginal,avg_set_size,10,1.4632075471698114,0.08214712889185255,1.3632075471698113,1.3867924528301887,1.483490566037736,1.5011792452830188,1.6273584905660377
FFF-B,landmark_still_registered,score_free,56,id_test,0.1,marginal,singleton_rate,10,0.5367924528301887,0.08214712889185256,0.37264150943396224,0.4988207547169811,0.5165094339622642,0.6132075471698113,0.6367924528301887
FFF-B,landmark_still_registered,score_free,56,id_test,0.1,marginal,ambiguous_rate,10,0.4632075471698113,0.08214712889185256,0.3632075471698113,0.3867924528301887,0.4834905660377359,0.5011792452830189,0.6273584905660378
FFF-B,landmark_still_registered,score_free,56,id_test,0.1,marginal,empty_rate,10,0.0,0.0,0.0,0.0,0.0,0.0,0.0
FFF-B,landmark_still_registered,score_free,56,id_test,0.1,marginal,singleton_accuracy,10,0.8136488891806744,0.03763769252709023,0.7348484848484849,0.8002760064718759,0.8163489736070382,0.8335541963982331,0.8737864077669902
FFF-B,landmark_still_registered,score_free,56,id_test,0.1,marginal,class0_coverage,10,0.9499999999999998,0.018928661658475666,0.923728813559322,0.934322033898305,0.9491525423728814,0.9576271186440678,0.9830508474576272
FFF-B,landmark_still_registered,score_free,56,id_test,0.1,marginal,class1_coverage,10,0.8351063829787234,0.06147140362893516,0.7021276595744681,0.8164893617021276,0.851063829787234,0.8696808510638299,0.9042553191489362
FFF-B,landmark_still_registered,score_free,56,id_test,0.1,marginal,class0_avg_set_size,10,1.4338983050847458,0.07342459478546771,1.3389830508474576,1.375,1.4406779661016949,1.4703389830508475,1.576271186440678
FFF-B,landmark_still_registered,score_free,56,id_test,0.1,marginal,class1_avg_set_size,10,1.5,0.09672469288642449,1.3829787234042554,1.4175531914893618,1.5159574468085106,1.5425531914893618,1.6914893617021276
FFF-B,landmark_still_registered,score_free,56,id_test,0.1,marginal,class0_singleton_accuracy,10,0.9135496491174859,0.02797792869449977,0.8714285714285714,0.8996394230769231,0.9076704545454546,0.9298387096774193,0.96
FFF-B,landmark_still_registered,score_free,56,id_test,0.1,marginal,class1_singleton_accuracy,10,0.6693728446565139,0.10055527782637268,0.4909090909090909,0.5912189254210105,0.7144927536231884,0.739766081871345,0.775
FFF-B,landmark_still_registered,score_free,56,id_test,0.2,label_conditional,coverage,10,0.834433962264151,0.029453341198929287,0.7641509433962265,0.8231132075471699,0.839622641509434,0.8525943396226415,0.8726415094339622
FFF-B,landmark_still_registered,score_free,56,id_test,0.2,label_conditional,avg_set_size,10,1.2778301886792451,0.07906944902974031,1.1886792452830188,1.2122641509433962,1.2712264150943398,1.3195754716981132,1.4433962264150944
FFF-B,landmark_still_registered,score_free,56,id_test,0.2,label_conditional,singleton_rate,10,0.7221698113207548,0.07906944902974031,0.5566037735849056,0.6804245283018868,0.7287735849056604,0.7877358490566038,0.8113207547169812
FFF-B,landmark_still_registered,score_free,56,id_test,0.2,label_conditional,ambiguous_rate,10,0.27783018867924525,0.0790694490297403,0.18867924528301888,0.21226415094339623,0.27122641509433965,0.3195754716981132,0.44339622641509435
FFF-B,landmark_still_registered,score_free,56,id_test,0.2,label_conditional,empty_rate,10,0.0,0.0,0.0,0.0,0.0,0.0,0.0
FFF-B,landmark_still_registered,score_free,56,id_test,0.2,label_conditional,singleton_accuracy,10,0.770039031096068,0.035466891422886525,0.7093023255813954,0.7583874458874459,0.7788117892782549,0.7890131898365431,0.8111888111888111
FFF-B,landmark_still_registered,score_free,56,id_test,0.2,label_conditional,class0_coverage,10,0.8381355932203391,0.03882511197407609,0.788135593220339,0.8050847457627118,0.8347457627118644,0.8686440677966102,0.8898305084745762
FFF-B,landmark_still_registered,score_free,56,id_test,0.2,label_conditional,class1_coverage,10,0.8297872340425532,0.0586983877916555,0.7127659574468085,0.800531914893617,0.8351063829787234,0.8696808510638299,0.9148936170212766
FFF-B,landmark_still_registered,score_free,56,id_test,0.2,label_conditional,class0_avg_set_size,10,1.2991525423728814,0.07736710044141991,1.1864406779661016,1.2415254237288136,1.2966101694915255,1.3347457627118644,1.4406779661016949
FFF-B,landmark_still_registered,score_free,56,id_test,0.2,label_conditional,class1_avg_set_size,10,1.251063829787234,0.09057490096863811,1.1382978723404256,1.1861702127659575,1.2446808510638299,1.2792553191489362,1.446808510638298
FFF-B,landmark_still_registered,score_free,56,id_test,0.2,label_conditional,class0_singleton_accuracy,10,0.7666110872059667,0.06320334086866274,0.6515151515151515,0.7254016064257028,0.7770354645354645,0.8177083333333333,0.8433734939759037
FFF-B,landmark_still_registered,score_free,56,id_test,0.2,label_conditional,class1_singleton_accuracy,10,0.7740545086414664,0.0651155408854924,0.6666666666666666,0.7316060542358629,0.781554712892741,0.8099758890898131,0.8857142857142857
FFF-B,landmark_still_registered,score_free,56,id_test,0.2,marginal,coverage,10,0.8174528301886792,0.041780726760009795,0.7169811320754716,0.8125,0.820754716981132,0.8372641509433962,0.8679245283018868
FFF-B,landmark_still_registered,score_free,56,id_test,0.2,marginal,avg_set_size,10,1.2089622641509432,0.09296828243387609,1.0471698113207548,1.1533018867924527,1.1933962264150941,1.2900943396226414,1.3443396226415094
FFF-B,landmark_still_registered,score_free,56,id_test,0.2,marginal,singleton_rate,10,0.7910377358490566,0.0929682824338761,0.6556603773584906,0.7099056603773585,0.8066037735849056,0.8466981132075472,0.9528301886792453
FFF-B,landmark_still_registered,score_free,56,id_test,0.2,marginal,ambiguous_rate,10,0.20896226415094338,0.0929682824338761,0.04716981132075472,0.15330188679245282,0.19339622641509435,0.29009433962264153,0.3443396226415094
FFF-B,landmark_still_registered,score_free,56,id_test,0.2,marginal,empty_rate,10,0.0,0.0,0.0,0.0,0.0,0.0,0.0
FFF-B,landmark_still_registered,score_free,56,id_test,0.2,marginal,singleton_accuracy,10,0.7704535770051473,0.03362420818266826,0.7029702970297029,0.7618490018958403,0.7749648382559775,0.780589411540659,0.8181818181818182
FFF-B,landmark_still_registered,score_free,56,id_test,0.2,marginal,class0_coverage,10,0.9059322033898305,0.0278072874628807,0.8559322033898306,0.8919491525423728,0.9067796610169492,0.9216101694915254,0.9576271186440678
FFF-B,landmark_still_registered,score_free,56,id_test,0.2,marginal,class1_coverage,10,0.7063829787234043,0.08860991886034317,0.5,0.6941489361702128,0.7234042553191489,0.7526595744680851,0.8085106382978723
FFF-B,landmark_still_registered,score_free,56,id_test,0.2,marginal,class0_avg_set_size,10,1.1813559322033897,0.07507962300736816,1.0593220338983051,1.1292372881355934,1.1779661016949152,1.2394067796610169,1.2881355932203389
FFF-B,landmark_still_registered,score_free,56,id_test,0.2,marginal,class1_avg_set_size,10,1.2436170212765958,0.11988228386130968,1.0319148936170213,1.1542553191489362,1.2446808510638299,1.3377659574468084,1.4148936170212767
FFF-B,landmark_still_registered,score_free,56,id_test,0.2,marginal,class0_singleton_accuracy,10,0.885975234625399,0.02962992457747551,0.8282828282828283,0.872894633764199,0.8855677975346351,0.8942669172932332,0.9418604651162791
FFF-B,landmark_still_registered,score_free,56,id_test,0.2,marginal,class1_singleton_accuracy,10,0.6121308738308369,0.08941788676371672,0.4835164835164835,0.5354179315927949,0.6381818181818182,0.6843808851224106,0.7160493827160493
FFF-B,landmark_still_registered,score_free,56,ood_test,0.05,label_conditional,coverage,10,0.9528006589785832,0.014943761119426923,0.9250411861614497,0.9433690280065898,0.9600494233937398,0.9616968698517299,0.9670510708401977
FFF-B,landmark_still_registered,score_free,56,ood_test,0.05,label_conditional,avg_set_size,10,1.6728995057660625,0.06423451039279812,1.5494233937397035,1.6497116968698518,1.6911037891268532,1.7172570016474464,1.7397034596375618
FFF-B,landmark_still_registered,score_free,56,ood_test,0.05,label_conditional,singleton_rate,10,0.3271004942339374,0.06423451039279814,0.2602965403624382,0.28274299835255357,0.3088962108731466,0.3502883031301483,0.45057660626029655
FFF-B,landmark_still_registered,score_free,56,ood_test,0.05,label_conditional,ambiguous_rate,10,0.6728995057660627,0.06423451039279812,0.5494233937397035,0.6497116968698518,0.6911037891268534,0.7172570016474464,0.7397034596375618
FFF-B,landmark_still_registered,score_free,56,ood_test,0.05,label_conditional,empty_rate,10,0.0,0.0,0.0,0.0,0.0,0.0,0.0
FFF-B,landmark_still_registered,score_free,56,ood_test,0.05,label_conditional,singleton_accuracy,10,0.8572925902403407,0.024897532173267258,0.8142493638676844,0.8399324020672608,0.8597740917879313,0.8766200669870394,0.8921832884097035
FFF-B,landmark_still_registered,score_free,56,ood_test,0.05,label_conditional,class0_coverage,10,0.9389062499999998,0.026795850016840293,0.9015625,0.91484375,0.94453125,0.958203125,0.9734375
FFF-B,landmark_still_registered,score_free,56,ood_test,0.05,label_conditional,class1_coverage,10,0.9682926829268294,0.016462159944159838,0.9512195121951219,0.9551393728222997,0.9625435540069687,0.9804006968641115,0.9965156794425087
FFF-B,landmark_still_registered,score_free,56,ood_test,0.05,label_conditional,class0_avg_set_size,10,1.7565625,0.0897823612734335,1.625,1.696875,1.75078125,1.804296875,1.909375
FFF-B,landmark_still_registered,score_free,56,ood_test,0.05,label_conditional,class1_avg_set_size,10,1.5796167247386759,0.06244860942482673,1.4651567944250872,1.5505226480836236,1.5940766550522647,1.6245644599303135,1.6585365853658536
FFF-B,landmark_still_registered,score_free,56,ood_test,0.05,label_conditional,class0_singleton_accuracy,10,0.6971930080275923,0.21933353294947738,0.1896551724137931,0.5954861111111112,0.752188264965507,0.8447368421052631,0.8982035928143712
FFF-B,landmark_still_registered,score_free,56,ood_test,0.05,label_conditional,class1_singleton_accuracy,10,0.9230529752265006,0.04174159697169121,0.8571428571428571,0.8945715784243361,0.9120459186830868,0.9521445809565598,0.9922480620155039
FFF-B,landmark_still_registered,score_free,56,ood_test,0.05,marginal,coverage,10,0.9625205930807249,0.013129423630977733,0.943163097199341,0.9546952224052718,0.9645799011532126,0.9666392092257001,0.9818780889621087
FFF-B,landmark_still_registered,score_free,56,ood_test,0.05,marginal,avg_set_size,10,1.689703459637562,0.07214888685604715,1.5774299835255354,1.64332784184514,1.6894563426688634,1.7230230642504119,1.8097199341021417
FFF-B,landmark_still_registered,score_free,56,ood_test,0.05,marginal,singleton_rate,10,0.3102965403624382,0.07214888685604713,0.1902800658978583,0.27697693574958815,0.31054365733113676,0.35667215815486,0.42257001647446457
FFF-B,landmark_still_registered,score_free,56,ood_test,0.05,marginal,ambiguous_rate,10,0.6897034596375617,0.07214888685604713,0.5774299835255354,0.64332784184514,0.6894563426688632,0.7230230642504119,0.8097199341021417
FFF-B,landmark_still_registered,score_free,56,ood_test,0.05,marginal,empty_rate,10,0.0,0.0,0.0,0.0,0.0,0.0,0.0
FFF-B,landmark_still_registered,score_free,56,ood_test,0.05,marginal,singleton_accuracy,10,0.8823683412674347,0.018126303285256863,0.857451403887689,0.8691252144082333,0.8812120428995995,0.8912466843501325,0.9157088122605364
FFF-B,landmark_still_registered,score_free,56,ood_test,0.05,marginal,class0_coverage,10,0.9729687499999999,0.013094582809632903,0.9421875,0.96796875,0.9789062500000001,0.98125,0.9859375
FFF-B,landmark_still_registered,score_free,56,ood_test,0.05,marginal,class1_coverage,10,0.9508710801393727,0.019945008917564115,0.9163763066202091,0.9416376306620209,0.9503484320557491,0.9512195121951219,0.9825783972125436
FFF-B,landmark_still_registered,score_free,56,ood_test,0.05,marginal,class0_avg_set_size,10,1.7235937499999998,0.08867774469681716,1.5921875,1.680859375,1.70078125,1.744140625,1.890625
FFF-B,landmark_still_registered,score_free,56,ood_test,0.05,marginal,class1_avg_set_size,10,1.65191637630662,0.062436457762081135,1.5609756097560976,1.6014808362369337,1.6750871080139373,1.7060104529616726,1.7195121951219512
FFF-B,landmark_still_registered,score_free,56,ood_test,0.05,marginal,class0_singleton_accuracy,10,0.8965671388398372,0.04358157183141145,0.8262910798122066,0.8751291055567032,0.9073895116608685,0.9282977558839627,0.9536082474226805
FFF-B,landmark_still_registered,score_free,56,ood_test,0.05,marginal,class1_singleton_accuracy,10,0.8611104606817056,0.04813342819087773,0.8087431693989071,0.8278647925033468,0.8458560193587417,0.8825652173913043,0.9401197604790419
FFF-B,landmark_still_registered,score_free,56,ood_test,0.1,label_conditional,coverage,10,0.9080724876441515,0.013630621508862602,0.8855024711696869,0.904654036243822,0.9093904448105437,0.9188632619439868,0.9250411861614497
FFF-B,landmark_still_registered,score_free,56,ood_test,0.1,label_conditional,avg_set_size,10,1.520840197693575,0.06206845477650075,1.4324546952224053,1.484349258649094,1.507001647446458,1.551482701812191,1.6243822075782537
FFF-B,landmark_still_registered,score_free,56,ood_test,0.1,label_conditional,singleton_rate,10,0.4791598023064251,0.06206845477650072,0.3756177924217463,0.4485172981878089,0.49299835255354196,0.515650741350906,0.5675453047775947
FFF-B,landmark_still_registered,score_free,56,ood_test,0.1,label_conditional,ambiguous_rate,10,0.5208401976935749,0.062068454776500734,0.43245469522240526,0.4843492586490939,0.507001647446458,0.5514827018121911,0.6243822075782537
FFF-B,landmark_still_registered,score_free,56,ood_test,0.1,label_conditional,empty_rate,10,0.0,0.0,0.0,0.0,0.0,0.0,0.0
FFF-B,landmark_still_registered,score_free,56,ood_test,0.1,label_conditional,singleton_accuracy,10,0.8079865342812068,0.014254193008693976,0.7916666666666666,0.7982132350056879,0.803289844680066,0.8172353341211621,0.8317929759704251
FFF-B,landmark_still_registered,score_free,56,ood_test,0.1,label_conditional,class0_coverage,10,0.87953125,0.03147876337156173,0.8375,0.8671875,0.8703125,0.8898437499999999,0.9421875
FFF-B,landmark_still_registered,score_free,56,ood_test,0.1,label_conditional,class1_coverage,10,0.9398954703832754,0.029840764054996347,0.8972125435540069,0.9155052264808363,0.9451219512195121,0.9525261324041812,0.9825783972125436
FFF-B,landmark_still_registered,score_free,56,ood_test,0.1,label_conditional,class0_avg_set_size,10,1.60390625,0.0942528470410694,1.5,1.534765625,1.590625,1.641015625,1.7765625
FFF-B,landmark_still_registered,score_free,56,ood_test,0.1,label_conditional,class1_avg_set_size,10,1.4282229965156794,0.053083026198224796,1.3379790940766552,1.4098432055749128,1.4355400696864111,1.4573170731707317,1.505226480836237
FFF-B,landmark_still_registered,score_free,56,ood_test,0.1,label_conditional,class0_singleton_accuracy,10,0.6702424949014425,0.14274098604541974,0.40559440559440557,0.620310391363023,0.690111481741573,0.7586881358764911,0.8560311284046692
FFF-B,landmark_still_registered,score_free,56,ood_test,0.1,label_conditional,class1_singleton_accuracy,10,0.8933122080053026,0.0581771443783682,0.8098591549295775,0.8450120473262128,0.9119795758051846,0.9187830221909122,0.9680511182108626
FFF-B,landmark_still_registered,score_free,56,ood_test,0.1,marginal,coverage,10,0.9157331136738056,0.01852533010876448,0.8805601317957167,0.9058896210873146,0.9155683690280065,0.9301894563426688,0.943986820428336
FFF-B,landmark_still_registered,score_free,56,ood_test,0.1,marginal,avg_set_size,10,1.5075782537067546,0.0620037412218517,1.4102141680395388,1.4569604612850082,1.510708401976936,1.5595140032948929,1.598846787479407
FFF-B,landmark_still_registered,score_free,56,ood_test,0.1,marginal,singleton_rate,10,0.4924217462932455,0.06200374122185168,0.4011532125205931,0.4404859967051071,0.4892915980230642,0.5430395387149918,0.5897858319604613
FFF-B,landmark_still_registered,score_free,56,ood_test,0.1,marginal,ambiguous_rate,10,0.5075782537067546,0.06200374122185167,0.4102141680395387,0.4569604612850082,0.5107084019769357,0.5595140032948929,0.5988467874794069
FFF-B,landmark_still_registered,score_free,56,ood_test,0.1,marginal,empty_rate,10,0.0,0.0,0.0,0.0,0.0,0.0,0.0
FFF-B,landmark_still_registered,score_free,56,ood_test,0.1,marginal,singleton_accuracy,10,0.830606868935081,0.016932899424141713,0.797486033519553,0.8253330314351485,0.8298993572919465,0.8399508515965504,0.8603696098562629
FFF-B,landmark_still_registered,score_free,56,ood_test,0.1,marginal,class0_coverage,10,0.94359375,0.020365182749064105,0.9125,0.9289062499999999,0.940625,0.9632812500000001,0.96875
FFF-B,landmark_still_registered,score_free,56,ood_test,0.1,marginal,class1_coverage,10,0.8846689895470383,0.030814301753792794,0.8362369337979094,0.865418118466899,0.8885017421602788,0.9094076655052266,0.926829268292683
FFF-B,landmark_still_registered,score_free,56,ood_test,0.1,marginal,class0_avg_set_size,10,1.5137500000000002,0.06680811816521834,1.4125,1.4874999999999998,1.5078125,1.5609374999999999,1.603125
FFF-B,landmark_still_registered,score_free,56,ood_test,0.1,marginal,class1_avg_set_size,10,1.5006968641114982,0.06682672898174646,1.4041811846689896,1.4390243902439024,1.5104529616724738,1.5409407665505226,1.6010452961672474
FFF-B,landmark_still_registered,score_free,56,ood_test,0.1,marginal,class0_singleton_accuracy,10,0.8834507023701222,0.039901051031035605,0.8276923076923077,0.85801393728223,0.8737536656891496,0.9194590314245228,0.9388297872340425
FFF-B,landmark_still_registered,score_free,56,ood_test,0.1,marginal,class1_singleton_accuracy,10,0.7695948104579998,0.050837334373665145,0.6909722222222222,0.7351551956815114,0.7697577960981106,0.810736939406496,0.8415094339622642
FFF-B,landmark_still_registered,score_free,56,ood_test,0.2,label_conditional,coverage,10,0.8214991762767709,0.01764148594951431,0.7915980230642504,0.815485996705107,0.8237232289950577,0.8338138385502472,0.841845140032949
FFF-B,landmark_still_registered,score_free,56,ood_test,0.2,label_conditional,avg_set_size,10,1.2737232289950575,0.05399846268085792,1.1845140032948929,1.2411449752883033,1.270181219110379,1.3134266886326194,1.3682042833607908
FFF-B,landmark_still_registered,score_free,56,ood_test,0.2,label_conditional,singleton_rate,10,0.7262767710049423,0.05399846268085793,0.6317957166392092,0.6865733113673805,0.729818780889621,0.7588550247116969,0.8154859967051071
FFF-B,landmark_still_registered,score_free,56,ood_test,0.2,label_conditional,ambiguous_rate,10,0.27372322899505763,0.05399846268085791,0.18451400329489293,0.24114497528830314,0.2701812191103789,0.31342668863261947,0.36820428336079075
FFF-B,landmark_still_registered,score_free,56,ood_test,0.2,label_conditional,empty_rate,10,0.0,0.0,0.0,0.0,0.0,0.0,0.0
FFF-B,landmark_still_registered,score_free,56,ood_test,0.2,label_conditional,singleton_accuracy,10,0.7543810619525898,0.012497345796995988,0.7264864864864865,0.7487821500533365,0.757466377904334,0.7644045874990039,0.7667071688942891
FFF-B,landmark_still_registered,score_free,56,ood_test,0.2,label_conditional,class0_coverage,10,0.77546875,0.042511295986576714,0.6875,0.7609375,0.7679687500000001,0.808984375,0.828125
FFF-B,landmark_still_registered,score_free,56,ood_test,0.2,label_conditional,class1_coverage,10,0.872822299651568,0.03803605782534917,0.813588850174216,0.8497386759581882,0.862369337979094,0.9050522648083623,0.926829268292683
FFF-B,landmark_still_registered,score_free,56,ood_test,0.2,label_conditional,class0_avg_set_size,10,1.3249999999999997,0.07135226578976546,1.215625,1.285546875,1.31953125,1.3488281249999998,1.459375
FFF-B,landmark_still_registered,score_free,56,ood_test,0.2,label_conditional,class1_avg_set_size,10,1.2165505226480837,0.03992255300891306,1.1498257839721255,1.1916376306620209,1.215156794425087,1.2312717770034844,1.2874564459930313
FFF-B,landmark_still_registered,score_free,56,ood_test,0.2,label_conditional,class0_singleton_accuracy,10,0.6639755216959925,0.07138620653958973,0.5652173913043478,0.6065751287252301,0.6628035422116638,0.7235940979955456,0.7605042016806722
FFF-B,landmark_still_registered,score_free,56,ood_test,0.2,label_conditional,class1_singleton_accuracy,10,0.838130283762456,0.04626653207880849,0.7708779443254818,0.8012999185004075,0.8296772200210825,0.8809934017595308,0.9002375296912114
FFF-B,landmark_still_registered,score_free,56,ood_test,0.2,marginal,coverage,10,0.8135090609555189,0.033561485168261115,0.7405271828665568,0.7996293245469522,0.8113673805601318,0.8393739703459637,0.857495881383855
FFF-B,landmark_still_registered,score_free,56,ood_test,0.2,marginal,avg_set_size,10,1.2149093904448105,0.09130369135917965,1.0378912685337727,1.1676276771004943,1.2038714991762767,1.2841845140032948,1.342668863261944
FFF-B,landmark_still_registered,score_free,56,ood_test,0.2,marginal,singleton_rate,10,0.7850906095551895,0.09130369135917965,0.657331136738056,0.7158154859967052,0.7961285008237232,0.8323723228995057,0.9621087314662273
FFF-B,landmark_still_registered,score_free,56,ood_test,0.2,marginal,ambiguous_rate,10,0.21490939044481056,0.09130369135917966,0.03789126853377265,0.16762767710049423,0.20387149917627678,0.2841845140032949,0.342668863261944
FFF-B,landmark_still_registered,score_free,56,ood_test,0.2,marginal,empty_rate,10,0.0,0.0,0.0,0.0,0.0,0.0,0.0
FFF-B,landmark_still_registered,score_free,56,ood_test,0.2,marginal,singleton_accuracy,10,0.7639278468939383,0.01457268727339695,0.7303082191780822,0.7603464103306232,0.7635137808431577,0.77272124319341,0.7832080200501254
FFF-B,landmark_still_registered,score_free,56,ood_test,0.2,marginal,class0_coverage,10,0.8614062500000002,0.031085068232414883,0.8078125,0.84765625,0.85625,0.8707031249999999,0.925
FFF-B,landmark_still_registered,score_free,56,ood_test,0.2,marginal,class1_coverage,10,0.7601045296167248,0.06111675495191658,0.60801393728223,0.7443379790940767,0.7848432055749128,0.7961672473867596,0.8205574912891986
FFF-B,landmark_still_registered,score_free,56,ood_test,0.2,marginal,class0_avg_set_size,10,1.2115625,0.09046681596954027,1.0234375,1.162890625,1.21328125,1.27734375,1.3296875
FFF-B,landmark_still_registered,score_free,56,ood_test,0.2,marginal,class1_avg_set_size,10,1.2186411149825784,0.09585664265821156,1.0540069686411149,1.164198606271777,1.2090592334494774,1.28397212543554,1.386759581881533
FFF-B,landmark_still_registered,score_free,56,ood_test,0.2,marginal,class0_singleton_accuracy,10,0.8239497390981441,0.03743443075022907,0.7630057803468208,0.8014175746733886,0.818153069901125,0.8479847494553376,0.8923766816143498
FFF-B,landmark_still_registered,score_free,56,ood_test,0.2,marginal,class1_singleton_accuracy,10,0.6946136874691724,0.05173863726076635,0.585635359116022,0.6695710277515524,0.7002878978224456,0.7337857021781506,0.7505112474437627
FFF-J,landmark_still_registered,score_free,14,id_test,0.05,label_conditional,coverage,10,0.9553333333333335,0.014418780620007423,0.9366666666666666,0.9441666666666667,0.9533333333333334,0.9633333333333334,0.98
FFF-J,landmark_still_registered,score_free,14,id_test,0.05,label_conditional,avg_set_size,10,1.754,0.032690089863881416,1.7133333333333334,1.7208333333333332,1.7616666666666667,1.7816666666666667,1.7933333333333332
FFF-J,landmark_still_registered,score_free,14,id_test,0.05,label_conditional,singleton_rate,10,0.24600000000000005,0.032690089863881416,0.20666666666666667,0.21833333333333332,0.23833333333333334,0.2791666666666667,0.2866666666666667
FFF-J,landmark_still_registered,score_free,14,id_test,0.05,label_conditional,ambiguous_rate,10,0.754,0.0326900898638814,0.7133333333333334,0.7208333333333333,0.7616666666666667,0.7816666666666666,0.7933333333333333
FFF-J,landmark_still_registered,score_free,14,id_test,0.05,label_conditional,empty_rate,10,0.0,0.0,0.0,0.0,0.0,0.0,0.0
FFF-J,landmark_still_registered,score_free,14,id_test,0.05,label_conditional,singleton_accuracy,10,0.8201084646247647,0.04777969134159212,0.7702702702702703,0.7797619047619048,0.8182670667666917,0.8341628959276018,0.9130434782608695
FFF-J,landmark_still_registered,score_free,14,id_test,0.05,label_conditional,class0_coverage,10,0.9567073170731708,0.030208750005673527,0.9085365853658537,0.9344512195121951,0.9573170731707317,0.9801829268292683,1.0
FFF-J,landmark_still_registered,score_free,14,id_test,0.05,label_conditional,class1_coverage,10,0.9536764705882353,0.021098371781036625,0.9117647058823529,0.9430147058823529,0.9558823529411765,0.96875,0.9852941176470589
FFF-J,landmark_still_registered,score_free,14,id_test,0.05,label_conditional,class0_avg_set_size,10,1.7914634146341464,0.041535088697381504,1.725609756097561,1.7774390243902438,1.7865853658536586,1.8109756097560976,1.8719512195121952
FFF-J,landmark_still_registered,score_free,14,id_test,0.05,label_conditional,class1_avg_set_size,10,1.7088235294117644,0.06505033097072015,1.625,1.650735294117647,1.7058823529411764,1.7591911764705883,1.8014705882352942
FFF-J,landmark_still_registered,score_free,14,id_test,0.05,label_conditional,class0_singleton_accuracy,10,0.7879469805940393,0.14053809067919276,0.5714285714285714,0.6803571428571429,0.7936507936507937,0.9034749034749034,1.0
FFF-J,landmark_still_registered,score_free,14,id_test,0.05,label_conditional,class1_singleton_accuracy,10,0.826155989389529,0.09478044171465837,0.6923076923076923,0.7335069444444444,0.8554006968641115,0.8990683229813664,0.9607843137254902
FFF-J,landmark_still_registered,score_free,14,id_test,0.05,marginal,coverage,10,0.9570000000000001,0.014268154993326216,0.93,0.9483333333333334,0.96,0.9633333333333334,0.98
FFF-J,landmark_still_registered,score_free,14,id_test,0.05,marginal,avg_set_size,10,1.7443333333333335,0.0339952792655933,1.6866666666666668,1.7341666666666666,1.7466666666666666,1.7683333333333333,1.7866666666666666
FFF-J,landmark_still_registered,score_free,14,id_test,0.05,marginal,singleton_rate,10,0.25566666666666665,0.033995279265593314,0.21333333333333335,0.2316666666666667,0.2533333333333333,0.2658333333333333,0.31333333333333335
FFF-J,landmark_still_registered,score_free,14,id_test,0.05,marginal,ambiguous_rate,10,0.7443333333333333,0.033995279265593314,0.6866666666666666,0.7341666666666666,0.7466666666666667,0.7683333333333333,0.7866666666666666
FFF-J,landmark_still_registered,score_free,14,id_test,0.05,marginal,empty_rate,10,0.0,0.0,0.0,0.0,0.0,0.0,0.0
FFF-J,landmark_still_registered,score_free,14,id_test,0.05,marginal,singleton_accuracy,10,0.8332443411065313,0.041508254994848226,0.776595744680851,0.8131793478260869,0.8279929577464789,0.8387681159420289,0.9240506329113924
FFF-J,landmark_still_registered,score_free,14,id_test,0.05,marginal,class0_coverage,10,0.9737804878048779,0.01601698236166306,0.9512195121951219,0.9649390243902438,0.9725609756097561,0.9862804878048781,1.0
FFF-J,landmark_still_registered,score_free,14,id_test,0.05,marginal,class1_coverage,10,0.9367647058823529,0.028202254634593187,0.875,0.9283088235294118,0.9411764705882353,0.9540441176470589,0.9779411764705882
FFF-J,landmark_still_registered,score_free,14,id_test,0.05,marginal,class0_avg_set_size,10,1.747560975609756,0.04294345576014396,1.6646341463414633,1.7469512195121952,1.7621951219512195,1.766768292682927,1.7926829268292683
FFF-J,landmark_still_registered,score_free,14,id_test,0.05,marginal,class1_avg_set_size,10,1.740441176470588,0.03717903782399271,1.6985294117647058,1.7113970588235294,1.7279411764705883,1.7775735294117647,1.7941176470588236
FFF-J,landmark_still_registered,score_free,14,id_test,0.05,marginal,class0_singleton_accuracy,10,0.8963189305485877,0.06097129253275616,0.7948717948717948,0.8551948051948052,0.8980263157894737,0.9370144284128745,1.0
FFF-J,landmark_still_registered,score_free,14,id_test,0.05,marginal,class1_singleton_accuracy,10,0.7594781809252693,0.08697090984869356,0.5853658536585366,0.7181467181467182,0.7576887232059646,0.7982758620689656,0.9117647058823529
FFF-J,landmark_still_registered,score_free,14,id_test,0.1,label_conditional,coverage,10,0.909,0.01685449714687667,0.8766666666666667,0.9008333333333334,0.91,0.9191666666666667,0.9366666666666666
FFF-J,landmark_still_registered,score_free,14,id_test,0.1,label_conditional,avg_set_size,10,1.5776666666666668,0.035695903558590564,1.5,1.5641666666666665,1.585,1.595,1.6266666666666667
FFF-J,landmark_still_registered,score_free,14,id_test,0.1,label_conditional,singleton_rate,10,0.42233333333333334,0.03569590355859056,0.37333333333333335,0.40499999999999997,0.415,0.4358333333333333,0.5
FFF-J,landmark_still_registered,score_free,14,id_test,0.1,label_conditional,ambiguous_rate,10,0.5776666666666667,0.03569590355859054,0.5,0.5641666666666667,0.585,0.595,0.6266666666666667
FFF-J,landmark_still_registered,score_free,14,id_test,0.1,label_conditional,empty_rate,10,0.0,0.0,0.0,0.0,0.0,0.0,0.0
FFF-J,landmark_still_registered,score_free,14,id_test,0.1,label_conditional,singleton_accuracy,10,0.7840689746697539,0.03779163362883212,0.725925925925926,0.7715958284140103,0.7835772357723577,0.8040450928381964,0.8549618320610687
FFF-J,landmark_still_registered,score_free,14,id_test,0.1,label_conditional,class0_coverage,10,0.9079268292682927,0.044572016823563286,0.8353658536585366,0.8856707317073171,0.9054878048780488,0.926829268292683,0.9817073170731707
FFF-J,landmark_still_registered,score_free,14,id_test,0.1,label_conditional,class1_coverage,10,0.9102941176470587,0.04039287073422092,0.8455882352941176,0.8841911764705882,0.9080882352941176,0.9430147058823529,0.9705882352941176
FFF-J,landmark_still_registered,score_free,14,id_test,0.1,label_conditional,class0_avg_set_size,10,1.61890243902439,0.055829600385448604,1.524390243902439,1.586890243902439,1.6280487804878048,1.667682926829268,1.6768292682926829
FFF-J,landmark_still_registered,score_free,14,id_test,0.1,label_conditional,class1_avg_set_size,10,1.5279411764705881,0.044766470811101446,1.4558823529411764,1.5073529411764706,1.5257352941176472,1.5625,1.588235294117647
FFF-J,landmark_still_registered,score_free,14,id_test,0.1,label_conditional,class0_singleton_accuracy,10,0.7488396580596789,0.12788913120082254,0.5660377358490566,0.6619496855345912,0.7581196581196581,0.8118131868131868,0.9594594594594594
FFF-J,landmark_still_registered,score_free,14,id_test,0.1,label_conditional,class1_singleton_accuracy,10,0.8074278706463975,0.09419745486064414,0.625,0.7565298507462687,0.8138015064244573,0.8737035163167215,0.9393939393939394
FFF-J,landmark_still_registered,score_free,14,id_test,0.1,marginal,coverage,10,0.9093333333333333,0.017694248211017234,0.8833333333333333,0.8983333333333333,0.9083333333333333,0.92,0.94
FFF-J,landmark_still_registered,score_free,14,id_test,0.1,marginal,avg_set_size,10,1.5580000000000003,0.038911104765530266,1.5,1.5358333333333334,1.5616666666666665,1.5808333333333333,1.6166666666666667
FFF-J,landmark_still_registered,score_free,14,id_test,0.1,marginal,singleton_rate,10,0.442,0.03891110476553028,0.38333333333333336,0.4191666666666667,0.43833333333333335,0.46416666666666667,0.5
FFF-J,landmark_still_registered,score_free,14,id_test,0.1,marginal,ambiguous_rate,10,0.5579999999999999,0.03891110476553031,0.5,0.5358333333333334,0.5616666666666666,0.5808333333333333,0.6166666666666667
FFF-J,landmark_still_registered,score_free,14,id_test,0.1,marginal,empty_rate,10,0.0,0.0,0.0,0.0,0.0,0.0,0.0
FFF-J,landmark_still_registered,score_free,14,id_test,0.1,marginal,singleton_accuracy,10,0.7947388551806565,0.035210101463865266,0.7615384615384615,0.7696308724832215,0.7829774436090225,0.8103091032608696,0.8714285714285714
FFF-J,landmark_still_registered,score_free,14,id_test,0.1,marginal,class0_coverage,10,0.9512195121951221,0.02505859350800394,0.9146341463414634,0.9329268292682927,0.9512195121951219,0.9634146341463414,0.9939024390243902
FFF-J,landmark_still_registered,score_free,14,id_test,0.1,marginal,class1_coverage,10,0.8588235294117647,0.02131084815616094,0.8382352941176471,0.8455882352941176,0.8492647058823529,0.8694852941176471,0.9044117647058824
FFF-J,landmark_still_registered,score_free,14,id_test,0.1,marginal,class0_avg_set_size,10,1.5378048780487803,0.04063007621696999,1.4634146341463414,1.5091463414634148,1.5609756097560976,1.565548780487805,1.579268292682927
FFF-J,landmark_still_registered,score_free,14,id_test,0.1,marginal,class1_avg_set_size,10,1.5823529411764705,0.05231565831159121,1.5,1.5514705882352942,1.5772058823529411,1.6047794117647058,1.6838235294117647
FFF-J,landmark_still_registered,score_free,14,id_test,0.1,marginal,class0_singleton_accuracy,10,0.8937261788722175,0.051962683796415936,0.8405797101449275,0.8467657798643714,0.8888888888888888,0.9160714285714285,0.9880952380952381
FFF-J,landmark_still_registered,score_free,14,id_test,0.1,marginal,class1_singleton_accuracy,10,0.6603703288137184,0.04995725846794787,0.5510204081632653,0.6553137365743358,0.6667107350608144,0.6951155462184874,0.7192982456140351
FFF-J,landmark_still_registered,score_free,14,id_test,0.2,label_conditional,coverage,10,0.8166666666666667,0.031308895119123034,0.7566666666666667,0.8,0.8133333333333334,0.8383333333333334,0.86
FFF-J,landmark_still_registered,score_free,14,id_test,0.2,label_conditional,avg_set_size,10,1.3039999999999998,0.05332870350274745,1.2033333333333334,1.2841666666666667,1.2983333333333333,1.3166666666666667,1.4133333333333333
FFF-J,landmark_still_registered,score_free,14,id_test,0.2,label_conditional,singleton_rate,10,0.696,0.05332870350274747,0.5866666666666667,0.6833333333333333,0.7016666666666667,0.7158333333333333,0.7966666666666666
FFF-J,landmark_still_registered,score_free,14,id_test,0.2,label_conditional,ambiguous_rate,10,0.304,0.05332870350274747,0.20333333333333334,0.2841666666666667,0.29833333333333334,0.31666666666666665,0.41333333333333333
FFF-J,landmark_still_registered,score_free,14,id_test,0.2,label_conditional,empty_rate,10,0.0,0.0,0.0,0.0,0.0,0.0,0.0
FFF-J,landmark_still_registered,score_free,14,id_test,0.2,label_conditional,singleton_accuracy,10,0.7367640457580966,0.038225771786176276,0.6651376146788991,0.7172854133754607,0.7360213008748573,0.7472625090645395,0.7951219512195122
FFF-J,landmark_still_registered,score_free,14,id_test,0.2,label_conditional,class0_coverage,10,0.8201219512195121,0.057001234399919345,0.7317073170731707,0.7850609756097562,0.8353658536585366,0.8582317073170731,0.9085365853658537
FFF-J,landmark_still_registered,score_free,14,id_test,0.2,label_conditional,class1_coverage,10,0.8125,0.04346604865433382,0.7279411764705882,0.7904411764705882,0.8088235294117647,0.8382352941176471,0.8823529411764706
FFF-J,landmark_still_registered,score_free,14,id_test,0.2,label_conditional,class0_avg_set_size,10,1.3335365853658536,0.05354832855755708,1.2439024390243902,1.3064024390243902,1.332317073170732,1.3414634146341464,1.451219512195122
FFF-J,landmark_still_registered,score_free,14,id_test,0.2,label_conditional,class1_avg_set_size,10,1.2683823529411764,0.06193273906124159,1.1544117647058822,1.2426470588235294,1.2463235294117647,1.3051470588235294,1.3676470588235294
FFF-J,landmark_still_registered,score_free,14,id_test,0.2,label_conditional,class0_singleton_accuracy,10,0.7293978526255327,0.08494833750800053,0.5825242718446602,0.7083928061661433,0.7259259259259259,0.7847222222222223,0.8648648648648649
FFF-J,landmark_still_registered,score_free,14,id_test,0.2,label_conditional,class1_singleton_accuracy,10,0.7428626808847938,0.05829841511210143,0.6407766990291263,0.7148629296235679,0.7410250620907655,0.7751587689301417,0.8431372549019608
FFF-J,landmark_still_registered,score_free,14,id_test,0.2,marginal,coverage,10,0.8036666666666668,0.03447847781005949,0.7266666666666667,0.7858333333333334,0.8166666666666667,0.8258333333333333,0.84
FFF-J,landmark_still_registered,score_free,14,id_test,0.2,marginal,avg_set_size,10,1.2546666666666666,0.05737466210664641,1.1533333333333333,1.2366666666666666,1.2583333333333333,1.2916666666666665,1.3333333333333333
FFF-J,landmark_still_registered,score_free,14,id_test,0.2,marginal,singleton_rate,10,0.7453333333333333,0.057374662106646455,0.6666666666666666,0.7083333333333334,0.7416666666666667,0.7633333333333333,0.8466666666666667
FFF-J,landmark_still_registered,score_free,14,id_test,0.2,marginal,ambiguous_rate,10,0.25466666666666665,0.05737466210664645,0.15333333333333332,0.23666666666666666,0.2583333333333333,0.2916666666666667,0.3333333333333333
FFF-J,landmark_still_registered,score_free,14,id_test,0.2,marginal,empty_rate,10,0.0,0.0,0.0,0.0,0.0,0.0,0.0
FFF-J,landmark_still_registered,score_free,14,id_test,0.2,marginal,singleton_accuracy,10,0.7371323376038746,0.034971809843984174,0.6771653543307087,0.7122408530122525,0.7401415094339623,0.7692118506186386,0.7798165137614679
FFF-J,landmark_still_registered,score_free,14,id_test,0.2,marginal,class0_coverage,10,0.8932926829268295,0.03416206567880409,0.8109756097560976,0.8856707317073171,0.9054878048780488,0.913109756097561,0.926829268292683
FFF-J,landmark_still_registered,score_free,14,id_test,0.2,marginal,class1_coverage,10,0.6955882352941176,0.04729820650227035,0.6176470588235294,0.6783088235294118,0.7058823529411764,0.7132352941176471,0.7573529411764706
FFF-J,landmark_still_registered,score_free,14,id_test,0.2,marginal,class0_avg_set_size,10,1.2341463414634146,0.06003337032226865,1.1219512195121952,1.2301829268292683,1.2560975609756098,1.2621951219512195,1.3109756097560976
FFF-J,landmark_still_registered,score_free,14,id_test,0.2,marginal,class1_avg_set_size,10,1.2794117647058822,0.07237658362859511,1.1911764705882353,1.2113970588235294,1.2757352941176472,1.3363970588235294,1.3970588235294117
FFF-J,landmark_still_registered,score_free,14,id_test,0.2,marginal,class0_singleton_accuracy,10,0.8611328560067733,0.038132509081098664,0.7847222222222222,0.8449596774193548,0.871900826446281,0.87756313403842,0.9084507042253521
FFF-J,landmark_still_registered,score_free,14,id_test,0.2,marginal,class1_singleton_accuracy,10,0.5770202813336718,0.05313895420109032,0.5,0.5402037617554859,0.5761369716425897,0.6056481481481482,0.6597938144329897
FFF-J,landmark_still_registered,score_free,14,ood_test,0.05,label_conditional,coverage,10,0.9610555555555556,0.005006511535025452,0.9538888888888889,0.9573611111111111,0.9613888888888888,0.9626388888888888,0.9694444444444444
FFF-J,landmark_still_registered,score_free,14,ood_test,0.05,label_conditional,avg_set_size,10,1.7687777777777776,0.029983763324508455,1.7255555555555555,1.738611111111111,1.781111111111111,1.7895833333333333,1.805
FFF-J,landmark_still_registered,score_free,14,ood_test,0.05,label_conditional,singleton_rate,10,0.23122222222222222,0.029983763324508438,0.195,0.21041666666666667,0.2188888888888889,0.2613888888888889,0.27444444444444444
FFF-J,landmark_still_registered,score_free,14,ood_test,0.05,label_conditional,ambiguous_rate,10,0.7687777777777777,0.029983763324508448,0.7255555555555555,0.7386111111111111,0.7811111111111111,0.7895833333333333,0.805
FFF-J,landmark_still_registered,score_free,14,ood_test,0.05,label_conditional,empty_rate,10,0.0,0.0,0.0,0.0,0.0,0.0,0.0
FFF-J,landmark_still_registered,score_free,14,ood_test,0.05,label_conditional,singleton_accuracy,10,0.8313170811271924,0.010614922292772574,0.8148148148148148,0.8238706683168316,0.8311067083001,0.8399444496751718,0.8451443569553806
FFF-J,landmark_still_registered,score_free,14,ood_test,0.05,label_conditional,class0_coverage,10,0.9722781335773101,0.010161074478401685,0.9579139981701739,0.9659194876486734,0.9711802378774017,0.9784995425434584,0.9890210430009149
FFF-J,landmark_still_registered,score_free,14,ood_test,0.05,label_conditional,class1_coverage,10,0.9437057991513438,0.017751546064309422,0.9236209335219236,0.9321074964639321,0.9335219236209336,0.9621640735502122,0.9702970297029703
FFF-J,landmark_still_registered,score_free,14,ood_test,0.05,label_conditional,class0_avg_set_size,10,1.7497712717291858,0.04840736637598937,1.6806953339432753,1.715004574565416,1.7397072278133576,1.7955169258920403,1.817932296431839
FFF-J,landmark_still_registered,score_free,14,ood_test,0.05,label_conditional,class1_avg_set_size,10,1.798161244695898,0.03572062595531621,1.758132956152758,1.7715700141442716,1.7864214992927865,1.8260254596888261,1.8585572842998586
FFF-J,landmark_still_registered,score_free,14,ood_test,0.05,label_conditional,class0_singleton_accuracy,10,0.8807617091437026,0.06264271534316902,0.7688442211055276,0.8363713182037663,0.8942540420176203,0.9261967650709799,0.9572953736654805
FFF-J,landmark_still_registered,score_free,14,ood_test,0.05,label_conditional,class1_singleton_accuracy,10,0.7063108129149696,0.1235787898391611,0.53,0.6254835996635828,0.706782880768801,0.7991869918699187,0.8764705882352941
FFF-J,landmark_still_registered,score_free,14,ood_test,0.05,marginal,coverage,10,0.9558333333333333,0.008722399148948672,0.9372222222222222,0.9529166666666666,0.9572222222222222,0.9631944444444445,0.9638888888888889
FFF-J,landmark_still_registered,score_free,14,ood_test,0.05,marginal,avg_set_size,10,1.7322222222222223,0.04167613061244754,1.6483333333333334,1.7090277777777778,1.7522222222222221,1.7643055555555556,1.7666666666666666
FFF-J,landmark_still_registered,score_free,14,ood_test,0.05,marginal,singleton_rate,10,0.2677777777777778,0.041676130612447564,0.23333333333333334,0.23569444444444443,0.2477777777777778,0.29097222222222224,0.3516666666666667
FFF-J,landmark_still_registered,score_free,14,ood_test,0.05,marginal,ambiguous_rate,10,0.7322222222222223,0.04167613061244758,0.6483333333333333,0.7090277777777778,0.7522222222222222,0.7643055555555556,0.7666666666666667
FFF-J,landmark_still_registered,score_free,14,ood_test,0.05,marginal,empty_rate,10,0.0,0.0,0.0,0.0,0.0,0.0,0.0
FFF-J,landmark_still_registered,score_free,14,ood_test,0.05,marginal,singleton_accuracy,10,0.835822074868356,0.008972461521436426,0.8214849921011058,0.8311864289503424,0.8380106076815285,0.8428204694199956,0.8466981132075472
FFF-J,landmark_still_registered,score_free,14,ood_test,0.05,marginal,class0_coverage,10,0.9818847209515097,0.005081223690066094,0.9743824336688015,0.9784995425434584,0.9817017383348582,0.9865050320219579,0.9881061299176578
FFF-J,landmark_still_registered,score_free,14,ood_test,0.05,marginal,class1_coverage,10,0.9155586987270155,0.017867001447221902,0.8783592644978784,0.903111739745403,0.9236209335219236,0.9260961810466761,0.9349363507779349
FFF-J,landmark_still_registered,score_free,14,ood_test,0.05,marginal,class0_avg_set_size,10,1.682616651418115,0.05038108455951296,1.5809698078682526,1.6495882891125342,1.7086001829826167,1.719121683440073,1.7291857273559013
FFF-J,landmark_still_registered,score_free,14,ood_test,0.05,marginal,class1_avg_set_size,10,1.8089108910891092,0.031749960467257865,1.7524752475247525,1.795968882602546,1.8175388967468176,1.8345120226308347,1.8415841584158417
FFF-J,landmark_still_registered,score_free,14,ood_test,0.05,marginal,class0_singleton_accuracy,10,0.942553475749221,0.015110998117655258,0.918918918918919,0.9310444933382227,0.939478265833262,0.9575664749520714,0.9622641509433962
FFF-J,landmark_still_registered,score_free,14,ood_test,0.05,marginal,class1_singleton_accuracy,10,0.5587461146693897,0.04926453366222197,0.4765625,0.5247998768472907,0.5642375168690958,0.5940496837380127,0.6197183098591549
FFF-J,landmark_still_registered,score_free,14,ood_test,0.1,label_conditional,coverage,10,0.9194444444444445,0.012947080216998908,0.9022222222222223,0.9076388888888889,0.9202777777777778,0.9280555555555555,0.9388888888888889
FFF-J,landmark_still_registered,score_free,14,ood_test,0.1,label_conditional,avg_set_size,10,1.5950000000000002,0.04925299319655916,1.52,1.555972222222222,1.6016666666666666,1.6244444444444444,1.6594444444444445
FFF-J,landmark_still_registered,score_free,14,ood_test,0.1,label_conditional,singleton_rate,10,0.40499999999999997,0.04925299319655915,0.34055555555555556,0.37555555555555553,0.3983333333333333,0.4440277777777778,0.48
FFF-J,landmark_still_registered,score_free,14,ood_test,0.1,label_conditional,ambiguous_rate,10,0.595,0.04925299319655915,0.52,0.5559722222222222,0.6016666666666667,0.6244444444444444,0.6594444444444445
FFF-J,landmark_still_registered,score_free,14,ood_test,0.1,label_conditional,empty_rate,10,0.0,0.0,0.0,0.0,0.0,0.0,0.0
FFF-J,landmark_still_registered,score_free,14,ood_test,0.1,label_conditional,singleton_accuracy,10,0.8016166655412205,0.0153178430674305,0.7696879643387816,0.7972475188511865,0.8049670720981617,0.8117688811670357,0.8205546492659054
FFF-J,landmark_still_registered,score_free,14,ood_test,0.1,label_conditional,class0_coverage,10,0.9423604757548032,0.020863228272628303,0.9002744739249772,0.9352698993595608,0.9478499542543458,0.9553979871912168,0.9670631290027447
FFF-J,landmark_still_registered,score_free,14,ood_test,0.1,label_conditional,class1_coverage,10,0.884016973125884,0.03636786567784421,0.8189533239038189,0.8617397454031117,0.8882602545968883,0.907001414427157,0.9349363507779349
FFF-J,landmark_still_registered,score_free,14,ood_test,0.1,label_conditional,class0_avg_set_size,10,1.5696248856358646,0.06331539342373063,1.484903934126258,1.5189844464775846,1.5699908508691673,1.6296889295516925,1.655992680695334
FFF-J,landmark_still_registered,score_free,14,ood_test,0.1,label_conditional,class1_avg_set_size,10,1.6342291371994342,0.045100293804426594,1.5742574257425743,1.595827439886846,1.6329561527581329,1.6785714285714286,1.6845827439886847
FFF-J,landmark_still_registered,score_free,14,ood_test,0.1,label_conditional,class0_singleton_accuracy,10,0.861331425388346,0.06164842526517179,0.7190721649484536,0.8328364548680857,0.8818874126987738,0.8892326589928722,0.9310344827586207
FFF-J,landmark_still_registered,score_free,14,ood_test,0.1,label_conditional,class1_singleton_accuracy,10,0.6816884386745923,0.09312027005277851,0.5426008968609866,0.63622752260775,0.686841639373285,0.7245535714285714,0.8385964912280702
FFF-J,landmark_still_registered,score_free,14,ood_test,0.1,marginal,coverage,10,0.9067222222222222,0.011931014557347049,0.8927777777777778,0.8975,0.9044444444444444,0.91625,0.9277777777777778
FFF-J,landmark_still_registered,score_free,14,ood_test,0.1,marginal,avg_set_size,10,1.5378888888888889,0.03705721672475497,1.4838888888888888,1.5165277777777777,1.5416666666666665,1.555972222222222,1.6077777777777778
FFF-J,landmark_still_registered,score_free,14,ood_test,0.1,marginal,singleton_rate,10,0.46211111111111114,0.03705721672475496,0.39222222222222225,0.4440277777777778,0.45833333333333337,0.4834722222222222,0.5161111111111111
FFF-J,landmark_still_registered,score_free,14,ood_test,0.1,marginal,ambiguous_rate,10,0.537888888888889,0.03705721672475497,0.48388888888888887,0.5165277777777778,0.5416666666666667,0.5559722222222222,0.6077777777777778
FFF-J,landmark_still_registered,score_free,14,ood_test,0.1,marginal,empty_rate,10,0.0,0.0,0.0,0.0,0.0,0.0,0.0
FFF-J,landmark_still_registered,score_free,14,ood_test,0.1,marginal,singleton_accuracy,10,0.7988073920120529,0.011436926249365887,0.7877030162412993,0.7885909038731458,0.7940832259992647,0.8084290145290308,0.8158640226628895
FFF-J,landmark_still_registered,score_free,14,ood_test,0.1,marginal,class0_coverage,10,0.9690759377859104,0.004372905966193331,0.9615736505032022,0.9679780420860018,0.9693504117108874,0.9704940530649588,0.9780420860018298
FFF-J,landmark_still_registered,score_free,14,ood_test,0.1,marginal,class1_coverage,10,0.8103253182461103,0.028767360576589976,0.7765205091937766,0.7903111739745403,0.7956152758132956,0.8323903818953324,0.8656294200848657
FFF-J,landmark_still_registered,score_free,14,ood_test,0.1,marginal,class0_avg_set_size,10,1.470722781335773,0.035532069610300435,1.4199451052150045,1.4503659652333027,1.467063129002745,1.4805580969807868,1.5480329368709973
FFF-J,landmark_still_registered,score_free,14,ood_test,0.1,marginal,class1_avg_set_size,10,1.641725601131542,0.04665013398424493,1.5558698727015559,1.608910891089109,1.654879773691655,1.6746817538896748,1.7001414427157002
FFF-J,landmark_still_registered,score_free,14,ood_test,0.1,marginal,class0_singleton_accuracy,10,0.9413857133436576,0.008682137333058733,0.9291497975708503,0.9351170395220415,0.9419521024784183,0.9445466277341815,0.9591836734693877
FFF-J,landmark_still_registered,score_free,14,ood_test,0.1,marginal,class1_singleton_accuracy,10,0.47005734834115254,0.05591256140366419,0.3672566371681416,0.4276177041578793,0.48692743658831183,0.501179888795481,0.5518867924528302
FFF-J,landmark_still_registered,score_free,14,ood_test,0.2,label_conditional,coverage,10,0.8247222222222224,0.02612128774630717,0.7722222222222223,0.8131944444444444,0.8222222222222222,0.8411111111111111,0.8672222222222222
FFF-J,landmark_still_registered,score_free,14,ood_test,0.2,label_conditional,avg_set_size,10,1.3206666666666667,0.06801103355979127,1.1961111111111111,1.297361111111111,1.3069444444444445,1.3594444444444445,1.448888888888889
FFF-J,landmark_still_registered,score_free,14,ood_test,0.2,label_conditional,singleton_rate,10,0.6793333333333333,0.06801103355979128,0.5511111111111111,0.6405555555555555,0.6930555555555555,0.7026388888888889,0.8038888888888889
FFF-J,landmark_still_registered,score_free,14,ood_test,0.2,label_conditional,ambiguous_rate,10,0.32066666666666666,0.06801103355979128,0.19611111111111112,0.29736111111111113,0.30694444444444446,0.35944444444444446,0.4488888888888889
FFF-J,landmark_still_registered,score_free,14,ood_test,0.2,label_conditional,empty_rate,10,0.0,0.0,0.0,0.0,0.0,0.0,0.0
FFF-J,landmark_still_registered,score_free,14,ood_test,0.2,label_conditional,singleton_accuracy,10,0.7430504536103395,0.013261250049933726,0.7166551485832757,0.73624070290998,0.7442572624985341,0.7532137700141841,0.7590725806451613
FFF-J,landmark_still_registered,score_free,14,ood_test,0.2,label_conditional,class0_coverage,10,0.8670631290027447,0.027599625272010937,0.8051235132662397,0.856587374199451,0.8677950594693504,0.8810612991765783,0.9011893870082343
FFF-J,landmark_still_registered,score_free,14,ood_test,0.2,label_conditional,class1_coverage,10,0.7592644978783593,0.053842444539612073,0.6888260254596889,0.7259547383309759,0.7461103253182462,0.7751060820367751,0.8656294200848657
FFF-J,landmark_still_registered,score_free,14,ood_test,0.2,label_conditional,class0_avg_set_size,10,1.3034766697163769,0.071470075848355,1.1884720951509606,1.2621225983531565,1.2923147301006406,1.3382891125343093,1.4483074107959744
FFF-J,landmark_still_registered,score_free,14,ood_test,0.2,label_conditional,class1_avg_set_size,10,1.347241867043847,0.06754866702470393,1.2079207920792079,1.317892503536068,1.3592644978783595,1.3903818953323905,1.4497878359264498
FFF-J,landmark_still_registered,score_free,14,ood_test,0.2,label_conditional,class0_singleton_accuracy,10,0.8084353669948399,0.03658484439084555,0.7598647125140925,0.7793745093841433,0.8099998169369897,0.8324644695871998,0.8620689655172413
FFF-J,landmark_still_registered,score_free,14,ood_test,0.2,label_conditional,class1_singleton_accuracy,10,0.6336447350952846,0.06476829828955352,0.5445134575569358,0.5925342949733194,0.6180555555555556,0.6472072259136212,0.7557840616966581
FFF-J,landmark_still_registered,score_free,14,ood_test,0.2,marginal,coverage,10,0.8065555555555557,0.018610512243911928,0.7622222222222222,0.8045833333333333,0.8086111111111112,0.8134722222222222,0.8305555555555556
FFF-J,landmark_still_registered,score_free,14,ood_test,0.2,marginal,avg_set_size,10,1.254388888888889,0.043531873443340016,1.1572222222222222,1.2429166666666667,1.2561111111111112,1.2819444444444446,1.308888888888889
FFF-J,landmark_still_registered,score_free,14,ood_test,0.2,marginal,singleton_rate,10,0.7456111111111111,0.04353187344333997,0.6911111111111111,0.7180555555555556,0.7438888888888889,0.7570833333333333,0.8427777777777777
FFF-J,landmark_still_registered,score_free,14,ood_test,0.2,marginal,ambiguous_rate,10,0.2543888888888889,0.043531873443339975,0.15722222222222224,0.24291666666666667,0.2561111111111111,0.28194444444444444,0.3088888888888889
FFF-J,landmark_still_registered,score_free,14,ood_test,0.2,marginal,empty_rate,10,0.0,0.0,0.0,0.0,0.0,0.0,0.0
FFF-J,landmark_still_registered,score_free,14,ood_test,0.2,marginal,singleton_accuracy,10,0.7410149437440833,0.010075340611867711,0.7178642056690837,0.738646908955929,0.7416147200619245,0.7448545163319051,0.7548231511254019
FFF-J,landmark_still_registered,score_free,14,ood_test,0.2,marginal,class0_coverage,10,0.9311985361390669,0.014464760092986062,0.9112534309240622,0.9215462031107045,0.9313815187557182,0.9403019213174748,0.9542543458371455
FFF-J,landmark_still_registered,score_free,14,ood_test,0.2,marginal,class1_coverage,10,0.6138613861386139,0.04236990464622531,0.5318246110325319,0.594059405940594,0.6089108910891089,0.6453323903818954,0.6817538896746818
FFF-J,landmark_still_registered,score_free,14,ood_test,0.2,marginal,class0_avg_set_size,10,1.2020128087831659,0.03875844624314815,1.1125343092406221,1.1941903019213174,1.20448307410796,1.2195791399817018,1.2580054894784996
FFF-J,landmark_still_registered,score_free,14,ood_test,0.2,marginal,class1_avg_set_size,10,1.3353606789250354,0.05334743072815414,1.2263083451202264,1.3182461103253182,1.3345120226308345,1.3836633663366336,1.3875530410183876
FFF-J,landmark_still_registered,score_free,14,ood_test,0.2,marginal,class0_singleton_accuracy,10,0.9139104287343682,0.016721887588753963,0.8924122310305775,0.9003390875462393,0.9117327490547427,0.9244140447941189,0.9425287356321839
FFF-J,landmark_still_registered,score_free,14,ood_test,0.2,marginal,class1_singleton_accuracy,10,0.4188893229717737,0.04658870010563065,0.3210161662817552,0.3936462967329002,0.4259878419452887,0.445757599914966,0.48036951501154734
FFF-J,landmark_still_registered,score_free,56,id_test,0.05,label_conditional,coverage,10,0.9517361111111111,0.0098821176880262,0.9409722222222222,0.9444444444444444,0.9513888888888888,0.9574652777777778,0.9722222222222222
FFF-J,landmark_still_registered,score_free,56,id_test,0.05,label_conditional,avg_set_size,10,1.6270833333333332,0.04099248818736788,1.5625,1.5972222222222223,1.6302083333333335,1.644097222222222,1.6909722222222223
FFF-J,landmark_still_registered,score_free,56,id_test,0.05,label_conditional,singleton_rate,10,0.3729166666666667,0.04099248818736787,0.3090277777777778,0.3559027777777778,0.3697916666666667,0.4027777777777778,0.4375
FFF-J,landmark_still_registered,score_free,56,id_test,0.05,label_conditional,ambiguous_rate,10,0.6270833333333333,0.04099248818736788,0.5625,0.5972222222222222,0.6302083333333333,0.6440972222222222,0.6909722222222222
FFF-J,landmark_still_registered,score_free,56,id_test,0.05,label_conditional,empty_rate,10,0.0,0.0,0.0,0.0,0.0,0.0,0.0
FFF-J,landmark_still_registered,score_free,56,id_test,0.05,label_conditional,singleton_accuracy,10,0.8706233432649514,0.023815290482383917,0.8351648351648352,0.8529801074048862,0.8688141923436041,0.8852274731087991,0.9101123595505618
FFF-J,landmark_still_registered,score_free,56,id_test,0.05,label_conditional,class0_coverage,10,0.9472727272727273,0.021767618177052094,0.9090909090909091,0.9348484848484848,0.9454545454545455,0.956060606060606,0.9878787878787879
FFF-J,landmark_still_registered,score_free,56,id_test,0.05,label_conditional,class1_coverage,10,0.9577235772357723,0.025073243373919536,0.9105691056910569,0.9532520325203252,0.9634146341463414,0.9735772357723578,0.983739837398374
FFF-J,landmark_still_registered,score_free,56,id_test,0.05,label_conditional,class0_avg_set_size,10,1.658787878787879,0.0566413634787238,1.5393939393939393,1.6515151515151514,1.6636363636363636,1.6893939393939394,1.7454545454545454
FFF-J,landmark_still_registered,score_free,56,id_test,0.05,label_conditional,class1_avg_set_size,10,1.5845528455284554,0.06395319452390784,1.4878048780487805,1.5365853658536586,1.5853658536585367,1.6321138211382114,1.6747967479674797
FFF-J,landmark_still_registered,score_free,56,id_test,0.05,label_conditional,class0_singleton_accuracy,10,0.8393404649105971,0.0772312157502188,0.7272727272727273,0.7903571428571429,0.841065830721003,0.8847402597402597,0.9591836734693877
FFF-J,landmark_still_registered,score_free,56,id_test,0.05,label_conditional,class1_singleton_accuracy,10,0.8929934207968854,0.07118109871444163,0.7317073170731707,0.8629901960784314,0.9128873771730914,0.9292557932263814,0.9682539682539683
FFF-J,landmark_still_registered,score_free,56,id_test,0.05,marginal,coverage,10,0.9534722222222222,0.015545493879982233,0.9305555555555556,0.9418402777777778,0.953125,0.9661458333333334,0.9756944444444444
FFF-J,landmark_still_registered,score_free,56,id_test,0.05,marginal,avg_set_size,10,1.617361111111111,0.058050645134646806,1.5104166666666667,1.5859375,1.6163194444444444,1.6475694444444444,1.7152777777777777
FFF-J,landmark_still_registered,score_free,56,id_test,0.05,marginal,singleton_rate,10,0.38263888888888886,0.05805064513464684,0.2847222222222222,0.3524305555555556,0.3836805555555556,0.4140625,0.4895833333333333
FFF-J,landmark_still_registered,score_free,56,id_test,0.05,marginal,ambiguous_rate,10,0.6173611111111111,0.058050645134646854,0.5104166666666666,0.5859375,0.6163194444444444,0.6475694444444444,0.7152777777777778
FFF-J,landmark_still_registered,score_free,56,id_test,0.05,marginal,empty_rate,10,0.0,0.0,0.0,0.0,0.0,0.0,0.0
FFF-J,landmark_still_registered,score_free,56,id_test,0.05,marginal,singleton_accuracy,10,0.8806285131435588,0.02672117112456023,0.85,0.8592524642060579,0.8758974358974358,0.8899051490514905,0.9339622641509434
FFF-J,landmark_still_registered,score_free,56,id_test,0.05,marginal,class0_coverage,10,0.9733333333333334,0.015171703721631187,0.9454545454545454,0.9636363636363636,0.9787878787878788,0.9818181818181818,0.9939393939393939
FFF-J,landmark_still_registered,score_free,56,id_test,0.05,marginal,class1_coverage,10,0.9268292682926829,0.036959841997251615,0.8617886178861789,0.9044715447154472,0.943089430894309,0.9512195121951219,0.975609756097561
FFF-J,landmark_still_registered,score_free,56,id_test,0.05,marginal,class0_avg_set_size,10,1.596969696969697,0.0696457138421746,1.503030303030303,1.5393939393939393,1.603030303030303,1.6545454545454545,1.7030303030303031
FFF-J,landmark_still_registered,score_free,56,id_test,0.05,marginal,class1_avg_set_size,10,1.6447154471544718,0.07569178947790152,1.4959349593495934,1.6117886178861789,1.6504065040650406,1.678861788617886,1.7886178861788617
FFF-J,landmark_still_registered,score_free,56,id_test,0.05,marginal,class0_singleton_accuracy,10,0.9340302029401023,0.03384243438871694,0.881578947368421,0.9048880447820872,0.9375,0.9601906552094521,0.9857142857142858
FFF-J,landmark_still_registered,score_free,56,id_test,0.05,marginal,class1_singleton_accuracy,10,0.791544959697702,0.09212504677963698,0.6511627906976745,0.7143463497453311,0.7995090016366613,0.8568872987477638,0.94
FFF-J,landmark_still_registered,score_free,56,id_test,0.1,label_conditional,coverage,10,0.8961805555555558,0.01766326569679135,0.8715277777777778,0.8819444444444444,0.8975694444444444,0.9045138888888888,0.9305555555555556
FFF-J,landmark_still_registered,score_free,56,id_test,0.1,label_conditional,avg_set_size,10,1.425,0.04656173903365438,1.3576388888888888,1.390625,1.4253472222222223,1.4661458333333333,1.4895833333333333
FFF-J,landmark_still_registered,score_free,56,id_test,0.1,label_conditional,singleton_rate,10,0.5750000000000001,0.046561739033654403,0.5104166666666666,0.5338541666666666,0.5746527777777778,0.609375,0.6423611111111112
FFF-J,landmark_still_registered,score_free,56,id_test,0.1,label_conditional,ambiguous_rate,10,0.425,0.04656173903365438,0.3576388888888889,0.390625,0.4253472222222222,0.4661458333333333,0.4895833333333333
FFF-J,landmark_still_registered,score_free,56,id_test,0.1,label_conditional,empty_rate,10,0.0,0.0,0.0,0.0,0.0,0.0,0.0
FFF-J,landmark_still_registered,score_free,56,id_test,0.1,label_conditional,singleton_accuracy,10,0.820426824509228,0.019572642765702475,0.7978142076502732,0.8077466318991743,0.8186019352686019,0.8271841280891055,0.8639455782312925
FFF-J,landmark_still_registered,score_free,56,id_test,0.1,label_conditional,class0_coverage,10,0.8872727272727273,0.028311673602189683,0.8424242424242424,0.8742424242424243,0.8878787878787879,0.896969696969697,0.9393939393939394
FFF-J,landmark_still_registered,score_free,56,id_test,0.1,label_conditional,class1_coverage,10,0.9081300813008129,0.032305068986852245,0.8617886178861789,0.8821138211382114,0.9146341463414633,0.9186991869918699,0.975609756097561
FFF-J,landmark_still_registered,score_free,56,id_test,0.1,label_conditional,class0_avg_set_size,10,1.4672727272727273,0.05913707943296512,1.387878787878788,1.4287878787878787,1.4696969696969697,1.5015151515151515,1.5818181818181818
FFF-J,landmark_still_registered,score_free,56,id_test,0.1,label_conditional,class1_avg_set_size,10,1.3682926829268292,0.04486711569691226,1.3170731707317074,1.3353658536585367,1.3617886178861789,1.3821138211382114,1.4634146341463414
FFF-J,landmark_still_registered,score_free,56,id_test,0.1,label_conditional,class0_singleton_accuracy,10,0.788100296579549,0.0477336229136082,0.7391304347826086,0.7509057971014492,0.7814253647586981,0.8138092756644085,0.8850574712643678
FFF-J,landmark_still_registered,score_free,56,id_test,0.1,label_conditional,class1_singleton_accuracy,10,0.8534126988949104,0.05444247891389262,0.7727272727272727,0.8132832080200502,0.8642904953145918,0.8721685542971352,0.9615384615384616
FFF-J,landmark_still_registered,score_free,56,id_test,0.1,marginal,coverage,10,0.8947916666666668,0.02577928519033364,0.8541666666666666,0.8819444444444444,0.8975694444444444,0.9079861111111112,0.9340277777777778
FFF-J,landmark_still_registered,score_free,56,id_test,0.1,marginal,avg_set_size,10,1.386111111111111,0.06437516231151377,1.2743055555555556,1.3411458333333335,1.4131944444444444,1.4340277777777777,1.4548611111111112
FFF-J,landmark_still_registered,score_free,56,id_test,0.1,marginal,singleton_rate,10,0.6138888888888888,0.06437516231151377,0.5451388888888888,0.5659722222222222,0.5868055555555556,0.6588541666666666,0.7256944444444444
FFF-J,landmark_still_registered,score_free,56,id_test,0.1,marginal,ambiguous_rate,10,0.3861111111111111,0.06437516231151377,0.2743055555555556,0.34114583333333337,0.4131944444444444,0.4340277777777778,0.4548611111111111
FFF-J,landmark_still_registered,score_free,56,id_test,0.1,marginal,empty_rate,10,0.0,0.0,0.0,0.0,0.0,0.0,0.0
FFF-J,landmark_still_registered,score_free,56,id_test,0.1,marginal,singleton_accuracy,10,0.8302699406841454,0.027539627356616535,0.7960199004975125,0.8161516718594417,0.8260416666666667,0.8394324256448893,0.8862275449101796
FFF-J,landmark_still_registered,score_free,56,id_test,0.1,marginal,class0_coverage,10,0.9369696969696969,0.020641680443547132,0.8848484848484849,0.9393939393939394,0.9424242424242424,0.9454545454545454,0.9575757575757575
FFF-J,landmark_still_registered,score_free,56,id_test,0.1,marginal,class1_coverage,10,0.8382113821138212,0.04944592791880101,0.7398373983739838,0.8231707317073171,0.8373983739837398,0.8658536585365854,0.9024390243902439
FFF-J,landmark_still_registered,score_free,56,id_test,0.1,marginal,class0_avg_set_size,10,1.3503030303030301,0.07443560382247662,1.206060606060606,1.293939393939394,1.3696969696969696,1.4106060606060606,1.4303030303030304
FFF-J,landmark_still_registered,score_free,56,id_test,0.1,marginal,class1_avg_set_size,10,1.4341463414634146,0.07016824859699625,1.3333333333333333,1.378048780487805,1.4552845528455285,1.4817073170731707,1.5365853658536586
FFF-J,landmark_still_registered,score_free,56,id_test,0.1,marginal,class0_singleton_accuracy,10,0.9035275867998095,0.025776935257830837,0.8403361344537815,0.8941710992907801,0.9117562241661059,0.9221058897681911,0.9263157894736842
FFF-J,landmark_still_registered,score_free,56,id_test,0.1,marginal,class1_singleton_accuracy,10,0.7147155018942917,0.074449331861072,0.5897435897435898,0.6666994492525571,0.7141564902758932,0.7538223516563524,0.8333333333333334
FFF-J,landmark_still_registered,score_free,56,id_test,0.2,label_conditional,coverage,10,0.8114583333333334,0.027293718312605294,0.7673611111111112,0.7960069444444444,0.8072916666666667,0.8289930555555556,0.8576388888888888
FFF-J,landmark_still_registered,score_free,56,id_test,0.2,label_conditional,avg_set_size,10,1.178125,0.06213564061279278,1.1041666666666667,1.1397569444444444,1.171875,1.1979166666666667,1.3229166666666667
FFF-J,landmark_still_registered,score_free,56,id_test,0.2,label_conditional,singleton_rate,10,0.821875,0.062135640612792746,0.6770833333333334,0.8020833333333334,0.828125,0.8602430555555556,0.8958333333333334
FFF-J,landmark_still_registered,score_free,56,id_test,0.2,label_conditional,ambiguous_rate,10,0.17812500000000003,0.06213564061279275,0.10416666666666667,0.13975694444444445,0.171875,0.19791666666666666,0.3229166666666667
FFF-J,landmark_still_registered,score_free,56,id_test,0.2,label_conditional,empty_rate,10,0.0,0.0,0.0,0.0,0.0,0.0,0.0
FFF-J,landmark_still_registered,score_free,56,id_test,0.2,label_conditional,singleton_accuracy,10,0.7713053972581463,0.02112502169573677,0.7403100775193798,0.7560093195006155,0.7665160926030492,0.7881951381951382,0.8024193548387096
FFF-J,landmark_still_registered,score_free,56,id_test,0.2,label_conditional,class0_coverage,10,0.7993939393939394,0.0403484466014326,0.7272727272727273,0.7712121212121212,0.8,0.8242424242424242,0.8666666666666667
FFF-J,landmark_still_registered,score_free,56,id_test,0.2,label_conditional,class1_coverage,10,0.8276422764227643,0.051390574812503226,0.7398373983739838,0.8089430894308943,0.8333333333333333,0.8373983739837398,0.9024390243902439
FFF-J,landmark_still_registered,score_free,56,id_test,0.2,label_conditional,class0_avg_set_size,10,1.1781818181818182,0.06634141657139002,1.103030303030303,1.1242424242424243,1.1666666666666665,1.218181818181818,1.3151515151515152
FFF-J,landmark_still_registered,score_free,56,id_test,0.2,label_conditional,class1_avg_set_size,10,1.1780487804878048,0.06987982364965403,1.089430894308943,1.1483739837398375,1.1626016260162602,1.1768292682926829,1.3333333333333333
FFF-J,landmark_still_registered,score_free,56,id_test,0.2,label_conditional,class0_singleton_accuracy,10,0.7547067931364659,0.050136089966732085,0.6917808219178082,0.7180194805194806,0.7427751659292036,0.7926882983409191,0.8382352941176471
FFF-J,landmark_still_registered,score_free,56,id_test,0.2,label_conditional,class1_singleton_accuracy,10,0.7912672176975561,0.05685225721411641,0.6952380952380952,0.7512269284113945,0.8027758132956153,0.8053493241956977,0.8846153846153846
FFF-J,landmark_still_registered,score_free,56,id_test,0.2,marginal,coverage,10,0.7954861111111111,0.02270702369085653,0.7638888888888888,0.78125,0.7899305555555556,0.8081597222222222,0.8402777777777778
FFF-J,landmark_still_registered,score_free,56,id_test,0.2,marginal,avg_set_size,10,1.1222222222222222,0.054208198702635026,1.0416666666666667,1.0729166666666665,1.1354166666666665,1.1614583333333333,1.1875
FFF-J,landmark_still_registered,score_free,56,id_test,0.2,marginal,singleton_rate,10,0.8777777777777777,0.05420819870263504,0.8125,0.8385416666666667,0.8645833333333333,0.9270833333333334,0.9583333333333334
FFF-J,landmark_still_registered,score_free,56,id_test,0.2,marginal,ambiguous_rate,10,0.1222222222222222,0.05420819870263503,0.041666666666666664,0.07291666666666667,0.13541666666666666,0.16145833333333334,0.1875
FFF-J,landmark_still_registered,score_free,56,id_test,0.2,marginal,empty_rate,10,0.0,0.0,0.0,0.0,0.0,0.0,0.0
FFF-J,landmark_still_registered,score_free,56,id_test,0.2,marginal,singleton_accuracy,10,0.7673738657091684,0.01696763424860305,0.746268656716418,0.7613285634118967,0.7658119658119658,0.770600414078675,0.8091286307053942
FFF-J,landmark_still_registered,score_free,56,id_test,0.2,marginal,class0_coverage,10,0.8733333333333333,0.025465766325910175,0.8303030303030303,0.8575757575757575,0.8727272727272728,0.8924242424242425,0.9151515151515152
FFF-J,landmark_still_registered,score_free,56,id_test,0.2,marginal,class1_coverage,10,0.6910569105691058,0.0547398641645641,0.6016260162601627,0.6483739837398375,0.6910569105691057,0.7215447154471545,0.7723577235772358
FFF-J,landmark_still_registered,score_free,56,id_test,0.2,marginal,class0_avg_set_size,10,1.1084848484848486,0.04767419955418586,1.0303030303030303,1.0742424242424242,1.1121212121212123,1.1500000000000001,1.1696969696969697
FFF-J,landmark_still_registered,score_free,56,id_test,0.2,marginal,class1_avg_set_size,10,1.140650406504065,0.07004777900359298,1.056910569105691,1.0752032520325203,1.1463414634146343,1.1869918699186992,1.2439024390243902
FFF-J,landmark_still_registered,score_free,56,id_test,0.2,marginal,class0_singleton_accuracy,10,0.8579102427232647,0.027835236400181956,0.8120805369127517,0.8454456502401707,0.8585077343039127,0.8756843065693432,0.9047619047619048
FFF-J,landmark_still_registered,score_free,56,id_test,0.2,marginal,class1_singleton_accuracy,10,0.6407593880375664,0.05554438065236593,0.5377358490566038,0.6156987295825771,0.6341180513789845,0.6858805445761967,0.7211538461538461
FFF-J,landmark_still_registered,score_free,56,ood_test,0.05,label_conditional,coverage,10,0.965169194865811,0.00769622352224582,0.9474912485414235,0.9626604434072346,0.9661610268378062,0.9709743290548425,0.9731621936989499
FFF-J,landmark_still_registered,score_free,56,ood_test,0.05,label_conditional,avg_set_size,10,1.7084014002333725,0.05335673803756081,1.6073512252042006,1.691073512252042,1.6998249708284714,1.7324970828471413,1.8115519253208867
FFF-J,landmark_still_registered,score_free,56,ood_test,0.05,label_conditional,singleton_rate,10,0.29159859976662783,0.053356738037560796,0.18844807467911318,0.26750291715285884,0.3001750291715286,0.308926487747958,0.3926487747957993
FFF-J,landmark_still_registered,score_free,56,ood_test,0.05,label_conditional,ambiguous_rate,10,0.7084014002333723,0.053356738037560796,0.6073512252042007,0.691073512252042,0.6998249708284714,0.7324970828471411,0.8115519253208868
FFF-J,landmark_still_registered,score_free,56,ood_test,0.05,label_conditional,empty_rate,10,0.0,0.0,0.0,0.0,0.0,0.0,0.0
FFF-J,landmark_still_registered,score_free,56,ood_test,0.05,label_conditional,singleton_accuracy,10,0.879995923116095,0.01589359005070553,0.8575851393188855,0.8678846413616101,0.8769215255680545,0.890811496900168,0.9038076152304609
FFF-J,landmark_still_registered,score_free,56,ood_test,0.05,label_conditional,class0_coverage,10,0.9762773722627737,0.009732360097323584,0.9653284671532847,0.9669251824817519,0.9762773722627738,0.9812956204379562,0.9927007299270073
FFF-J,landmark_still_registered,score_free,56,ood_test,0.05,label_conditional,class1_coverage,10,0.9454692556634304,0.022615805326593793,0.9142394822006472,0.9340614886731391,0.9433656957928802,0.9583333333333334,0.9870550161812298
FFF-J,landmark_still_registered,score_free,56,ood_test,0.05,label_conditional,class0_avg_set_size,10,1.7167883211678832,0.07652662837259885,1.5976277372262773,1.677463503649635,1.7030109489051095,1.760036496350365,1.8604014598540146
FFF-J,landmark_still_registered,score_free,56,ood_test,0.05,label_conditional,class1_avg_set_size,10,1.693527508090615,0.03793454566237566,1.6245954692556634,1.6739482200647249,1.686084142394822,1.720064724919094,1.7605177993527508
FFF-J,landmark_still_registered,score_free,56,ood_test,0.05,label_conditional,class0_singleton_accuracy,10,0.9024350186621348,0.06839257279413326,0.7516339869281046,0.8657596371882086,0.9224153297682709,0.9434959648735497,0.9776536312849162
FFF-J,landmark_still_registered,score_free,56,ood_test,0.05,label_conditional,class1_singleton_accuracy,10,0.8200967841361742,0.07907670849342412,0.7041420118343196,0.7786637931034484,0.8106733691840076,0.871670792079208,0.9529411764705882
FFF-J,landmark_still_registered,score_free,56,ood_test,0.05,marginal,coverage,10,0.9609684947491248,0.012930736843500452,0.9381563593932322,0.9528879813302217,0.9603267211201867,0.9703908984830805,0.9824970828471412
FFF-J,landmark_still_registered,score_free,56,ood_test,0.05,marginal,avg_set_size,10,1.6620770128354725,0.0673501182628421,1.5414235705950992,1.6142065344224037,1.6735705950991833,1.6964702450408402,1.7829638273045507
FFF-J,landmark_still_registered,score_free,56,ood_test,0.05,marginal,singleton_rate,10,0.3379229871645274,0.06735011826284208,0.21703617269544925,0.30352975495915985,0.32642940490081684,0.38579346557759625,0.45857642940490084
FFF-J,landmark_still_registered,score_free,56,ood_test,0.05,marginal,ambiguous_rate,10,0.6620770128354726,0.06735011826284208,0.5414235705950992,0.6142065344224037,0.6735705950991833,0.6964702450408402,0.7829638273045507
FFF-J,landmark_still_registered,score_free,56,ood_test,0.05,marginal,empty_rate,10,0.0,0.0,0.0,0.0,0.0,0.0,0.0
FFF-J,landmark_still_registered,score_free,56,ood_test,0.05,marginal,singleton_accuracy,10,0.8872722227964731,0.017776349618747758,0.8651399491094147,0.872344557198001,0.884493670886076,0.9003946870864058,0.9193548387096774
FFF-J,landmark_still_registered,score_free,56,ood_test,0.05,marginal,class0_coverage,10,0.9891423357664232,0.006059108655432119,0.9744525547445255,0.9883667883211679,0.990419708029197,0.9931569343065694,0.9945255474452555
FFF-J,landmark_still_registered,score_free,56,ood_test,0.05,marginal,class1_coverage,10,0.9110032362459547,0.029225927042382038,0.8689320388349514,0.88915857605178,0.9134304207119741,0.9300161812297735,0.9611650485436893
FFF-J,landmark_still_registered,score_free,56,ood_test,0.05,marginal,class0_avg_set_size,10,1.6313868613138687,0.07798826878232884,1.5009124087591241,1.570939781021898,1.6437043795620436,1.6731295620437956,1.7673357664233578
FFF-J,landmark_still_registered,score_free,56,ood_test,0.05,marginal,class1_avg_set_size,10,1.716504854368932,0.05112858940616568,1.6132686084142396,1.696197411003236,1.720064724919094,1.7419093851132685,1.8106796116504855
FFF-J,landmark_still_registered,score_free,56,ood_test,0.05,marginal,class0_singleton_accuracy,10,0.9712773958703054,0.011186549827606597,0.9488117001828154,0.9692126734560181,0.9740723239156387,0.9761927769054233,0.9875518672199171
FFF-J,landmark_still_registered,score_free,56,ood_test,0.05,marginal,class1_singleton_accuracy,10,0.6922639632141531,0.06553830899522588,0.5714285714285714,0.6727960067532849,0.6924830541961762,0.7336273068757144,0.7948717948717948
FFF-J,landmark_still_registered,score_free,56,ood_test,0.1,label_conditional,coverage,10,0.9146441073512251,0.016851282211281904,0.8879813302217037,0.9019836639439907,0.9159859976662776,0.92561260210035,0.9364060676779463
FFF-J,landmark_still_registered,score_free,56,ood_test,0.1,label_conditional,avg_set_size,10,1.5145274212368727,0.058445035988203574,1.4323220536756125,1.484247374562427,1.5055425904317388,1.5638856476079346,1.6009334889148192
FFF-J,landmark_still_registered,score_free,56,ood_test,0.1,label_conditional,singleton_rate,10,0.48547257876312716,0.05844503598820352,0.3990665110851809,0.43611435239206536,0.49445740956826134,0.5157526254375729,0.5676779463243874
FFF-J,landmark_still_registered,score_free,56,ood_test,0.1,label_conditional,ambiguous_rate,10,0.5145274212368729,0.05844503598820354,0.4323220536756126,0.48424737456242706,0.5055425904317385,0.5638856476079347,0.6009334889148191
FFF-J,landmark_still_registered,score_free,56,ood_test,0.1,label_conditional,empty_rate,10,0.0,0.0,0.0,0.0,0.0,0.0,0.0
FFF-J,landmark_still_registered,score_free,56,ood_test,0.1,label_conditional,singleton_accuracy,10,0.825187614324768,0.01911276448837433,0.7988571428571428,0.810640694874441,0.8241407518211554,0.8429566349239597,0.8512960436562074
FFF-J,landmark_still_registered,score_free,56,ood_test,0.1,label_conditional,class0_coverage,10,0.9282846715328468,0.023886606510301188,0.8877737226277372,0.9096715328467153,0.9306569343065694,0.9445711678832117,0.9662408759124088
FFF-J,landmark_still_registered,score_free,56,ood_test,0.1,label_conditional,class1_coverage,10,0.8904530744336568,0.02945448078757052,0.8478964401294499,0.8673139158576052,0.8932038834951457,0.9089805825242718,0.9401294498381877
FFF-J,landmark_still_registered,score_free,56,ood_test,0.1,label_conditional,class0_avg_set_size,10,1.5215328467153284,0.06662347420671089,1.426094890510949,1.4694343065693432,1.522810218978102,1.5654653284671534,1.6277372262773722
FFF-J,landmark_still_registered,score_free,56,ood_test,0.1,label_conditional,class1_avg_set_size,10,1.50210355987055,0.06260019414739,1.401294498381877,1.450242718446602,1.5153721682847898,1.5513754045307442,1.5792880258899675
FFF-J,landmark_still_registered,score_free,56,ood_test,0.1,label_conditional,class0_singleton_accuracy,10,0.8482921737711578,0.05026594169576027,0.7794117647058824,0.8021627009528687,0.8671647873930173,0.8736325694191153,0.9367521367521368
FFF-J,landmark_still_registered,score_free,56,ood_test,0.1,label_conditional,class1_singleton_accuracy,10,0.7785969616428725,0.06355410776420259,0.6384615384615384,0.7477292477033849,0.790035118525022,0.8182193677776717,0.8659420289855072
FFF-J,landmark_still_registered,score_free,56,ood_test,0.1,marginal,coverage,10,0.9051925320886814,0.017147632274848747,0.8757292882147024,0.8929404900816803,0.9086931155192532,0.9137981330221703,0.9352392065344224
FFF-J,landmark_still_registered,score_free,56,ood_test,0.1,marginal,avg_set_size,10,1.4273045507584599,0.057605345118064956,1.325554259043174,1.3881271878646442,1.4308634772462077,1.462806301050175,1.5116686114352391
FFF-J,landmark_still_registered,score_free,56,ood_test,0.1,marginal,singleton_rate,10,0.5726954492415403,0.057605345118064984,0.48833138856476077,0.5371936989498249,0.5691365227537923,0.6118728121353559,0.6744457409568262
FFF-J,landmark_still_registered,score_free,56,ood_test,0.1,marginal,ambiguous_rate,10,0.42730455075845974,0.05760534511806497,0.32555425904317387,0.3881271878646441,0.4308634772462077,0.462806301050175,0.5116686114352392
FFF-J,landmark_still_registered,score_free,56,ood_test,0.1,marginal,empty_rate,10,0.0,0.0,0.0,0.0,0.0,0.0,0.0
FFF-J,landmark_still_registered,score_free,56,ood_test,0.1,marginal,singleton_accuracy,10,0.835590495676508,0.01482483699145899,0.8157439446366782,0.824982843563133,0.8373625154706583,0.8415591845225712,0.8673835125448028
FFF-J,landmark_still_registered,score_free,56,ood_test,0.1,marginal,class0_coverage,10,0.9718978102189781,0.010436793474222482,0.9534671532846716,0.9637317518248175,0.9762773722627738,0.9790145985401459,0.9844890510948905
FFF-J,landmark_still_registered,score_free,56,ood_test,0.1,marginal,class1_coverage,10,0.7868932038834952,0.04156368298428636,0.6925566343042071,0.7746763754045307,0.7864077669902912,0.8021844660194175,0.8478964401294499
FFF-J,landmark_still_registered,score_free,56,ood_test,0.1,marginal,class0_avg_set_size,10,1.3771897810218978,0.05949918810631195,1.2655109489051095,1.3416970802919708,1.375912408759124,1.4190237226277371,1.4662408759124088
FFF-J,landmark_still_registered,score_free,56,ood_test,0.1,marginal,class1_avg_set_size,10,1.5161812297734627,0.056079368848198606,1.4320388349514563,1.4692556634304208,1.5194174757281553,1.557443365695793,1.5922330097087378
FFF-J,landmark_still_registered,score_free,56,ood_test,0.1,marginal,class0_singleton_accuracy,10,0.9550929187634626,0.015190650520841006,0.929945054945055,0.9439459224413962,0.9606059563931495,0.9673976252299037,0.9714285714285714
FFF-J,landmark_still_registered,score_free,56,ood_test,0.1,marginal,class1_singleton_accuracy,10,0.5621118565871833,0.044017051140464274,0.4586894586894587,0.548614266242617,0.5646008639697611,0.5879250046322031,0.626984126984127
FFF-J,landmark_still_registered,score_free,56,ood_test,0.2,label_conditional,coverage,10,0.8153442240373396,0.028903540208963678,0.7893815635939323,0.7906942823803967,0.8060093348891482,0.8354725787631272,0.8739789964994166
FFF-J,landmark_still_registered,score_free,56,ood_test,0.2,label_conditional,avg_set_size,10,1.2142357059509918,0.06972357424414188,1.1359393232205368,1.1600058343057176,1.1992415402567094,1.257438739789965,1.3488914819136524
FFF-J,landmark_still_registered,score_free,56,ood_test,0.2,label_conditional,singleton_rate,10,0.7857642940490083,0.06972357424414188,0.6511085180863477,0.742561260210035,0.8007584597432905,0.8399941656942824,0.8640606767794633
FFF-J,landmark_still_registered,score_free,56,ood_test,0.2,label_conditional,ambiguous_rate,10,0.21423570595099184,0.06972357424414187,0.13593932322053676,0.16000583430571763,0.19924154025670945,0.257438739789965,0.34889148191365227
FFF-J,landmark_still_registered,score_free,56,ood_test,0.2,label_conditional,empty_rate,10,0.0,0.0,0.0,0.0,0.0,0.0,0.0
FFF-J,landmark_still_registered,score_free,56,ood_test,0.2,label_conditional,singleton_accuracy,10,0.7662410813854456,0.019493660332123748,0.7454160789844851,0.7549317269197391,0.7589405144488415,0.7719124235059878,0.8064516129032258
FFF-J,landmark_still_registered,score_free,56,ood_test,0.2,label_conditional,class0_coverage,10,0.8469890510948905,0.03581338364895329,0.8074817518248175,0.8248175182481752,0.8403284671532847,0.8515054744525548,0.9215328467153284
FFF-J,landmark_still_registered,score_free,56,ood_test,0.2,label_conditional,class1_coverage,10,0.7592233009708738,0.050854733181742696,0.6909385113268608,0.7172330097087378,0.7524271844660194,0.8001618122977346,0.8398058252427184
FFF-J,landmark_still_registered,score_free,56,ood_test,0.2,label_conditional,class0_avg_set_size,10,1.2128649635036497,0.06998577645872245,1.1313868613138687,1.1617244525547445,1.1966240875912408,1.2666514598540146,1.3430656934306568
FFF-J,landmark_still_registered,score_free,56,ood_test,0.2,label_conditional,class1_avg_set_size,10,1.2166666666666668,0.07682799881220934,1.1440129449838188,1.156957928802589,1.1901294498381878,1.274676375404531,1.3592233009708738
FFF-J,landmark_still_registered,score_free,56,ood_test,0.2,label_conditional,class0_singleton_accuracy,10,0.8057932762993438,0.04152609040440101,0.752927400468384,0.7810422569215147,0.797712833545108,0.8200280112044818,0.9012629161882894
FFF-J,landmark_still_registered,score_free,56,ood_test,0.2,label_conditional,class1_singleton_accuracy,10,0.6932963331785796,0.05710405986473164,0.572429906542056,0.6679844268016053,0.7013165310910032,0.7364229130322876,0.7565392354124748
FFF-J,landmark_still_registered,score_free,56,ood_test,0.2,marginal,coverage,10,0.806242707117853,0.027207930923239945,0.7689614935822637,0.7828179696616102,0.8153442240373396,0.8294924154025671,0.8348891481913653
FFF-J,landmark_still_registered,score_free,56,ood_test,0.2,marginal,avg_set_size,10,1.1460326721120189,0.0648463243220629,1.0542590431738623,1.096995332555426,1.164235705950992,1.1954492415402567,1.23512252042007
FFF-J,landmark_still_registered,score_free,56,ood_test,0.2,marginal,singleton_rate,10,0.8539673278879814,0.06484632432206286,0.76487747957993,0.8045507584597433,0.8357642940490082,0.9030046674445741,0.9457409568261377
FFF-J,landmark_still_registered,score_free,56,ood_test,0.2,marginal,ambiguous_rate,10,0.14603267211201867,0.06484632432206287,0.05425904317386231,0.0969953325554259,0.16423570595099185,0.19544924154025672,0.23512252042007
FFF-J,landmark_still_registered,score_free,56,ood_test,0.2,marginal,empty_rate,10,0.0,0.0,0.0,0.0,0.0,0.0,0.0
FFF-J,landmark_still_registered,score_free,56,ood_test,0.2,marginal,singleton_accuracy,10,0.7740709720398182,0.014788621200326962,0.7557063541024059,0.7594902862284543,0.778601642446036,0.7870539489041629,0.7898975109809663
FFF-J,landmark_still_registered,score_free,56,ood_test,0.2,marginal,class0_coverage,10,0.9202554744525548,0.02522754762541851,0.8768248175182481,0.9014598540145985,0.9210766423357664,0.9443430656934306,0.947992700729927
FFF-J,landmark_still_registered,score_free,56,ood_test,0.2,marginal,class1_coverage,10,0.6040453074433657,0.049240179086960406,0.5242718446601942,0.5796925566343042,0.5995145631067961,0.6290453074433657,0.6893203883495146
FFF-J,landmark_still_registered,score_free,56,ood_test,0.2,marginal,class0_avg_set_size,10,1.1176094890510948,0.05275243089820925,1.0437956204379562,1.0812043795620438,1.1281934306569341,1.1512317518248176,1.198905109489051
FFF-J,landmark_still_registered,score_free,56,ood_test,0.2,marginal,class1_avg_set_size,10,1.1964401294498381,0.08787730442408097,1.0728155339805825,1.118527508090615,1.226537216828479,1.2686084142394822,1.2993527508090614
FFF-J,landmark_still_registered,score_free,56,ood_test,0.2,marginal,class0_singleton_accuracy,10,0.9103402468958018,0.02488201761565763,0.8709369024856597,0.8923247153748384,0.9073916120533778,0.9337411139626601,0.9406952965235174
FFF-J,landmark_still_registered,score_free,56,ood_test,0.2,marginal,class1_singleton_accuracy,10,0.5070779414947892,0.03488143609176716,0.4350515463917526,0.489660078554899,0.5054169891064944,0.5281195296759916,0.5565819861431871
GGG-J,landmark_still_registered,score_free,14,id_test,0.05,label_conditional,coverage,10,0.9507142857142856,0.01796002111013918,0.9214285714285714,0.9428571428571428,0.9428571428571428,0.9571428571428572,0.9857142857142858
GGG-J,landmark_still_registered,score_free,14,id_test,0.05,label_conditional,avg_set_size,10,1.8685714285714288,0.07301414766767593,1.7214285714285715,1.8285714285714285,1.8964285714285714,1.9107142857142858,1.9714285714285715
GGG-J,landmark_still_registered,score_free,14,id_test,0.05,label_conditional,singleton_rate,10,0.13142857142857142,0.07301414766767594,0.02857142857142857,0.08928571428571429,0.10357142857142856,0.17142857142857143,0.2785714285714286
GGG-J,landmark_still_registered,score_free,14,id_test,0.05,label_conditional,ambiguous_rate,10,0.8685714285714287,0.07301414766767594,0.7214285714285714,0.8285714285714285,0.8964285714285715,0.9107142857142857,0.9714285714285714
GGG-J,landmark_still_registered,score_free,14,id_test,0.05,label_conditional,empty_rate,10,0.0,0.0,0.0,0.0,0.0,0.0,0.0
GGG-J,landmark_still_registered,score_free,14,id_test,0.05,label_conditional,singleton_accuracy,10,0.5637754314650866,0.19874514686478317,0.08333333333333333,0.5178571428571428,0.6095238095238096,0.6690909090909092,0.7948717948717948
GGG-J,landmark_still_registered,score_free,14,id_test,0.05,label_conditional,class0_coverage,10,0.9561797752808989,0.025096427816855348,0.9101123595505618,0.946629213483146,0.9606741573033708,0.9747191011235955,0.9887640449438202
GGG-J,landmark_still_registered,score_free,14,id_test,0.05,label_conditional,class1_coverage,10,0.9411764705882353,0.043354572422946394,0.8627450980392157,0.926470588235294,0.9411764705882353,0.9754901960784313,1.0
GGG-J,landmark_still_registered,score_free,14,id_test,0.05,label_conditional,class0_avg_set_size,10,1.8707865168539328,0.06663088717100073,1.7415730337078652,1.8595505617977528,1.8876404494382022,1.9073033707865168,1.9662921348314606
GGG-J,landmark_still_registered,score_free,14,id_test,0.05,label_conditional,class1_avg_set_size,10,1.8647058823529412,0.09401319548946051,1.6862745098039216,1.8088235294117647,1.8823529411764706,1.9362745098039216,1.9803921568627452
GGG-J,landmark_still_registered,score_free,14,id_test,0.05,label_conditional,class0_singleton_accuracy,10,0.5787290125333604,0.27917916097146817,0.0,0.41161616161616166,0.6458333333333333,0.7600334448160535,0.95
GGG-J,landmark_still_registered,score_free,14,id_test,0.05,label_conditional,class1_singleton_accuracy,10,0.5684722222222222,0.24353088442057338,0.2222222222222222,0.42500000000000004,0.5833333333333333,0.6666666666666666,1.0
GGG-J,landmark_still_registered,score_free,14,id_test,0.05,marginal,coverage,10,0.9571428571428571,0.01813279310919978,0.9285714285714286,0.9517857142857142,0.9571428571428572,0.9696428571428571,0.9857142857142858
GGG-J,landmark_still_registered,score_free,14,id_test,0.05,marginal,avg_set_size,10,1.8214285714285716,0.0749149177264394,1.7142857142857142,1.7714285714285714,1.8107142857142857,1.85,1.9642857142857142
GGG-J,landmark_still_registered,score_free,14,id_test,0.05,marginal,singleton_rate,10,0.17857142857142858,0.07491491772643939,0.03571428571428571,0.15,0.18928571428571428,0.22857142857142856,0.2857142857142857
GGG-J,landmark_still_registered,score_free,14,id_test,0.05,marginal,ambiguous_rate,10,0.8214285714285714,0.0749149177264394,0.7142857142857143,0.7714285714285714,0.8107142857142857,0.85,0.9642857142857143
GGG-J,landmark_still_registered,score_free,14,id_test,0.05,marginal,empty_rate,10,0.0,0.0,0.0,0.0,0.0,0.0,0.0
GGG-J,landmark_still_registered,score_free,14,id_test,0.05,marginal,singleton_accuracy,10,0.7171418648964288,0.1895861812105932,0.2,0.7124999999999999,0.75,0.8265720081135902,0.84
GGG-J,landmark_still_registered,score_free,14,id_test,0.05,marginal,class0_coverage,10,0.9988764044943821,0.0035531209664813337,0.9887640449438202,1.0,1.0,1.0,1.0
GGG-J,landmark_still_registered,score_free,14,id_test,0.05,marginal,class1_coverage,10,0.8843137254901962,0.05016100354078402,0.803921568627451,0.8676470588235294,0.892156862745098,0.9166666666666666,0.9607843137254902
GGG-J,landmark_still_registered,score_free,14,id_test,0.05,marginal,class0_avg_set_size,10,1.7865168539325844,0.09651010282191104,1.6629213483146068,1.7331460674157304,1.7640449438202248,1.8286516853932584,1.9887640449438202
GGG-J,landmark_still_registered,score_free,14,id_test,0.05,marginal,class1_avg_set_size,10,1.8823529411764706,0.05062723328375705,1.803921568627451,1.8627450980392157,1.892156862745098,1.9166666666666667,1.9607843137254901
GGG-J,landmark_still_registered,score_free,14,id_test,0.05,marginal,class0_singleton_accuracy,10,0.9947368421052631,0.016643566632465173,0.9473684210526315,1.0,1.0,1.0,1.0
GGG-J,landmark_still_registered,score_free,14,id_test,0.05,marginal,class1_singleton_accuracy,10,0.014285714285714285,0.04517539514526255,0.0,0.0,0.0,0.0,0.14285714285714285
GGG-J,landmark_still_registered,score_free,14,id_test,0.1,label_conditional,coverage,10,0.9092857142857144,0.03282779918137933,0.8714285714285714,0.8946428571428572,0.9,0.9267857142857143,0.9714285714285714
GGG-J,landmark_still_registered,score_free,14,id_test,0.1,label_conditional,avg_set_size,10,1.742142857142857,0.10025195017923205,1.6071428571428572,1.6714285714285715,1.7142857142857144,1.8107142857142857,1.9
GGG-J,landmark_still_registered,score_free,14,id_test,0.1,label_conditional,singleton_rate,10,0.2578571428571429,0.10025195017923207,0.1,0.18928571428571428,0.2857142857142857,0.32857142857142857,0.39285714285714285
GGG-J,landmark_still_registered,score_free,14,id_test,0.1,label_conditional,ambiguous_rate,10,0.7421428571428571,0.10025195017923208,0.6071428571428571,0.6714285714285714,0.7142857142857143,0.8107142857142857,0.9
GGG-J,landmark_still_registered,score_free,14,id_test,0.1,label_conditional,empty_rate,10,0.0,0.0,0.0,0.0,0.0,0.0,0.0
GGG-J,landmark_still_registered,score_free,14,id_test,0.1,label_conditional,singleton_accuracy,10,0.6256473595378129,0.164737500240444,0.17647058823529413,0.619701726844584,0.6685540069686411,0.7096273291925466,0.7454545454545455
GGG-J,landmark_still_registered,score_free,14,id_test,0.1,label_conditional,class0_coverage,10,0.9134831460674157,0.032672402228560896,0.8651685393258427,0.8904494382022472,0.9044943820224719,0.9382022471910112,0.9662921348314607
GGG-J,landmark_still_registered,score_free,14,id_test,0.1,label_conditional,class1_coverage,10,0.9019607843137255,0.0402902876011044,0.8431372549019608,0.8823529411764706,0.892156862745098,0.9215686274509803,0.9803921568627451
GGG-J,landmark_still_registered,score_free,14,id_test,0.1,label_conditional,class0_avg_set_size,10,1.7325842696629217,0.09277509636189384,1.6067415730337078,1.6853932584269662,1.7078651685393258,1.7752808988764044,1.8764044943820224
GGG-J,landmark_still_registered,score_free,14,id_test,0.1,label_conditional,class1_avg_set_size,10,1.758823529411765,0.1358628442990182,1.5686274509803921,1.6274509803921569,1.7745098039215685,1.8725490196078431,1.9411764705882353
GGG-J,landmark_still_registered,score_free,14,id_test,0.1,label_conditional,class0_singleton_accuracy,10,0.6446406926406926,0.21047862593512362,0.09090909090909091,0.6488095238095238,0.7272727272727273,0.75,0.8
GGG-J,landmark_still_registered,score_free,14,id_test,0.1,label_conditional,class1_singleton_accuracy,10,0.5522144522144522,0.13593639821434964,0.3333333333333333,0.47115384615384615,0.5,0.6547619047619048,0.7727272727272727
GGG-J,landmark_still_registered,score_free,14,id_test,0.1,marginal,coverage,10,0.9028571428571428,0.03706952467814965,0.85,0.8803571428571428,0.9,0.925,0.9785714285714285
GGG-J,landmark_still_registered,score_free,14,id_test,0.1,marginal,avg_set_size,10,1.6692857142857143,0.13735639790468981,1.5071428571428571,1.594642857142857,1.6071428571428572,1.7214285714285715,1.9142857142857144
GGG-J,landmark_still_registered,score_free,14,id_test,0.1,marginal,singleton_rate,10,0.3307142857142857,0.1373563979046898,0.08571428571428572,0.2785714285714286,0.39285714285714285,0.40535714285714286,0.4928571428571429
GGG-J,landmark_still_registered,score_free,14,id_test,0.1,marginal,ambiguous_rate,10,0.6692857142857143,0.13735639790468981,0.5071428571428571,0.5946428571428571,0.6071428571428571,0.7214285714285714,0.9142857142857143
GGG-J,landmark_still_registered,score_free,14,id_test,0.1,marginal,empty_rate,10,0.0,0.0,0.0,0.0,0.0,0.0,0.0
GGG-J,landmark_still_registered,score_free,14,id_test,0.1,marginal,singleton_accuracy,10,0.6717874396135266,0.1818786330290891,0.16666666666666666,0.692094861660079,0.7156565656565657,0.75,0.8
GGG-J,landmark_still_registered,score_free,14,id_test,0.1,marginal,class0_coverage,10,0.9943820224719101,0.007945020013332015,0.9775280898876404,0.9887640449438202,1.0,1.0,1.0
GGG-J,landmark_still_registered,score_free,14,id_test,0.1,marginal,class1_coverage,10,0.7431372549019608,0.09446649221358042,0.6274509803921569,0.6715686274509803,0.7352941176470589,0.7990196078431373,0.9411764705882353
GGG-J,landmark_still_registered,score_free,14,id_test,0.1,marginal,class0_avg_set_size,10,1.6314606741573034,0.167897237167004,1.4719101123595506,1.5365168539325842,1.5674157303370788,1.6769662921348314,1.9775280898876404
GGG-J,landmark_still_registered,score_free,14,id_test,0.1,marginal,class1_avg_set_size,10,1.735294117647059,0.10385783386974318,1.5686274509803921,1.6715686274509804,1.7254901960784315,1.7990196078431373,1.9411764705882353
GGG-J,landmark_still_registered,score_free,14,id_test,0.1,marginal,class0_singleton_accuracy,10,0.9883039625407803,0.015997615660395047,0.9574468085106383,0.975334448160535,1.0,1.0,1.0
GGG-J,landmark_still_registered,score_free,14,id_test,0.1,marginal,class1_singleton_accuracy,10,0.02077922077922078,0.04640321106791901,0.0,0.0,0.0,0.0,0.13636363636363635
GGG-J,landmark_still_registered,score_free,14,id_test,0.2,label_conditional,coverage,10,0.8185714285714285,0.030897387042873016,0.7857142857142857,0.7946428571428571,0.8107142857142857,0.8428571428571429,0.8714285714285714
GGG-J,landmark_still_registered,score_free,14,id_test,0.2,label_conditional,avg_set_size,10,1.5464285714285715,0.1318475894662946,1.4214285714285715,1.4642857142857142,1.4964285714285714,1.5553571428571429,1.8214285714285714
GGG-J,landmark_still_registered,score_free,14,id_test,0.2,label_conditional,singleton_rate,10,0.45357142857142857,0.13184758946629463,0.17857142857142858,0.4446428571428571,0.5035714285714286,0.5357142857142857,0.5785714285714286
GGG-J,landmark_still_registered,score_free,14,id_test,0.2,label_conditional,ambiguous_rate,10,0.5464285714285714,0.1318475894662946,0.42142857142857143,0.4642857142857143,0.49642857142857144,0.5553571428571429,0.8214285714285714
GGG-J,landmark_still_registered,score_free,14,id_test,0.2,label_conditional,empty_rate,10,0.0,0.0,0.0,0.0,0.0,0.0,0.0
GGG-J,landmark_still_registered,score_free,14,id_test,0.2,label_conditional,singleton_accuracy,10,0.5668611744751751,0.15009718622517973,0.16,0.5979166666666667,0.613237639553429,0.6327595200834638,0.6721311475409836
GGG-J,landmark_still_registered,score_free,14,id_test,0.2,label_conditional,class0_coverage,10,0.8202247191011235,0.03819490272354144,0.7640449438202247,0.7865168539325843,0.8314606741573034,0.8398876404494382,0.8876404494382022
GGG-J,landmark_still_registered,score_free,14,id_test,0.2,label_conditional,class1_coverage,10,0.8156862745098039,0.07463582966598796,0.7058823529411765,0.7745098039215685,0.8235294117647058,0.8627450980392157,0.9411764705882353
GGG-J,landmark_still_registered,score_free,14,id_test,0.2,label_conditional,class0_avg_set_size,10,1.5516853932584271,0.12946563899809493,1.4382022471910112,1.4578651685393258,1.5112359550561798,1.5730337078651686,1.8314606741573034
GGG-J,landmark_still_registered,score_free,14,id_test,0.2,label_conditional,class1_avg_set_size,10,1.5372549019607844,0.15691720187631505,1.3137254901960784,1.4264705882352942,1.5196078431372548,1.5784313725490196,1.803921568627451
GGG-J,landmark_still_registered,score_free,14,id_test,0.2,label_conditional,class0_singleton_accuracy,10,0.5567408147862624,0.19600212330259112,0.06666666666666667,0.5452961672473868,0.6161224489795918,0.6739130434782609,0.7297297297297297
GGG-J,landmark_still_registered,score_free,14,id_test,0.2,label_conditional,class1_singleton_accuracy,10,0.5904289060376017,0.13620364788360934,0.3,0.5313043478260869,0.5773809523809523,0.6944444444444444,0.7666666666666667
GGG-J,landmark_still_registered,score_free,14,id_test,0.2,marginal,coverage,10,0.8035714285714285,0.0454568645048495,0.7285714285714285,0.7803571428571429,0.8,0.8339285714285715,0.8857142857142857
GGG-J,landmark_still_registered,score_free,14,id_test,0.2,marginal,avg_set_size,10,1.3778571428571427,0.1259634075648618,1.2285714285714286,1.2857142857142856,1.3571428571428572,1.4303571428571429,1.6571428571428573
GGG-J,landmark_still_registered,score_free,14,id_test,0.2,marginal,singleton_rate,10,0.6221428571428571,0.12596340756486177,0.34285714285714286,0.5696428571428571,0.6428571428571428,0.7142857142857142,0.7714285714285715
GGG-J,landmark_still_registered,score_free,14,id_test,0.2,marginal,ambiguous_rate,10,0.37785714285714284,0.12596340756486177,0.22857142857142856,0.2857142857142857,0.35714285714285715,0.4303571428571428,0.6571428571428571
GGG-J,landmark_still_registered,score_free,14,id_test,0.2,marginal,empty_rate,10,0.0,0.0,0.0,0.0,0.0,0.0,0.0
GGG-J,landmark_still_registered,score_free,14,id_test,0.2,marginal,singleton_accuracy,10,0.6796813762150686,0.06675522097096478,0.5208333333333334,0.6709054453355847,0.6865793780687397,0.7024286987522281,0.7808219178082192
GGG-J,landmark_still_registered,score_free,14,id_test,0.2,marginal,class0_coverage,10,0.9898876404494381,0.015396857521419087,0.9550561797752809,0.9803370786516854,1.0,1.0,1.0
GGG-J,landmark_still_registered,score_free,14,id_test,0.2,marginal,class1_coverage,10,0.4784313725490196,0.11625905983978647,0.2549019607843137,0.4215686274509804,0.47058823529411764,0.5490196078431373,0.6862745098039216
GGG-J,landmark_still_registered,score_free,14,id_test,0.2,marginal,class0_avg_set_size,10,1.3337078651685395,0.14659943446083273,1.202247191011236,1.2668539325842696,1.303370786516854,1.345505617977528,1.7191011235955056
GGG-J,landmark_still_registered,score_free,14,id_test,0.2,marginal,class1_avg_set_size,10,1.4549019607843137,0.1354692434826836,1.2549019607843137,1.3774509803921569,1.4607843137254903,1.5490196078431373,1.6862745098039216
GGG-J,landmark_still_registered,score_free,14,id_test,0.2,marginal,class0_singleton_accuracy,10,0.985720802494996,0.02111637473794492,0.9393939393939394,0.9716450216450216,1.0,1.0,1.0
GGG-J,landmark_still_registered,score_free,14,id_test,0.2,marginal,class1_singleton_accuracy,10,0.03486719478098789,0.06704011836140612,0.0,0.0,0.0,0.02586206896551724,0.1891891891891892
GGG-J,landmark_still_registered,score_free,14,ood_test,0.05,label_conditional,coverage,10,0.9608089260808926,0.016870812099417657,0.9288702928870293,0.9539748953974896,0.9595536959553697,0.9710599721059971,0.9860529986052998
GGG-J,landmark_still_registered,score_free,14,ood_test,0.05,label_conditional,avg_set_size,10,1.8680613668061365,0.060605565465152396,1.7642956764295676,1.8340306834030684,1.8605299860529987,1.9232914923291493,1.9456066945606694
GGG-J,landmark_still_registered,score_free,14,ood_test,0.05,label_conditional,singleton_rate,10,0.13193863319386331,0.060605565465152424,0.05439330543933055,0.07670850767085077,0.13947001394700137,0.16596931659693165,0.23570432357043236
GGG-J,landmark_still_registered,score_free,14,ood_test,0.05,label_conditional,ambiguous_rate,10,0.8680613668061368,0.060605565465152444,0.7642956764295676,0.8340306834030683,0.8605299860529986,0.9232914923291493,0.9456066945606695
GGG-J,landmark_still_registered,score_free,14,ood_test,0.05,label_conditional,empty_rate,10,0.0,0.0,0.0,0.0,0.0,0.0,0.0
GGG-J,landmark_still_registered,score_free,14,ood_test,0.05,label_conditional,singleton_accuracy,10,0.6829294035318083,0.12420179686712624,0.34782608695652173,0.6811772786037492,0.7104569638506291,0.7399839743589743,0.7894736842105263
GGG-J,landmark_still_registered,score_free,14,ood_test,0.05,label_conditional,class0_coverage,10,0.9661399548532732,0.018369534410434464,0.9255079006772009,0.9621896162528216,0.9672686230248306,0.9751693002257337,0.9887133182844243
GGG-J,landmark_still_registered,score_free,14,ood_test,0.05,label_conditional,class1_coverage,10,0.9521897810218978,0.02651119274891342,0.916058394160584,0.9361313868613138,0.9470802919708029,0.9735401459854015,0.9927007299270073
GGG-J,landmark_still_registered,score_free,14,ood_test,0.05,label_conditional,class0_avg_set_size,10,1.8783295711060948,0.06634717335812008,1.783295711060948,1.8419864559819412,1.879232505643341,1.9362302483069977,1.9683972911963883
GGG-J,landmark_still_registered,score_free,14,ood_test,0.05,label_conditional,class1_avg_set_size,10,1.8514598540145986,0.0630506068434748,1.7262773722627738,1.8211678832116789,1.8558394160583942,1.905109489051095,1.927007299270073
GGG-J,landmark_still_registered,score_free,14,ood_test,0.05,label_conditional,class0_singleton_accuracy,10,0.637957594982503,0.23409260300822118,0.21428571428571427,0.5611702127659575,0.7194637537239326,0.7678571428571429,0.9479166666666666
GGG-J,landmark_still_registered,score_free,14,ood_test,0.05,label_conditional,class1_singleton_accuracy,10,0.6742512975956068,0.1780678377548491,0.3783783783783784,0.5739795918367346,0.716734693877551,0.7982758620689656,0.92
GGG-J,landmark_still_registered,score_free,14,ood_test,0.05,marginal,coverage,10,0.9587168758716876,0.010441120995726477,0.9428172942817294,0.9553695955369595,0.9574616457461647,0.9644351464435146,0.9790794979079498
GGG-J,landmark_still_registered,score_free,14,ood_test,0.05,marginal,avg_set_size,10,1.8446304044630406,0.04010123350753405,1.7880055788005578,1.8179916317991631,1.8361227336122732,1.8612273361227336,1.9135285913528592
GGG-J,landmark_still_registered,score_free,14,ood_test,0.05,marginal,singleton_rate,10,0.15536959553695956,0.04010123350753402,0.08647140864714087,0.1387726638772664,0.16387726638772665,0.18200836820083682,0.21199442119944212
GGG-J,landmark_still_registered,score_free,14,ood_test,0.05,marginal,ambiguous_rate,10,0.8446304044630404,0.04010123350753402,0.7880055788005579,0.8179916317991632,0.8361227336122734,0.8612273361227336,0.9135285913528591
GGG-J,landmark_still_registered,score_free,14,ood_test,0.05,marginal,empty_rate,10,0.0,0.0,0.0,0.0,0.0,0.0,0.0
GGG-J,landmark_still_registered,score_free,14,ood_test,0.05,marginal,singleton_accuracy,10,0.7212237892184531,0.11131422573979688,0.4057971014492754,0.7460903796376186,0.7554136158280106,0.7592835708927232,0.7787610619469026
GGG-J,landmark_still_registered,score_free,14,ood_test,0.05,marginal,class0_coverage,10,0.9997742663656884,0.0007138324289319034,0.9977426636568849,1.0,1.0,1.0,1.0
GGG-J,landmark_still_registered,score_free,14,ood_test,0.05,marginal,class1_coverage,10,0.8923357664233575,0.027324911733839653,0.8503649635036497,0.8832116788321168,0.8905109489051095,0.906934306569343,0.9452554744525548
GGG-J,landmark_still_registered,score_free,14,ood_test,0.05,marginal,class0_avg_set_size,10,1.8160270880361176,0.059221328785766914,1.744920993227991,1.7770880361173815,1.799097065462754,1.8312641083521446,1.9367945823927766
GGG-J,landmark_still_registered,score_free,14,ood_test,0.05,marginal,class1_avg_set_size,10,1.8908759124087595,0.02760511930122792,1.8503649635036497,1.8804744525547445,1.885036496350365,1.906934306569343,1.9452554744525548
GGG-J,landmark_still_registered,score_free,14,ood_test,0.05,marginal,class0_singleton_accuracy,10,0.9988888888888889,0.0035136418446315197,0.9888888888888889,1.0,1.0,1.0,1.0
GGG-J,landmark_still_registered,score_free,14,ood_test,0.05,marginal,class1_singleton_accuracy,10,0.01240530303030303,0.030126438578486577,0.0,0.0,0.0,0.0,0.09375
GGG-J,landmark_still_registered,score_free,14,ood_test,0.1,label_conditional,coverage,10,0.9172942817294281,0.02813355989064362,0.8758716875871687,0.8981868898186889,0.9100418410041842,0.9323570432357043,0.9609483960948396
GGG-J,landmark_still_registered,score_free,14,ood_test,0.1,label_conditional,avg_set_size,10,1.7552301255230127,0.07019297935958996,1.6401673640167365,1.7151324965132497,1.7440725244072524,1.8075313807531381,1.8661087866108788
GGG-J,landmark_still_registered,score_free,14,ood_test,0.1,label_conditional,singleton_rate,10,0.24476987447698745,0.07019297935958996,0.13389121338912133,0.19246861924686193,0.25592747559274753,0.2848675034867504,0.3598326359832636
GGG-J,landmark_still_registered,score_free,14,ood_test,0.1,label_conditional,ambiguous_rate,10,0.7552301255230125,0.07019297935958996,0.6401673640167364,0.7151324965132496,0.7440725244072525,0.807531380753138,0.8661087866108786
GGG-J,landmark_still_registered,score_free,14,ood_test,0.1,label_conditional,empty_rate,10,0.0,0.0,0.0,0.0,0.0,0.0,0.0
GGG-J,landmark_still_registered,score_free,14,ood_test,0.1,label_conditional,singleton_accuracy,10,0.6566649118250655,0.11487694534884547,0.3504273504273504,0.660569105691057,0.6717121973977502,0.6933092948717948,0.7878787878787878
GGG-J,landmark_still_registered,score_free,14,ood_test,0.1,label_conditional,class0_coverage,10,0.9232505643340858,0.03542092489372407,0.8645598194130926,0.9006772009029346,0.9130925507900678,0.9559819413092552,0.9751693002257337
GGG-J,landmark_still_registered,score_free,14,ood_test,0.1,label_conditional,class1_coverage,10,0.9076642335766423,0.027476147822342683,0.8686131386861314,0.8914233576642336,0.8996350364963503,0.9251824817518248,0.9598540145985401
GGG-J,landmark_still_registered,score_free,14,ood_test,0.1,label_conditional,class0_avg_set_size,10,1.7670428893905192,0.07259285457283957,1.6659142212189617,1.7285553047404063,1.7483069977426637,1.8069977426636568,1.8984198645598194
GGG-J,landmark_still_registered,score_free,14,ood_test,0.1,label_conditional,class1_avg_set_size,10,1.7361313868613137,0.07390047846273771,1.5985401459854014,1.697080291970803,1.7244525547445255,1.8047445255474452,1.8284671532846715
GGG-J,landmark_still_registered,score_free,14,ood_test,0.1,label_conditional,class0_singleton_accuracy,10,0.6632195037449242,0.13564401349981386,0.40298507462686567,0.595945945945946,0.654704205274412,0.7145320197044335,0.8705882352941177
GGG-J,landmark_still_registered,score_free,14,ood_test,0.1,label_conditional,class1_singleton_accuracy,10,0.6324659444882255,0.15010290181633676,0.28,0.6259278897136797,0.6524822695035462,0.7269715224534501,0.7843137254901961
GGG-J,landmark_still_registered,score_free,14,ood_test,0.1,marginal,coverage,10,0.913249651324965,0.024677391944262047,0.8758716875871687,0.9048117154811716,0.9093444909344491,0.9173640167364017,0.9721059972105998
GGG-J,landmark_still_registered,score_free,14,ood_test,0.1,marginal,avg_set_size,10,1.6973500697350068,0.09874503252952117,1.5690376569037656,1.6457461645746165,1.6680613668061368,1.7364016736401673,1.8800557880055788
GGG-J,landmark_still_registered,score_free,14,ood_test,0.1,marginal,singleton_rate,10,0.30264993026499304,0.09874503252952117,0.1199442119944212,0.26359832635983266,0.3319386331938633,0.3542538354253835,0.4309623430962343
GGG-J,landmark_still_registered,score_free,14,ood_test,0.1,marginal,ambiguous_rate,10,0.697350069735007,0.09874503252952117,0.5690376569037657,0.6457461645746164,0.6680613668061367,0.7364016736401673,0.8800557880055788
GGG-J,landmark_still_registered,score_free,14,ood_test,0.1,marginal,empty_rate,10,0.0,0.0,0.0,0.0,0.0,0.0,0.0
GGG-J,landmark_still_registered,score_free,14,ood_test,0.1,marginal,singleton_accuracy,10,0.7008108278812347,0.10001690263620708,0.42105263157894735,0.7144241309113686,0.7311087570621468,0.7403584229390681,0.7674418604651163
GGG-J,landmark_still_registered,score_free,14,ood_test,0.1,marginal,class0_coverage,10,0.997291196388262,0.00580895682938111,0.981941309255079,0.9983069977426637,1.0,1.0,1.0
GGG-J,landmark_still_registered,score_free,14,ood_test,0.1,marginal,class1_coverage,10,0.7773722627737226,0.05969753842523258,0.7043795620437956,0.7509124087591241,0.7664233576642336,0.7846715328467153,0.927007299270073
GGG-J,landmark_still_registered,score_free,14,ood_test,0.1,marginal,class0_avg_set_size,10,1.654627539503386,0.12623155440488046,1.5237020316027088,1.5756207674943568,1.6094808126410836,1.6975169300225734,1.891647855530474
GGG-J,landmark_still_registered,score_free,14,ood_test,0.1,marginal,class1_avg_set_size,10,1.7664233576642334,0.07153863955225867,1.6423357664233578,1.75,1.760948905109489,1.7755474452554745,1.927007299270073
GGG-J,landmark_still_registered,score_free,14,ood_test,0.1,marginal,class0_singleton_accuracy,10,0.9939769143216335,0.012473134690873586,0.9620853080568721,0.996268656716418,1.0,1.0,1.0
GGG-J,landmark_still_registered,score_free,14,ood_test,0.1,marginal,class1_singleton_accuracy,10,0.03613791453981603,0.05689088217226211,0.0,0.0,0.0,0.06037200504413619,0.17346938775510204
GGG-J,landmark_still_registered,score_free,14,ood_test,0.2,label_conditional,coverage,10,0.8377963737796374,0.02986272701575467,0.7782426778242678,0.8270571827057183,0.8354253835425384,0.8472803347280335,0.8884239888423989
GGG-J,landmark_still_registered,score_free,14,ood_test,0.2,label_conditional,avg_set_size,10,1.5596931659693165,0.09170923798864426,1.4532775453277544,1.4926778242677823,1.5362622036262203,1.601115760111576,1.7503486750348676
GGG-J,landmark_still_registered,score_free,14,ood_test,0.2,label_conditional,singleton_rate,10,0.4403068340306834,0.09170923798864421,0.2496513249651325,0.39888423988842403,0.46373779637377965,0.5073221757322176,0.5467224546722455
GGG-J,landmark_still_registered,score_free,14,ood_test,0.2,label_conditional,ambiguous_rate,10,0.5596931659693166,0.09170923798864421,0.45327754532775455,0.4926778242677824,0.5362622036262203,0.601115760111576,0.7503486750348675
GGG-J,landmark_still_registered,score_free,14,ood_test,0.2,label_conditional,empty_rate,10,0.0,0.0,0.0,0.0,0.0,0.0,0.0
GGG-J,landmark_still_registered,score_free,14,ood_test,0.2,label_conditional,singleton_accuracy,10,0.6201546560211253,0.09640934588355002,0.36312849162011174,0.6133869007602006,0.6505190952910642,0.6591530054644809,0.7122302158273381
GGG-J,landmark_still_registered,score_free,14,ood_test,0.2,label_conditional,class0_coverage,10,0.8297968397291197,0.04778117463610094,0.7246049661399548,0.8216704288939052,0.8306997742663658,0.8397291196388262,0.9187358916478555
GGG-J,landmark_still_registered,score_free,14,ood_test,0.2,label_conditional,class1_coverage,10,0.8507299270072993,0.037828486225982665,0.8138686131386861,0.8293795620437956,0.8412408759124088,0.8631386861313869,0.9452554744525548
GGG-J,landmark_still_registered,score_free,14,ood_test,0.2,label_conditional,class0_avg_set_size,10,1.5808126410835217,0.09402286861813888,1.4740406320541761,1.5118510158013545,1.559819413092551,1.6094808126410836,1.7674943566591421
GGG-J,landmark_still_registered,score_free,14,ood_test,0.2,label_conditional,class1_avg_set_size,10,1.5255474452554745,0.09315907405876711,1.4197080291970803,1.4534671532846715,1.5127737226277373,1.573905109489051,1.7226277372262773
GGG-J,landmark_still_registered,score_free,14,ood_test,0.2,label_conditional,class0_singleton_accuracy,10,0.5809997485280293,0.12354517581009232,0.3883495145631068,0.4918070069042732,0.6164772727272727,0.6530966019208406,0.7906976744186046
GGG-J,landmark_still_registered,score_free,14,ood_test,0.2,label_conditional,class1_singleton_accuracy,10,0.6691089142433576,0.1407420115307476,0.32894736842105265,0.6544043792687826,0.6924245545370276,0.7217183947810616,0.8660714285714286
GGG-J,landmark_still_registered,score_free,14,ood_test,0.2,marginal,coverage,10,0.8163179916317992,0.02342145948257596,0.7866108786610879,0.797768479776848,0.8117154811715481,0.8298465829846583,0.8619246861924686
GGG-J,landmark_still_registered,score_free,14,ood_test,0.2,marginal,avg_set_size,10,1.4125523012552301,0.08265499228519396,1.304044630404463,1.3741283124128314,1.396792189679219,1.4560669456066946,1.5746164574616457
GGG-J,landmark_still_registered,score_free,14,ood_test,0.2,marginal,singleton_rate,10,0.5874476987447699,0.08265499228519402,0.42538354253835425,0.5439330543933054,0.603207810320781,0.6258716875871687,0.6959553695955369
GGG-J,landmark_still_registered,score_free,14,ood_test,0.2,marginal,ambiguous_rate,10,0.4125523012552302,0.082654992285194,0.30404463040446306,0.37412831241283123,0.396792189679219,0.4560669456066946,0.5746164574616457
GGG-J,landmark_still_registered,score_free,14,ood_test,0.2,marginal,empty_rate,10,0.0,0.0,0.0,0.0,0.0,0.0,0.0
GGG-J,landmark_still_registered,score_free,14,ood_test,0.2,marginal,singleton_accuracy,10,0.6827760190798077,0.059984676944566044,0.5147540983606558,0.6916800267201069,0.6996986189138577,0.7031808168611575,0.7265193370165746
GGG-J,landmark_still_registered,score_free,14,ood_test,0.2,marginal,class0_coverage,10,0.9918735891647856,0.01268936281946295,0.9661399548532731,0.9881489841986456,1.0,1.0,1.0
GGG-J,landmark_still_registered,score_free,14,ood_test,0.2,marginal,class1_coverage,10,0.5324817518248175,0.0599560481765983,0.4416058394160584,0.4972627737226277,0.5328467153284672,0.573905109489051,0.6386861313868614
GGG-J,landmark_still_registered,score_free,14,ood_test,0.2,marginal,class0_avg_set_size,10,1.3577878103837473,0.11556959516835866,1.2234762979683973,1.2979683972911964,1.3408577878103838,1.3854401805869074,1.6455981941309255
GGG-J,landmark_still_registered,score_free,14,ood_test,0.2,marginal,class1_avg_set_size,10,1.5010948905109491,0.07404053255990473,1.3795620437956204,1.4607664233576643,1.5018248175182483,1.5328467153284673,1.6386861313868613
GGG-J,landmark_still_registered,score_free,14,ood_test,0.2,marginal,class0_singleton_accuracy,10,0.9880843715981541,0.01823485423793216,0.9537037037037037,0.981491532783326,1.0,1.0,1.0
GGG-J,landmark_still_registered,score_free,14,ood_test,0.2,marginal,class1_singleton_accuracy,10,0.05697490487127286,0.08013336414672585,0.0,0.0,0.0064516129032258064,0.08898957592987443,0.2235294117647059
GGG-J,landmark_still_registered,score_free,56,id_test,0.05,label_conditional,coverage,10,0.9594202898550724,0.019976882249406105,0.927536231884058,0.9402173913043479,0.9710144927536232,0.9710144927536232,0.9855072463768116
GGG-J,landmark_still_registered,score_free,56,id_test,0.05,label_conditional,avg_set_size,10,1.8608695652173914,0.06982305946221164,1.7318840579710144,1.8369565217391304,1.8695652173913044,1.9184782608695654,1.934782608695652
GGG-J,landmark_still_registered,score_free,56,id_test,0.05,label_conditional,singleton_rate,10,0.1391304347826087,0.06982305946221162,0.06521739130434782,0.08152173913043478,0.13043478260869565,0.16304347826086957,0.26811594202898553
GGG-J,landmark_still_registered,score_free,56,id_test,0.05,label_conditional,ambiguous_rate,10,0.8608695652173912,0.0698230594622116,0.7318840579710145,0.8369565217391305,0.8695652173913043,0.9184782608695652,0.9347826086956522
GGG-J,landmark_still_registered,score_free,56,id_test,0.05,label_conditional,empty_rate,10,0.0,0.0,0.0,0.0,0.0,0.0,0.0
GGG-J,landmark_still_registered,score_free,56,id_test,0.05,label_conditional,singleton_accuracy,10,0.6928467654554612,0.10190808266822356,0.5555555555555556,0.6090909090909091,0.696969696969697,0.7725225225225225,0.8333333333333334
GGG-J,landmark_still_registered,score_free,56,id_test,0.05,label_conditional,class0_coverage,10,0.955056179775281,0.032650928416034994,0.9101123595505618,0.9241573033707865,0.9550561797752809,0.9859550561797752,1.0
GGG-J,landmark_still_registered,score_free,56,id_test,0.05,label_conditional,class1_coverage,10,0.9673469387755101,0.029180422570785316,0.9183673469387755,0.9438775510204082,0.9693877551020408,0.9948979591836735,1.0
GGG-J,landmark_still_registered,score_free,56,id_test,0.05,label_conditional,class0_avg_set_size,10,1.8764044943820224,0.06699829146066788,1.7865168539325842,1.8117977528089888,1.893258426966292,1.9382022471910112,1.9550561797752808
GGG-J,landmark_still_registered,score_free,56,id_test,0.05,label_conditional,class1_avg_set_size,10,1.8326530612244896,0.0989556274610513,1.6326530612244898,1.7959183673469388,1.8775510204081634,1.892857142857143,1.9183673469387754
GGG-J,landmark_still_registered,score_free,56,id_test,0.05,label_conditional,class0_singleton_accuracy,10,0.5780241825597863,0.35459562176728454,0.0,0.2947368421052632,0.5996732026143792,0.875,1.0
GGG-J,landmark_still_registered,score_free,56,id_test,0.05,label_conditional,class1_singleton_accuracy,10,0.7232539682539683,0.318181291098655,0.0,0.5785714285714285,0.8083333333333333,0.9861111111111112,1.0
GGG-J,landmark_still_registered,score_free,56,id_test,0.05,marginal,coverage,10,0.9478260869565217,0.03108349360801045,0.9057971014492754,0.927536231884058,0.9311594202898551,0.9764492753623188,1.0
GGG-J,landmark_still_registered,score_free,56,id_test,0.05,marginal,avg_set_size,10,1.7652173913043476,0.07946823194194469,1.644927536231884,1.7264492753623188,1.7391304347826086,1.8206521739130435,1.8985507246376812
GGG-J,landmark_still_registered,score_free,56,id_test,0.05,marginal,singleton_rate,10,0.2347826086956522,0.07946823194194468,0.10144927536231885,0.1793478260869565,0.2608695652173913,0.27355072463768115,0.35507246376811596
GGG-J,landmark_still_registered,score_free,56,id_test,0.05,marginal,ambiguous_rate,10,0.7652173913043478,0.07946823194194468,0.644927536231884,0.7264492753623188,0.7391304347826086,0.8206521739130435,0.8985507246376812
GGG-J,landmark_still_registered,score_free,56,id_test,0.05,marginal,empty_rate,10,0.0,0.0,0.0,0.0,0.0,0.0,0.0
GGG-J,landmark_still_registered,score_free,56,id_test,0.05,marginal,singleton_accuracy,10,0.7988212304368549,0.09496208470651099,0.7222222222222222,0.7291280148423006,0.7464698331193838,0.8560606060606061,1.0
GGG-J,landmark_still_registered,score_free,56,id_test,0.05,marginal,class0_coverage,10,0.997752808988764,0.004737494621975111,0.9887640449438202,1.0,1.0,1.0,1.0
GGG-J,landmark_still_registered,score_free,56,id_test,0.05,marginal,class1_coverage,10,0.8571428571428571,0.08550887816310568,0.7346938775510204,0.7959183673469388,0.826530612244898,0.9336734693877551,1.0
GGG-J,landmark_still_registered,score_free,56,id_test,0.05,marginal,class0_avg_set_size,10,1.7224719101123598,0.0806853194577322,1.595505617977528,1.6685393258426966,1.7191011235955056,1.7752808988764044,1.8426966292134832
GGG-J,landmark_still_registered,score_free,56,id_test,0.05,marginal,class1_avg_set_size,10,1.8428571428571427,0.0917989340194242,1.7346938775510203,1.7755102040816326,1.7959183673469388,1.9285714285714286,2.0
GGG-J,landmark_still_registered,score_free,56,id_test,0.05,marginal,class0_singleton_accuracy,10,0.9916521739130435,0.017617848161141234,0.9565217391304348,1.0,1.0,1.0,1.0
GGG-J,landmark_still_registered,score_free,56,id_test,0.05,marginal,class1_singleton_accuracy,9,0.08484848484848485,0.08999540851465151,0.0,0.0,0.09090909090909091,0.18181818181818182,0.2
GGG-J,landmark_still_registered,score_free,56,id_test,0.1,label_conditional,coverage,10,0.9036231884057973,0.02817920402529446,0.8623188405797102,0.8858695652173914,0.894927536231884,0.9221014492753623,0.9565217391304348
GGG-J,landmark_still_registered,score_free,56,id_test,0.1,label_conditional,avg_set_size,10,1.673913043478261,0.07630709661319472,1.6014492753623188,1.6376811594202898,1.6630434782608696,1.6721014492753623,1.8768115942028984
GGG-J,landmark_still_registered,score_free,56,id_test,0.1,label_conditional,singleton_rate,10,0.32608695652173914,0.07630709661319476,0.12318840579710146,0.3278985507246377,0.33695652173913043,0.36231884057971014,0.39855072463768115
GGG-J,landmark_still_registered,score_free,56,id_test,0.1,label_conditional,ambiguous_rate,10,0.6739130434782609,0.07630709661319476,0.6014492753623188,0.6376811594202898,0.6630434782608696,0.6721014492753623,0.8768115942028986
GGG-J,landmark_still_registered,score_free,56,id_test,0.1,label_conditional,empty_rate,10,0.0,0.0,0.0,0.0,0.0,0.0,0.0
GGG-J,landmark_still_registered,score_free,56,id_test,0.1,label_conditional,singleton_accuracy,10,0.7014547840833416,0.05750437621796025,0.62,0.6613475177304964,0.6878260869565218,0.7443181818181819,0.7857142857142857
GGG-J,landmark_still_registered,score_free,56,id_test,0.1,label_conditional,class0_coverage,10,0.907865168539326,0.035054259046584525,0.8426966292134831,0.8820224719101124,0.9269662921348314,0.9325842696629213,0.9438202247191011
GGG-J,landmark_still_registered,score_free,56,id_test,0.1,label_conditional,class1_coverage,10,0.8959183673469386,0.07228191270279997,0.7959183673469388,0.8418367346938775,0.9081632653061225,0.9387755102040817,1.0
GGG-J,landmark_still_registered,score_free,56,id_test,0.1,label_conditional,class0_avg_set_size,10,1.6932584269662923,0.07603088503342505,1.6179775280898876,1.648876404494382,1.6797752808988764,1.7050561797752808,1.8876404494382022
GGG-J,landmark_still_registered,score_free,56,id_test,0.1,label_conditional,class1_avg_set_size,10,1.6387755102040817,0.10000231382394144,1.489795918367347,1.5816326530612246,1.6224489795918369,1.653061224489796,1.8571428571428572
GGG-J,landmark_still_registered,score_free,56,id_test,0.1,label_conditional,class0_singleton_accuracy,10,0.6787867183338786,0.14191370012381116,0.4,0.581875,0.7175456389452333,0.791256157635468,0.8181818181818182
GGG-J,landmark_still_registered,score_free,56,id_test,0.1,label_conditional,class1_singleton_accuracy,10,0.7249147227041964,0.19210951133552245,0.4117647058823529,0.6111764705882353,0.7457264957264957,0.8339598997493733,1.0
GGG-J,landmark_still_registered,score_free,56,id_test,0.1,marginal,coverage,10,0.894927536231884,0.03698887157273806,0.8405797101449275,0.8713768115942029,0.894927536231884,0.9257246376811594,0.9420289855072463
GGG-J,landmark_still_registered,score_free,56,id_test,0.1,marginal,avg_set_size,10,1.5920289855072463,0.09650053202103394,1.4492753623188406,1.5072463768115942,1.5978260869565217,1.6739130434782608,1.7318840579710144
GGG-J,landmark_still_registered,score_free,56,id_test,0.1,marginal,singleton_rate,10,0.40797101449275364,0.09650053202103395,0.26811594202898553,0.32608695652173914,0.40217391304347827,0.49275362318840576,0.5507246376811594
GGG-J,landmark_still_registered,score_free,56,id_test,0.1,marginal,ambiguous_rate,10,0.5920289855072464,0.09650053202103394,0.4492753623188406,0.5072463768115942,0.5978260869565217,0.6739130434782609,0.7318840579710145
GGG-J,landmark_still_registered,score_free,56,id_test,0.1,marginal,empty_rate,10,0.0,0.0,0.0,0.0,0.0,0.0,0.0
GGG-J,landmark_still_registered,score_free,56,id_test,0.1,marginal,singleton_accuracy,10,0.7463493395481473,0.050045073254273216,0.660377358490566,0.7078039927404718,0.7622923588039867,0.7805461711711712,0.8153846153846154
GGG-J,landmark_still_registered,score_free,56,id_test,0.1,marginal,class0_coverage,10,0.9943820224719101,0.010919385570871343,0.9662921348314607,0.9915730337078652,1.0,1.0,1.0
GGG-J,landmark_still_registered,score_free,56,id_test,0.1,marginal,class1_coverage,10,0.7142857142857142,0.10406162272638339,0.5510204081632653,0.6530612244897959,0.7346938775510203,0.7959183673469388,0.8367346938775511
GGG-J,landmark_still_registered,score_free,56,id_test,0.1,marginal,class0_avg_set_size,10,1.5382022471910113,0.10249452189358,1.3932584269662922,1.4382022471910112,1.5730337078651684,1.6067415730337078,1.6741573033707866
GGG-J,landmark_still_registered,score_free,56,id_test,0.1,marginal,class1_avg_set_size,10,1.6897959183673468,0.10441678288081575,1.5510204081632653,1.6173469387755102,1.693877551020408,1.7653061224489797,1.836734693877551
GGG-J,landmark_still_registered,score_free,56,id_test,0.1,marginal,class0_singleton_accuracy,10,0.9868864468864469,0.026689450074772598,0.9166666666666666,0.985576923076923,1.0,1.0,1.0
GGG-J,landmark_still_registered,score_free,56,id_test,0.1,marginal,class1_singleton_accuracy,10,0.07994447932528428,0.07553515759966148,0.0,0.011363636363636364,0.07323232323232323,0.11455108359133126,0.23076923076923078
GGG-J,landmark_still_registered,score_free,56,id_test,0.2,label_conditional,coverage,10,0.7999999999999999,0.041585196553927256,0.717391304347826,0.7844202898550725,0.8079710144927537,0.8242753623188406,0.8623188405797102
GGG-J,landmark_still_registered,score_free,56,id_test,0.2,label_conditional,avg_set_size,10,1.4217391304347826,0.0754458845496833,1.2463768115942029,1.391304347826087,1.4420289855072463,1.4492753623188406,1.5289855072463767
GGG-J,landmark_still_registered,score_free,56,id_test,0.2,label_conditional,singleton_rate,10,0.5782608695652174,0.0754458845496833,0.47101449275362317,0.5507246376811594,0.5579710144927537,0.6086956521739131,0.7536231884057971
GGG-J,landmark_still_registered,score_free,56,id_test,0.2,label_conditional,ambiguous_rate,10,0.4217391304347826,0.0754458845496833,0.2463768115942029,0.391304347826087,0.4420289855072464,0.4492753623188406,0.5289855072463768
GGG-J,landmark_still_registered,score_free,56,id_test,0.2,label_conditional,empty_rate,10,0.0,0.0,0.0,0.0,0.0,0.0,0.0
GGG-J,landmark_still_registered,score_free,56,id_test,0.2,label_conditional,singleton_accuracy,10,0.6557071643083364,0.04125761660201788,0.6046511627906976,0.6302884615384615,0.6534424479629959,0.6615667074663403,0.75
GGG-J,landmark_still_registered,score_free,56,id_test,0.2,label_conditional,class0_coverage,10,0.8044943820224718,0.041773313838497944,0.7528089887640449,0.7696629213483146,0.797752808988764,0.8398876404494382,0.8651685393258427
GGG-J,landmark_still_registered,score_free,56,id_test,0.2,label_conditional,class1_coverage,10,0.7918367346938776,0.11415606510695528,0.5714285714285714,0.760204081632653,0.7959183673469388,0.8571428571428571,0.9591836734693877
GGG-J,landmark_still_registered,score_free,56,id_test,0.2,label_conditional,class0_avg_set_size,10,1.4651685393258425,0.06704015231539905,1.3146067415730338,1.4353932584269662,1.4887640449438204,1.5056179775280898,1.5393258426966292
GGG-J,landmark_still_registered,score_free,56,id_test,0.2,label_conditional,class1_avg_set_size,10,1.3428571428571427,0.11334239782127091,1.1224489795918366,1.2959183673469388,1.3265306122448979,1.403061224489796,1.5510204081632653
GGG-J,landmark_still_registered,score_free,56,id_test,0.2,label_conditional,class0_singleton_accuracy,10,0.6311152655570602,0.08541473092123994,0.5,0.5741978609625669,0.6500230096640589,0.6971667854597292,0.75
GGG-J,landmark_still_registered,score_free,56,id_test,0.2,label_conditional,class1_singleton_accuracy,10,0.6972340948724269,0.1334104153751614,0.48484848484848486,0.6392857142857142,0.7095959595959596,0.7564655172413792,0.9090909090909091
GGG-J,landmark_still_registered,score_free,56,id_test,0.2,marginal,coverage,10,0.8239130434782609,0.03940234743701031,0.7608695652173914,0.8115942028985508,0.8152173913043479,0.8568840579710144,0.8840579710144928
GGG-J,landmark_still_registered,score_free,56,id_test,0.2,marginal,avg_set_size,10,1.3347826086956522,0.11219800263124538,1.1884057971014492,1.233695652173913,1.3478260869565217,1.3985507246376812,1.5
GGG-J,landmark_still_registered,score_free,56,id_test,0.2,marginal,singleton_rate,10,0.6652173913043479,0.11219800263124538,0.5,0.6014492753623188,0.6521739130434783,0.7663043478260869,0.8115942028985508
GGG-J,landmark_still_registered,score_free,56,id_test,0.2,marginal,ambiguous_rate,10,0.3347826086956522,0.11219800263124537,0.18840579710144928,0.23369565217391303,0.34782608695652173,0.39855072463768115,0.5
GGG-J,landmark_still_registered,score_free,56,id_test,0.2,marginal,empty_rate,10,0.0,0.0,0.0,0.0,0.0,0.0,0.0
GGG-J,landmark_still_registered,score_free,56,id_test,0.2,marginal,singleton_accuracy,10,0.7361274265299474,0.03461616003367329,0.6867469879518072,0.7128278080158338,0.7347582972582972,0.7658636897767332,0.7831325301204819
GGG-J,landmark_still_registered,score_free,56,id_test,0.2,marginal,class0_coverage,10,0.9730337078651686,0.029107654273745988,0.9101123595505618,0.9691011235955056,0.9887640449438202,0.9887640449438202,1.0
GGG-J,landmark_still_registered,score_free,56,id_test,0.2,marginal,class1_coverage,10,0.5530612244897959,0.10602210501065723,0.3469387755102041,0.5102040816326531,0.5306122448979591,0.6479591836734694,0.6938775510204082
GGG-J,landmark_still_registered,score_free,56,id_test,0.2,marginal,class0_avg_set_size,10,1.2662921348314609,0.10257660507963538,1.101123595505618,1.1910112359550562,1.2696629213483146,1.3230337078651684,1.4382022471910112
GGG-J,landmark_still_registered,score_free,56,id_test,0.2,marginal,class1_avg_set_size,10,1.4591836734693877,0.13982860402105077,1.2448979591836735,1.3571428571428572,1.469387755102041,1.566326530612245,1.653061224489796
GGG-J,landmark_still_registered,score_free,56,id_test,0.2,marginal,class0_singleton_accuracy,10,0.9639974939310617,0.03914506015275614,0.8688524590163934,0.9623482177830004,0.9810714285714286,0.983736559139785,1.0
GGG-J,landmark_still_registered,score_free,56,id_test,0.2,marginal,class1_singleton_accuracy,10,0.16132473570554068,0.11260606407783345,0.0,0.09060150375939849,0.1497326203208556,0.19761904761904764,0.40540540540540543
GGG-J,landmark_still_registered,score_free,56,ood_test,0.05,label_conditional,coverage,10,0.9695402298850574,0.02181932628127574,0.9267241379310345,0.9554597701149425,0.9748563218390804,0.9852729885057472,0.9942528735632183
GGG-J,landmark_still_registered,score_free,56,ood_test,0.05,label_conditional,avg_set_size,10,1.8722701149425283,0.062155267623473946,1.7586206896551724,1.846623563218391,1.8735632183908044,1.9184626436781609,1.9597701149425288
GGG-J,landmark_still_registered,score_free,56,ood_test,0.05,label_conditional,singleton_rate,10,0.12772988505747127,0.062155267623473905,0.040229885057471264,0.08153735632183909,0.12643678160919541,0.1533764367816092,0.2413793103448276
GGG-J,landmark_still_registered,score_free,56,ood_test,0.05,label_conditional,ambiguous_rate,10,0.8722701149425287,0.06215526762347392,0.7586206896551724,0.8466235632183908,0.8735632183908046,0.9184626436781609,0.9597701149425287
GGG-J,landmark_still_registered,score_free,56,ood_test,0.05,label_conditional,empty_rate,10,0.0,0.0,0.0,0.0,0.0,0.0,0.0
GGG-J,landmark_still_registered,score_free,56,ood_test,0.05,label_conditional,singleton_accuracy,10,0.7830771698174891,0.07218313839558689,0.6636363636363637,0.7448283450704225,0.7772094926350246,0.8464653902798233,0.875
GGG-J,landmark_still_registered,score_free,56,ood_test,0.05,label_conditional,class0_coverage,10,0.9582392776523703,0.0332824237089488,0.8961625282167043,0.9390519187358917,0.9672686230248306,0.981941309255079,0.9977426636568849
GGG-J,landmark_still_registered,score_free,56,ood_test,0.05,label_conditional,class1_coverage,10,0.9893280632411067,0.007464672186674735,0.9802371541501976,0.9841897233201581,0.9881422924901185,0.9950592885375494,1.0
GGG-J,landmark_still_registered,score_free,56,ood_test,0.05,label_conditional,class0_avg_set_size,10,1.9173814898419863,0.04772189128783405,1.8284424379232507,1.8984198645598194,1.917607223476298,1.9599322799097065,1.9706546275395034
GGG-J,landmark_still_registered,score_free,56,ood_test,0.05,label_conditional,class1_avg_set_size,10,1.7932806324110673,0.09645942531707906,1.6363636363636365,1.7262845849802373,1.7944664031620552,1.8438735177865613,1.9565217391304348
GGG-J,landmark_still_registered,score_free,56,ood_test,0.05,label_conditional,class0_singleton_accuracy,10,0.4865690861257071,0.33293045751631345,0.02631578947368421,0.21406882591093118,0.4734375,0.7808510638297873,0.9411764705882353
GGG-J,landmark_still_registered,score_free,56,ood_test,0.05,label_conditional,class1_singleton_accuracy,10,0.9286790751597003,0.07823020092905664,0.7272727272727273,0.9240150093808631,0.94003920171062,0.9731240981240982,1.0
GGG-J,landmark_still_registered,score_free,56,ood_test,0.05,marginal,coverage,10,0.9781609195402299,0.010510242700647666,0.9626436781609196,0.9701867816091954,0.9777298850574713,0.985632183908046,0.992816091954023
GGG-J,landmark_still_registered,score_free,56,ood_test,0.05,marginal,avg_set_size,10,1.8577586206896552,0.062076060329577167,1.7772988505747127,1.8085488505747127,1.8620689655172413,1.89367816091954,1.9497126436781609
GGG-J,landmark_still_registered,score_free,56,ood_test,0.05,marginal,singleton_rate,10,0.14224137931034483,0.06207606032957721,0.05028735632183908,0.10632183908045978,0.13793103448275862,0.19145114942528735,0.22270114942528735
GGG-J,landmark_still_registered,score_free,56,ood_test,0.05,marginal,ambiguous_rate,10,0.8577586206896551,0.062076060329577215,0.7772988505747126,0.8085488505747126,0.8620689655172413,0.8936781609195402,0.9497126436781609
GGG-J,landmark_still_registered,score_free,56,ood_test,0.05,marginal,empty_rate,10,0.0,0.0,0.0,0.0,0.0,0.0,0.0
GGG-J,landmark_still_registered,score_free,56,ood_test,0.05,marginal,singleton_accuracy,10,0.8479721139725216,0.025315891332470305,0.7938144329896907,0.8361500701262272,0.8521222410865874,0.8571428571428571,0.8837209302325582
GGG-J,landmark_still_registered,score_free,56,ood_test,0.05,marginal,class0_coverage,10,0.9984198645598195,0.0023913090416961243,0.9932279909706546,0.9977426636568849,1.0,1.0,1.0
GGG-J,landmark_still_registered,score_free,56,ood_test,0.05,marginal,class1_coverage,10,0.942687747035573,0.02752645904581842,0.9051383399209486,0.9209486166007905,0.9446640316205533,0.9634387351778656,0.9802371541501976
GGG-J,landmark_still_registered,score_free,56,ood_test,0.05,marginal,class0_avg_set_size,10,1.8218961625282168,0.0770178548824913,1.7042889390519187,1.7612866817155757,1.8261851015801356,1.8600451467268622,1.9390519187358917
GGG-J,landmark_still_registered,score_free,56,ood_test,0.05,marginal,class1_avg_set_size,10,1.9205533596837945,0.04315566833527742,1.8379446640316206,1.8992094861660078,1.924901185770751,1.9525691699604744,1.9683794466403162
GGG-J,landmark_still_registered,score_free,56,ood_test,0.05,marginal,class0_singleton_accuracy,10,0.9925531296788103,0.011569227924444479,0.9655172413793104,0.987632722007722,1.0,1.0,1.0
GGG-J,landmark_still_registered,score_free,56,ood_test,0.05,marginal,class1_singleton_accuracy,10,0.2507145801353118,0.16056584248514716,0.041666666666666664,0.13541666666666666,0.2403846153846154,0.34375,0.5625
GGG-J,landmark_still_registered,score_free,56,ood_test,0.1,label_conditional,coverage,10,0.9260057471264368,0.02381429097787703,0.8994252873563219,0.9051724137931034,0.9245689655172413,0.9421695402298851,0.9612068965517241
GGG-J,landmark_still_registered,score_free,56,ood_test,0.1,label_conditional,avg_set_size,10,1.721551724137931,0.06457814341493599,1.603448275862069,1.6979166666666667,1.7248563218390804,1.7492816091954024,1.8405172413793103
GGG-J,landmark_still_registered,score_free,56,ood_test,0.1,label_conditional,singleton_rate,10,0.27844827586206894,0.06457814341493598,0.15948275862068967,0.2507183908045977,0.27514367816091956,0.30208333333333337,0.39655172413793105
GGG-J,landmark_still_registered,score_free,56,ood_test,0.1,label_conditional,ambiguous_rate,10,0.721551724137931,0.06457814341493598,0.603448275862069,0.6979166666666667,0.7248563218390804,0.7492816091954023,0.8405172413793104
GGG-J,landmark_still_registered,score_free,56,ood_test,0.1,label_conditional,empty_rate,10,0.0,0.0,0.0,0.0,0.0,0.0,0.0
GGG-J,landmark_still_registered,score_free,56,ood_test,0.1,label_conditional,singleton_accuracy,10,0.735615618470058,0.05542347294699044,0.6580310880829016,0.6978352760343282,0.7441561477325853,0.7553847854931446,0.8421052631578947
GGG-J,landmark_still_registered,score_free,56,ood_test,0.1,label_conditional,class0_coverage,10,0.9049661399548533,0.033523112532286195,0.8532731376975169,0.8905191873589164,0.9051918735891649,0.9221218961625283,0.9616252821670429
GGG-J,landmark_still_registered,score_free,56,ood_test,0.1,label_conditional,class1_coverage,10,0.9628458498023716,0.026165357759802697,0.9051383399209486,0.9575098814229249,0.9703557312252964,0.9802371541501976,0.9881422924901185
GGG-J,landmark_still_registered,score_free,56,ood_test,0.1,label_conditional,class0_avg_set_size,10,1.7738148984198645,0.07218615118739291,1.6433408577878104,1.7511286681715577,1.7742663656884876,1.8047404063205417,1.9142212189616252
GGG-J,landmark_still_registered,score_free,56,ood_test,0.1,label_conditional,class1_avg_set_size,10,1.6300395256916995,0.06545849153992006,1.533596837944664,1.5909090909090908,1.608695652173913,1.691699604743083,1.7272727272727273
GGG-J,landmark_still_registered,score_free,56,ood_test,0.1,label_conditional,class0_singleton_accuracy,10,0.5492692010293603,0.17749064905565587,0.2894736842105263,0.40409292035398225,0.5783587509077706,0.6419402985074627,0.8333333333333334
GGG-J,landmark_still_registered,score_free,56,ood_test,0.1,label_conditional,class1_singleton_accuracy,10,0.9014755060672461,0.058711767275757255,0.7966101694915254,0.8648620401337793,0.9094594594594595,0.9527777777777777,0.9607843137254902
GGG-J,landmark_still_registered,score_free,56,ood_test,0.1,marginal,coverage,10,0.942816091954023,0.024633810523245737,0.8836206896551724,0.9357040229885057,0.9497126436781609,0.9579741379310345,0.9698275862068966
GGG-J,landmark_still_registered,score_free,56,ood_test,0.1,marginal,avg_set_size,10,1.7022988505747125,0.09894872462523353,1.4741379310344827,1.680316091954023,1.7025862068965516,1.7769396551724137,1.8160919540229885
GGG-J,landmark_still_registered,score_free,56,ood_test,0.1,marginal,singleton_rate,10,0.29770114942528736,0.09894872462523349,0.1839080459770115,0.22306034482758622,0.2974137931034483,0.319683908045977,0.5258620689655172
GGG-J,landmark_still_registered,score_free,56,ood_test,0.1,marginal,ambiguous_rate,10,0.7022988505747126,0.09894872462523349,0.47413793103448276,0.680316091954023,0.7025862068965518,0.7769396551724138,0.8160919540229885
GGG-J,landmark_still_registered,score_free,56,ood_test,0.1,marginal,empty_rate,10,0.0,0.0,0.0,0.0,0.0,0.0,0.0
GGG-J,landmark_still_registered,score_free,56,ood_test,0.1,marginal,singleton_accuracy,10,0.811124674430442,0.024326565316929002,0.7786885245901639,0.7939222132449224,0.8092920353982301,0.8272548874407583,0.8522167487684729
GGG-J,landmark_still_registered,score_free,56,ood_test,0.1,marginal,class0_coverage,10,0.9939051918735892,0.003693886443531564,0.9887133182844243,0.9915349887133182,0.9943566591422122,0.9954853273137697,1.0
GGG-J,landmark_still_registered,score_free,56,ood_test,0.1,marginal,class1_coverage,10,0.8533596837944664,0.07052010622574505,0.6837944664031621,0.8320158102766798,0.8735177865612649,0.8942687747035574,0.9367588932806324
GGG-J,landmark_still_registered,score_free,56,ood_test,0.1,marginal,class0_avg_set_size,10,1.6424379232505644,0.11556445111564191,1.3724604966139955,1.6139954853273137,1.6557562076749437,1.7257336343115124,1.765237020316027
GGG-J,landmark_still_registered,score_free,56,ood_test,0.1,marginal,class1_avg_set_size,10,1.8071146245059289,0.07191793467239228,1.6521739130434783,1.7786561264822134,1.7984189723320159,1.8616600790513835,1.9051383399209487
GGG-J,landmark_still_registered,score_free,56,ood_test,0.1,marginal,class0_singleton_accuracy,10,0.981186991509324,0.014100536011761372,0.9519230769230769,0.9758465833232188,0.9835668103448276,0.987429482462595,1.0
GGG-J,landmark_still_registered,score_free,56,ood_test,0.1,marginal,class1_singleton_accuracy,10,0.24528590174461828,0.14846277637191882,0.06451612903225806,0.1323728813559322,0.2280118255728012,0.3173076923076923,0.5283018867924528
GGG-J,landmark_still_registered,score_free,56,ood_test,0.2,label_conditional,coverage,10,0.8112068965517242,0.019899410879192163,0.7830459770114943,0.7952586206896551,0.8110632183908046,0.8204022988505747,0.8448275862068966
GGG-J,landmark_still_registered,score_free,56,ood_test,0.2,label_conditional,avg_set_size,10,1.4557471264367816,0.07156332772499638,1.2887931034482758,1.4536637931034482,1.464080459770115,1.4906609195402298,1.5316091954022988
GGG-J,landmark_still_registered,score_free,56,ood_test,0.2,label_conditional,singleton_rate,10,0.5442528735632183,0.07156332772499635,0.46839080459770116,0.50933908045977,0.5359195402298851,0.5463362068965517,0.7112068965517241
GGG-J,landmark_still_registered,score_free,56,ood_test,0.2,label_conditional,ambiguous_rate,10,0.4557471264367817,0.07156332772499638,0.28879310344827586,0.4536637931034483,0.4640804597701149,0.4906609195402299,0.5316091954022989
GGG-J,landmark_still_registered,score_free,56,ood_test,0.2,label_conditional,empty_rate,10,0.0,0.0,0.0,0.0,0.0,0.0,0.0
GGG-J,landmark_still_registered,score_free,56,ood_test,0.2,label_conditional,singleton_accuracy,10,0.6503972544900665,0.03955729053937138,0.5932203389830508,0.6176199420969187,0.6613225806451613,0.6703023016145655,0.7111111111111111
GGG-J,landmark_still_registered,score_free,56,ood_test,0.2,label_conditional,class0_coverage,10,0.7575620767494357,0.03910110841709245,0.6884875846501128,0.7392776523702032,0.755079006772009,0.7900677200902935,0.8036117381489842
GGG-J,landmark_still_registered,score_free,56,ood_test,0.2,label_conditional,class1_coverage,10,0.9051383399209486,0.050376954662200685,0.782608695652174,0.8893280632411067,0.9169960474308301,0.9337944664031621,0.9565217391304348
GGG-J,landmark_still_registered,score_free,56,ood_test,0.2,label_conditional,class0_avg_set_size,10,1.5112866817155757,0.08544978027080068,1.3182844243792324,1.502257336343115,1.5248306997742664,1.5632054176072234,1.6230248306997743
GGG-J,landmark_still_registered,score_free,56,ood_test,0.2,label_conditional,class1_avg_set_size,10,1.358498023715415,0.058211562254388526,1.2371541501976284,1.3280632411067192,1.3715415019762847,1.3903162055335967,1.4505928853754941
GGG-J,landmark_still_registered,score_free,56,ood_test,0.2,label_conditional,class0_singleton_accuracy,10,0.48782232553399096,0.1299040196387115,0.31736526946107785,0.36024698340874817,0.531102531102531,0.5632832427636687,0.7086092715231788
GGG-J,landmark_still_registered,score_free,56,ood_test,0.2,label_conditional,class1_singleton_accuracy,10,0.8545112052455431,0.06424293713698434,0.7150259067357513,0.831416262338966,0.861648878960867,0.895579268292683,0.9308176100628931
GGG-J,landmark_still_registered,score_free,56,ood_test,0.2,marginal,coverage,10,0.8614942528735632,0.04120555615718429,0.8103448275862069,0.8261494252873564,0.8556034482758621,0.8979885057471264,0.9195402298850575
GGG-J,landmark_still_registered,score_free,56,ood_test,0.2,marginal,avg_set_size,10,1.4142241379310345,0.128202380484358,1.2686781609195403,1.308189655172414,1.4008620689655173,1.5176005747126435,1.603448275862069
GGG-J,landmark_still_registered,score_free,56,ood_test,0.2,marginal,singleton_rate,10,0.5857758620689655,0.12820238048435806,0.39655172413793105,0.4823994252873563,0.5991379310344828,0.6918103448275862,0.7313218390804598
GGG-J,landmark_still_registered,score_free,56,ood_test,0.2,marginal,ambiguous_rate,10,0.4142241379310345,0.12820238048435806,0.2686781609195402,0.30818965517241376,0.40086206896551724,0.5176005747126436,0.603448275862069
GGG-J,landmark_still_registered,score_free,56,ood_test,0.2,marginal,empty_rate,10,0.0,0.0,0.0,0.0,0.0,0.0,0.0
GGG-J,landmark_still_registered,score_free,56,ood_test,0.2,marginal,singleton_accuracy,10,0.7673662516563056,0.02256305619486647,0.7406679764243614,0.7504815825543633,0.7585794655414908,0.784677890052165,0.8042168674698795
GGG-J,landmark_still_registered,score_free,56,ood_test,0.2,marginal,class0_coverage,10,0.9767494356659142,0.01463114646174416,0.9480812641083521,0.9678329571106095,0.9785553047404063,0.9830699774266366,0.9977426636568849
GGG-J,landmark_still_registered,score_free,56,ood_test,0.2,marginal,class1_coverage,10,0.6596837944664031,0.1041168375353391,0.5375494071146245,0.5632411067193676,0.650197628458498,0.7420948616600791,0.8142292490118577
GGG-J,landmark_still_registered,score_free,56,ood_test,0.2,marginal,class0_avg_set_size,10,1.3494356659142213,0.12848895593011872,1.2121896162528216,1.2437923250564333,1.3261851015801356,1.4593679458239277,1.5327313769751694
GGG-J,landmark_still_registered,score_free,56,ood_test,0.2,marginal,class1_avg_set_size,10,1.5276679841897234,0.13640341084846128,1.3359683794466404,1.4150197628458498,1.5395256916996047,1.6284584980237153,1.7272727272727273
GGG-J,landmark_still_registered,score_free,56,ood_test,0.2,marginal,class0_singleton_accuracy,10,0.9641150886480097,0.019540211753305073,0.9313432835820895,0.9553466509988249,0.9572334329086143,0.9720032126363697,0.9971264367816092
GGG-J,landmark_still_registered,score_free,56,ood_test,0.2,marginal,class1_singleton_accuracy,10,0.27799322361310075,0.10338533878219866,0.1111111111111111,0.2256382042253521,0.29152647975077883,0.32164562879850395,0.4329896907216495
pooled_fixed_effects,all_registered_by_horizon,score_free,14,id_test,0.05,label_conditional,coverage,10,0.9519909134420926,0.009797662340789175,0.9348791317217563,0.9497429116334494,0.9528287017450374,0.956334835409757,0.9669788072942336
pooled_fixed_effects,all_registered_by_horizon,score_free,14,id_test,0.05,label_conditional,avg_set_size,10,1.6463149064714973,0.024806957269594546,1.6038480513073508,1.6358803165182987,1.6427502982773465,1.6589461265361327,1.6919664859536718
pooled_fixed_effects,all_registered_by_horizon,score_free,14,id_test,0.05,label_conditional,singleton_rate,10,0.35368509352850264,0.024806957269594518,0.3080335140463282,0.34105387346386734,0.35724970172265347,0.3641196834817013,0.39615194869264925
pooled_fixed_effects,all_registered_by_horizon,score_free,14,id_test,0.05,label_conditional,ambiguous_rate,10,0.6463149064714973,0.024806957269594507,0.6038480513073508,0.6358803165182987,0.6427502982773465,0.6589461265361326,0.6919664859536717
pooled_fixed_effects,all_registered_by_horizon,score_free,14,id_test,0.05,label_conditional,empty_rate,10,0.0,0.0,0.0,0.0,0.0,0.0,0.0
pooled_fixed_effects,all_registered_by_horizon,score_free,14,id_test,0.05,label_conditional,singleton_accuracy,10,0.865309916275345,0.018864268473070503,0.8356164383561644,0.8573529582232114,0.8688871742112483,0.8729447961834398,0.8928
pooled_fixed_effects,all_registered_by_horizon,score_free,14,id_test,0.05,label_conditional,class0_coverage,10,0.9537285971292047,0.008008126174718385,0.9442190669371197,0.946501014198783,0.9528633904038505,0.959349593495935,0.9685598377281948
pooled_fixed_effects,all_registered_by_horizon,score_free,14,id_test,0.05,label_conditional,class1_coverage,10,0.950334184364103,0.014365074348974681,0.9250720461095101,0.9466189119672539,0.9524946972773984,0.9539889710976251,0.9742857142857143
pooled_fixed_effects,all_registered_by_horizon,score_free,14,id_test,0.05,label_conditional,class0_avg_set_size,10,1.7120961033376436,0.027868061364946482,1.6592292089249492,1.70190293943213,1.708924949290061,1.7313851190316516,1.7505070993914806
pooled_fixed_effects,all_registered_by_horizon,score_free,14,id_test,0.05,label_conditional,class1_avg_set_size,10,1.584091971017235,0.02848397343319123,1.5439613526570048,1.5716326274902894,1.581543725470464,1.5976605944391178,1.6442953020134228
pooled_fixed_effects,all_registered_by_horizon,score_free,14,id_test,0.05,label_conditional,class0_singleton_accuracy,10,0.8387028088029129,0.028687811018978052,0.7924528301886793,0.8186335215200632,0.8416767554479418,0.8606497668997669,0.8779527559055118
pooled_fixed_effects,all_registered_by_horizon,score_free,14,id_test,0.05,label_conditional,class1_singleton_accuracy,10,0.8816313535207823,0.028647359357399288,0.8329764453961456,0.8675699300699301,0.8854989193469003,0.8922554841837353,0.9360189573459715
pooled_fixed_effects,all_registered_by_horizon,score_free,14,id_test,0.05,marginal,coverage,10,0.9524855206482931,0.010016699523729085,0.9333991119881598,0.9514354564753777,0.9530978604497886,0.9585170235016008,0.9669788072942336
pooled_fixed_effects,all_registered_by_horizon,score_free,14,id_test,0.05,marginal,avg_set_size,10,1.6469599168875964,0.026223717964742092,1.6013813517513567,1.6331377296702234,1.649590776263859,1.6634528778718964,1.6880236569738787
pooled_fixed_effects,all_registered_by_horizon,score_free,14,id_test,0.05,marginal,singleton_rate,10,0.35304008311240376,0.026223717964742082,0.31197634302612126,0.3365471221281036,0.3504092237361409,0.3668622703297765,0.3986186482486433
pooled_fixed_effects,all_registered_by_horizon,score_free,14,id_test,0.05,marginal,ambiguous_rate,10,0.6469599168875962,0.02622371796474211,0.6013813517513567,0.6331377296702234,0.6495907762638591,0.6634528778718964,0.6880236569738788
pooled_fixed_effects,all_registered_by_horizon,score_free,14,id_test,0.05,marginal,empty_rate,10,0.0,0.0,0.0,0.0,0.0,0.0,0.0
pooled_fixed_effects,all_registered_by_horizon,score_free,14,id_test,0.05,marginal,singleton_accuracy,10,0.866538770320528,0.018480676409163652,0.8329207920792079,0.8630798422659429,0.8695583398496958,0.8748961388074291,0.8941548183254344
pooled_fixed_effects,all_registered_by_horizon,score_free,14,id_test,0.05,marginal,class0_coverage,10,0.9535234898550081,0.006067154143297626,0.9432048681541582,0.9514977984465443,0.9538312081449082,0.9551217038539555,0.9634888438133874
pooled_fixed_effects,all_registered_by_horizon,score_free,14,id_test,0.05,marginal,class1_coverage,10,0.9514846113850174,0.016544020016312576,0.9241114313160422,0.9479463414902938,0.9524050574393823,0.959106678711365,0.9752380952380952
pooled_fixed_effects,all_registered_by_horizon,score_free,14,id_test,0.05,marginal,class0_avg_set_size,10,1.716474170469316,0.03403533286200571,1.6572008113590264,1.6969857642249857,1.7142082653078052,1.746563164794934,1.7636916835699796
pooled_fixed_effects,all_registered_by_horizon,score_free,14,id_test,0.05,marginal,class1_avg_set_size,10,1.5812220600284053,0.02049539157722426,1.5485110470701249,1.5723530885853902,1.5847277284119388,1.591232495938284,1.6164908916586769
pooled_fixed_effects,all_registered_by_horizon,score_free,14,id_test,0.05,marginal,class0_singleton_accuracy,10,0.8352764242397261,0.020610736631909404,0.78099173553719,0.8351259265588619,0.8421620046620046,0.8463733905579399,0.8513513513513513
pooled_fixed_effects,all_registered_by_horizon,score_free,14,id_test,0.05,marginal,class1_singleton_accuracy,10,0.8853286381949887,0.03405182402447185,0.8319148936170213,0.8760176201628193,0.8870830992655473,0.8998658618376929,0.9405034324942791
pooled_fixed_effects,all_registered_by_horizon,score_free,14,id_test,0.1,label_conditional,coverage,10,0.90655796141863,0.014423132225547667,0.8847105393369619,0.8962155070738892,0.9084195339681445,0.915781117573703,0.9259990133201776
pooled_fixed_effects,all_registered_by_horizon,score_free,14,id_test,0.1,label_conditional,avg_set_size,10,1.4793422989249998,0.032958013499718435,1.4330708661417322,1.455445498633368,1.4823655222375263,1.4913834607140706,1.5333004440059201
pooled_fixed_effects,all_registered_by_horizon,score_free,14,id_test,0.1,label_conditional,singleton_rate,10,0.5206577010750003,0.032958013499718414,0.4666995559940799,0.5086165392859294,0.5176344777624737,0.5445545013666322,0.5669291338582677
pooled_fixed_effects,all_registered_by_horizon,score_free,14,id_test,0.1,label_conditional,ambiguous_rate,10,0.4793422989249997,0.03295801349971841,0.4330708661417323,0.4554454986333679,0.48236552223752627,0.4913834607140706,0.53330044400592
pooled_fixed_effects,all_registered_by_horizon,score_free,14,id_test,0.1,label_conditional,empty_rate,10,0.0,0.0,0.0,0.0,0.0,0.0,0.0
pooled_fixed_effects,all_registered_by_horizon,score_free,14,id_test,0.1,label_conditional,singleton_accuracy,10,0.8213151229391578,0.018176199039073783,0.7870201096892139,0.8092282634088097,0.8245684255684256,0.8350790148992177,0.8414376321353065
pooled_fixed_effects,all_registered_by_horizon,score_free,14,id_test,0.1,label_conditional,class0_coverage,10,0.9015681346063007,0.017948277768977696,0.8732251521298174,0.8904665314401623,0.9030504390236863,0.913109756097561,0.9279918864097363
pooled_fixed_effects,all_registered_by_horizon,score_free,14,id_test,0.1,label_conditional,class1_coverage,10,0.911256682705625,0.016337290354312892,0.8898550724637682,0.9015862796892097,0.9057670526778079,0.9227096521063989,0.9428571428571428
pooled_fixed_effects,all_registered_by_horizon,score_free,14,id_test,0.1,label_conditional,class0_avg_set_size,10,1.533393021280132,0.02965470321786113,1.488843813387424,1.5098884381338742,1.5343155803124664,1.555803092894012,1.5821501014198782
pooled_fixed_effects,all_registered_by_horizon,score_free,14,id_test,0.1,label_conditional,class1_avg_set_size,10,1.4282187316735424,0.038049952557056996,1.3804971319311663,1.402553982374807,1.4280984340044744,1.4390636667865144,1.4928092042186
pooled_fixed_effects,all_registered_by_horizon,score_free,14,id_test,0.1,label_conditional,class0_singleton_accuracy,10,0.7898602970766598,0.03080510216312726,0.7470997679814385,0.7599757495590829,0.7984700933082959,0.8122462531251811,0.8276699029126213
pooled_fixed_effects,all_registered_by_horizon,score_free,14,id_test,0.1,label_conditional,class1_singleton_accuracy,10,0.84519080386202,0.02374850490696271,0.815831987075929,0.8306542754807524,0.8424660201736962,0.8538467393074347,0.9003322259136213
pooled_fixed_effects,all_registered_by_horizon,score_free,14,id_test,0.1,marginal,coverage,10,0.9059659848227872,0.013606988448072156,0.8845584607794771,0.8959185183454441,0.9077692316300124,0.9149983773773366,0.9245933957614588
pooled_fixed_effects,all_registered_by_horizon,score_free,14,id_test,0.1,marginal,avg_set_size,10,1.475735033431577,0.031778799718724424,1.42920572274297,1.4495533122684257,1.479162338588006,1.4918703689669044,1.5253819615574173
pooled_fixed_effects,all_registered_by_horizon,score_free,14,id_test,0.1,marginal,singleton_rate,10,0.5242649665684231,0.031778799718724486,0.47461803844258255,0.5081296310330957,0.5208376614119941,0.5504466877315743,0.5707942772570301
pooled_fixed_effects,all_registered_by_horizon,score_free,14,id_test,0.1,marginal,ambiguous_rate,10,0.47573503343157697,0.031778799718724486,0.4292057227429699,0.4495533122684256,0.479162338588006,0.49187036896690434,0.5253819615574175
pooled_fixed_effects,all_registered_by_horizon,score_free,14,id_test,0.1,marginal,empty_rate,10,0.0,0.0,0.0,0.0,0.0,0.0,0.0
pooled_fixed_effects,all_registered_by_horizon,score_free,14,id_test,0.1,marginal,singleton_accuracy,10,0.8214024378862934,0.01581258383418566,0.797752808988764,0.8105035073519493,0.8246841507258174,0.8327457728285909,0.8411214953271028
pooled_fixed_effects,all_registered_by_horizon,score_free,14,id_test,0.1,marginal,class0_coverage,10,0.9176988507232664,0.007843220634781923,0.9066937119675457,0.9139816536289332,0.9163702164651627,0.9220020325203252,0.9330628803245437
pooled_fixed_effects,all_registered_by_horizon,score_free,14,id_test,0.1,marginal,class1_coverage,10,0.8948437305629222,0.022321932243450242,0.8635926993275697,0.8773344048179862,0.8963215974776668,0.9104687210744886,0.9242569511025887
pooled_fixed_effects,all_registered_by_horizon,score_free,14,id_test,0.1,marginal,class0_avg_set_size,10,1.508837544297917,0.03498413021066681,1.45841784989858,1.4834052109471814,1.5139779710360686,1.5367791355398341,1.554766734279919
pooled_fixed_effects,all_registered_by_horizon,score_free,14,id_test,0.1,marginal,class1_avg_set_size,10,1.4444202897885348,0.03129918568168008,1.4015369836695486,1.4246896389281458,1.441678881913138,1.4529817833173537,1.5033557046979866
pooled_fixed_effects,all_registered_by_horizon,score_free,14,id_test,0.1,marginal,class0_singleton_accuracy,10,0.832338764729009,0.012952958353331033,0.801762114537445,0.8282218616815188,0.8333568795390831,0.8407132197487874,0.8496583143507973
pooled_fixed_effects,all_registered_by_horizon,score_free,14,id_test,0.1,marginal,class1_singleton_accuracy,10,0.811889023579732,0.031852048556145,0.7679465776293823,0.7838524973579806,0.8165298178822059,0.8290453788101539,0.8611111111111112
pooled_fixed_effects,all_registered_by_horizon,score_free,14,id_test,0.2,label_conditional,coverage,10,0.8087823675624415,0.020292467954670764,0.7834237789837197,0.7921659557909665,0.8048961424332344,0.824747462748513,0.8436112481499753
pooled_fixed_effects,all_registered_by_horizon,score_free,14,id_test,0.2,label_conditional,avg_set_size,10,1.2061979717590898,0.03272217460847259,1.1652688702516034,1.1807270102797274,1.20009839807638,1.2310944945570066,1.2673902318697583
pooled_fixed_effects,all_registered_by_horizon,score_free,14,id_test,0.2,label_conditional,singleton_rate,10,0.7938020282409102,0.03272217460847258,0.7326097681302417,0.7689055054429935,0.79990160192362,0.8192729897202726,0.8347311297483967
pooled_fixed_effects,all_registered_by_horizon,score_free,14,id_test,0.2,label_conditional,ambiguous_rate,10,0.20619797175908983,0.03272217460847257,0.16526887025160336,0.18072701027972735,0.20009839807638002,0.23109449455700645,0.26739023186975824
pooled_fixed_effects,all_registered_by_horizon,score_free,14,id_test,0.2,label_conditional,empty_rate,10,0.0,0.0,0.0,0.0,0.0,0.0,0.0
pooled_fixed_effects,all_registered_by_horizon,score_free,14,id_test,0.2,label_conditional,singleton_accuracy,10,0.7596533470206881,0.016725768802303097,0.7405437352245863,0.7435418296751382,0.7587226672310398,0.7739078846113849,0.7865319865319865
pooled_fixed_effects,all_registered_by_horizon,score_free,14,id_test,0.2,label_conditional,class0_coverage,10,0.8051530240561918,0.022785744924056224,0.77079107505071,0.791770766338495,0.8030475436600208,0.8136380783347299,0.8468559837728195
pooled_fixed_effects,all_registered_by_horizon,score_free,14,id_test,0.2,label_conditional,class1_coverage,10,0.8121776156359622,0.024217718136208044,0.7855072463768116,0.7960586949560762,0.801348010772297,0.8341323106423777,0.8523809523809524
pooled_fixed_effects,all_registered_by_horizon,score_free,14,id_test,0.2,label_conditional,class0_avg_set_size,10,1.222761580748518,0.03301490762138986,1.1815415821501014,1.1945143595705734,1.2274155246623462,1.2401115618661258,1.281947261663286
pooled_fixed_effects,all_registered_by_horizon,score_free,14,id_test,0.2,label_conditional,class1_avg_set_size,10,1.1905305208191943,0.03424222106430335,1.1498559077809798,1.1726648637403787,1.1746265114071095,1.2127452860338765,1.2536023054755043
pooled_fixed_effects,all_registered_by_horizon,score_free,14,id_test,0.2,label_conditional,class0_singleton_accuracy,10,0.7497540779388872,0.02271526611238345,0.7199504337050805,0.7330567465321564,0.7450785362012516,0.7658531184459693,0.786723163841808
pooled_fixed_effects,all_registered_by_horizon,score_free,14,id_test,0.2,label_conditional,class1_singleton_accuracy,10,0.7684895212360866,0.023311656945974625,0.7403508771929824,0.7562824991068947,0.7621840631055402,0.7820280151740826,0.8145933014354066
pooled_fixed_effects,all_registered_by_horizon,score_free,14,id_test,0.2,marginal,coverage,10,0.807202439250079,0.019650390735578914,0.785397138628515,0.7936918292645325,0.7984736792915723,0.8231548319779991,0.839171188949186
pooled_fixed_effects,all_registered_by_horizon,score_free,14,id_test,0.2,marginal,avg_set_size,10,1.1968693653363125,0.03517620955620476,1.1587537091988132,1.172186307886046,1.1850118757986738,1.221621499097198,1.2523410547067522
pooled_fixed_effects,all_registered_by_horizon,score_free,14,id_test,0.2,marginal,singleton_rate,10,0.8031306346636873,0.035176209556204784,0.747658945293248,0.7783785009028019,0.8149881242013262,0.827813692113954,0.841246290801187
pooled_fixed_effects,all_registered_by_horizon,score_free,14,id_test,0.2,marginal,ambiguous_rate,10,0.1968693653363126,0.03517620955620479,0.15875370919881307,0.17218630788604602,0.18501187579867379,0.2216214990971981,0.2523410547067521
pooled_fixed_effects,all_registered_by_horizon,score_free,14,id_test,0.2,marginal,empty_rate,10,0.0,0.0,0.0,0.0,0.0,0.0,0.0
pooled_fixed_effects,all_registered_by_horizon,score_free,14,id_test,0.2,marginal,singleton_accuracy,10,0.7604694299397263,0.015001257247126386,0.744061757719715,0.7472443515093494,0.7558764067228396,0.7728344133822236,0.7853851217906518
pooled_fixed_effects,all_registered_by_horizon,score_free,14,id_test,0.2,marginal,class0_coverage,10,0.8376305935398382,0.015732025555328568,0.8204868154158215,0.8279979674796748,0.8322353886528933,0.8475312565128483,0.8651115618661258
pooled_fixed_effects,all_registered_by_horizon,score_free,14,id_test,0.2,marginal,class1_coverage,10,0.7783915740939288,0.026989306352205353,0.7502392344497608,0.7545893719806763,0.7672876210686089,0.8065675934803451,0.8146013448607109
pooled_fixed_effects,all_registered_by_horizon,score_free,14,id_test,0.2,marginal,class0_avg_set_size,10,1.2009427901285672,0.03413933783418535,1.1580547112462005,1.1765618042843715,1.19746058642128,1.2274609022758083,1.2525354969574036
pooled_fixed_effects,all_registered_by_horizon,score_free,14,id_test,0.2,marginal,class1_avg_set_size,10,1.1930187900304923,0.03723176663208991,1.1594202898550725,1.1631858262120127,1.1797110686212025,1.2161265580057528,1.254562920268972
pooled_fixed_effects,all_registered_by_horizon,score_free,14,id_test,0.2,marginal,class0_singleton_accuracy,10,0.797110980273789,0.013728150704027064,0.7733674775928298,0.7889919431272197,0.7959923396702322,0.8046418417784937,0.8209959623149394
pooled_fixed_effects,all_registered_by_horizon,score_free,14,id_test,0.2,marginal,class1_singleton_accuracy,10,0.7260625024731853,0.02363855702945503,0.699177438307873,0.7053535584674182,0.7195801867316631,0.743756346788525,0.7664319248826291
pooled_fixed_effects,all_registered_by_horizon,score_free,14,ood_test,0.05,label_conditional,coverage,10,0.9552398886523662,0.004777585157304582,0.9459636482724743,0.952861470443753,0.9554609464548878,0.958285573931554,0.9621745537907319
pooled_fixed_effects,all_registered_by_horizon,score_free,14,ood_test,0.05,label_conditional,avg_set_size,10,1.6458654003602422,0.021443543099133187,1.6044702800065498,1.6376289503848043,1.6455706566235468,1.6617815621418044,1.676436875716391
pooled_fixed_effects,all_registered_by_horizon,score_free,14,ood_test,0.05,label_conditional,singleton_rate,10,0.3541345996397577,0.0214435430991332,0.32356312428360895,0.3382184378581955,0.35442934337645327,0.3623710496151957,0.39552971999345016
pooled_fixed_effects,all_registered_by_horizon,score_free,14,ood_test,0.05,label_conditional,ambiguous_rate,10,0.6458654003602423,0.02144354309913318,0.6044702800065499,0.6376289503848044,0.6455706566235467,0.6617815621418045,0.676436875716391
pooled_fixed_effects,all_registered_by_horizon,score_free,14,ood_test,0.05,label_conditional,empty_rate,10,0.0,0.0,0.0,0.0,0.0,0.0,0.0
pooled_fixed_effects,all_registered_by_horizon,score_free,14,ood_test,0.05,label_conditional,singleton_accuracy,10,0.8739132666131184,0.005926367992742606,0.8633823225005175,0.8701040495642004,0.8743509411143713,0.8772307861881937,0.8830971659919028
pooled_fixed_effects,all_registered_by_horizon,score_free,14,ood_test,0.05,label_conditional,class0_coverage,10,0.9645978152929494,0.005475097888763596,0.9584574644157564,0.9596573982125124,0.9643330023171135,0.9677672955974843,0.9753392916252897
pooled_fixed_effects,all_registered_by_horizon,score_free,14,ood_test,0.05,label_conditional,class1_coverage,10,0.9460790667530784,0.007506360404302993,0.9300064808813999,0.9426847051198963,0.9480719377835385,0.9501377187297473,0.9565780946208684
pooled_fixed_effects,all_registered_by_horizon,score_free,14,ood_test,0.05,label_conditional,class0_avg_set_size,10,1.7065210195299572,0.026612322514103656,1.6491228070175439,1.6896722939424031,1.7168156239655743,1.7242634889109567,1.7355180403839787
pooled_fixed_effects,all_registered_by_horizon,score_free,14,ood_test,0.05,label_conditional,class1_avg_set_size,10,1.5864873622812703,0.022317361536840784,1.5601101749837978,1.5711276733635775,1.5832793259883344,1.599846079066753,1.6281594296824369
pooled_fixed_effects,all_registered_by_horizon,score_free,14,ood_test,0.05,label_conditional,class0_singleton_accuracy,10,0.8788397662571876,0.020252458830243084,0.844180225281602,0.8666456376955961,0.885446852924606,0.8915894822084648,0.9100784550392276
pooled_fixed_effects,all_registered_by_horizon,score_free,14,ood_test,0.05,label_conditional,class1_singleton_accuracy,10,0.8695894688035958,0.016254313811856574,0.8406492069347105,0.860578695646569,0.869526482135665,0.8799126924781212,0.8978269157453298
pooled_fixed_effects,all_registered_by_horizon,score_free,14,ood_test,0.05,marginal,coverage,10,0.9554773211069263,0.005775634807360658,0.9446536761093827,0.9530456852791879,0.9564024889471099,0.9595136728344522,0.9629932863926641
pooled_fixed_effects,all_registered_by_horizon,score_free,14,ood_test,0.05,marginal,avg_set_size,10,1.6468396921565418,0.02611593733334915,1.6007859832978548,1.637731291960046,1.6484362207303094,1.6635418372359587,1.6796299328639266
pooled_fixed_effects,all_registered_by_horizon,score_free,14,ood_test,0.05,marginal,singleton_rate,10,0.3531603078434583,0.026115937333349153,0.32037006713607336,0.3364581627640413,0.3515637792696905,0.36226870803995415,0.39921401670214507
pooled_fixed_effects,all_registered_by_horizon,score_free,14,ood_test,0.05,marginal,ambiguous_rate,10,0.6468396921565416,0.026115937333349153,0.6007859832978549,0.6377312919600459,0.6484362207303095,0.6635418372359587,0.6796299328639266
pooled_fixed_effects,all_registered_by_horizon,score_free,14,ood_test,0.05,marginal,empty_rate,10,0.0,0.0,0.0,0.0,0.0,0.0,0.0
pooled_fixed_effects,all_registered_by_horizon,score_free,14,ood_test,0.05,marginal,singleton_accuracy,10,0.8743753929872791,0.006953709488535505,0.8613617719442166,0.8703969965868198,0.8759908787328728,0.8784937302126488,0.884487605417838
pooled_fixed_effects,all_registered_by_horizon,score_free,14,ood_test,0.05,marginal,class0_coverage,10,0.964101290963257,0.003066196253726368,0.9604435617345249,0.9617262495862298,0.9634227077126779,0.9670225091029461,0.9687189672293942
pooled_fixed_effects,all_registered_by_horizon,score_free,14,ood_test,0.05,marginal,class1_coverage,10,0.9470349967595592,0.009417880663981507,0.9290343486714193,0.9443049254698639,0.9505832793259883,0.9528920933246922,0.9583603370058328
pooled_fixed_effects,all_registered_by_horizon,score_free,14,ood_test,0.05,marginal,class0_avg_set_size,10,1.7095994703740485,0.03431847010182375,1.645316120489904,1.7017543859649122,1.7181396888447535,1.7341939755047997,1.7495862297252565
pooled_fixed_effects,all_registered_by_horizon,score_free,14,ood_test,0.05,marginal,class1_avg_set_size,10,1.5854018146467919,0.019488713392149522,1.557193778353856,1.5723023331173038,1.5831173039533377,1.5984283862605315,1.6150356448476992
pooled_fixed_effects,all_registered_by_horizon,score_free,14,ood_test,0.05,marginal,class0_singleton_accuracy,10,0.8756157886806392,0.01101386822509797,0.8598917618761275,0.8674449594066609,0.8755584930601454,0.8825926630108474,0.8915254237288136
pooled_fixed_effects,all_registered_by_horizon,score_free,14,ood_test,0.05,marginal,class1_singleton_accuracy,10,0.8728059953565344,0.017360974923164005,0.8397365532381997,0.8670442624338972,0.8787540858708742,0.8847954030864565,0.8929166666666667
pooled_fixed_effects,all_registered_by_horizon,score_free,14,ood_test,0.1,label_conditional,coverage,10,0.9144997543802195,0.007768334852096842,0.9055182577370231,0.9073399377763223,0.9146880628786638,0.9193139020795809,0.9263140658261012
pooled_fixed_effects,all_registered_by_horizon,score_free,14,ood_test,0.1,label_conditional,avg_set_size,10,1.4892336662845915,0.02563995056637403,1.4609464548878337,1.4669027345668904,1.4891517930243983,1.5070615686916653,1.5287375143278206
pooled_fixed_effects,all_registered_by_horizon,score_free,14,ood_test,0.1,label_conditional,singleton_rate,10,0.5107663337154086,0.025639950566374043,0.4712624856721795,0.4929384313083347,0.5108482069756017,0.5330972654331095,0.5390535451121664
pooled_fixed_effects,all_registered_by_horizon,score_free,14,ood_test,0.1,label_conditional,ambiguous_rate,10,0.48923366628459153,0.02563995056637405,0.46094645488783365,0.46690273456689046,0.48915179302439826,0.5070615686916653,0.5287375143278206
pooled_fixed_effects,all_registered_by_horizon,score_free,14,ood_test,0.1,label_conditional,empty_rate,10,0.0,0.0,0.0,0.0,0.0,0.0,0.0
pooled_fixed_effects,all_registered_by_horizon,score_free,14,ood_test,0.1,label_conditional,singleton_accuracy,10,0.8329061568841313,0.007247433570435752,0.8222975053895903,0.8280471283360564,0.8328357934310577,0.8363998722821812,0.8436414176511466
pooled_fixed_effects,all_registered_by_horizon,score_free,14,ood_test,0.1,label_conditional,class0_coverage,10,0.9237338629592848,0.011501933804914504,0.9020191989407481,0.9159218801721284,0.9248593181065872,0.931272757365111,0.9395895398874545
pooled_fixed_effects,all_registered_by_horizon,score_free,14,ood_test,0.1,label_conditional,class1_coverage,10,0.9054601425793909,0.007978568523095737,0.8937135450421257,0.9003159429682437,0.9022197018794555,0.9111309138042774,0.9173687621516526
pooled_fixed_effects,all_registered_by_horizon,score_free,14,ood_test,0.1,label_conditional,class0_avg_set_size,10,1.5370572658060246,0.026923494767442154,1.5,1.5191575637206223,1.530701754385965,1.5581347236014564,1.583416087388282
pooled_fixed_effects,all_registered_by_horizon,score_free,14,ood_test,0.1,label_conditional,class1_avg_set_size,10,1.4424173687621515,0.026183616403399383,1.411697990926766,1.4183408943616331,1.4452365521710953,1.4557679844458846,1.4863901490602722
pooled_fixed_effects,all_registered_by_horizon,score_free,14,ood_test,0.1,label_conditional,class0_singleton_accuracy,10,0.8355602230412622,0.02036869382308409,0.7937282229965157,0.8227618534243587,0.8410310083611363,0.8506723494747866,0.8613748575769085
pooled_fixed_effects,all_registered_by_horizon,score_free,14,ood_test,0.1,label_conditional,class1_singleton_accuracy,10,0.8304946227359317,0.011206799699783032,0.8157303370786517,0.8223857543737794,0.8283622502628811,0.8398835488272958,0.8476247385718554
pooled_fixed_effects,all_registered_by_horizon,score_free,14,ood_test,0.1,marginal,coverage,10,0.9124774848534469,0.008933652933362318,0.8988865236613722,0.9046790568200426,0.9139102669068282,0.9188635991485181,0.9245947273620435
pooled_fixed_effects,all_registered_by_horizon,score_free,14,ood_test,0.1,marginal,avg_set_size,10,1.4798346160144096,0.03019492175226355,1.4357294907483216,1.4551539217291634,1.482560995578844,1.503827574914033,1.5193220894056
pooled_fixed_effects,all_registered_by_horizon,score_free,14,ood_test,0.1,marginal,singleton_rate,10,0.5201653839855903,0.03019492175226355,0.48067791059439985,0.49617242508596693,0.5174390044211561,0.5448460782708368,0.5642705092516784
pooled_fixed_effects,all_registered_by_horizon,score_free,14,ood_test,0.1,marginal,ambiguous_rate,10,0.4798346160144097,0.03019492175226355,0.4357294907483216,0.45515392172916325,0.4825609955788439,0.5038275749140331,0.5193220894056001
pooled_fixed_effects,all_registered_by_horizon,score_free,14,ood_test,0.1,marginal,empty_rate,10,0.0,0.0,0.0,0.0,0.0,0.0,0.0
pooled_fixed_effects,all_registered_by_horizon,score_free,14,ood_test,0.1,marginal,singleton_accuracy,10,0.8321229786186628,0.007514736520483632,0.8208067324434126,0.8266960296286656,0.8330501645864765,0.8367871374293393,0.8432073544433095
pooled_fixed_effects,all_registered_by_horizon,score_free,14,ood_test,0.1,marginal,class0_coverage,10,0.9371069182389936,0.004629627346884533,0.9266799073154585,0.9347070506454817,0.938099966898378,0.9407067196292619,0.9417411453161205
pooled_fixed_effects,all_registered_by_horizon,score_free,14,ood_test,0.1,marginal,class1_coverage,10,0.8883668178872327,0.014892127545247835,0.8621192482177576,0.8794961114711601,0.8882858068697344,0.9002754374594946,0.9082955281918341
pooled_fixed_effects,all_registered_by_horizon,score_free,14,ood_test,0.1,marginal,class0_avg_set_size,10,1.507083747103608,0.0384458710540345,1.4495200264812975,1.4821665011585567,1.5095994703740483,1.5369083085071167,1.5617345249917245
pooled_fixed_effects,all_registered_by_horizon,score_free,14,ood_test,0.1,marginal,class1_avg_set_size,10,1.4531594296824368,0.02284433447600551,1.4222294232015553,1.4339355152300712,1.454552819183409,1.4722132209980558,1.4854180168502917
pooled_fixed_effects,all_registered_by_horizon,score_free,14,ood_test,0.1,marginal,class0_singleton_accuracy,10,0.8721060893709754,0.008383839488249317,0.858647096362476,0.8660707042914333,0.8725081584762635,0.8785730579659019,0.8845460012026458
pooled_fixed_effects,all_registered_by_horizon,score_free,14,ood_test,0.1,marginal,class1_singleton_accuracy,10,0.7964814964658459,0.019535764603537162,0.7613572630398205,0.7857970256364317,0.7932552556294918,0.8119705466844398,0.8245505269683819
pooled_fixed_effects,all_registered_by_horizon,score_free,14,ood_test,0.2,label_conditional,coverage,10,0.8156459800229244,0.012599739393053797,0.8021123301129851,0.8061855248075978,0.81074995906337,0.8254257409530047,0.8403471426232193
pooled_fixed_effects,all_registered_by_horizon,score_free,14,ood_test,0.2,label_conditional,avg_set_size,10,1.2116260029474373,0.030735357095793663,1.1793024398231537,1.188635991485181,1.198297036187981,1.2348739151793025,1.2729654494841984
pooled_fixed_effects,all_registered_by_horizon,score_free,14,ood_test,0.2,label_conditional,singleton_rate,10,0.7883739970525626,0.030735357095793656,0.7270345505158016,0.7651260848206975,0.801702963812019,0.811364008514819,0.8206975601768463
pooled_fixed_effects,all_registered_by_horizon,score_free,14,ood_test,0.2,label_conditional,ambiguous_rate,10,0.2116260029474374,0.030735357095793676,0.17930243982315375,0.18863599148518095,0.198297036187981,0.23487391517930245,0.2729654494841985
pooled_fixed_effects,all_registered_by_horizon,score_free,14,ood_test,0.2,label_conditional,empty_rate,10,0.0,0.0,0.0,0.0,0.0,0.0,0.0
pooled_fixed_effects,all_registered_by_horizon,score_free,14,ood_test,0.2,label_conditional,singleton_accuracy,10,0.7664063416353263,0.007125505981897336,0.7588786911412609,0.7611255710800902,0.7639378644308787,0.7716892994943265,0.7804054054054054
pooled_fixed_effects,all_registered_by_horizon,score_free,14,ood_test,0.2,label_conditional,class0_coverage,10,0.8338629592850051,0.013361652389970379,0.8177755710029792,0.8234442237669646,0.8302714333002317,0.8407398212512414,0.8553459119496856
pooled_fixed_effects,all_registered_by_horizon,score_free,14,ood_test,0.2,label_conditional,class1_coverage,10,0.7978127025275437,0.014411452953540167,0.7814322747893714,0.7848752430330524,0.7986066104990279,0.804196370706416,0.8256642903434868
pooled_fixed_effects,all_registered_by_horizon,score_free,14,ood_test,0.2,label_conditional,class0_avg_set_size,10,1.2273253889440583,0.03381637122810895,1.1966236345580934,1.2006785832505793,1.2110228401191658,1.2507861635220126,1.2937768950678583
pooled_fixed_effects,all_registered_by_horizon,score_free,14,ood_test,0.2,label_conditional,class1_avg_set_size,10,1.1962572909915747,0.028129174909618086,1.162346079066753,1.175793907971484,1.1886746597537265,1.2134640311082308,1.252592352559948
pooled_fixed_effects,all_registered_by_horizon,score_free,14,ood_test,0.2,label_conditional,class0_singleton_accuracy,10,0.7852110258837981,0.01043961920507744,0.7707205331112037,0.7795423078791544,0.7850177458553753,0.7891602726883835,0.8059436682191173
pooled_fixed_effects,all_registered_by_horizon,score_free,14,ood_test,0.2,label_conditional,class1_singleton_accuracy,10,0.7486829246649813,0.010796722403732474,0.7348142323569884,0.7395866246604156,0.748015214474004,0.7552798620025752,0.7667461521786256
pooled_fixed_effects,all_registered_by_horizon,score_free,14,ood_test,0.2,marginal,coverage,10,0.8127804159161617,0.013154872828214675,0.7974455542819715,0.8031971508105453,0.8078843949566071,0.8219665957098412,0.8337154085475683
pooled_fixed_effects,all_registered_by_horizon,score_free,14,ood_test,0.2,marginal,avg_set_size,10,1.203586048796463,0.032136809195152494,1.170869494023252,1.1798755526445064,1.1896594072375963,1.224046176518749,1.2550352055018832
pooled_fixed_effects,all_registered_by_horizon,score_free,14,ood_test,0.2,marginal,singleton_rate,10,0.7964139512035369,0.03213680919515249,0.7449647944981169,0.775953823481251,0.8103405927624039,0.8201244473554937,0.829130505976748
pooled_fixed_effects,all_registered_by_horizon,score_free,14,ood_test,0.2,marginal,ambiguous_rate,10,0.20358604879646308,0.03213680919515248,0.170869494023252,0.1798755526445063,0.1896594072375962,0.22404617651874897,0.2550352055018831
pooled_fixed_effects,all_registered_by_horizon,score_free,14,ood_test,0.2,marginal,empty_rate,10,0.0,0.0,0.0,0.0,0.0,0.0,0.0
pooled_fixed_effects,all_registered_by_horizon,score_free,14,ood_test,0.2,marginal,singleton_accuracy,10,0.7651822282582648,0.007249360867171664,0.7557025772686876,0.7600366862282444,0.7629195731032055,0.770586982752814,0.7768377101417426
pooled_fixed_effects,all_registered_by_horizon,score_free,14,ood_test,0.2,marginal,class0_coverage,10,0.8632737504137703,0.010849572445458954,0.8454154253558425,0.8574975173783516,0.8637868255544522,0.8709450513075141,0.8788480635551142
pooled_fixed_effects,all_registered_by_horizon,score_free,14,ood_test,0.2,marginal,class1_coverage,10,0.7633506156837331,0.018693283267020515,0.7362281270252754,0.7505265716137395,0.7599643551523008,0.7730071289695399,0.7934219053791316
pooled_fixed_effects,all_registered_by_horizon,score_free,14,ood_test,0.2,marginal,class0_avg_set_size,10,1.20633896060907,0.03429947216527212,1.1742800397219464,1.1797004303210858,1.1911618669314796,1.2245117510758026,1.266137040714995
pooled_fixed_effects,all_registered_by_horizon,score_free,14,ood_test,0.2,marginal,class1_avg_set_size,10,1.200891121192482,0.030305335105231493,1.1652624756966947,1.180046986390149,1.1881885936487362,1.2235904082955282,1.25
pooled_fixed_effects,all_registered_by_horizon,score_free,14,ood_test,0.2,marginal,class0_singleton_accuracy,10,0.8278323710172039,0.009491982349472594,0.8122613065326633,0.8251747092458072,0.8285304954318347,0.8356288839709183,0.8378784625295255
pooled_fixed_effects,all_registered_by_horizon,score_free,14,ood_test,0.2,marginal,class1_singleton_accuracy,10,0.7042257946677649,0.013727272709788556,0.6813466431787042,0.6944471669501091,0.7041892021524434,0.7131114763756554,0.7266881028938906
pooled_fixed_effects,all_registered_by_horizon,score_free,56,id_test,0.05,label_conditional,coverage,10,0.9467645172654391,0.010421610300110351,0.9295566502463054,0.941539543232687,0.9481948583663666,0.9543883411144404,0.9596655189375307
pooled_fixed_effects,all_registered_by_horizon,score_free,56,id_test,0.05,label_conditional,avg_set_size,10,1.5246192059712835,0.032132476838154296,1.474802371541502,1.509546622736679,1.5228182414698164,1.5504744443278495,1.5705853418593212
pooled_fixed_effects,all_registered_by_horizon,score_free,56,id_test,0.05,label_conditional,singleton_rate,10,0.47538079402871647,0.032132476838154296,0.4294146581406788,0.4495255556721505,0.47718175853018374,0.4904533772633209,0.525197628458498
pooled_fixed_effects,all_registered_by_horizon,score_free,56,id_test,0.05,label_conditional,ambiguous_rate,10,0.5246192059712836,0.032132476838154296,0.47480237154150196,0.5095466227366792,0.5228182414698163,0.5504744443278495,0.5705853418593212
pooled_fixed_effects,all_registered_by_horizon,score_free,56,id_test,0.05,label_conditional,empty_rate,10,0.0,0.0,0.0,0.0,0.0,0.0,0.0
pooled_fixed_effects,all_registered_by_horizon,score_free,56,id_test,0.05,label_conditional,singleton_accuracy,10,0.8886221449215268,0.016302307441859766,0.8636796949475691,0.873470126980169,0.8914793258693205,0.9029787686637363,0.9071588366890381
pooled_fixed_effects,all_registered_by_horizon,score_free,56,id_test,0.05,label_conditional,class0_coverage,10,0.9463711148823449,0.016133821673642284,0.9209726443768997,0.9325141660507514,0.9523637457360394,0.9600821370277972,0.9633401221995926
pooled_fixed_effects,all_registered_by_horizon,score_free,56,id_test,0.05,label_conditional,class1_coverage,10,0.947154958514929,0.010618839453428537,0.9328859060402684,0.9384531419689464,0.9455483750903133,0.9575068681318681,0.9616122840690979
pooled_fixed_effects,all_registered_by_horizon,score_free,56,id_test,0.05,label_conditional,class0_avg_set_size,10,1.6494082802416212,0.04590325293437317,1.5673758865248226,1.6211808958989755,1.6455995803246313,1.691394010743153,1.7032520325203253
pooled_fixed_effects,all_registered_by_horizon,score_free,56,id_test,0.05,label_conditional,class1_avg_set_size,10,1.4068340943842768,0.024357442641970924,1.3662511984659635,1.3921908417877709,1.4031576202804943,1.4182472945305644,1.450999048525214
pooled_fixed_effects,all_registered_by_horizon,score_free,56,id_test,0.05,label_conditional,class0_singleton_accuracy,10,0.8463793027542443,0.04421834164672615,0.7671232876712328,0.813224305270528,0.8612763157894736,0.8850935976960567,0.8934426229508197
pooled_fixed_effects,all_registered_by_horizon,score_free,56,id_test,0.05,label_conditional,class1_singleton_accuracy,10,0.911215742783636,0.015721626085455912,0.8904991948470209,0.8974526315789474,0.9086081688952021,0.9239594260238986,0.9329173166926678
pooled_fixed_effects,all_registered_by_horizon,score_free,56,id_test,0.05,marginal,coverage,10,0.9468185275906148,0.008463927759983917,0.9303359683794467,0.9433278420848893,0.9468553824691932,0.9504307675036195,0.9596655189375307
pooled_fixed_effects,all_registered_by_horizon,score_free,56,id_test,0.05,marginal,avg_set_size,10,1.5061647857386071,0.02874594535575644,1.4515810276679841,1.4941591203355065,1.5007396449704142,1.5248226984843298,1.5474667978357108
pooled_fixed_effects,all_registered_by_horizon,score_free,56,id_test,0.05,marginal,singleton_rate,10,0.49383521426139304,0.02874594535575641,0.4525332021642892,0.4751773015156702,0.49926035502958577,0.5058408796644935,0.5484189723320159
pooled_fixed_effects,all_registered_by_horizon,score_free,56,id_test,0.05,marginal,ambiguous_rate,10,0.5061647857386069,0.02874594535575639,0.4515810276679842,0.49415912033550646,0.5007396449704142,0.5248226984843298,0.5474667978357107
pooled_fixed_effects,all_registered_by_horizon,score_free,56,id_test,0.05,marginal,empty_rate,10,0.0,0.0,0.0,0.0,0.0,0.0,0.0
pooled_fixed_effects,all_registered_by_horizon,score_free,56,id_test,0.05,marginal,singleton_accuracy,10,0.8928008071181409,0.011564096468705353,0.8729729729729729,0.8862567141193705,0.8912720374279683,0.9003009783620435,0.9113513513513514
pooled_fixed_effects,all_registered_by_horizon,score_free,56,id_test,0.05,marginal,class0_coverage,10,0.9682645400560401,0.0082029594826327,0.9483282674772037,0.9665906788247214,0.9674631334309274,0.973429303215454,0.9788092835519677
pooled_fixed_effects,all_registered_by_horizon,score_free,56,id_test,0.05,marginal,class1_coverage,10,0.9265741703018524,0.009690488082801705,0.9132111861137898,0.9208314655054114,0.9267354698533405,0.929601450612727,0.9414587332053743
pooled_fixed_effects,all_registered_by_horizon,score_free,56,id_test,0.05,marginal,class0_avg_set_size,10,1.5843047094955065,0.03948920639597833,1.5065856129685917,1.5657991838972771,1.5761244665499985,1.6144432126139443,1.6374745417515275
pooled_fixed_effects,all_registered_by_horizon,score_free,56,id_test,0.05,marginal,class1_avg_set_size,10,1.4323929811408722,0.02087556451861632,1.399228543876567,1.4165117640366556,1.4319654173456455,1.4451417004048583,1.4633682207421503
pooled_fixed_effects,all_registered_by_horizon,score_free,56,id_test,0.05,marginal,class0_singleton_accuracy,10,0.9243648071672824,0.013345435279495037,0.8952772073921971,0.9212410501193318,0.9237932930181418,0.9341764934920459,0.9419889502762431
pooled_fixed_effects,all_registered_by_horizon,score_free,56,id_test,0.05,marginal,class1_singleton_accuracy,10,0.8709632955773449,0.013452619831670027,0.8529411764705882,0.859492326967918,0.8713765719891104,0.8762761712271974,0.8916518650088809
pooled_fixed_effects,all_registered_by_horizon,score_free,56,id_test,0.1,label_conditional,coverage,10,0.8963937438688415,0.013902484456396792,0.8675889328063241,0.8901578121367124,0.8955664010933544,0.9046974913920315,0.9158878504672897
pooled_fixed_effects,all_registered_by_horizon,score_free,56,id_test,0.1,label_conditional,avg_set_size,10,1.3471769462672993,0.035954271290504054,1.2776679841897234,1.3284527007138127,1.3463815407819932,1.3654090928523404,1.4121987211018199
pooled_fixed_effects,all_registered_by_horizon,score_free,56,id_test,0.1,label_conditional,singleton_rate,10,0.6528230537327009,0.03595427129050409,0.58780127889818,0.6345909071476598,0.6536184592180068,0.6715472992861874,0.7223320158102767
pooled_fixed_effects,all_registered_by_horizon,score_free,56,id_test,0.1,label_conditional,ambiguous_rate,10,0.3471769462672992,0.035954271290504075,0.2776679841897233,0.3284527007138126,0.3463815407819933,0.36540909285234024,0.41219872110182
pooled_fixed_effects,all_registered_by_horizon,score_free,56,id_test,0.1,label_conditional,empty_rate,10,0.0,0.0,0.0,0.0,0.0,0.0,0.0
pooled_fixed_effects,all_registered_by_horizon,score_free,56,id_test,0.1,label_conditional,singleton_accuracy,10,0.8417501457571177,0.014329210085529193,0.8166894664842681,0.8338082687388764,0.8418350542994482,0.8531575514393475,0.8614551083591331
pooled_fixed_effects,all_registered_by_horizon,score_free,56,id_test,0.1,label_conditional,class0_coverage,10,0.8957919845510179,0.02204763302433872,0.8470111448834853,0.8850887292376654,0.9007281197101482,0.9110853957086137,0.9236252545824847
pooled_fixed_effects,all_registered_by_horizon,score_free,56,id_test,0.1,label_conditional,class1_coverage,10,0.8969922388598481,0.011583105824043389,0.8848368522072937,0.8878161892989124,0.8950377856687608,0.9003747440772156,0.9191246431969553
pooled_fixed_effects,all_registered_by_horizon,score_free,56,id_test,0.1,label_conditional,class0_avg_set_size,10,1.4215053767894852,0.04609328198668334,1.3282674772036474,1.4034011323193374,1.4132449111172516,1.4433088271819583,1.4969450101832993
pooled_fixed_effects,all_registered_by_horizon,score_free,56,id_test,0.1,label_conditional,class1_avg_set_size,10,1.2770008370000137,0.030446259729379387,1.2295081967213115,1.2571675349602414,1.272996847509753,1.2988264112313543,1.3330161750713605
pooled_fixed_effects,all_registered_by_horizon,score_free,56,id_test,0.1,label_conditional,class0_singleton_accuracy,10,0.8203066483923245,0.030705586257545534,0.7722473604826546,0.8029986336575685,0.818337410031489,0.843762564394783,0.8655913978494624
pooled_fixed_effects,all_registered_by_horizon,score_free,56,id_test,0.1,label_conditional,class1_singleton_accuracy,10,0.85770332366045,0.01328070841476115,0.8367626886145405,0.8533789845725525,0.8564829535417771,0.8580650063437201,0.8804780876494024
pooled_fixed_effects,all_registered_by_horizon,score_free,56,id_test,0.1,marginal,coverage,10,0.8954158948010355,0.012283452110583305,0.8764822134387352,0.8890054638456173,0.8940875964838715,0.9031344177995233,0.9158878504672897
pooled_fixed_effects,all_registered_by_horizon,score_free,56,id_test,0.1,marginal,avg_set_size,10,1.3257687012156016,0.035323589763095874,1.2742094861660078,1.3076597962019454,1.3243081851617928,1.3408660965173085,1.3925233644859814
pooled_fixed_effects,all_registered_by_horizon,score_free,56,id_test,0.1,marginal,singleton_rate,10,0.6742312987843984,0.035323589763095874,0.6074766355140186,0.6591339034826915,0.6756918148382071,0.6923402037980546,0.7257905138339921
pooled_fixed_effects,all_registered_by_horizon,score_free,56,id_test,0.1,marginal,ambiguous_rate,10,0.32576870121560164,0.035323589763095874,0.27420948616600793,0.3076597962019454,0.32430818516179294,0.34086609651730854,0.3925233644859813
pooled_fixed_effects,all_registered_by_horizon,score_free,56,id_test,0.1,marginal,empty_rate,10,0.0,0.0,0.0,0.0,0.0,0.0,0.0
pooled_fixed_effects,all_registered_by_horizon,score_free,56,id_test,0.1,marginal,singleton_accuracy,10,0.8453025377800036,0.011143714449227838,0.8298162014976175,0.8372007879869164,0.8441651471737432,0.8551206658311642,0.8615384615384616
pooled_fixed_effects,all_registered_by_horizon,score_free,56,id_test,0.1,marginal,class0_coverage,10,0.9356278930207246,0.01287298044403203,0.9078014184397163,0.9320137349100763,0.9370576394450336,0.9447374858575666,0.9501018329938901
pooled_fixed_effects,all_registered_by_horizon,score_free,56,id_test,0.1,marginal,class1_coverage,10,0.8574620947632422,0.013893001689363242,0.837967401725791,0.8476842474380921,0.8544681086667651,0.8668351823713731,0.8839200761179828
pooled_fixed_effects,all_registered_by_horizon,score_free,56,id_test,0.1,marginal,class0_avg_set_size,10,1.3555928600756177,0.04530553998757987,1.2786220871327254,1.3430392428866487,1.3579933757123166,1.367100044480688,1.434826883910387
pooled_fixed_effects,all_registered_by_horizon,score_free,56,id_test,0.1,marginal,class1_avg_set_size,10,1.2976146128312425,0.030139921618511034,1.265834932821497,1.2706024704963952,1.294124347022606,1.3187957004972213,1.3529971455756422
pooled_fixed_effects,all_registered_by_horizon,score_free,56,id_test,0.1,marginal,class0_singleton_accuracy,10,0.900716562697377,0.01379334771152032,0.8721910112359551,0.8935220346004379,0.9021788622741083,0.9087409426382786,0.9228346456692913
pooled_fixed_effects,all_registered_by_horizon,score_free,56,id_test,0.1,marginal,class1_singleton_accuracy,10,0.7973173050390658,0.014557421806830393,0.7785058977719528,0.7880024846925193,0.7926124969182706,0.8078500707213578,0.8205882352941176
pooled_fixed_effects,all_registered_by_horizon,score_free,56,id_test,0.2,label_conditional,coverage,10,0.7989042419991733,0.014427954643882251,0.7801383399209486,0.7841850788468825,0.8027964335340436,0.8078203013115454,0.8209542547958681
pooled_fixed_effects,all_registered_by_horizon,score_free,56,id_test,0.2,label_conditional,avg_set_size,10,1.085547244689708,0.028920150192220936,1.042857142857143,1.0713211935557068,1.0848697040175683,1.0959156785243742,1.129857353664535
pooled_fixed_effects,all_registered_by_horizon,score_free,56,id_test,0.2,label_conditional,singleton_rate,10,0.914452755310292,0.028920150192220998,0.8701426463354648,0.9040843214756258,0.9151302959824317,0.9286788064442932,0.9571428571428572
pooled_fixed_effects,all_registered_by_horizon,score_free,56,id_test,0.2,label_conditional,ambiguous_rate,10,0.08554724468970795,0.028920150192220984,0.04285714285714286,0.07132119355570683,0.08486970401756838,0.09591567852437417,0.12985735366453516
pooled_fixed_effects,all_registered_by_horizon,score_free,56,id_test,0.2,label_conditional,empty_rate,10,0.0,0.0,0.0,0.0,0.0,0.0,0.0
pooled_fixed_effects,all_registered_by_horizon,score_free,56,id_test,0.2,label_conditional,singleton_accuracy,10,0.7802091279750022,0.01204475768617357,0.7564313081554461,0.7729007482481491,0.7820338076194103,0.7885250635052128,0.7952458130740141
pooled_fixed_effects,all_registered_by_horizon,score_free,56,id_test,0.2,label_conditional,class0_coverage,10,0.799762585603297,0.021335239534830224,0.7669706180344478,0.7818027839369303,0.8068022382686333,0.8153508871082101,0.8216818642350557
pooled_fixed_effects,all_registered_by_horizon,score_free,56,id_test,0.2,label_conditional,class1_coverage,10,0.7981345887904719,0.016872862655349753,0.7645933014354067,0.793895816757171,0.7966430991363684,0.8056359828826367,0.8301343570057581
pooled_fixed_effects,all_registered_by_horizon,score_free,56,id_test,0.2,label_conditional,class0_avg_set_size,10,1.09996496931587,0.03890708431391449,1.0395136778115501,1.0806819288391454,1.102178318135765,1.1156873614190688,1.1619144602851323
pooled_fixed_effects,all_registered_by_horizon,score_free,56,id_test,0.2,label_conditional,class1_avg_set_size,10,1.0719482220323757,0.020061854013975883,1.0460210930009588,1.0605703973771456,1.0713642947673367,1.0772949146933373,1.1084452975047985
pooled_fixed_effects,all_registered_by_horizon,score_free,56,id_test,0.2,label_conditional,class0_singleton_accuracy,10,0.7775712660487699,0.020626290235728418,0.7442396313364056,0.7609298337357921,0.7787131519274377,0.796345701384461,0.8039867109634552
pooled_fixed_effects,all_registered_by_horizon,score_free,56,id_test,0.2,label_conditional,class1_singleton_accuracy,10,0.7826311221814948,0.015602905592619705,0.7494908350305499,0.7806577247334616,0.7850916134866561,0.7885957824426858,0.8094725511302476
pooled_fixed_effects,all_registered_by_horizon,score_free,56,id_test,0.2,marginal,coverage,10,0.7985554246038629,0.018100850532657937,0.7618577075098815,0.7899933555949299,0.801721884186513,0.8107947421467357,0.8253812100344319
pooled_fixed_effects,all_registered_by_horizon,score_free,56,id_test,0.2,marginal,avg_set_size,10,1.075892809278574,0.030096598743183368,1.0212450592885376,1.0581123210891743,1.0773358457992148,1.093054570094909,1.130349237579931
pooled_fixed_effects,all_registered_by_horizon,score_free,56,id_test,0.2,marginal,singleton_rate,10,0.9241071907214259,0.03009659874318335,0.8696507624200689,0.9069454299050911,0.9226641542007851,0.9418876789108258,0.9787549407114624
pooled_fixed_effects,all_registered_by_horizon,score_free,56,id_test,0.2,marginal,ambiguous_rate,10,0.0758928092785741,0.030096598743183357,0.021245059288537548,0.0581123210891742,0.0773358457992149,0.09305457009490892,0.13034923757993114
pooled_fixed_effects,all_registered_by_horizon,score_free,56,id_test,0.2,marginal,empty_rate,10,0.0,0.0,0.0,0.0,0.0,0.0,0.0
pooled_fixed_effects,all_registered_by_horizon,score_free,56,id_test,0.2,marginal,singleton_accuracy,10,0.7822900769904164,0.013867787629786646,0.756688541140838,0.7733348129215201,0.7838780338311855,0.7935628611052186,0.7992081447963801
pooled_fixed_effects,all_registered_by_horizon,score_free,56,id_test,0.2,marginal,class0_coverage,10,0.8614126787612169,0.023050815986105776,0.817629179331307,0.85100727519344,0.8596637102734663,0.869312261022622,0.90020366598778
pooled_fixed_effects,all_registered_by_horizon,score_free,56,id_test,0.2,marginal,class1_coverage,10,0.7392621265797794,0.018412572137971654,0.7087753134040502,0.7310534878619479,0.7382960847223071,0.7526492093958504,0.7648752399232246
pooled_fixed_effects,all_registered_by_horizon,score_free,56,id_test,0.2,marginal,class0_avg_set_size,10,1.079680635422815,0.03356192324131744,1.0172239108409322,1.061747413343158,1.0829572318934022,1.0947046843177188,1.1372351160443996
pooled_fixed_effects,all_registered_by_horizon,score_free,56,id_test,0.2,marginal,class1_avg_set_size,10,1.0723099107183869,0.027432069883666095,1.0250723240115718,1.0546631597543628,1.072032231630702,1.088473203176462,1.1238003838771593
pooled_fixed_effects,all_registered_by_horizon,score_free,56,id_test,0.2,marginal,class0_singleton_accuracy,10,0.8498777974229522,0.02078459727964183,0.8144329896907216,0.8376563181958918,0.8500504298263103,0.85603107751066,0.889763779527559
pooled_fixed_effects,all_registered_by_horizon,score_free,56,id_test,0.2,marginal,class1_singleton_accuracy,10,0.7190229523311669,0.016318500318656743,0.6996966632962589,0.7053545179777693,0.7178990718544471,0.7295969693578706,0.7448770491803278
pooled_fixed_effects,all_registered_by_horizon,score_free,56,ood_test,0.05,label_conditional,coverage,10,0.9564844324589361,0.007724030198096089,0.942878156410885,0.9539102721255209,0.956893029337256,0.9606725504617145,0.967393969110076
pooled_fixed_effects,all_registered_by_horizon,score_free,56,ood_test,0.05,label_conditional,avg_set_size,10,1.5234698046906925,0.030047331489869794,1.4747078532320013,1.5073343139658413,1.5269265342812781,1.546437035221051,1.5660701152243197
pooled_fixed_effects,all_registered_by_horizon,score_free,56,ood_test,0.05,label_conditional,singleton_rate,10,0.47653019530930785,0.030047331489869794,0.43392988477568034,0.4535629647789491,0.4730734657187219,0.4926656860341587,0.5252921467679987
pooled_fixed_effects,all_registered_by_horizon,score_free,56,ood_test,0.05,label_conditional,ambiguous_rate,10,0.5234698046906922,0.03004733148986978,0.4747078532320013,0.5073343139658413,0.5269265342812781,0.5464370352210509,0.5660701152243197
pooled_fixed_effects,all_registered_by_horizon,score_free,56,ood_test,0.05,label_conditional,empty_rate,10,0.0,0.0,0.0,0.0,0.0,0.0,0.0
pooled_fixed_effects,all_registered_by_horizon,score_free,56,ood_test,0.05,label_conditional,singleton_accuracy,10,0.9092472473909631,0.0105356494278678,0.8912570006222775,0.9051632363788822,0.9103872693815658,0.9137792498669757,0.9248587570621469
pooled_fixed_effects,all_registered_by_horizon,score_free,56,ood_test,0.05,label_conditional,class0_coverage,10,0.9574450504048917,0.010866382746312311,0.941332011237812,0.9471161791439432,0.9597587175673442,0.9675673442406214,0.9682697074863659
pooled_fixed_effects,all_registered_by_horizon,score_free,56,ood_test,0.05,label_conditional,class1_coverage,10,0.9555447785321695,0.009651304311774163,0.9430973165211769,0.9482702877465244,0.9536049143226641,0.9645166505011316,0.9688005172971226
pooled_fixed_effects,all_registered_by_horizon,score_free,56,ood_test,0.05,label_conditional,class0_avg_set_size,10,1.662204594281937,0.042078775264315374,1.6015534622376466,1.6267145926293176,1.6562551644356305,1.6969922326888118,1.7177326061807965
pooled_fixed_effects,all_registered_by_horizon,score_free,56,ood_test,0.05,label_conditional,class1_avg_set_size,10,1.387762689945037,0.023925726151365602,1.3506304558680893,1.3731005496281927,1.3918525703200775,1.4033301002263174,1.4177174264468153
pooled_fixed_effects,all_registered_by_horizon,score_free,56,ood_test,0.05,label_conditional,class0_singleton_accuracy,10,0.8734431655262741,0.030769319658314642,0.8236856080722251,0.8532188173274113,0.8807374601748446,0.8941111453627654,0.9115082824760244
pooled_fixed_effects,all_registered_by_horizon,score_free,56,ood_test,0.05,label_conditional,class1_singleton_accuracy,10,0.9275371695071468,0.014726290157118613,0.9061082955454788,0.9160393565220029,0.9238297572291833,0.9413962219832344,0.9488741721854305
pooled_fixed_effects,all_registered_by_horizon,score_free,56,ood_test,0.05,marginal,coverage,10,0.9551278908229142,0.005785933142249843,0.9443491051728364,0.9516425594508457,0.9547274658821607,0.9603456729590586,0.9617553321892621
pooled_fixed_effects,all_registered_by_horizon,score_free,56,ood_test,0.05,marginal,avg_set_size,10,1.5049276783525372,0.027721913587100182,1.4525619024270655,1.4869248998937648,1.5044945656615183,1.5287652202337174,1.537550053117594
pooled_fixed_effects,all_registered_by_horizon,score_free,56,ood_test,0.05,marginal,singleton_rate,10,0.49507232164746257,0.027721913587100196,0.4624499468824058,0.4712347797662826,0.49550543433848165,0.5130751001062352,0.5474380975729345
pooled_fixed_effects,all_registered_by_horizon,score_free,56,ood_test,0.05,marginal,ambiguous_rate,10,0.5049276783525374,0.027721913587100192,0.45256190242706545,0.4869248998937648,0.5044945656615183,0.5287652202337174,0.5375500531175942
pooled_fixed_effects,all_registered_by_horizon,score_free,56,ood_test,0.05,marginal,empty_rate,10,0.0,0.0,0.0,0.0,0.0,0.0,0.0
pooled_fixed_effects,all_registered_by_horizon,score_free,56,ood_test,0.05,marginal,singleton_accuracy,10,0.9096875684379324,0.0065318109057653645,0.8983430362740707,0.9057673019833397,0.9086351403482115,0.9158503137623921,0.9174375981846745
pooled_fixed_effects,all_registered_by_horizon,score_free,56,ood_test,0.05,marginal,class0_coverage,10,0.9758882829284417,0.004276599542359697,0.9661213022640885,0.9739712444224096,0.976284911584862,0.9791356800528838,0.9803338291191539
pooled_fixed_effects,all_registered_by_horizon,score_free,56,ood_test,0.05,marginal,class1_coverage,10,0.9348205625606208,0.008065433869148883,0.923052053022955,0.9280229550598125,0.9353378596831555,0.9422890397672163,0.9440672486259295
pooled_fixed_effects,all_registered_by_horizon,score_free,56,ood_test,0.05,marginal,class0_avg_set_size,10,1.5990580069410014,0.0348809675544775,1.5394149727317799,1.572963146587341,1.6011403073872086,1.6319203437448355,1.6389026607172368
pooled_fixed_effects,all_registered_by_horizon,score_free,56,ood_test,0.05,marginal,class1_avg_set_size,10,1.4128516003879728,0.02148096917717796,1.367604267701261,1.4000161655350791,1.4154542515357258,1.430205302295506,1.4384093113482057
pooled_fixed_effects,all_registered_by_horizon,score_free,56,ood_test,0.05,marginal,class0_singleton_accuracy,10,0.9400923099516539,0.006895112097510364,0.9264442052386078,0.9376913733975667,0.9406475234211082,0.9439023508324251,0.9497427779976256
pooled_fixed_effects,all_registered_by_horizon,score_free,56,ood_test,0.05,marginal,class1_singleton_accuracy,10,0.8892604036815133,0.010232289802162783,0.8767416934619507,0.8788314226617163,0.89042374519367,0.8991544812617344,0.9012521343198634
pooled_fixed_effects,all_registered_by_horizon,score_free,56,ood_test,0.1,label_conditional,coverage,10,0.9063169077388249,0.010512597656137532,0.8817520634142355,0.9038571545313394,0.90757538612405,0.9113140475606766,0.921304241235597
pooled_fixed_effects,all_registered_by_horizon,score_free,56,ood_test,0.1,label_conditional,avg_set_size,10,1.3457955381220887,0.028682433752339226,1.2835662335539757,1.3299828389311106,1.3543352128789736,1.3630178965432704,1.3841627849963227
pooled_fixed_effects,all_registered_by_horizon,score_free,56,ood_test,0.1,label_conditional,singleton_rate,10,0.6542044618779113,0.02868243375233923,0.6158372150036774,0.6369821034567296,0.6456647871210264,0.6700171610688894,0.7164337664460243
pooled_fixed_effects,all_registered_by_horizon,score_free,56,ood_test,0.1,label_conditional,ambiguous_rate,10,0.3457955381220888,0.028682433752339247,0.28356623355397564,0.3299828389311106,0.3543352128789736,0.36301789654327044,0.3841627849963226
pooled_fixed_effects,all_registered_by_horizon,score_free,56,ood_test,0.1,label_conditional,empty_rate,10,0.0,0.0,0.0,0.0,0.0,0.0,0.0
pooled_fixed_effects,all_registered_by_horizon,score_free,56,ood_test,0.1,label_conditional,singleton_accuracy,10,0.8571428079027147,0.00987056168540075,0.8349492414737082,0.8550022136113653,0.8577221160303494,0.8621966132139923,0.8722133757961783
pooled_fixed_effects,all_registered_by_horizon,score_free,56,ood_test,0.1,label_conditional,class0_coverage,10,0.9051561725334656,0.017960905753341635,0.865972566517931,0.8976615435465213,0.9042307056684845,0.9183192860684184,0.9259626508015204
pooled_fixed_effects,all_registered_by_horizon,score_free,56,ood_test,0.1,label_conditional,class1_coverage,10,0.9074523116715163,0.00943966670019165,0.892499191723246,0.9009456838021338,0.9055932751374071,0.9166262528289686,0.9193339799547365
pooled_fixed_effects,all_registered_by_horizon,score_free,56,ood_test,0.1,label_conditional,class0_avg_set_size,10,1.4300115683358121,0.037302369280414346,1.3574615765989093,1.4099735580895718,1.440505701536936,1.4551313832424393,1.476119649644687
pooled_fixed_effects,all_registered_by_horizon,score_free,56,ood_test,0.1,label_conditional,class1_avg_set_size,10,1.2634173941157454,0.022718728316831614,1.2112835434852893,1.2588506304558682,1.2622049789848044,1.2755415454251535,1.2942127384416424
pooled_fixed_effects,all_registered_by_horizon,score_free,56,ood_test,0.1,label_conditional,class0_singleton_accuracy,10,0.8339478950872701,0.026183715308726634,0.7914094650205762,0.8156206485815425,0.8314107710630905,0.8573835021307211,0.8665943600867679
pooled_fixed_effects,all_registered_by_horizon,score_free,56,ood_test,0.1,label_conditional,class1_singleton_accuracy,10,0.8744129560040145,0.011560832871306215,0.8540706605222734,0.8671965684417065,0.8719291926971133,0.8855370117214505,0.888765046812305
pooled_fixed_effects,all_registered_by_horizon,score_free,56,ood_test,0.1,marginal,coverage,10,0.9073792596224566,0.009150883646165101,0.8944185666421508,0.9018754596714881,0.907657105499714,0.913152733513116,0.9195881343466535
pooled_fixed_effects,all_registered_by_horizon,score_free,56,ood_test,0.1,marginal,avg_set_size,10,1.3251613957669364,0.02785060584776006,1.2818501266650322,1.3102067500204297,1.3266323445288877,1.34201601699763,1.3629974666993545
pooled_fixed_effects,all_registered_by_horizon,score_free,56,ood_test,0.1,marginal,singleton_rate,10,0.6748386042330636,0.02785060584776003,0.6370025333006456,0.6579839830023698,0.6733676554711122,0.6897932499795701,0.7181498733349677
pooled_fixed_effects,all_registered_by_horizon,score_free,56,ood_test,0.1,marginal,ambiguous_rate,10,0.32516139576693637,0.027850605847760026,0.2818501266650323,0.31020675002042986,0.3266323445288878,0.3420160169976301,0.3629974666993544
pooled_fixed_effects,all_registered_by_horizon,score_free,56,ood_test,0.1,marginal,empty_rate,10,0.0,0.0,0.0,0.0,0.0,0.0,0.0
pooled_fixed_effects,all_registered_by_horizon,score_free,56,ood_test,0.1,marginal,singleton_accuracy,10,0.863042346916718,0.007924630154687516,0.8519623594216204,0.8577190331814419,0.8629693351649952,0.868011916451672,0.8742667686814588
pooled_fixed_effects,all_registered_by_horizon,score_free,56,ood_test,0.1,marginal,class0_coverage,10,0.9476450173525037,0.00956072025176492,0.9310857709469509,0.9422409519087753,0.9449677739216659,0.9569905800694101,0.9593455627169063
pooled_fixed_effects,all_registered_by_horizon,score_free,56,ood_test,0.1,marginal,class1_coverage,10,0.867992240543162,0.01018163526477329,0.8501454898157129,0.8612997090203686,0.8667959909473004,0.8753233107015842,0.8816682832201745
pooled_fixed_effects,all_registered_by_horizon,score_free,56,ood_test,0.1,marginal,class0_avg_set_size,10,1.371046108081309,0.03281889283427387,1.322756569162122,1.352503718393654,1.3737398777061642,1.391092381424558,1.414807469839696
pooled_fixed_effects,all_registered_by_horizon,score_free,56,ood_test,0.1,marginal,class1_avg_set_size,10,1.2802780472033624,0.02343362071261397,1.2408664726802456,1.26741836404785,1.2797445845457485,1.2971225347559006,1.3123181377303588
pooled_fixed_effects,all_registered_by_horizon,score_free,56,ood_test,0.1,marginal,class0_singleton_accuracy,10,0.9171875520742298,0.011479548601320355,0.8980938416422287,0.9113041253185836,0.9125603020263358,0.9275503985820059,0.9341189073379753
pooled_fixed_effects,all_registered_by_horizon,score_free,56,ood_test,0.1,marginal,class1_singleton_accuracy,10,0.8167661280486896,0.009526194974492686,0.7991767764298093,0.8101668098839058,0.8171916721012933,0.8249329980555687,0.8290518449322747
pooled_fixed_effects,all_registered_by_horizon,score_free,56,ood_test,0.2,label_conditional,coverage,10,0.806815395930375,0.011659203713351463,0.7884285364059819,0.8010337501021493,0.8091035384489662,0.8130669281686688,0.8255291329574242
pooled_fixed_effects,all_registered_by_horizon,score_free,56,ood_test,0.2,label_conditional,avg_set_size,10,1.0880444553403612,0.026326049035703788,1.0523821198006047,1.070564680885838,1.0904633488600148,1.1014954645746506,1.135735882977854
pooled_fixed_effects,all_registered_by_horizon,score_free,56,ood_test,0.2,label_conditional,singleton_rate,10,0.9119555446596388,0.026326049035703757,0.864264117022146,0.8985045354253494,0.9095366511399853,0.929435319114162,0.9476178801993953
pooled_fixed_effects,all_registered_by_horizon,score_free,56,ood_test,0.2,label_conditional,ambiguous_rate,10,0.08804445534036119,0.026326049035703757,0.052382119800604726,0.07056468088583803,0.0904633488600147,0.10149546457465064,0.13573588297785405
pooled_fixed_effects,all_registered_by_horizon,score_free,56,ood_test,0.2,label_conditional,empty_rate,10,0.0,0.0,0.0,0.0,0.0,0.0,0.0
pooled_fixed_effects,all_registered_by_horizon,score_free,56,ood_test,0.2,label_conditional,singleton_accuracy,10,0.7883317057133494,0.0068326132135689875,0.7767333563297689,0.7856442655419893,0.7901074362551345,0.7919508909294014,0.7981278366111951
pooled_fixed_effects,all_registered_by_horizon,score_free,56,ood_test,0.2,label_conditional,class0_coverage,10,0.7990745331350191,0.015225399969244368,0.7724343083787804,0.7941662535118162,0.805073541563378,0.8084614113369691,0.8152371508841514
pooled_fixed_effects,all_registered_by_horizon,score_free,56,ood_test,0.2,label_conditional,class1_coverage,10,0.8143873262204979,0.013863416441639992,0.7958292919495635,0.8033462657613967,0.8134497251859036,0.8245231167151632,0.8388296152602651
pooled_fixed_effects,all_registered_by_horizon,score_free,56,ood_test,0.2,label_conditional,class0_avg_set_size,10,1.1090894067096349,0.033356671496259885,1.0636258469674433,1.0850685837051728,1.1104776070071063,1.1256817055032227,1.1725334655428854
pooled_fixed_effects,all_registered_by_horizon,score_free,56,ood_test,0.2,label_conditional,class1_avg_set_size,10,1.067458777885548,0.019848903006298917,1.036210798577433,1.0563773035887487,1.0708858713223406,1.0789686388619464,1.0997413514387326
pooled_fixed_effects,all_registered_by_horizon,score_free,56,ood_test,0.2,label_conditional,class0_singleton_accuracy,10,0.7745496542383101,0.013015156693597254,0.7551311797251472,0.7660275426044149,0.777086443362707,0.7787950230342479,0.7950879765395894
pooled_fixed_effects,all_registered_by_horizon,score_free,56,ood_test,0.2,label_conditional,class1_singleton_accuracy,10,0.801114474955263,0.011752023763643387,0.7836958383284809,0.7922680761143381,0.8020171321626333,0.8085250742905026,0.8209732447477105
pooled_fixed_effects,all_registered_by_horizon,score_free,56,ood_test,0.2,marginal,coverage,10,0.8139821851761052,0.013532011956355963,0.7889188526599656,0.8049971398218518,0.8178883713328431,0.8215248835498896,0.8359074936667484
pooled_fixed_effects,all_registered_by_horizon,score_free,56,ood_test,0.2,marginal,avg_set_size,10,1.0822505516057856,0.02955423899266112,1.0289286589850453,1.0622088747241971,1.0900956116695268,1.0982471193920078,1.1328757048296152
pooled_fixed_effects,all_registered_by_horizon,score_free,56,ood_test,0.2,marginal,singleton_rate,10,0.9177494483942142,0.029554238992661075,0.8671242951703849,0.9017528806079922,0.9099043883304732,0.9377911252758029,0.9710713410149546
pooled_fixed_effects,all_registered_by_horizon,score_free,56,ood_test,0.2,marginal,ambiguous_rate,10,0.08225055160578573,0.029554238992661082,0.028928658985045354,0.06220887472419711,0.09009561166952684,0.09824711939200785,0.1328757048296151
pooled_fixed_effects,all_registered_by_horizon,score_free,56,ood_test,0.2,marginal,empty_rate,10,0.0,0.0,0.0,0.0,0.0,0.0,0.0
pooled_fixed_effects,all_registered_by_horizon,score_free,56,ood_test,0.2,marginal,singleton_accuracy,10,0.7975469649490508,0.008163385665315609,0.782630648826054,0.7920743437296542,0.7996363009258254,0.8021928327884263,0.8107624163603807
pooled_fixed_effects,all_registered_by_horizon,score_free,56,ood_test,0.2,marginal,class0_coverage,10,0.8668980333829118,0.018000187427119847,0.8327549165427202,0.8602710295818873,0.8642373161460916,0.8784085275161131,0.8930755247066601
pooled_fixed_effects,all_registered_by_horizon,score_free,56,ood_test,0.2,marginal,class1_coverage,10,0.7622211445198837,0.011668946176904497,0.7460394439055933,0.7525056579372777,0.7634982217911412,0.7710556094406724,0.7799870675719366
pooled_fixed_effects,all_registered_by_horizon,score_free,56,ood_test,0.2,marginal,class0_avg_set_size,10,1.0888778714262104,0.031962967550531324,1.0307387208725831,1.0684184432325234,1.0970087588828292,1.1048173855561065,1.1447694595934557
pooled_fixed_effects,all_registered_by_horizon,score_free,56,ood_test,0.2,marginal,class1_avg_set_size,10,1.0757678629162626,0.027290356730341796,1.0271580989330746,1.0561348205625607,1.0824442289039766,1.0922243776268994,1.1212415130940834
pooled_fixed_effects,all_registered_by_horizon,score_free,56,ood_test,0.2,marginal,class0_singleton_accuracy,10,0.8543272642933719,0.015016687664832558,0.8274509803921568,0.847251372294448,0.8508196665129364,0.8639287458212823,0.8756916267060125
pooled_fixed_effects,all_registered_by_horizon,score_free,56,ood_test,0.2,marginal,class1_singleton_accuracy,10,0.7428129224918687,0.007317383755230637,0.7313806036792284,0.7384757720607648,0.7433677706053576,0.7483745042880307,0.7525172231054584
pooled_fixed_effects,landmark_still_registered,assessment_score_inclusive,56,id_test,0.05,label_conditional,coverage,10,0.9496086979529135,0.009268004827093307,0.9323220536756126,0.9451729960043845,0.9501190862373616,0.9549700219550338,0.9650145772594753
pooled_fixed_effects,landmark_still_registered,assessment_score_inclusive,56,id_test,0.05,label_conditional,avg_set_size,10,1.5558735623652962,0.0406669466588433,1.4941656942823804,1.532125294518607,1.5517338104072798,1.583356278167129,1.6244897959183673
pooled_fixed_effects,landmark_still_registered,assessment_score_inclusive,56,id_test,0.05,label_conditional,singleton_rate,10,0.4441264376347041,0.04066694665884331,0.37551020408163266,0.41664372183287085,0.4482661895927202,0.4678747054813931,0.5058343057176196
pooled_fixed_effects,landmark_still_registered,assessment_score_inclusive,56,id_test,0.05,label_conditional,ambiguous_rate,10,0.555873562365296,0.040666946658843336,0.4941656942823804,0.5321252945186069,0.5517338104072798,0.5833562781671292,0.6244897959183674
pooled_fixed_effects,landmark_still_registered,assessment_score_inclusive,56,id_test,0.05,label_conditional,empty_rate,10,0.0,0.0,0.0,0.0,0.0,0.0,0.0
pooled_fixed_effects,landmark_still_registered,assessment_score_inclusive,56,id_test,0.05,label_conditional,singleton_accuracy,10,0.887104111640828,0.013770073912437694,0.8632075471698113,0.8819221215663354,0.8876544335609744,0.8969236292122555,0.906832298136646
pooled_fixed_effects,landmark_still_registered,assessment_score_inclusive,56,id_test,0.05,label_conditional,class0_coverage,10,0.9517138370510138,0.010244869556936886,0.9411167512690355,0.942458604865277,0.9493895873862743,0.960181629101842,0.9695121951219512
pooled_fixed_effects,landmark_still_registered,assessment_score_inclusive,56,id_test,0.05,label_conditional,class1_coverage,10,0.9467674992747513,0.016519743451510048,0.9204389574759945,0.9385094358873589,0.9527909244194424,0.9588611302159307,0.9657534246575342
pooled_fixed_effects,landmark_still_registered,assessment_score_inclusive,56,id_test,0.05,label_conditional,class0_avg_set_size,10,1.6157909776994035,0.052881482239300934,1.5304878048780488,1.5873525082867461,1.603539543497745,1.657286089724798,1.6941056910569106
pooled_fixed_effects,landmark_still_registered,assessment_score_inclusive,56,id_test,0.05,label_conditional,class1_avg_set_size,10,1.4748390265658546,0.028430730988792886,1.4279835390946503,1.456493300192491,1.481098938887797,1.4843808883160736,1.5307797537619698
pooled_fixed_effects,landmark_still_registered,assessment_score_inclusive,56,id_test,0.05,label_conditional,class0_singleton_accuracy,10,0.8729447139563314,0.028845173676272724,0.8227848101265823,0.8591708833045466,0.8683433596843436,0.8950435139082237,0.9199134199134199
pooled_fixed_effects,landmark_still_registered,assessment_score_inclusive,56,id_test,0.05,label_conditional,class1_singleton_accuracy,10,0.899294958005347,0.027559549960038773,0.8567901234567902,0.8808994708994708,0.9058703435902591,0.9221464019851117,0.9342105263157895
pooled_fixed_effects,landmark_still_registered,assessment_score_inclusive,56,id_test,0.05,marginal,coverage,10,0.9482661287179999,0.008490508921994287,0.9329054842473745,0.9447359330673216,0.9500892015819435,0.9547845945612383,0.9580174927113703
pooled_fixed_effects,landmark_still_registered,assessment_score_inclusive,56,id_test,0.05,marginal,avg_set_size,10,1.529044957152803,0.030717364149032155,1.4638273045507584,1.5200576933282712,1.532793249467029,1.5501457725947523,1.5686732904734073
pooled_fixed_effects,landmark_still_registered,assessment_score_inclusive,56,id_test,0.05,marginal,singleton_rate,10,0.470955042847197,0.03071736414903214,0.43132670952659263,0.44985422740524783,0.4672067505329708,0.47994230667172877,0.5361726954492415
pooled_fixed_effects,landmark_still_registered,assessment_score_inclusive,56,id_test,0.05,marginal,ambiguous_rate,10,0.529044957152803,0.030717364149032145,0.46382730455075843,0.5200576933282712,0.5327932494670292,0.5501457725947522,0.5686732904734073
pooled_fixed_effects,landmark_still_registered,assessment_score_inclusive,56,id_test,0.05,marginal,empty_rate,10,0.0,0.0,0.0,0.0,0.0,0.0,0.0
pooled_fixed_effects,landmark_still_registered,assessment_score_inclusive,56,id_test,0.05,marginal,singleton_accuracy,10,0.8904529648832247,0.013641331728713069,0.8661233993015134,0.8823614324850009,0.886519678229669,0.9021807992202728,0.9082802547770701
pooled_fixed_effects,landmark_still_registered,assessment_score_inclusive,56,id_test,0.05,marginal,class0_coverage,10,0.977678618183927,0.004599336999732572,0.9715447154471545,0.9733857216991623,0.9787124836617426,0.9812321742980407,0.9837728194726166
pooled_fixed_effects,landmark_still_registered,assessment_score_inclusive,56,id_test,0.05,marginal,class1_coverage,10,0.9084925088458771,0.016127496219484873,0.8806584362139918,0.8955699132366945,0.9164983228079381,0.9214957535643074,0.9231824417009602
pooled_fixed_effects,landmark_still_registered,assessment_score_inclusive,56,id_test,0.05,marginal,class0_avg_set_size,10,1.528341820581201,0.034269979261978244,1.464430894308943,1.5149556286666015,1.5243624152772968,1.5566225022657632,1.576219512195122
pooled_fixed_effects,landmark_still_registered,assessment_score_inclusive,56,id_test,0.05,marginal,class1_avg_set_size,10,1.5300137326218102,0.03038157389509875,1.463013698630137,1.5222646334372654,1.532494790339265,1.5475488588914514,1.5759668508287292
pooled_fixed_effects,landmark_still_registered,assessment_score_inclusive,56,id_test,0.05,marginal,class0_singleton_accuracy,10,0.9526701411939833,0.009274182630572265,0.9373549883990719,0.9447172675521821,0.955648182840015,0.9601837064544991,0.9642857142857143
pooled_fixed_effects,landmark_still_registered,assessment_score_inclusive,56,id_test,0.05,marginal,class1_singleton_accuracy,10,0.8057816401644317,0.028171988159155344,0.7576601671309192,0.7896461845607808,0.8173662168450442,0.8272028883218416,0.8343023255813954
pooled_fixed_effects,landmark_still_registered,assessment_score_inclusive,56,id_test,0.1,label_conditional,coverage,10,0.9009693238071119,0.01393759630713003,0.8722287047841307,0.8962862112623508,0.9027079744173513,0.9106317721210552,0.9189504373177843
pooled_fixed_effects,landmark_still_registered,assessment_score_inclusive,56,id_test,0.1,label_conditional,avg_set_size,10,1.3818422588932993,0.04457137653198656,1.294049008168028,1.3777119793427306,1.3932960154983254,1.3990373395565927,1.4326530612244899
pooled_fixed_effects,landmark_still_registered,assessment_score_inclusive,56,id_test,0.1,label_conditional,singleton_rate,10,0.6181577411067007,0.04457137653198655,0.5673469387755102,0.6009626604434072,0.6067039845016746,0.6222880206572694,0.705950991831972
pooled_fixed_effects,landmark_still_registered,assessment_score_inclusive,56,id_test,0.1,label_conditional,ambiguous_rate,10,0.3818422588932992,0.04457137653198657,0.294049008168028,0.37771197934273065,0.3932960154983254,0.39903733955659276,0.4326530612244898
pooled_fixed_effects,landmark_still_registered,assessment_score_inclusive,56,id_test,0.1,label_conditional,empty_rate,10,0.0,0.0,0.0,0.0,0.0,0.0,0.0
pooled_fixed_effects,landmark_still_registered,assessment_score_inclusive,56,id_test,0.1,label_conditional,singleton_accuracy,10,0.8403115530899223,0.013259798524431609,0.8129803586678053,0.8328432565433701,0.8412321871917832,0.8477437362465512,0.8571428571428571
pooled_fixed_effects,landmark_still_registered,assessment_score_inclusive,56,id_test,0.1,label_conditional,class0_coverage,10,0.9028146266841297,0.015564144956189869,0.8761421319796955,0.8979153267699006,0.9047130958032517,0.9073844299489506,0.9329268292682927
pooled_fixed_effects,landmark_still_registered,assessment_score_inclusive,56,id_test,0.1,label_conditional,class1_coverage,10,0.8984809987443958,0.022108026397202014,0.8575342465753425,0.8893082931511405,0.9062327830144482,0.915608182969294,0.9195088676671214
pooled_fixed_effects,landmark_still_registered,assessment_score_inclusive,56,id_test,0.1,label_conditional,class0_avg_set_size,10,1.4257767230960732,0.05528222857308469,1.3160569105691058,1.4067681488240564,1.43965408174286,1.4487829614604464,1.491869918699187
pooled_fixed_effects,landmark_still_registered,assessment_score_inclusive,56,id_test,0.1,label_conditional,class1_avg_set_size,10,1.3224300073119644,0.033064519423891506,1.2643835616438357,1.3149527698329067,1.3331022144371647,1.3427320616110163,1.3549723756906078
pooled_fixed_effects,landmark_still_registered,assessment_score_inclusive,56,id_test,0.1,label_conditional,class0_singleton_accuracy,10,0.8304376554636412,0.02472413122977793,0.7916666666666666,0.8160178787662938,0.8247703827403238,0.8453493452431521,0.868
pooled_fixed_effects,landmark_still_registered,assessment_score_inclusive,56,id_test,0.1,label_conditional,class1_singleton_accuracy,10,0.8508995498602436,0.026614057005562915,0.8063314711359404,0.8318195347954377,0.8577503363444168,0.8735002209306278,0.8790983606557377
pooled_fixed_effects,landmark_still_registered,assessment_score_inclusive,56,id_test,0.1,marginal,coverage,10,0.8986340032833742,0.013280851259488788,0.8751458576429405,0.8894703361593677,0.9023873764498727,0.9073425628335987,0.917201166180758
pooled_fixed_effects,landmark_still_registered,assessment_score_inclusive,56,id_test,0.1,marginal,avg_set_size,10,1.3313878834302453,0.0412721326578329,1.2613768961493583,1.3268730977307408,1.332357888101574,1.3549350433242604,1.3877551020408163
pooled_fixed_effects,landmark_still_registered,assessment_score_inclusive,56,id_test,0.1,marginal,singleton_rate,10,0.6686121165697546,0.04127213265783294,0.6122448979591837,0.6450649566757396,0.6676421118984259,0.6731269022692593,0.7386231038506418
pooled_fixed_effects,landmark_still_registered,assessment_score_inclusive,56,id_test,0.1,marginal,ambiguous_rate,10,0.3313878834302454,0.041272132657832944,0.2613768961493582,0.3268730977307407,0.33235788810157413,0.3549350433242604,0.3877551020408163
pooled_fixed_effects,landmark_still_registered,assessment_score_inclusive,56,id_test,0.1,marginal,empty_rate,10,0.0,0.0,0.0,0.0,0.0,0.0,0.0
pooled_fixed_effects,landmark_still_registered,assessment_score_inclusive,56,id_test,0.1,marginal,singleton_accuracy,10,0.8488550608786556,0.011977009586508889,0.8309636650868878,0.8415510401235671,0.8493317737339723,0.8590037213184241,0.8647619047619047
pooled_fixed_effects,landmark_still_registered,assessment_score_inclusive,56,id_test,0.1,marginal,class0_coverage,10,0.9554611274056206,0.0064442696608820755,0.9431472081218274,0.9546957590405024,0.9563673149988159,0.958966565349544,0.9634888438133874
pooled_fixed_effects,landmark_still_registered,assessment_score_inclusive,56,id_test,0.1,marginal,class1_coverage,10,0.8217782418414229,0.024836625820119137,0.7832647462277091,0.8009630381269143,0.8242787963294455,0.8420709125129014,0.8563611491108071
pooled_fixed_effects,landmark_still_registered,assessment_score_inclusive,56,id_test,0.1,marginal,class0_avg_set_size,10,1.3116467964223248,0.044624296181271735,1.2365482233502538,1.299519870707601,1.3057390326441336,1.3442336582468644,1.383130081300813
pooled_fixed_effects,landmark_still_registered,assessment_score_inclusive,56,id_test,0.1,marginal,class1_avg_set_size,10,1.35810368036686,0.04064789540458391,1.2835616438356163,1.3526616130782798,1.3649472089121333,1.3773542768506233,1.4143646408839778
pooled_fixed_effects,landmark_still_registered,assessment_score_inclusive,56,id_test,0.1,marginal,class0_singleton_accuracy,10,0.9355547339463486,0.0053901909003123945,0.925531914893617,0.9349290244639081,0.9363564169085477,0.9381953283758737,0.9442724458204335
pooled_fixed_effects,landmark_still_registered,assessment_score_inclusive,56,id_test,0.1,marginal,class1_singleton_accuracy,10,0.7230633444078428,0.027409541750383713,0.6746203904555315,0.7106799810445543,0.72407464194235,0.7445006059673355,0.7629796839729119
pooled_fixed_effects,landmark_still_registered,assessment_score_inclusive,56,id_test,0.2,label_conditional,coverage,10,0.7965743062709162,0.01765250434559793,0.7689614935822637,0.7834467894998817,0.7958583233259966,0.8089447090616169,0.8239067055393586
pooled_fixed_effects,landmark_still_registered,assessment_score_inclusive,56,id_test,0.2,label_conditional,avg_set_size,10,1.1004370188599384,0.03727729995848984,1.0361726954492416,1.0789283396665459,1.1135104537271099,1.128390677345903,1.145189504373178
pooled_fixed_effects,landmark_still_registered,assessment_score_inclusive,56,id_test,0.2,label_conditional,singleton_rate,10,0.8995629811400615,0.03727729995848985,0.8548104956268222,0.8716093226540971,0.8864895462728902,0.9210716603334541,0.9638273045507585
pooled_fixed_effects,landmark_still_registered,assessment_score_inclusive,56,id_test,0.2,label_conditional,ambiguous_rate,10,0.1004370188599385,0.03727729995848985,0.03617269544924154,0.07892833966654585,0.1135104537271098,0.12839067734590298,0.14518950437317785
pooled_fixed_effects,landmark_still_registered,assessment_score_inclusive,56,id_test,0.2,label_conditional,empty_rate,10,0.0,0.0,0.0,0.0,0.0,0.0,0.0
pooled_fixed_effects,landmark_still_registered,assessment_score_inclusive,56,id_test,0.2,label_conditional,singleton_accuracy,10,0.774118739448656,0.012980546485827537,0.7591656131479141,0.7636594607920228,0.7712293462004131,0.7827505134338357,0.7939972714870396
pooled_fixed_effects,landmark_still_registered,assessment_score_inclusive,56,id_test,0.2,label_conditional,class0_coverage,10,0.798336025891225,0.021822672817074326,0.7578520770010132,0.7857339255499154,0.7982797667856578,0.8133595953099491,0.8302845528455285
pooled_fixed_effects,landmark_still_registered,assessment_score_inclusive,56,id_test,0.2,label_conditional,class1_coverage,10,0.7942039648441321,0.02853342079872547,0.7489711934156379,0.7809810217217624,0.7954494921897082,0.8141009981810255,0.834924965893588
pooled_fixed_effects,landmark_still_registered,assessment_score_inclusive,56,id_test,0.2,label_conditional,class0_avg_set_size,10,1.112811676527241,0.0418963401214709,1.0365482233502539,1.0925684044243518,1.1223974454211547,1.1460446247464502,1.1636178861788617
pooled_fixed_effects,landmark_still_registered,assessment_score_inclusive,56,id_test,0.2,label_conditional,class1_avg_set_size,10,1.0836880513812888,0.03295159925898308,1.0356652949245542,1.053492491191046,1.0995181944256018,1.1075925110800802,1.1203830369357046
pooled_fixed_effects,landmark_still_registered,assessment_score_inclusive,56,id_test,0.2,label_conditional,class0_singleton_accuracy,10,0.7726519423205143,0.022600841825212867,0.7308558558558559,0.7581141367323291,0.7746029542600783,0.7914892263176578,0.8034557235421166
pooled_fixed_effects,landmark_still_registered,assessment_score_inclusive,56,id_test,0.2,label_conditional,class1_singleton_accuracy,10,0.775912447761901,0.025310255015680985,0.7396870554765291,0.7570462546620655,0.7794590278921123,0.7940534508181659,0.8132716049382716
pooled_fixed_effects,landmark_still_registered,assessment_score_inclusive,56,id_test,0.2,marginal,coverage,10,0.8036868972075066,0.01637982247365016,0.7736289381563594,0.793058111726104,0.807050131535221,0.8127014484031688,0.8274052478134111
pooled_fixed_effects,landmark_still_registered,assessment_score_inclusive,56,id_test,0.2,marginal,avg_set_size,10,1.0784444228727486,0.03161853035738452,1.0221703617269544,1.0600340985545067,1.092421650736208,1.0959940372512094,1.119533527696793
pooled_fixed_effects,landmark_still_registered,assessment_score_inclusive,56,id_test,0.2,marginal,singleton_rate,10,0.9215555771272514,0.031618530357384496,0.880466472303207,0.9040059627487905,0.9075783492637921,0.9399659014454933,0.9778296382730455
pooled_fixed_effects,landmark_still_registered,assessment_score_inclusive,56,id_test,0.2,marginal,ambiguous_rate,10,0.07844442287274853,0.0316185303573845,0.022170361726954493,0.06003409855450671,0.09242165073620785,0.0959940372512095,0.119533527696793
pooled_fixed_effects,landmark_still_registered,assessment_score_inclusive,56,id_test,0.2,marginal,empty_rate,10,0.0,0.0,0.0,0.0,0.0,0.0,0.0
pooled_fixed_effects,landmark_still_registered,assessment_score_inclusive,56,id_test,0.2,marginal,singleton_accuracy,10,0.7872477878962931,0.011437636516448734,0.7684964200477327,0.7784537255220606,0.7881104014144131,0.7926937547341866,0.8039735099337748
pooled_fixed_effects,landmark_still_registered,assessment_score_inclusive,56,id_test,0.2,marginal,class0_coverage,10,0.8939825239060533,0.011156351694730825,0.868020304568528,0.890802375829869,0.8965036325895174,0.901497823036606,0.9047619047619048
pooled_fixed_effects,landmark_still_registered,assessment_score_inclusive,56,id_test,0.2,marginal,class1_coverage,10,0.6815525264911328,0.02717053923947571,0.6460905349794238,0.6638091846425179,0.6781692272761675,0.6975742398475023,0.7277701778385773
pooled_fixed_effects,landmark_still_registered,assessment_score_inclusive,56,id_test,0.2,marginal,class0_avg_set_size,10,1.071013835226055,0.02838775105487008,1.016243654822335,1.0599643748577148,1.0777031488588997,1.0871540472388515,1.1128048780487805
pooled_fixed_effects,landmark_still_registered,assessment_score_inclusive,56,id_test,0.2,marginal,class1_avg_set_size,10,1.0884897650203296,0.03708887348420051,1.0301783264746227,1.0601269285995967,1.1090565256661147,1.1124452798224969,1.1285909712722297
pooled_fixed_effects,landmark_still_registered,assessment_score_inclusive,56,id_test,0.2,marginal,class0_singleton_accuracy,10,0.8860655814401956,0.008840687308313553,0.8658410732714138,0.8822118891320204,0.8871639305258149,0.8925041845571647,0.8953229398663697
pooled_fixed_effects,landmark_still_registered,assessment_score_inclusive,56,id_test,0.2,marginal,class1_singleton_accuracy,10,0.6509874684872625,0.020672657329461115,0.6259659969088099,0.635030575969848,0.6505629547104201,0.6612384643459219,0.6875981161695447
pooled_fixed_effects,landmark_still_registered,assessment_score_inclusive,56,ood_test,0.05,label_conditional,coverage,10,0.9470889894419307,0.007540926929933943,0.9373554550025138,0.9419808949220714,0.9448969331322272,0.9515837104072398,0.9607843137254902
pooled_fixed_effects,landmark_still_registered,assessment_score_inclusive,56,ood_test,0.05,label_conditional,avg_set_size,10,1.5538159879336348,0.03778041975648944,1.5041729512317747,1.5259678230266465,1.5446958270487683,1.5799396681749622,1.60824534942182
pooled_fixed_effects,landmark_still_registered,assessment_score_inclusive,56,ood_test,0.05,label_conditional,singleton_rate,10,0.44618401206636504,0.037780419756489436,0.39175465057818,0.4200603318250377,0.45530417295123177,0.4740321769733535,0.49582704876822525
pooled_fixed_effects,landmark_still_registered,assessment_score_inclusive,56,ood_test,0.05,label_conditional,ambiguous_rate,10,0.5538159879336348,0.03778041975648942,0.5041729512317747,0.5259678230266466,0.5446958270487683,0.5799396681749623,0.60824534942182
pooled_fixed_effects,landmark_still_registered,assessment_score_inclusive,56,ood_test,0.05,label_conditional,empty_rate,10,0.0,0.0,0.0,0.0,0.0,0.0,0.0
pooled_fixed_effects,landmark_still_registered,assessment_score_inclusive,56,ood_test,0.05,label_conditional,singleton_accuracy,10,0.8818838275545519,0.008828623592796774,0.8717315215153387,0.8764585862268603,0.8798470266218361,0.8868613351694354,0.8998973305954825
pooled_fixed_effects,landmark_still_registered,assessment_score_inclusive,56,ood_test,0.05,label_conditional,class0_coverage,10,0.9608077174623937,0.0074840590402369105,0.947841726618705,0.9566710268149117,0.961085676913015,0.9642331589274036,0.9728580771746239
pooled_fixed_effects,landmark_still_registered,assessment_score_inclusive,56,ood_test,0.05,label_conditional,class1_coverage,10,0.9251762862366153,0.017492301626947378,0.8960564115957169,0.9126403760773047,0.9234787150692088,0.9402585531470358,0.9501175241577435
pooled_fixed_effects,landmark_still_registered,assessment_score_inclusive,56,ood_test,0.05,label_conditional,class0_avg_set_size,10,1.5789241334205362,0.04831754805592711,1.500490516677567,1.5476618705035972,1.5691628515369522,1.620013080444735,1.6541857423152386
pooled_fixed_effects,landmark_still_registered,assessment_score_inclusive,56,ood_test,0.05,label_conditional,class1_avg_set_size,10,1.513711151736746,0.029853114984035558,1.4703577957691303,1.5033298511360669,1.50927135022199,1.529054583442152,1.5743013841734135
pooled_fixed_effects,landmark_still_registered,assessment_score_inclusive,56,ood_test,0.05,label_conditional,class0_singleton_accuracy,10,0.9057102539952625,0.021723322766050678,0.861244019138756,0.9000379443735484,0.904897426469863,0.9184601031939371,0.9400981996726677
pooled_fixed_effects,landmark_still_registered,assessment_score_inclusive,56,ood_test,0.05,label_conditional,class1_singleton_accuracy,10,0.8467027527239457,0.032129070612228264,0.7878464818763327,0.8345252299885559,0.8452354905830557,0.8628522936065524,0.8933556672250139
pooled_fixed_effects,landmark_still_registered,assessment_score_inclusive,56,ood_test,0.05,marginal,coverage,10,0.9420412267471091,0.006530565478886405,0.9302161890397185,0.9382352941176471,0.941025641025641,0.9479638009049773,0.9510306686777275
pooled_fixed_effects,landmark_still_registered,assessment_score_inclusive,56,ood_test,0.05,marginal,avg_set_size,10,1.5095123177476117,0.02701239972798695,1.4608345902463549,1.492885872297637,1.505982905982906,1.5294871794871796,1.5467068878833585
pooled_fixed_effects,landmark_still_registered,assessment_score_inclusive,56,ood_test,0.05,marginal,singleton_rate,10,0.49048768225238815,0.027012399727986906,0.45329311211664153,0.4705128205128205,0.49401709401709404,0.507114127702363,0.539165409753645
pooled_fixed_effects,landmark_still_registered,assessment_score_inclusive,56,ood_test,0.05,marginal,ambiguous_rate,10,0.5095123177476119,0.02701239972798691,0.4608345902463549,0.49288587229763703,0.505982905982906,0.5294871794871795,0.5467068878833584
pooled_fixed_effects,landmark_still_registered,assessment_score_inclusive,56,ood_test,0.05,marginal,empty_rate,10,0.0,0.0,0.0,0.0,0.0,0.0,0.0
pooled_fixed_effects,landmark_still_registered,assessment_score_inclusive,56,ood_test,0.05,marginal,singleton_accuracy,10,0.8821643430908974,0.006960173150764286,0.8705706825811265,0.8784747341026747,0.8806211936662607,0.8875297552668459,0.8920894239036974
pooled_fixed_effects,landmark_still_registered,assessment_score_inclusive,56,ood_test,0.05,marginal,class0_coverage,10,0.9811641595814257,0.0015923497782712145,0.9787442773054283,0.9802567037279268,0.9811968606932635,0.9822596468279922,0.9838129496402878
pooled_fixed_effects,landmark_still_registered,assessment_score_inclusive,56,ood_test,0.05,marginal,class1_coverage,10,0.8795507965526248,0.015808466095358634,0.8527030556281013,0.8709193000783495,0.8759467223818229,0.8941629668320711,0.9004962131104727
pooled_fixed_effects,landmark_still_registered,assessment_score_inclusive,56,ood_test,0.05,marginal,class0_avg_set_size,10,1.4857913669064748,0.031374653395226784,1.4308371484630478,1.4662361020274688,1.4797253106605623,1.5108731196860694,1.5312295618051013
pooled_fixed_effects,landmark_still_registered,assessment_score_inclusive,56,ood_test,0.05,marginal,class1_avg_set_size,10,1.547401410289893,0.02095294838601685,1.5087490206320189,1.5336249673544007,1.5479237398798642,1.5603943588404283,1.5810916688430399
pooled_fixed_effects,landmark_still_registered,assessment_score_inclusive,56,ood_test,0.05,marginal,class0_singleton_accuracy,10,0.9633256723015826,0.002818108514189147,0.959190791768399,0.9615129175657168,0.9630765161209652,0.9650708761862372,0.9690043832185348
pooled_fixed_effects,landmark_still_registered,assessment_score_inclusive,56,ood_test,0.05,marginal,class1_singleton_accuracy,10,0.7346632618404547,0.024598378501813414,0.7001594896331739,0.7188888573796267,0.7280354869906513,0.7559347644556036,0.770414201183432
pooled_fixed_effects,landmark_still_registered,assessment_score_inclusive,56,ood_test,0.1,label_conditional,coverage,10,0.8995274007038713,0.010162193729988115,0.8823529411764706,0.8968828557063852,0.902061337355455,0.9028406234288587,0.9190548014077425
pooled_fixed_effects,landmark_still_registered,assessment_score_inclusive,56,ood_test,0.1,label_conditional,avg_set_size,10,1.3797285067873304,0.03617308464756274,1.310306686777275,1.3677978883861237,1.3908496732026143,1.3974358974358974,1.424132730015083
pooled_fixed_effects,landmark_still_registered,assessment_score_inclusive,56,ood_test,0.1,label_conditional,singleton_rate,10,0.6202714932126696,0.03617308464756273,0.575867269984917,0.6025641025641025,0.6091503267973857,0.6322021116138763,0.689693313222725
pooled_fixed_effects,landmark_still_registered,assessment_score_inclusive,56,ood_test,0.1,label_conditional,ambiguous_rate,10,0.3797285067873303,0.036173084647562734,0.310306686777275,0.36779788838612365,0.3908496732026144,0.3974358974358974,0.42413273001508295
pooled_fixed_effects,landmark_still_registered,assessment_score_inclusive,56,ood_test,0.1,label_conditional,empty_rate,10,0.0,0.0,0.0,0.0,0.0,0.0,0.0
pooled_fixed_effects,landmark_still_registered,assessment_score_inclusive,56,ood_test,0.1,label_conditional,singleton_accuracy,10,0.8383135062883598,0.008656080591493713,0.8246402877697842,0.8352857575855497,0.8373979081500458,0.8394488788480653,0.8594377510040161
pooled_fixed_effects,landmark_still_registered,assessment_score_inclusive,56,ood_test,0.1,label_conditional,class0_coverage,10,0.9202092871157619,0.012307044601873056,0.9005886200130805,0.9124836494440811,0.9198822759973839,0.9258502289077829,0.9442446043165468
pooled_fixed_effects,landmark_still_registered,assessment_score_inclusive,56,ood_test,0.1,label_conditional,class1_coverage,10,0.8664925568033428,0.022728107094313055,0.8137895011752416,0.8582528075215461,0.8688952729172108,0.87836249673544,0.8957952468007313
pooled_fixed_effects,landmark_still_registered,assessment_score_inclusive,56,ood_test,0.1,label_conditional,class0_avg_set_size,10,1.399313276651406,0.04247361265354116,1.3098430346631786,1.3844833224329627,1.4077011118378024,1.4269538914323088,1.4501308044473513
pooled_fixed_effects,landmark_still_registered,assessment_score_inclusive,56,ood_test,0.1,label_conditional,class1_avg_set_size,10,1.3484460694698357,0.03028831116052954,1.2922434055889267,1.3411465134499871,1.3519195612431445,1.3621049882475842,1.4001044659179942
pooled_fixed_effects,landmark_still_registered,assessment_score_inclusive,56,ood_test,0.1,label_conditional,class0_singleton_accuracy,10,0.8666318244728993,0.022365182467790144,0.8334820101100208,0.8497855542632486,0.8665358632124415,0.8762037845166036,0.9005830903790087
pooled_fixed_effects,landmark_still_registered,assessment_score_inclusive,56,ood_test,0.1,label_conditional,class1_singleton_accuracy,10,0.795594602619341,0.02898735232940626,0.7297194844579227,0.7870185236485298,0.7977791817535067,0.8051256397326266,0.8367430441898527
pooled_fixed_effects,landmark_still_registered,assessment_score_inclusive,56,ood_test,0.1,marginal,coverage,10,0.8921669180492711,0.01057621717559485,0.8733031674208145,0.8887883358471593,0.891151332327803,0.8998994469582705,0.9066867772750126
pooled_fixed_effects,landmark_still_registered,assessment_score_inclusive,56,ood_test,0.1,marginal,avg_set_size,10,1.3198290598290598,0.03809620370539853,1.256510809451986,1.3038964303670186,1.3145801910507793,1.3484917043740574,1.3740573152337858
pooled_fixed_effects,landmark_still_registered,assessment_score_inclusive,56,ood_test,0.1,marginal,singleton_rate,10,0.6801709401709403,0.03809620370539851,0.6259426847662142,0.6515082956259427,0.6854198089492207,0.6961035696329814,0.7434891905480141
pooled_fixed_effects,landmark_still_registered,assessment_score_inclusive,56,ood_test,0.1,marginal,ambiguous_rate,10,0.31982905982905985,0.03809620370539852,0.2565108094519859,0.3038964303670186,0.3145801910507793,0.3484917043740573,0.3740573152337858
pooled_fixed_effects,landmark_still_registered,assessment_score_inclusive,56,ood_test,0.1,marginal,empty_rate,10,0.0,0.0,0.0,0.0,0.0,0.0,0.0
pooled_fixed_effects,landmark_still_registered,assessment_score_inclusive,56,ood_test,0.1,marginal,singleton_accuracy,10,0.8417921707977895,0.006637424859426902,0.8295915607249121,0.8401215566701357,0.8411943716291542,0.8463650807647548,0.8509236947791164
pooled_fixed_effects,landmark_still_registered,assessment_score_inclusive,56,ood_test,0.1,marginal,class0_coverage,10,0.9635219097449313,0.003935811233859854,0.9556899934597777,0.9609630477436233,0.9642740353172008,0.9661134728580771,0.9690974493132767
pooled_fixed_effects,landmark_still_registered,assessment_score_inclusive,56,ood_test,0.1,marginal,class1_coverage,10,0.7781927396186994,0.02414202932362134,0.741708017759206,0.7650822669104205,0.77618177069731,0.7904805432227735,0.8135283363802559
pooled_fixed_effects,landmark_still_registered,assessment_score_inclusive,56,ood_test,0.1,marginal,class0_avg_set_size,10,1.284761281883584,0.04010915751256075,1.223839110529758,1.2634892086330936,1.2775506867233486,1.313603662524526,1.3461412688031393
pooled_fixed_effects,landmark_still_registered,assessment_score_inclusive,56,ood_test,0.1,marginal,class1_avg_set_size,10,1.3758422564638286,0.03564226014328465,1.3086967876730218,1.3667406633585792,1.373726821624445,1.404217811439018,1.4186471663619744
pooled_fixed_effects,landmark_still_registered,assessment_score_inclusive,56,ood_test,0.1,marginal,class0_singleton_accuracy,10,0.948993348744648,0.004688279212109926,0.9417380660954713,0.946230548835584,0.9491488134257839,0.9520528776351318,0.9556193420181055
pooled_fixed_effects,landmark_still_registered,assessment_score_inclusive,56,ood_test,0.1,marginal,class1_singleton_accuracy,10,0.6454705336474069,0.020886650277353123,0.6240165631469979,0.6291132057429769,0.6418615437370676,0.6493695932997579,0.6832298136645962
pooled_fixed_effects,landmark_still_registered,assessment_score_inclusive,56,ood_test,0.2,label_conditional,coverage,10,0.7986626445449975,0.01368326622736118,0.775465057817999,0.7888134741075917,0.8026646556058321,0.8051784816490699,0.821015585721468
pooled_fixed_effects,landmark_still_registered,assessment_score_inclusive,56,ood_test,0.2,label_conditional,avg_set_size,10,1.1048768225238814,0.03747909213835072,1.0407239819004526,1.09069884364002,1.1106083459024636,1.1321266968325792,1.1533433886375062
pooled_fixed_effects,landmark_still_registered,assessment_score_inclusive,56,ood_test,0.2,label_conditional,singleton_rate,10,0.8951231774761187,0.03747909213835076,0.8466566113624937,0.8678733031674208,0.8893916540975364,0.9093011563599799,0.9592760180995475
pooled_fixed_effects,landmark_still_registered,assessment_score_inclusive,56,ood_test,0.2,label_conditional,ambiguous_rate,10,0.10487682252388135,0.03747909213835076,0.04072398190045249,0.09069884364002011,0.11060834590246355,0.1321266968325792,0.1533433886375063
pooled_fixed_effects,landmark_still_registered,assessment_score_inclusive,56,ood_test,0.2,label_conditional,empty_rate,10,0.0,0.0,0.0,0.0,0.0,0.0,0.0
pooled_fixed_effects,landmark_still_registered,assessment_score_inclusive,56,ood_test,0.2,label_conditional,singleton_accuracy,10,0.7752446695511972,0.0077361969763672395,0.7647914103567833,0.7695479245045834,0.7759054213305454,0.7802977647244935,0.7885985748218527
pooled_fixed_effects,landmark_still_registered,assessment_score_inclusive,56,ood_test,0.2,label_conditional,class0_coverage,10,0.8291366906474821,0.01906318693520158,0.7995421844342707,0.8153204708960105,0.8352681491170699,0.8429937867887508,0.855461085676913
pooled_fixed_effects,landmark_still_registered,assessment_score_inclusive,56,ood_test,0.2,label_conditional,class1_coverage,10,0.7499869417602507,0.029313103186052895,0.6980934969966048,0.7422303473491774,0.7543745103160093,0.7647558109166884,0.799164272656046
pooled_fixed_effects,landmark_still_registered,assessment_score_inclusive,56,ood_test,0.2,label_conditional,class0_avg_set_size,10,1.110578809679529,0.04020183550426505,1.0434924787442772,1.0975719424460433,1.112573577501635,1.1375490516677567,1.1643230869849575
pooled_fixed_effects,landmark_still_registered,assessment_score_inclusive,56,ood_test,0.2,label_conditional,class1_avg_set_size,10,1.0957691303212327,0.03369555566550225,1.0363019065030035,1.0795899712718726,1.1043353355967616,1.1206581352833638,1.1358056933925307
pooled_fixed_effects,landmark_still_registered,assessment_score_inclusive,56,ood_test,0.2,label_conditional,class0_singleton_accuracy,10,0.8077192806267277,0.021801519149333107,0.7687101140978534,0.7986894890224493,0.8131761439729416,0.8243695267531188,0.8316133470932232
pooled_fixed_effects,landmark_still_registered,assessment_score_inclusive,56,ood_test,0.2,label_conditional,class1_singleton_accuracy,10,0.723998538345983,0.02486745116671223,0.6830271455991226,0.7101353362406985,0.726956716942972,0.7303321483672918,0.7709946396664681
pooled_fixed_effects,landmark_still_registered,assessment_score_inclusive,56,ood_test,0.2,marginal,coverage,10,0.801659125188537,0.013035771031660833,0.7796882855706385,0.7920814479638009,0.8061337355455003,0.8085470085470086,0.8232277526395173
pooled_fixed_effects,landmark_still_registered,assessment_score_inclusive,56,ood_test,0.2,marginal,avg_set_size,10,1.0710407239819004,0.030392174189911643,1.017094017094017,1.0510055304172952,1.0832579185520361,1.0876571141277023,1.114630467571644
pooled_fixed_effects,landmark_still_registered,assessment_score_inclusive,56,ood_test,0.2,marginal,singleton_rate,10,0.9289592760180996,0.03039217418991168,0.8853695324283559,0.9123428858722976,0.9167420814479638,0.948994469582705,0.9829059829059829
pooled_fixed_effects,landmark_still_registered,assessment_score_inclusive,56,ood_test,0.2,marginal,ambiguous_rate,10,0.07104072398190045,0.03039217418991167,0.017094017094017096,0.05100553041729512,0.0832579185520362,0.08765711412770237,0.11463046757164404
pooled_fixed_effects,landmark_still_registered,assessment_score_inclusive,56,ood_test,0.2,marginal,empty_rate,10,0.0,0.0,0.0,0.0,0.0,0.0,0.0
pooled_fixed_effects,landmark_still_registered,assessment_score_inclusive,56,ood_test,0.2,marginal,singleton_accuracy,10,0.7866924143866809,0.007177840644920942,0.7758567774936062,0.7809328197330221,0.7876321253973004,0.7903025157796875,0.8003407155025554
pooled_fixed_effects,landmark_still_registered,assessment_score_inclusive,56,ood_test,0.2,marginal,class0_coverage,10,0.9110202746893397,0.010186103265510274,0.893721386527142,0.9036134728580772,0.9130967952910398,0.9193917593198169,0.9238064094179202
pooled_fixed_effects,landmark_still_registered,assessment_score_inclusive,56,ood_test,0.2,marginal,class1_coverage,10,0.6269783233220161,0.021811056757948723,0.5975450509271351,0.6160224601723687,0.6274484199529904,0.6311700182815356,0.6704100287281275
pooled_fixed_effects,landmark_still_registered,assessment_score_inclusive,56,ood_test,0.2,marginal,class0_avg_set_size,10,1.0585022890778286,0.025765926126826797,1.014061478090255,1.0410807717462394,1.067691301504251,1.072514715500327,1.0964682799215173
pooled_fixed_effects,landmark_still_registered,assessment_score_inclusive,56,ood_test,0.2,marginal,class1_avg_set_size,10,1.0910681640114912,0.03800205532637825,1.0219378427787935,1.0668581875163228,1.1077304779315749,1.1098197962914598,1.1436406372420997
pooled_fixed_effects,landmark_still_registered,assessment_score_inclusive,56,ood_test,0.2,marginal,class0_singleton_accuracy,10,0.9056375225494809,0.00880404349552292,0.8922056384742952,0.8984912757267135,0.9072357933108328,0.9124468056774587,0.918087537352786
pooled_fixed_effects,landmark_still_registered,assessment_score_inclusive,56,ood_test,0.2,marginal,class1_singleton_accuracy,10,0.5897668490009104,0.012172525967046755,0.5746820467317362,0.5829834174992016,0.5865652108653592,0.5903113241898289,0.6151265629765172
pooled_fixed_effects,landmark_still_registered,score_free,14,id_test,0.05,label_conditional,coverage,10,0.9506698940175393,0.006743636248333142,0.943986820428336,0.9460914161101732,0.9467295093806967,0.954452694795475,0.9629424778761062
pooled_fixed_effects,landmark_still_registered,score_free,14,id_test,0.05,label_conditional,avg_set_size,10,1.7229672228052721,0.02629387257861034,1.6941241076331686,1.7052824661453239,1.713773562453555,1.7400758173159392,1.771900826446281
pooled_fixed_effects,landmark_still_registered,score_free,14,id_test,0.05,label_conditional,singleton_rate,10,0.2770327771947276,0.02629387257861032,0.228099173553719,0.25992418268406087,0.28622643754644495,0.29471753385467614,0.30587589236683144
pooled_fixed_effects,landmark_still_registered,score_free,14,id_test,0.05,label_conditional,ambiguous_rate,10,0.7229672228052725,0.026293872578610315,0.6941241076331686,0.7052824661453239,0.713773562453555,0.7400758173159392,0.771900826446281
pooled_fixed_effects,landmark_still_registered,score_free,14,id_test,0.05,label_conditional,empty_rate,10,0.0,0.0,0.0,0.0,0.0,0.0,0.0
pooled_fixed_effects,landmark_still_registered,score_free,14,id_test,0.05,label_conditional,singleton_accuracy,10,0.8222364912363046,0.014665465442041184,0.8019323671497585,0.8145702907779792,0.8182124971315182,0.8311392427906306,0.8473804100227791
pooled_fixed_effects,landmark_still_registered,score_free,14,id_test,0.05,label_conditional,class0_coverage,10,0.9477926126273936,0.010196408303425282,0.9311740890688259,0.9412062395808526,0.9484004175493537,0.956421820378922,0.9613821138211383
pooled_fixed_effects,landmark_still_registered,score_free,14,id_test,0.05,label_conditional,class1_coverage,10,0.9540961116937476,0.013797310558959712,0.9381067961165048,0.9448595614526343,0.9516051822573561,0.9586361764573211,0.9830713422007256
pooled_fixed_effects,landmark_still_registered,score_free,14,id_test,0.05,label_conditional,class0_avg_set_size,10,1.754973372272405,0.03260480906673428,1.7234042553191489,1.7293358303276918,1.744421906693712,1.7692986570553966,1.8218623481781377
pooled_fixed_effects,landmark_still_registered,score_free,14,id_test,0.05,label_conditional,class1_avg_set_size,10,1.6847837976505666,0.02615806287428451,1.652121212121212,1.6607201031926322,1.680961059899758,1.7114051220412863,1.7182587666263602
pooled_fixed_effects,landmark_still_registered,score_free,14,id_test,0.05,label_conditional,class0_singleton_accuracy,10,0.7813849609042595,0.06664648367856583,0.6136363636363636,0.7612972235571334,0.7982821775925224,0.8244716538074472,0.8455882352941176
pooled_fixed_effects,landmark_still_registered,score_free,14,id_test,0.05,label_conditional,class1_singleton_accuracy,10,0.8555871521681533,0.03916934117775388,0.8068181818181818,0.8259107111806643,0.8540848899546378,0.8665960563826418,0.9411764705882353
pooled_fixed_effects,landmark_still_registered,score_free,14,id_test,0.05,marginal,coverage,10,0.9521021495064387,0.007746583233553664,0.9415656008820287,0.9460130971427737,0.9510042301558774,0.9563441850991794,0.9652125897294312
pooled_fixed_effects,landmark_still_registered,score_free,14,id_test,0.05,marginal,avg_set_size,10,1.716363649265645,0.032330761020700476,1.6776496430532675,1.6909245119496235,1.711615962899267,1.7282416870749628,1.77465564738292
pooled_fixed_effects,landmark_still_registered,score_free,14,id_test,0.05,marginal,singleton_rate,10,0.283636350734355,0.0323307610207005,0.22534435261707988,0.2717583129250373,0.2883840371007329,0.30907548805037655,0.3223503569467326
pooled_fixed_effects,landmark_still_registered,score_free,14,id_test,0.05,marginal,ambiguous_rate,10,0.7163636492656449,0.032330761020700496,0.6776496430532675,0.6909245119496235,0.7116159628992671,0.7282416870749626,0.7746556473829201
pooled_fixed_effects,landmark_still_registered,score_free,14,id_test,0.05,marginal,empty_rate,10,0.0,0.0,0.0,0.0,0.0,0.0,0.0
pooled_fixed_effects,landmark_still_registered,score_free,14,id_test,0.05,marginal,singleton_accuracy,10,0.8317692577987709,0.01264602027215127,0.809009009009009,0.8263584447104084,0.8294401925572124,0.840578064966818,0.8538283062645011
pooled_fixed_effects,landmark_still_registered,score_free,14,id_test,0.05,marginal,class0_coverage,10,0.9677632553429593,0.002838053764140117,0.9636363636363636,0.96580547112462,0.9675291646502816,0.968607570768081,0.9735772357723578
pooled_fixed_effects,landmark_still_registered,score_free,14,id_test,0.05,marginal,class1_coverage,10,0.9334302943149707,0.014619028641612988,0.9150485436893204,0.9207329788343238,0.9325204137180185,0.9436485342433907,0.9552599758162031
pooled_fixed_effects,landmark_still_registered,score_free,14,id_test,0.05,marginal,class0_avg_set_size,10,1.7062233684204435,0.036899775749602556,1.663627152988855,1.672987993525519,1.7110193781094014,1.717223946238106,1.7642276422764227
pooled_fixed_effects,landmark_still_registered,score_free,14,id_test,0.05,marginal,class1_avg_set_size,10,1.7284334866696025,0.029932940660683176,1.6942446043165467,1.708176123481193,1.7196538900548621,1.7439619513008233,1.788391777509069
pooled_fixed_effects,landmark_still_registered,score_free,14,id_test,0.05,marginal,class0_singleton_accuracy,10,0.8895122090742789,0.009028745017746805,0.8760683760683761,0.8846034071117981,0.8876274890723652,0.8956719926811625,0.9049079754601227
pooled_fixed_effects,landmark_still_registered,score_free,14,id_test,0.05,marginal,class1_singleton_accuracy,10,0.7569569009941978,0.03363938651295037,0.7063829787234043,0.7372246696035242,0.7601950687814778,0.7753257621040048,0.8140703517587939
pooled_fixed_effects,landmark_still_registered,score_free,14,id_test,0.1,label_conditional,coverage,10,0.8989035218240211,0.008771560571299207,0.8898678414096917,0.8926495353162405,0.8954056227918059,0.9036636611818385,0.9151515151515152
pooled_fixed_effects,landmark_still_registered,score_free,14,id_test,0.1,label_conditional,avg_set_size,10,1.5325463356727904,0.026352047385089252,1.5085588072887908,1.5127438639222475,1.5252421956474491,1.5400568341782477,1.5950413223140496
pooled_fixed_effects,landmark_still_registered,score_free,14,id_test,0.1,label_conditional,singleton_rate,10,0.46745366432720975,0.026352047385089256,0.4049586776859504,0.4599431658217525,0.4747578043525509,0.4872561360777525,0.4914411927112093
pooled_fixed_effects,landmark_still_registered,score_free,14,id_test,0.1,label_conditional,ambiguous_rate,10,0.5325463356727902,0.02635204738508927,0.5085588072887908,0.5127438639222475,0.5252421956474491,0.5400568341782475,0.5950413223140496
pooled_fixed_effects,landmark_still_registered,score_free,14,id_test,0.1,label_conditional,empty_rate,10,0.0,0.0,0.0,0.0,0.0,0.0,0.0
pooled_fixed_effects,landmark_still_registered,score_free,14,id_test,0.1,label_conditional,singleton_accuracy,10,0.7839780620105025,0.009655619232035574,0.7728852838933952,0.7768448656606551,0.7798607776312263,0.7900481540930979,0.8027127003699137
pooled_fixed_effects,landmark_still_registered,score_free,14,id_test,0.1,label_conditional,class0_coverage,10,0.8936428114634097,0.010055348027533873,0.8728382502543235,0.8882400160957864,0.8951281103720128,0.9004803838960932,0.9067882472137792
pooled_fixed_effects,landmark_still_registered,score_free,14,id_test,0.1,label_conditional,class1_coverage,10,0.9051804125978716,0.015080331392053314,0.8850299401197604,0.8979653529002348,0.9024615857495382,0.9119811836779346,0.932285368802902
pooled_fixed_effects,landmark_still_registered,score_free,14,id_test,0.1,label_conditional,class0_avg_set_size,10,1.5573660585093738,0.03327040779969516,1.527327935222672,1.5290668940124053,1.5497515514506488,1.5705221587067428,1.6285425101214575
pooled_fixed_effects,landmark_still_registered,score_free,14,id_test,0.1,label_conditional,class1_avg_set_size,10,1.5029199539074622,0.0242223745116994,1.4775757575757575,1.4868466814587844,1.4954873646209386,1.5092923508996587,1.555018137847642
pooled_fixed_effects,landmark_still_registered,score_free,14,id_test,0.1,label_conditional,class0_singleton_accuracy,10,0.7588184608012988,0.025290653820479528,0.7159090909090909,0.7399550840644553,0.7615413877054169,0.7708479472790372,0.7941834451901566
pooled_fixed_effects,landmark_still_registered,score_free,14,id_test,0.1,label_conditional,class1_singleton_accuracy,10,0.8095221667572705,0.027679432651402627,0.7647058823529411,0.7951829723674384,0.8042298021938901,0.8282898092840335,0.8508557457212714
pooled_fixed_effects,landmark_still_registered,score_free,14,id_test,0.1,marginal,coverage,10,0.8979141252115277,0.006984578097175737,0.888215859030837,0.8959052604535434,0.8968660025633051,0.9010701594346944,0.9131637168141593
pooled_fixed_effects,landmark_still_registered,score_free,14,id_test,0.1,marginal,avg_set_size,10,1.5216940699086334,0.02497092128379295,1.4781647318960751,1.5074312246377426,1.5261550698019395,1.534809859750867,1.5608815426997245
pooled_fixed_effects,landmark_still_registered,score_free,14,id_test,0.1,marginal,singleton_rate,10,0.47830593009136646,0.024970921283792948,0.4391184573002755,0.4651901402491329,0.4738449301980605,0.49256877536225746,0.5218352681039248
pooled_fixed_effects,landmark_still_registered,score_free,14,id_test,0.1,marginal,ambiguous_rate,10,0.5216940699086335,0.02497092128379297,0.47816473189607517,0.5074312246377426,0.5261550698019395,0.5348098597508671,0.5608815426997246
pooled_fixed_effects,landmark_still_registered,score_free,14,id_test,0.1,marginal,empty_rate,10,0.0,0.0,0.0,0.0,0.0,0.0,0.0
pooled_fixed_effects,landmark_still_registered,score_free,14,id_test,0.1,marginal,singleton_accuracy,10,0.7865519798596702,0.010185249046570465,0.7703889585947302,0.7791269919032306,0.7882447283010989,0.7914642445138628,0.8071253071253072
pooled_fixed_effects,landmark_still_registered,score_free,14,id_test,0.1,marginal,class0_coverage,10,0.9345078881062363,0.007423612309968336,0.9230769230769231,0.9303450347256509,0.9356636271529888,0.9390789231052923,0.9472081218274112
pooled_fixed_effects,landmark_still_registered,score_free,14,id_test,0.1,marginal,class1_coverage,10,0.8542829020025801,0.012491202344897732,0.8311057108140948,0.8467356127761362,0.8556046181019257,0.8620173972006746,0.8724179829890644
pooled_fixed_effects,landmark_still_registered,score_free,14,id_test,0.1,marginal,class0_avg_set_size,10,1.4993716418553613,0.030551020082508866,1.4462474645030425,1.4819064847060368,1.4992416660488792,1.520977011494253,1.541497975708502
pooled_fixed_effects,landmark_still_registered,score_free,14,id_test,0.1,marginal,class1_avg_set_size,10,1.5482692330031365,0.022850509759371328,1.5157004830917875,1.5306532389765923,1.5554216902830444,1.5604541637448164,1.5840386940749698
pooled_fixed_effects,landmark_still_registered,score_free,14,id_test,0.1,marginal,class0_singleton_accuracy,10,0.8690925825509674,0.013569130824276264,0.847682119205298,0.8602631457137567,0.8714447923330806,0.8757878151260504,0.8882783882783882
pooled_fixed_effects,landmark_still_registered,score_free,14,id_test,0.1,marginal,class1_singleton_accuracy,10,0.6776537563395586,0.01807048491173614,0.6507537688442211,0.6632141549166819,0.6818098197130125,0.6863061729761131,0.7033898305084746
pooled_fixed_effects,landmark_still_registered,score_free,14,id_test,0.2,label_conditional,coverage,10,0.7918087539715384,0.009286843289557443,0.776431718061674,0.7885275363682119,0.7925756835449707,0.7996422833122241,0.802653399668325
pooled_fixed_effects,landmark_still_registered,score_free,14,id_test,0.2,label_conditional,avg_set_size,10,1.242835133371776,0.031049413265048436,1.2070484581497798,1.2222964281126547,1.2313983806029345,1.2675634323989422,1.2975206611570247
pooled_fixed_effects,landmark_still_registered,score_free,14,id_test,0.2,label_conditional,singleton_rate,10,0.757164866628224,0.031049413265048464,0.7024793388429752,0.7324365676010577,0.7686016193970655,0.7777035718873453,0.7929515418502202
pooled_fixed_effects,landmark_still_registered,score_free,14,id_test,0.2,label_conditional,ambiguous_rate,10,0.24283513337177592,0.031049413265048474,0.20704845814977973,0.22229642811265468,0.23139838060293444,0.26756343239894237,0.2975206611570248
pooled_fixed_effects,landmark_still_registered,score_free,14,id_test,0.2,label_conditional,empty_rate,10,0.0,0.0,0.0,0.0,0.0,0.0,0.0
pooled_fixed_effects,landmark_still_registered,score_free,14,id_test,0.2,label_conditional,singleton_accuracy,10,0.7249147232421536,0.009685314652814277,0.7090196078431372,0.7188546215429403,0.7245589571391106,0.7293968197277532,0.7439024390243902
pooled_fixed_effects,landmark_still_registered,score_free,14,id_test,0.2,label_conditional,class0_coverage,10,0.7910517527480959,0.015899852839769087,0.7695431472081218,0.7830262383518807,0.7888614744717768,0.7923184271868482,0.8265720081135902
pooled_fixed_effects,landmark_still_registered,score_free,14,id_test,0.2,label_conditional,class1_coverage,10,0.7927063219811374,0.01976290021058548,0.7596618357487923,0.7792860561876358,0.8001320829672417,0.8078283037729341,0.8106796116504854
pooled_fixed_effects,landmark_still_registered,score_free,14,id_test,0.2,label_conditional,class0_avg_set_size,10,1.2590971127185733,0.03708136438427462,1.2186234817813766,1.231003039513678,1.2426439667540692,1.293512536532841,1.3133874239350913
pooled_fixed_effects,landmark_still_registered,score_free,14,id_test,0.2,label_conditional,class1_avg_set_size,10,1.2234171656503803,0.027599833503218277,1.18863361547763,1.2016665332760965,1.2230744261331483,1.2390723784608677,1.279322853688029
pooled_fixed_effects,landmark_still_registered,score_free,14,id_test,0.2,label_conditional,class0_singleton_accuracy,10,0.7174395908806066,0.024241004615127557,0.687757909215956,0.7033012502227993,0.718068797807889,0.7258296341011303,0.7723035952063915
pooled_fixed_effects,landmark_still_registered,score_free,14,id_test,0.2,label_conditional,class1_singleton_accuracy,10,0.7331840981335814,0.021608369087261277,0.7020958083832335,0.7154482115085536,0.7335176448484975,0.7516520154213109,0.758887171561051
pooled_fixed_effects,landmark_still_registered,score_free,14,id_test,0.2,marginal,coverage,10,0.7934520172459505,0.008624025699915414,0.7747797356828194,0.7905912715966453,0.7935899346667122,0.7987340770342689,0.8059536934950385
pooled_fixed_effects,landmark_still_registered,score_free,14,id_test,0.2,marginal,avg_set_size,10,1.2291881717383415,0.029235982315895533,1.1896361631753032,1.2047488491648146,1.234041568731889,1.244063948410151,1.274931129476584
pooled_fixed_effects,landmark_still_registered,score_free,14,id_test,0.2,marginal,singleton_rate,10,0.7708118282616586,0.029235982315895533,0.725068870523416,0.7559360515898491,0.7659584312681108,0.7952511508351854,0.8103638368246968
pooled_fixed_effects,landmark_still_registered,score_free,14,id_test,0.2,marginal,ambiguous_rate,10,0.22918817173834155,0.029235982315895546,0.18963616317530319,0.20474884916481462,0.2340415687318892,0.2440639484101509,0.27493112947658405
pooled_fixed_effects,landmark_still_registered,score_free,14,id_test,0.2,marginal,empty_rate,10,0.0,0.0,0.0,0.0,0.0,0.0,0.0
pooled_fixed_effects,landmark_still_registered,score_free,14,id_test,0.2,marginal,singleton_accuracy,10,0.7320013862081551,0.006454932964498461,0.7213896457765667,0.7265733872472101,0.7326128429055359,0.7370942079980418,0.7413427561837456
pooled_fixed_effects,landmark_still_registered,score_free,14,id_test,0.2,marginal,class0_coverage,10,0.860392406543126,0.011942445037122744,0.8421052631578947,0.8502409353315303,0.8625795236552338,0.8673416700199554,0.8808080808080808
pooled_fixed_effects,landmark_still_registered,score_free,14,id_test,0.2,marginal,class1_coverage,10,0.7136344200062369,0.012924513932038731,0.6944444444444444,0.7025505357340108,0.7148087460423165,0.7220883505057599,0.7327690447400241
pooled_fixed_effects,landmark_still_registered,score_free,14,id_test,0.2,marginal,class0_avg_set_size,10,1.2121472104309758,0.03181686676655641,1.1607324516785351,1.1927633636154176,1.218338399189463,1.2257161170086799,1.2621457489878543
pooled_fixed_effects,landmark_still_registered,score_free,14,id_test,0.2,marginal,class1_avg_set_size,10,1.2494703807237766,0.03027657725230142,1.1932367149758454,1.2351268180088477,1.2445369858978608,1.276601473312368,1.2902055622732769
pooled_fixed_effects,landmark_still_registered,score_free,14,id_test,0.2,marginal,class0_singleton_accuracy,10,0.8228623542080822,0.012458309801502141,0.805,0.8168924724997951,0.8206256109481915,0.8309871477290662,0.8413978494623656
pooled_fixed_effects,landmark_still_registered,score_free,14,id_test,0.2,marginal,class1_singleton_accuracy,10,0.6182763405446814,0.014225556709262606,0.6028938906752411,0.6072740869931452,0.6175842965046678,0.6246692099671625,0.6480891719745223
pooled_fixed_effects,landmark_still_registered,score_free,14,ood_test,0.05,label_conditional,coverage,10,0.9527702177293935,0.005748357461127431,0.9451788491446346,0.9494556765163297,0.9509136858475895,0.9551905132192846,0.9625777604976672
pooled_fixed_effects,landmark_still_registered,score_free,14,ood_test,0.05,label_conditional,avg_set_size,10,1.7447803265940904,0.026563746249438653,1.7108281493001556,1.7309972783825818,1.734302099533437,1.750510303265941,1.7974339035769828
pooled_fixed_effects,landmark_still_registered,score_free,14,ood_test,0.05,label_conditional,singleton_rate,10,0.2552196734059098,0.02656374624943867,0.2025660964230171,0.2494896967340591,0.265697900466563,0.26900272161741834,0.28917185069984447
pooled_fixed_effects,landmark_still_registered,score_free,14,ood_test,0.05,label_conditional,ambiguous_rate,10,0.7447803265940902,0.02656374624943867,0.7108281493001555,0.7309972783825817,0.7343020995334371,0.7505103032659409,0.7974339035769828
pooled_fixed_effects,landmark_still_registered,score_free,14,ood_test,0.05,label_conditional,empty_rate,10,0.0,0.0,0.0,0.0,0.0,0.0,0.0
pooled_fixed_effects,landmark_still_registered,score_free,14,ood_test,0.05,label_conditional,singleton_accuracy,10,0.8152092242251712,0.005851917213629514,0.8095935554741853,0.8109204484261406,0.8133537618839164,0.8176454850579553,0.827354260089686
pooled_fixed_effects,landmark_still_registered,score_free,14,ood_test,0.05,label_conditional,class0_coverage,10,0.9600295712173483,0.005566878893550468,0.954328897650731,0.9560128141941843,0.9575324461968129,0.964062756694595,0.9694430754066042
pooled_fixed_effects,landmark_still_registered,score_free,14,ood_test,0.05,label_conditional,class1_coverage,10,0.9422518447988576,0.013189713655346772,0.9271601999523923,0.9366817424422756,0.9395382051892407,0.9452511306831707,0.9731016424660796
pooled_fixed_effects,landmark_still_registered,score_free,14,ood_test,0.05,label_conditional,class0_avg_set_size,10,1.7438968293083623,0.03646602455823627,1.6995235748316084,1.7243305404961393,1.7345161820272712,1.746960735994743,1.827665516674881
pooled_fixed_effects,landmark_still_registered,score_free,14,ood_test,0.05,label_conditional,class1_avg_set_size,10,1.7460604617948108,0.018423972853501166,1.7269697691025947,1.7335753392049513,1.7418471792430374,1.7524994049035945,1.7845751011663888
pooled_fixed_effects,landmark_still_registered,score_free,14,ood_test,0.05,label_conditional,class0_singleton_accuracy,10,0.840003133528645,0.04059043401945541,0.7349857006673022,0.8330479201730284,0.8492227565345014,0.8611964615643022,0.8754764930114358
pooled_fixed_effects,landmark_still_registered,score_free,14,ood_test,0.05,label_conditional,class1_singleton_accuracy,10,0.7728758144682424,0.04875249971408395,0.7096774193548387,0.7416261760785147,0.7744916295241648,0.779503099606468,0.8908212560386474
pooled_fixed_effects,landmark_still_registered,score_free,14,ood_test,0.05,marginal,coverage,10,0.9501749611197511,0.00700507169493411,0.9383748055987559,0.947487363919129,0.9493584758942457,0.953538102643857,0.9620917573872473
pooled_fixed_effects,landmark_still_registered,score_free,14,ood_test,0.05,marginal,avg_set_size,10,1.7208981337480558,0.0312514469742059,1.6709758942457231,1.7054578149300155,1.7156395800933124,1.7359545101088647,1.7775077760497666
pooled_fixed_effects,landmark_still_registered,score_free,14,ood_test,0.05,marginal,singleton_rate,10,0.27910186625194405,0.03125144697420589,0.22249222395023327,0.2640454898911353,0.28436041990668737,0.2945421850699844,0.3290241057542768
pooled_fixed_effects,landmark_still_registered,score_free,14,ood_test,0.05,marginal,ambiguous_rate,10,0.720898133748056,0.03125144697420589,0.6709758942457231,0.7054578149300156,0.7156395800933126,0.7359545101088647,0.7775077760497667
pooled_fixed_effects,landmark_still_registered,score_free,14,ood_test,0.05,marginal,empty_rate,10,0.0,0.0,0.0,0.0,0.0,0.0,0.0
pooled_fixed_effects,landmark_still_registered,score_free,14,ood_test,0.05,marginal,singleton_accuracy,10,0.8219928441353028,0.005415612616200344,0.8127031019202363,0.8202517743698268,0.823059518537246,0.8240383562893676,0.8296199213630406
pooled_fixed_effects,landmark_still_registered,score_free,14,ood_test,0.05,marginal,class0_coverage,10,0.9756694595038606,0.002860679832079353,0.9702644981107278,0.9740019714144899,0.9757680302283556,0.9770001642845408,0.9802858551010349
pooled_fixed_effects,landmark_still_registered,score_free,14,ood_test,0.05,marginal,class1_coverage,10,0.9132349440609377,0.014170460468709295,0.8874077600571293,0.9054986907879077,0.9131159247798144,0.918412282789812,0.9357295881932873
pooled_fixed_effects,landmark_still_registered,score_free,14,ood_test,0.05,marginal,class0_avg_set_size,10,1.687892229341219,0.03753683464355446,1.625924100542139,1.6670773780187282,1.6830129784787253,1.7044521110563498,1.7550517496303597
pooled_fixed_effects,landmark_still_registered,score_free,14,ood_test,0.05,marginal,class1_avg_set_size,10,1.7687217329207332,0.02286718026056867,1.736253273030231,1.7599381099738158,1.763508688407522,1.7839800047607712,1.810045227326827
pooled_fixed_effects,landmark_still_registered,score_free,14,ood_test,0.05,marginal,class0_singleton_accuracy,10,0.9217295439169237,0.006920408653575086,0.9114233353695785,0.9162792756539235,0.9216665318085374,0.9278960603381772,0.931237721021611
pooled_fixed_effects,landmark_still_registered,score_free,14,ood_test,0.05,marginal,class1_singleton_accuracy,10,0.6266673118935939,0.02998774038318744,0.5731046931407943,0.6128372069334329,0.6224038498123833,0.6477918679996151,0.6727480045610034
pooled_fixed_effects,landmark_still_registered,score_free,14,ood_test,0.1,label_conditional,coverage,10,0.9010594867807153,0.005771139996583326,0.8949261275272161,0.8969673405909797,0.9001263608087091,0.9020217729393468,0.9142690513219285
pooled_fixed_effects,landmark_still_registered,score_free,14,ood_test,0.1,label_conditional,avg_set_size,10,1.560624027993779,0.023010263663828516,1.5375194401244168,1.5442019828926905,1.5554043545878695,1.5635692068429239,1.6126555209953344
pooled_fixed_effects,landmark_still_registered,score_free,14,ood_test,0.1,label_conditional,singleton_rate,10,0.4393759720062208,0.02301026366382851,0.3873444790046656,0.4364307931570762,0.4445956454121306,0.4557980171073095,0.46248055987558323
pooled_fixed_effects,landmark_still_registered,score_free,14,ood_test,0.1,label_conditional,ambiguous_rate,10,0.5606240279937791,0.02301026366382851,0.5375194401244168,0.5442019828926905,0.5554043545878693,0.5635692068429238,0.6126555209953344
pooled_fixed_effects,landmark_still_registered,score_free,14,ood_test,0.1,label_conditional,empty_rate,10,0.0,0.0,0.0,0.0,0.0,0.0,0.0
pooled_fixed_effects,landmark_still_registered,score_free,14,ood_test,0.1,label_conditional,singleton_accuracy,10,0.7748747150893899,0.00258654316375409,0.7715943274602493,0.7728099012236804,0.775004291563607,0.7763239903617649,0.7786700125470515
pooled_fixed_effects,landmark_still_registered,score_free,14,ood_test,0.1,label_conditional,class0_coverage,10,0.9149991785772957,0.007457303812508221,0.9057006735666174,0.9087399375718744,0.914654181041564,0.9176523739116149,0.9272219484146542
pooled_fixed_effects,landmark_still_registered,score_free,14,ood_test,0.1,label_conditional,class1_coverage,10,0.8808616995953346,0.014658335720507254,0.8600333253987146,0.8686622232801714,0.8820518924065699,0.8890740299928589,0.9088312306593668
pooled_fixed_effects,landmark_still_registered,score_free,14,ood_test,0.1,label_conditional,class0_avg_set_size,10,1.5544603252833906,0.02977415271899012,1.5265319533431905,1.5320354854608182,1.54361754558896,1.5652620338426153,1.6188598652866766
pooled_fixed_effects,landmark_still_registered,score_free,14,ood_test,0.1,label_conditional,class1_avg_set_size,10,1.569554867888598,0.018450692971773004,1.5458224232325637,1.5546893596762676,1.5659366817424423,1.5830159485836706,1.6036657938586052
pooled_fixed_effects,landmark_still_registered,score_free,14,ood_test,0.1,label_conditional,class0_singleton_accuracy,10,0.8083551646876966,0.02147801480167198,0.7849137931034482,0.7940433142924512,0.798951974602363,0.8192005910312128,0.8456983629397422
pooled_fixed_effects,landmark_still_registered,score_free,14,ood_test,0.1,label_conditional,class1_singleton_accuracy,10,0.7231795571404998,0.033554491995673855,0.6624569460390356,0.7031743839322712,0.7364044384215342,0.7429882170732894,0.76996996996997
pooled_fixed_effects,landmark_still_registered,score_free,14,ood_test,0.1,marginal,coverage,10,0.8981920684292379,0.005600495572872428,0.8887052877138414,0.8940999222395023,0.8987169517884914,0.9026535769828927,0.9051321928460342
pooled_fixed_effects,landmark_still_registered,score_free,14,ood_test,0.1,marginal,avg_set_size,10,1.530637636080871,0.018042162456143703,1.494362363919129,1.5211654354587871,1.5323192068429239,1.5443477838258164,1.5548211508553655
pooled_fixed_effects,landmark_still_registered,score_free,14,ood_test,0.1,marginal,singleton_rate,10,0.46936236391912906,0.018042162456143675,0.4451788491446345,0.4556522161741835,0.4676807931570762,0.4788345645412131,0.5056376360808709
pooled_fixed_effects,landmark_still_registered,score_free,14,ood_test,0.1,marginal,ambiguous_rate,10,0.5306376360808709,0.018042162456143686,0.4943623639191291,0.5211654354587869,0.5323192068429238,0.5443477838258165,0.5548211508553654
pooled_fixed_effects,landmark_still_registered,score_free,14,ood_test,0.1,marginal,empty_rate,10,0.0,0.0,0.0,0.0,0.0,0.0,0.0
pooled_fixed_effects,landmark_still_registered,score_free,14,ood_test,0.1,marginal,singleton_accuracy,10,0.7832063088050205,0.004231222868709938,0.7770866773675762,0.7801554181741674,0.7834337417053484,0.7862995379357999,0.7892933618843683
pooled_fixed_effects,landmark_still_registered,score_free,14,ood_test,0.1,marginal,class0_coverage,10,0.9498603581402991,0.004440615156630467,0.9410218498439297,0.9476343026121241,0.9498932150484639,0.952932479053721,0.9559717430589781
pooled_fixed_effects,landmark_still_registered,score_free,14,ood_test,0.1,marginal,class1_coverage,10,0.8233277791002143,0.010366025951927363,0.8033801475839086,0.819388240895025,0.8281361580576053,0.8311116400856939,0.8321828136158057
pooled_fixed_effects,landmark_still_registered,score_free,14,ood_test,0.1,marginal,class0_avg_set_size,10,1.4855101034992608,0.019174046262528412,1.4453753901757844,1.4772055199605718,1.4905536389025793,1.4989321504846393,1.5071463775258749
pooled_fixed_effects,landmark_still_registered,score_free,14,ood_test,0.1,marginal,class1_avg_set_size,10,1.5960247560104737,0.018394099499479146,1.5653415853368247,1.5884313258747917,1.5958105213044513,1.6094977386336586,1.6248512258985957
pooled_fixed_effects,landmark_still_registered,score_free,14,ood_test,0.1,marginal,class0_singleton_accuracy,10,0.9025587620962767,0.007657915181348821,0.8872133207665724,0.8982506973458226,0.9035880726698262,0.9079819960074241,0.9111111111111111
pooled_fixed_effects,landmark_still_registered,score_free,14,ood_test,0.1,marginal,class1_singleton_accuracy,10,0.5625763720571213,0.018345220726309865,0.5233589591957422,0.5532269551353443,0.5658045188267042,0.5729104457656277,0.5848837209302326
pooled_fixed_effects,landmark_still_registered,score_free,14,ood_test,0.2,label_conditional,coverage,10,0.7936916796267496,0.009371924499183906,0.7787713841368584,0.7882970451010887,0.7922336702954899,0.8001798211508554,0.8090007776049767
pooled_fixed_effects,landmark_still_registered,score_free,14,ood_test,0.2,label_conditional,avg_set_size,10,1.2633164852255054,0.02389896925881888,1.2309486780715397,1.249635497667185,1.2557834370139969,1.2827809097978227,1.302196734059098
pooled_fixed_effects,landmark_still_registered,score_free,14,ood_test,0.2,label_conditional,singleton_rate,10,0.7366835147744946,0.02389896925881889,0.697803265940902,0.7172190902021773,0.7442165629860031,0.7503645023328149,0.7690513219284604
pooled_fixed_effects,landmark_still_registered,score_free,14,ood_test,0.2,label_conditional,ambiguous_rate,10,0.2633164852255054,0.02389896925881889,0.23094867807153965,0.24963549766718507,0.25578343701399686,0.2827809097978227,0.30219673405909797
pooled_fixed_effects,landmark_still_registered,score_free,14,ood_test,0.2,label_conditional,empty_rate,10,0.0,0.0,0.0,0.0,0.0,0.0,0.0
pooled_fixed_effects,landmark_still_registered,score_free,14,ood_test,0.2,label_conditional,singleton_accuracy,10,0.7200370067785263,0.005042414932896748,0.7095086151882578,0.7177416917916152,0.720211963032074,0.7233336500262909,0.7262849979105725
pooled_fixed_effects,landmark_still_registered,score_free,14,ood_test,0.2,label_conditional,class0_coverage,10,0.8185148677509446,0.011843954559557453,0.7974371611631346,0.813085263676688,0.819122720551996,0.8267619517003449,0.8352226055528175
pooled_fixed_effects,landmark_still_registered,score_free,14,ood_test,0.2,label_conditional,class1_coverage,10,0.7577243513449179,0.02102862592387667,0.7291121161628183,0.7399428707450607,0.7548202808855035,0.7786836467507736,0.7852892168531302
pooled_fixed_effects,landmark_still_registered,score_free,14,ood_test,0.2,label_conditional,class0_avg_set_size,10,1.257401018564153,0.02522750660604133,1.2222769837358305,1.2422786265812387,1.2491375061606704,1.2809265648102515,1.2958764580252997
pooled_fixed_effects,landmark_still_registered,score_free,14,ood_test,0.2,label_conditional,class1_avg_set_size,10,1.2718876457986195,0.023003498407156178,1.243513449178767,1.257022137586289,1.2683884789335873,1.2872530349916687,1.3113544394191858
pooled_fixed_effects,landmark_still_registered,score_free,14,ood_test,0.2,label_conditional,class0_singleton_accuracy,10,0.7553794751600155,0.017399464581499487,0.734630002235636,0.7403035877588021,0.75322909545148,0.7683743619247638,0.7819565217391304
pooled_fixed_effects,landmark_still_registered,score_free,14,ood_test,0.2,label_conditional,class1_singleton_accuracy,10,0.6675843017741074,0.02211334924753025,0.6373158756137479,0.6451148646947765,0.6719841358394109,0.6867613771755746,0.6967047747141897
pooled_fixed_effects,landmark_still_registered,score_free,14,ood_test,0.2,marginal,coverage,10,0.7945178849144635,0.010715410372521723,0.7795489891135303,0.786523133748056,0.7956356920684292,0.8010303265940902,0.8096811819595645
pooled_fixed_effects,landmark_still_registered,score_free,14,ood_test,0.2,marginal,avg_set_size,10,1.2450233281493002,0.026007410520108288,1.208398133748056,1.2235371306376361,1.2475699844479005,1.2617855754276828,1.2818818040435458
pooled_fixed_effects,landmark_still_registered,score_free,14,ood_test,0.2,marginal,singleton_rate,10,0.7549766718506998,0.02600741052010832,0.7181181959564541,0.7382144245723172,0.7524300155520995,0.776462869362364,0.7916018662519441
pooled_fixed_effects,landmark_still_registered,score_free,14,ood_test,0.2,marginal,ambiguous_rate,10,0.24502332814930017,0.02600741052010831,0.208398133748056,0.22353713063763608,0.24756998444790046,0.2617855754276827,0.2818818040435459
pooled_fixed_effects,landmark_still_registered,score_free,14,ood_test,0.2,marginal,empty_rate,10,0.0,0.0,0.0,0.0,0.0,0.0,0.0
pooled_fixed_effects,landmark_still_registered,score_free,14,ood_test,0.2,marginal,singleton_accuracy,10,0.7279785200789796,0.0048644933132850855,0.7207262845849802,0.7250681972607744,0.7283969965275228,0.7304724424073722,0.7349756361667569
pooled_fixed_effects,landmark_still_registered,score_free,14,ood_test,0.2,marginal,class0_coverage,10,0.887021521274848,0.010234998677883274,0.8677509446361097,0.8795794315754888,0.8873829472646624,0.8962132413339905,0.8986364383111549
pooled_fixed_effects,landmark_still_registered,score_free,14,ood_test,0.2,marginal,class1_coverage,10,0.660485598666984,0.017143202399011775,0.6372292311354439,0.6477029278743156,0.6596048559866698,0.6765055939062128,0.6838847893358724
pooled_fixed_effects,landmark_still_registered,score_free,14,ood_test,0.2,marginal,class0_avg_set_size,10,1.213504189255791,0.022967503697063362,1.180220141284705,1.1956628881222278,1.2120913422046984,1.2295055035321176,1.2472482339411861
pooled_fixed_effects,landmark_still_registered,score_free,14,ood_test,0.2,marginal,class1_avg_set_size,10,1.290692692216139,0.030748833405373554,1.249226374672697,1.2639252558914544,1.2989764341823375,1.3085574863127827,1.3320637943346822
pooled_fixed_effects,landmark_still_registered,score_free,14,ood_test,0.2,marginal,class0_singleton_accuracy,10,0.8564873554669974,0.01030755168353596,0.8372093023255814,0.8504019592458344,0.8587037870395278,0.8640992748379037,0.8693571874349907
pooled_fixed_effects,landmark_still_registered,score_free,14,ood_test,0.2,marginal,class1_singleton_accuracy,10,0.5213146373938157,0.0137654207835184,0.4964467005076142,0.5138597396329481,0.5203322522557527,0.5337319738512778,0.5379244684227229
pooled_fixed_effects,landmark_still_registered,score_free,56,id_test,0.05,label_conditional,coverage,10,0.9466331976648448,0.005632116450608712,0.9369894982497082,0.9434154842133553,0.9454986819294189,0.9508821110861927,0.9551543389633081
pooled_fixed_effects,landmark_still_registered,score_free,56,id_test,0.05,label_conditional,avg_set_size,10,1.655666744096132,0.02581971467283538,1.5997666277712952,1.6501101960014108,1.6580241734580698,1.6725449117611477,1.6878646441073513
pooled_fixed_effects,landmark_still_registered,score_free,56,id_test,0.05,label_conditional,singleton_rate,10,0.34433325590386804,0.025819714672835364,0.3121353558926488,0.32745508823885233,0.3419758265419302,0.34988980399858916,0.4002333722287048
pooled_fixed_effects,landmark_still_registered,score_free,56,id_test,0.05,label_conditional,ambiguous_rate,10,0.6556667440961318,0.02581971467283537,0.5997666277712952,0.6501101960014108,0.6580241734580698,0.6725449117611476,0.6878646441073513
pooled_fixed_effects,landmark_still_registered,score_free,56,id_test,0.05,label_conditional,empty_rate,10,0.0,0.0,0.0,0.0,0.0,0.0,0.0
pooled_fixed_effects,landmark_still_registered,score_free,56,id_test,0.05,label_conditional,singleton_accuracy,10,0.8450247731908584,0.011514432232168456,0.8292682926829268,0.8376538495841601,0.8447843761208855,0.8512603716822746,0.8676975945017182
pooled_fixed_effects,landmark_still_registered,score_free,56,id_test,0.05,label_conditional,class0_coverage,10,0.949072191540376,0.009101889107021924,0.9381965552178319,0.9435015752449183,0.9466463414634146,0.9530456852791878,0.9654471544715447
pooled_fixed_effects,landmark_still_registered,score_free,56,id_test,0.05,label_conditional,class1_coverage,10,0.943329784486558,0.013067497045546984,0.9246575342465754,0.933608432367109,0.9421878907759816,0.95161354056902,0.965893587994543
pooled_fixed_effects,landmark_still_registered,score_free,56,id_test,0.05,label_conditional,class0_avg_set_size,10,1.7080201416981275,0.03094204233410442,1.641260162601626,1.7016760507716866,1.7094322641033948,1.717445696493439,1.7636916835699796
pooled_fixed_effects,landmark_still_registered,score_free,56,id_test,0.05,label_conditional,class1_avg_set_size,10,1.5848839862575717,0.030553993450329386,1.5438356164383562,1.5685936010764545,1.5799623901475752,1.5991772553519725,1.6456043956043955
pooled_fixed_effects,landmark_still_registered,score_free,56,id_test,0.05,label_conditional,class0_singleton_accuracy,10,0.8234120169274741,0.04027356607907597,0.7467811158798283,0.8037593984962407,0.8230108653561423,0.8483312677053825,0.8768115942028986
pooled_fixed_effects,landmark_still_registered,score_free,56,id_test,0.05,label_conditional,class1_singleton_accuracy,10,0.8630486705094331,0.0314156349671526,0.8256227758007118,0.8382229003196745,0.8595061827740672,0.882175622542595,0.9208860759493671
pooled_fixed_effects,landmark_still_registered,score_free,56,id_test,0.05,marginal,coverage,10,0.9486751046751756,0.00900331663292356,0.9334889148191365,0.943837059046716,0.9469542362399506,0.9537597572217499,0.9649941656942824
pooled_fixed_effects,landmark_still_registered,score_free,56,id_test,0.05,marginal,avg_set_size,10,1.6316277087561173,0.0431228013856453,1.558926487747958,1.6126500395753605,1.6217964413488168,1.657651235436742,1.7152858809801634
pooled_fixed_effects,landmark_still_registered,score_free,56,id_test,0.05,marginal,singleton_rate,10,0.3683722912438827,0.043122801385645296,0.2847141190198366,0.34234876456325797,0.37820355865118327,0.38734996042463954,0.441073512252042
pooled_fixed_effects,landmark_still_registered,score_free,56,id_test,0.05,marginal,ambiguous_rate,10,0.6316277087561173,0.04312280138564528,0.558926487747958,0.6126500395753605,0.6217964413488168,0.657651235436742,0.7152858809801633
pooled_fixed_effects,landmark_still_registered,score_free,56,id_test,0.05,marginal,empty_rate,10,0.0,0.0,0.0,0.0,0.0,0.0,0.0
pooled_fixed_effects,landmark_still_registered,score_free,56,id_test,0.05,marginal,singleton_accuracy,10,0.8615076723719799,0.00990411251292977,0.8486238532110092,0.8533102766798419,0.8623670399371335,0.8651323069141033,0.8770491803278688
pooled_fixed_effects,landmark_still_registered,score_free,56,id_test,0.05,marginal,class0_coverage,10,0.9795004809392662,0.006401753514472774,0.9664634146341463,0.9763881681370005,0.9812089884858239,0.9827586206896551,0.9868554095045501
pooled_fixed_effects,landmark_still_registered,score_free,56,id_test,0.05,marginal,class1_coverage,10,0.9069858988867153,0.016567888161904198,0.8890410958904109,0.8939525156176404,0.9022842158712836,0.9184329369260876,0.9409340659340659
pooled_fixed_effects,landmark_still_registered,score_free,56,id_test,0.05,marginal,class0_avg_set_size,10,1.6219867411999285,0.050120883316314015,1.5447154471544715,1.5978674043924799,1.6097328146225474,1.6516837793757877,1.7150101419878296
pooled_fixed_effects,landmark_still_registered,score_free,56,id_test,0.05,marginal,class1_avg_set_size,10,1.644689807329349,0.03572351448726788,1.5780821917808219,1.6301104758377798,1.639917695473251,1.6568208614552078,1.7156593406593406
pooled_fixed_effects,landmark_still_registered,score_free,56,id_test,0.05,marginal,class0_singleton_accuracy,10,0.9460799195784378,0.012746136669796309,0.9263392857142857,0.93725639722081,0.9443667157584683,0.9546583011328418,0.9670886075949368
pooled_fixed_effects,landmark_still_registered,score_free,56,id_test,0.05,marginal,class1_singleton_accuracy,10,0.7398178525180015,0.028067088838053807,0.6996197718631179,0.7202331563226021,0.734648225789958,0.7563090596974218,0.7922705314009661
pooled_fixed_effects,landmark_still_registered,score_free,56,id_test,0.1,label_conditional,coverage,10,0.9009678509658082,0.009252810380658675,0.885264997087944,0.8955659276546091,0.9008476928792166,0.9059129167933087,0.9183673469387755
pooled_fixed_effects,landmark_still_registered,score_free,56,id_test,0.1,label_conditional,avg_set_size,10,1.4861707731488445,0.03356624614260867,1.4317386231038507,1.4733923208711839,1.4778129169343281,1.5037103257837097,1.5530921820303385
pooled_fixed_effects,landmark_still_registered,score_free,56,id_test,0.1,label_conditional,singleton_rate,10,0.5138292268511557,0.033566246142608655,0.4469078179696616,0.4962896742162904,0.5221870830656719,0.5266076791288161,0.5682613768961493
pooled_fixed_effects,landmark_still_registered,score_free,56,id_test,0.1,label_conditional,ambiguous_rate,10,0.4861707731488443,0.033566246142608655,0.43173862310385064,0.4733923208711839,0.47781291693432826,0.5037103257837096,0.5530921820303384
pooled_fixed_effects,landmark_still_registered,score_free,56,id_test,0.1,label_conditional,empty_rate,10,0.0,0.0,0.0,0.0,0.0,0.0,0.0
pooled_fixed_effects,landmark_still_registered,score_free,56,id_test,0.1,label_conditional,singleton_accuracy,10,0.8071934878906266,0.014143989168109057,0.7818383167220376,0.7986075952485658,0.8061936936936938,0.8166958909166416,0.8305084745762712
pooled_fixed_effects,landmark_still_registered,score_free,56,id_test,0.1,label_conditional,class0_coverage,10,0.9002849872209291,0.017919508632733342,0.8591691995947315,0.8937946351348012,0.9047615137066103,0.9070826111179894,0.9258130081300813
pooled_fixed_effects,landmark_still_registered,score_free,56,id_test,0.1,label_conditional,class1_coverage,10,0.9018955751290626,0.01730394677299916,0.8821917808219178,0.890377144172549,0.8966934308785137,0.9126250646202198,0.9354395604395604
pooled_fixed_effects,landmark_still_registered,score_free,56,id_test,0.1,label_conditional,class0_avg_set_size,10,1.5244998851536598,0.04565523323947484,1.454268292682927,1.5040483310334654,1.5195282173783218,1.551165919143994,1.6095334685598377
pooled_fixed_effects,landmark_still_registered,score_free,56,id_test,0.1,label_conditional,class1_avg_set_size,10,1.4343662367807746,0.02769359365268831,1.389041095890411,1.4176954732510287,1.43651308103382,1.448642528379461,1.4766483516483517
pooled_fixed_effects,landmark_still_registered,score_free,56,id_test,0.1,label_conditional,class0_singleton_accuracy,10,0.7878397851099439,0.048040388167065226,0.6958424507658644,0.7733882007278554,0.8059836924571224,0.8234913793103448,0.8329519450800915
pooled_fixed_effects,landmark_still_registered,score_free,56,id_test,0.1,label_conditional,class1_singleton_accuracy,10,0.8267332476228628,0.028484748775400876,0.7976190476190477,0.8056446412572686,0.815365230599282,0.8425340943749727,0.8766404199475065
pooled_fixed_effects,landmark_still_registered,score_free,56,id_test,0.1,marginal,coverage,10,0.8981662975842385,0.0104087427253927,0.8844807467911319,0.8898301674865156,0.90003238260541,0.904907459071699,0.914868804664723
pooled_fixed_effects,landmark_still_registered,score_free,56,id_test,0.1,marginal,avg_set_size,10,1.4385792936981248,0.03814110661469296,1.3786464410735122,1.4081474493752075,1.4417163824139703,1.4643845889113798,1.4903790087463558
pooled_fixed_effects,landmark_still_registered,score_free,56,id_test,0.1,marginal,singleton_rate,10,0.5614207063018752,0.03814110661469296,0.5096209912536444,0.5356154110886202,0.5582836175860297,0.5918525506247925,0.6213535589264878
pooled_fixed_effects,landmark_still_registered,score_free,56,id_test,0.1,marginal,ambiguous_rate,10,0.43857929369812476,0.03814110661469295,0.37864644107351225,0.4081474493752076,0.44171638241397027,0.46438458891137985,0.4903790087463557
pooled_fixed_effects,landmark_still_registered,score_free,56,id_test,0.1,marginal,empty_rate,10,0.0,0.0,0.0,0.0,0.0,0.0,0.0
pooled_fixed_effects,landmark_still_registered,score_free,56,id_test,0.1,marginal,singleton_accuracy,10,0.8189205884889841,0.008462313546287766,0.8060724779627816,0.8140792941407321,0.8214151491712225,0.8225186262502551,0.8329519450800915
pooled_fixed_effects,landmark_still_registered,score_free,56,id_test,0.1,marginal,class0_coverage,10,0.9563693925324699,0.0072454789403380414,0.9441056910569106,0.9523696492536853,0.9563229953365524,0.9588631079008558,0.9686552072800809
pooled_fixed_effects,landmark_still_registered,score_free,56,id_test,0.1,marginal,class1_coverage,10,0.8194454944981832,0.02222822396368047,0.7873799725651578,0.8118472337849088,0.816440885659544,0.8291048848411863,0.8549931600547196
pooled_fixed_effects,landmark_still_registered,score_free,56,id_test,0.1,marginal,class0_avg_set_size,10,1.4083211023851094,0.044516097304360513,1.3434959349593496,1.373449416450366,1.3996878997977797,1.4443593305489053,1.4766260162601625
pooled_fixed_effects,landmark_still_registered,score_free,56,id_test,0.1,marginal,class1_avg_set_size,10,1.4795122215953198,0.03463367850947545,1.426027397260274,1.454092488729445,1.4879328885072234,1.5049566178813034,1.5302197802197801
pooled_fixed_effects,landmark_still_registered,score_free,56,id_test,0.1,marginal,class0_singleton_accuracy,10,0.9264412176854051,0.009522451945165518,0.9133448873483535,0.9219233063947496,0.9254012524338262,0.9302152759264196,0.9435336976320583
pooled_fixed_effects,landmark_still_registered,score_free,56,id_test,0.1,marginal,class1_singleton_accuracy,10,0.653823670644108,0.02767442423724482,0.6134663341645885,0.6346659662343308,0.6529228666869116,0.6720360864071684,0.7047353760445683
pooled_fixed_effects,landmark_still_registered,score_free,56,id_test,0.2,label_conditional,coverage,10,0.7962244121440815,0.013416872802171421,0.7760932944606413,0.786513709128674,0.7983083571587305,0.8031522110077307,0.8209912536443149
pooled_fixed_effects,landmark_still_registered,score_free,56,id_test,0.2,label_conditional,avg_set_size,10,1.1942146334434527,0.026053748736216364,1.1563593932322054,1.1884567927694023,1.191488743561706,1.2073679099267578,1.2456242707117853
pooled_fixed_effects,landmark_still_registered,score_free,56,id_test,0.2,label_conditional,singleton_rate,10,0.8057853665565473,0.026053748736216346,0.7543757292882147,0.7926320900732422,0.8085112564382939,0.8115432072305977,0.8436406067677946
pooled_fixed_effects,landmark_still_registered,score_free,56,id_test,0.2,label_conditional,ambiguous_rate,10,0.19421463344345274,0.026053748736216353,0.15635939323220538,0.18845679276940225,0.19148874356170603,0.2073679099267578,0.2456242707117853
pooled_fixed_effects,landmark_still_registered,score_free,56,id_test,0.2,label_conditional,empty_rate,10,0.0,0.0,0.0,0.0,0.0,0.0,0.0
pooled_fixed_effects,landmark_still_registered,score_free,56,id_test,0.2,label_conditional,singleton_accuracy,10,0.7470885503350753,0.014915977163603973,0.7258658806190126,0.7359201931079515,0.7484328687014339,0.75711092355582,0.7727609178386381
pooled_fixed_effects,landmark_still_registered,score_free,56,id_test,0.2,label_conditional,class0_coverage,10,0.7962111461529836,0.02314577531397934,0.7578520770010132,0.779158215010142,0.794530110954605,0.8128956708348809,0.8272357723577236
pooled_fixed_effects,landmark_still_registered,score_free,56,id_test,0.2,label_conditional,class1_coverage,10,0.7962698672744989,0.02020259581080351,0.766803840877915,0.7819713214373198,0.7939626028814296,0.81109658305054,0.8296703296703297
pooled_fixed_effects,landmark_still_registered,score_free,56,id_test,0.2,label_conditional,class0_avg_set_size,10,1.2078673467884584,0.03238211703104615,1.1554878048780488,1.2004565464006511,1.2033465508462808,1.2214818014904418,1.2697768762677484
pooled_fixed_effects,landmark_still_registered,score_free,56,id_test,0.2,label_conditional,class1_avg_set_size,10,1.1757607889489758,0.02058254596952725,1.1371742112482852,1.170614193762342,1.172837043713554,1.1847464912444634,1.2129120879120878
pooled_fixed_effects,landmark_still_registered,score_free,56,id_test,0.2,label_conditional,class0_singleton_accuracy,10,0.742285255659774,0.03194943845442322,0.6867627785058977,0.7221049924394536,0.7423664122137404,0.7710370142992351,0.7816091954022989
pooled_fixed_effects,landmark_still_registered,score_free,56,id_test,0.2,label_conditional,class1_singleton_accuracy,10,0.7531263783974002,0.020151629480156186,0.7185430463576159,0.7400939956243416,0.7502162510605943,0.7697466489155913,0.7835951134380453
pooled_fixed_effects,landmark_still_registered,score_free,56,id_test,0.2,marginal,coverage,10,0.7966862186747509,0.013663145436397977,0.7814143775569842,0.7847048845156009,0.7936419319741022,0.808023328367532,0.8180758017492712
pooled_fixed_effects,landmark_still_registered,score_free,56,id_test,0.2,marginal,avg_set_size,10,1.1579938589067393,0.027351767005671778,1.11610268378063,1.1467076237998195,1.1572964988806573,1.1728862973760932,1.207117852975496
pooled_fixed_effects,landmark_still_registered,score_free,56,id_test,0.2,marginal,singleton_rate,10,0.8420061410932608,0.027351767005671768,0.7928821470245041,0.8271137026239067,0.8427035011193427,0.8532923762001806,0.8838973162193698
pooled_fixed_effects,landmark_still_registered,score_free,56,id_test,0.2,marginal,ambiguous_rate,10,0.15799385890673928,0.02735176700567178,0.1161026837806301,0.1467076237998194,0.1572964988806573,0.1728862973760933,0.20711785297549593
pooled_fixed_effects,landmark_still_registered,score_free,56,id_test,0.2,marginal,empty_rate,10,0.0,0.0,0.0,0.0,0.0,0.0,0.0
pooled_fixed_effects,landmark_still_registered,score_free,56,id_test,0.2,marginal,singleton_accuracy,10,0.7586453151925636,0.012027740804701096,0.744475138121547,0.7480249537259203,0.7592319306634483,0.764516163154777,0.7812061711079944
pooled_fixed_effects,landmark_still_registered,score_free,56,id_test,0.2,marginal,class0_coverage,10,0.897840902367873,0.010135362596551758,0.8821138211382114,0.8924905707201118,0.8985810459835732,0.9011686991869918,0.9198782961460447
pooled_fixed_effects,landmark_still_registered,score_free,56,id_test,0.2,marginal,class1_coverage,10,0.6598735429270236,0.0267419773055686,0.6227709190672154,0.6374589625114944,0.6623390457680016,0.6790302461598758,0.7058823529411765
pooled_fixed_effects,landmark_still_registered,score_free,56,id_test,0.2,marginal,class0_avg_set_size,10,1.1386758754166668,0.026899807806153815,1.0934010152284264,1.1293629621889416,1.14205556379272,1.154741585448309,1.1815415821501014
pooled_fixed_effects,landmark_still_registered,score_free,56,id_test,0.2,marginal,class1_avg_set_size,10,1.1841177824633573,0.02908381150090771,1.1397260273972603,1.1678110572920608,1.18287135643124,1.1973985689595965,1.2417582417582418
pooled_fixed_effects,landmark_still_registered,score_free,56,id_test,0.2,marginal,class0_singleton_accuracy,10,0.8814289976344745,0.010721152760563742,0.8692220969560316,0.8737523079850836,0.8804553822054779,0.884215963462375,0.9050480769230769
pooled_fixed_effects,landmark_still_registered,score_free,56,id_test,0.2,marginal,class1_singleton_accuracy,10,0.583308239407721,0.02593695291868791,0.5535714285714286,0.5607097565394317,0.5828818664956248,0.5967391304347827,0.635593220338983
pooled_fixed_effects,landmark_still_registered,score_free,56,ood_test,0.05,label_conditional,coverage,10,0.9532528908999497,0.0046786768323744754,0.9444947209653092,0.9507541478129713,0.9527400703871292,0.9563348416289593,0.9604826546003017
pooled_fixed_effects,landmark_still_registered,score_free,56,ood_test,0.05,label_conditional,avg_set_size,10,1.671292106586224,0.022654133905697052,1.6143790849673203,1.6682503770739066,1.6749622926093515,1.6810206133735546,1.7017596782302664
pooled_fixed_effects,landmark_still_registered,score_free,56,ood_test,0.05,label_conditional,singleton_rate,10,0.3287078934137758,0.022654133905697076,0.29824032176973353,0.3189793866264454,0.3250377073906486,0.3317496229260935,0.38562091503267976
pooled_fixed_effects,landmark_still_registered,score_free,56,ood_test,0.05,label_conditional,ambiguous_rate,10,0.6712921065862243,0.022654133905697055,0.6143790849673203,0.6682503770739064,0.6749622926093515,0.6810206133735546,0.7017596782302664
pooled_fixed_effects,landmark_still_registered,score_free,56,ood_test,0.05,label_conditional,empty_rate,10,0.0,0.0,0.0,0.0,0.0,0.0,0.0
pooled_fixed_effects,landmark_still_registered,score_free,56,ood_test,0.05,label_conditional,singleton_accuracy,10,0.8578777774437591,0.008891977309213567,0.8465331278890601,0.8536747484549292,0.8552981230283322,0.856601797758552,0.875
pooled_fixed_effects,landmark_still_registered,score_free,56,ood_test,0.05,label_conditional,class0_coverage,10,0.9585186396337477,0.0079572892121949,0.948005232177894,0.9531965336821452,0.9569162851536952,0.9609630477436233,0.9726945716154349
pooled_fixed_effects,landmark_still_registered,score_free,56,ood_test,0.05,label_conditional,class1_coverage,10,0.9448419952990337,0.01156999016061688,0.9174719247845391,0.9399973883520502,0.9485505353878296,0.9521415513188822,0.9582136328022982
pooled_fixed_effects,landmark_still_registered,score_free,56,ood_test,0.05,label_conditional,class0_avg_set_size,10,1.7090582079790715,0.03233859081243432,1.631621975147155,1.7013979725310662,1.7108404185742314,1.7259646827992152,1.7549051667756703
pooled_fixed_effects,landmark_still_registered,score_free,56,ood_test,0.05,label_conditional,class1_avg_set_size,10,1.6109689213893965,0.021548583982586026,1.586837294332724,1.598655001305824,1.6048576651867328,1.6155001305823975,1.6536954818490468
pooled_fixed_effects,landmark_still_registered,score_free,56,ood_test,0.05,label_conditional,class0_singleton_accuracy,10,0.854972842897739,0.03568460403827546,0.8099222952779438,0.8310957725884832,0.8410362180566469,0.8876764641858969,0.9081408140814081
pooled_fixed_effects,landmark_still_registered,score_free,56,ood_test,0.05,label_conditional,class1_singleton_accuracy,10,0.8578105079687539,0.030059805297548967,0.8002528445006322,0.8340739521615097,0.8709532601819256,0.8791646324395753,0.89093387866394
pooled_fixed_effects,landmark_still_registered,score_free,56,ood_test,0.05,marginal,coverage,10,0.9524886877828054,0.007811309660748411,0.9375565610859729,0.9481649069884364,0.9522373051784816,0.9577174459527401,0.9647058823529412
pooled_fixed_effects,landmark_still_registered,score_free,56,ood_test,0.05,marginal,avg_set_size,10,1.6350729009552538,0.037954294345811546,1.5642031171442936,1.6131975867269985,1.635646053293112,1.6561840120663651,1.6992458521870286
pooled_fixed_effects,landmark_still_registered,score_free,56,ood_test,0.05,marginal,singleton_rate,10,0.36492709904474613,0.037954294345811546,0.30075414781297133,0.343815987933635,0.36435394670688787,0.3868024132730015,0.4357968828557064
pooled_fixed_effects,landmark_still_registered,score_free,56,ood_test,0.05,marginal,ambiguous_rate,10,0.6350729009552539,0.03795429434581155,0.5642031171442936,0.6131975867269984,0.6356460532931121,0.656184012066365,0.6992458521870286
pooled_fixed_effects,landmark_still_registered,score_free,56,ood_test,0.05,marginal,empty_rate,10,0.0,0.0,0.0,0.0,0.0,0.0,0.0
pooled_fixed_effects,landmark_still_registered,score_free,56,ood_test,0.05,marginal,singleton_accuracy,10,0.8705385200378787,0.00796541364070617,0.8567143516382095,0.866001647030586,0.8689110688313627,0.8771111963342468,0.8826479438314945
pooled_fixed_effects,landmark_still_registered,score_free,56,ood_test,0.05,marginal,class0_coverage,10,0.9846304774362329,0.003084053706299323,0.9789077828646174,0.9836085676913016,0.9847122302158273,0.9857341399607586,0.9896991497710922
pooled_fixed_effects,landmark_still_registered,score_free,56,ood_test,0.05,marginal,class1_coverage,10,0.9011491250979369,0.015814433485274042,0.8715069208670672,0.8931183076521285,0.8990598067380517,0.9108122225124053,0.9247845390441368
pooled_fixed_effects,landmark_still_registered,score_free,56,ood_test,0.05,marginal,class0_avg_set_size,10,1.6151406147809027,0.042925723136296674,1.5361347285807718,1.5894375408763897,1.6144538914323086,1.6383257030739045,1.683616742969261
pooled_fixed_effects,landmark_still_registered,score_free,56,ood_test,0.05,marginal,class1_avg_set_size,10,1.66691042047532,0.030707126319517167,1.609036301906503,1.6540872290415252,1.6670148863933143,1.6830112300861844,1.7242099764951684
pooled_fixed_effects,landmark_still_registered,score_free,56,ood_test,0.05,marginal,class0_singleton_accuracy,10,0.9603421869799004,0.00448845127180146,0.9545294324991188,0.9572148779630342,0.9599149135137132,0.9626456876456877,0.9674418604651163
pooled_fixed_effects,landmark_still_registered,score_free,56,ood_test,0.05,marginal,class1_singleton_accuracy,10,0.7047078047741184,0.02293689653747474,0.6713426853707415,0.6942076681186496,0.6983964090241623,0.7171435523499412,0.7485380116959064
pooled_fixed_effects,landmark_still_registered,score_free,56,ood_test,0.1,label_conditional,coverage,10,0.9038612368024133,0.009094162716623319,0.8870789341377576,0.899597787833082,0.9038712921065862,0.9072398190045249,0.9176470588235294
pooled_fixed_effects,landmark_still_registered,score_free,56,ood_test,0.1,label_conditional,avg_set_size,10,1.496500754147813,0.030346851353698256,1.4439416792357969,1.4810960281548518,1.494620412267471,1.5079939668174962,1.5529411764705883
pooled_fixed_effects,landmark_still_registered,score_free,56,ood_test,0.1,label_conditional,singleton_rate,10,0.503499245852187,0.03034685135369828,0.4470588235294118,0.49200603318250374,0.5053795877325289,0.5189039718451484,0.5560583207642031
pooled_fixed_effects,landmark_still_registered,score_free,56,ood_test,0.1,label_conditional,ambiguous_rate,10,0.496500754147813,0.030346851353698284,0.44394167923579686,0.4810960281548517,0.4946204122674711,0.5079939668174962,0.5529411764705883
pooled_fixed_effects,landmark_still_registered,score_free,56,ood_test,0.1,label_conditional,empty_rate,10,0.0,0.0,0.0,0.0,0.0,0.0,0.0
pooled_fixed_effects,landmark_still_registered,score_free,56,ood_test,0.1,label_conditional,singleton_accuracy,10,0.8092396910910267,0.010994544695185026,0.7826591832784981,0.8060572799436834,0.8117246236323827,0.8129025541120958,0.8245125348189415
pooled_fixed_effects,landmark_still_registered,score_free,56,ood_test,0.1,label_conditional,class0_coverage,10,0.9095160235448005,0.015595760250946401,0.8706671026814912,0.9074967298888161,0.9122792674950948,0.9163260300850229,0.9285480706344016
pooled_fixed_effects,landmark_still_registered,score_free,56,ood_test,0.1,label_conditional,class1_coverage,10,0.8948289370592845,0.01722282323991522,0.861582658657613,0.8888090885348655,0.8973622355706451,0.9014102898929224,0.9211282319143379
pooled_fixed_effects,landmark_still_registered,score_free,56,ood_test,0.1,label_conditional,class0_avg_set_size,10,1.523037933289732,0.039012626673274674,1.4504578155657293,1.512426422498365,1.524362328319163,1.537115761935906,1.5958142576847614
pooled_fixed_effects,landmark_still_registered,score_free,56,ood_test,0.1,label_conditional,class1_avg_set_size,10,1.4541133455210238,0.025955161803504705,1.402454949072865,1.442347871506921,1.4569078088273701,1.4633716375032646,1.494384956907809
pooled_fixed_effects,landmark_still_registered,score_free,56,ood_test,0.1,label_conditional,class0_singleton_accuracy,10,0.8090613762948804,0.03664926773519051,0.7252518235498437,0.7963817571194347,0.8117113099052453,0.8347378106081359,0.8491520380839036
pooled_fixed_effects,landmark_still_registered,score_free,56,ood_test,0.1,label_conditional,class1_singleton_accuracy,10,0.8072362020863327,0.030410378547045962,0.7556477639465191,0.7999705530238665,0.8035640860200134,0.8191132396447665,0.8548951048951049
pooled_fixed_effects,landmark_still_registered,score_free,56,ood_test,0.1,marginal,coverage,10,0.904132730015083,0.008643559327064636,0.889894419306184,0.8978883861236803,0.9045751633986928,0.9099296128707893,0.9173453996983408
pooled_fixed_effects,landmark_still_registered,score_free,56,ood_test,0.1,marginal,avg_set_size,10,1.441719457013575,0.028487128077206967,1.3940673705379587,1.4217948717948719,1.4427853192559075,1.462569130216189,1.4819507290095526
pooled_fixed_effects,landmark_still_registered,score_free,56,ood_test,0.1,marginal,singleton_rate,10,0.5582805429864253,0.028487128077206957,0.5180492709904475,0.5374308697838109,0.5572146807440925,0.5782051282051283,0.6059326294620412
pooled_fixed_effects,landmark_still_registered,score_free,56,ood_test,0.1,marginal,ambiguous_rate,10,0.4417194570135747,0.028487128077206963,0.39406737053795876,0.4217948717948718,0.4427853192559075,0.46256913021618906,0.48195072900955255
pooled_fixed_effects,landmark_still_registered,score_free,56,ood_test,0.1,marginal,empty_rate,10,0.0,0.0,0.0,0.0,0.0,0.0,0.0
pooled_fixed_effects,landmark_still_registered,score_free,56,ood_test,0.1,marginal,singleton_accuracy,10,0.8285865742583841,0.006856976899689413,0.8182874211749087,0.8239184832302318,0.8282614222965439,0.8326783425620949,0.8404503105590062
pooled_fixed_effects,landmark_still_registered,score_free,56,ood_test,0.1,marginal,class0_coverage,10,0.9656147809025507,0.0035186845451490242,0.959941137998692,0.9646827992151733,0.9654185742315239,0.967217135382603,0.9726945716154349
pooled_fixed_effects,landmark_still_registered,score_free,56,ood_test,0.1,marginal,class1_coverage,10,0.8059284408461741,0.019662643210417025,0.7780099242622095,0.7887176808566205,0.8089579524680073,0.8185557586837294,0.8417341342387046
pooled_fixed_effects,landmark_still_registered,score_free,56,ood_test,0.1,marginal,class0_avg_set_size,10,1.4107750163505557,0.029240947655333038,1.3633093525179856,1.387589928057554,1.413423806409418,1.4304283845650754,1.4569980379332896
pooled_fixed_effects,landmark_still_registered,score_free,56,ood_test,0.1,marginal,class1_avg_set_size,10,1.491146513449987,0.02805282194033676,1.4431966570906243,1.4755810916688432,1.4903369025855315,1.5141681901279709,1.5283363802559415
pooled_fixed_effects,landmark_still_registered,score_free,56,ood_test,0.1,marginal,class0_singleton_accuracy,10,0.9416489473638443,0.005215199680378693,0.9349593495934959,0.9373081425209924,0.9437164492522033,0.9438501361313971,0.9514957885564914
pooled_fixed_effects,landmark_still_registered,score_free,56,ood_test,0.1,marginal,class1_singleton_accuracy,10,0.6193040320910562,0.021883545661587164,0.5948103792415169,0.601739983312756,0.6190791096555452,0.6276179540552363,0.6690333151283452
pooled_fixed_effects,landmark_still_registered,score_free,56,ood_test,0.2,label_conditional,coverage,10,0.7895123177476119,0.010474910656104048,0.7730517848164907,0.782579185520362,0.7891905480140774,0.7932378079436903,0.80824534942182
pooled_fixed_effects,landmark_still_registered,score_free,56,ood_test,0.2,label_conditional,avg_set_size,10,1.1918552036199095,0.023626850547205883,1.1600804424333837,1.182378079436903,1.1890397184514832,1.1985922574157868,1.2428355957767723
pooled_fixed_effects,landmark_still_registered,score_free,56,ood_test,0.2,label_conditional,singleton_rate,10,0.8081447963800905,0.023626850547205924,0.7571644042232277,0.8014077425842132,0.8109602815485168,0.817621920563097,0.8399195575666164
pooled_fixed_effects,landmark_still_registered,score_free,56,ood_test,0.2,label_conditional,ambiguous_rate,10,0.1918552036199095,0.023626850547205917,0.1600804424333836,0.18237807943690296,0.18903971845148315,0.19859225741578682,0.24283559577677225
pooled_fixed_effects,landmark_still_registered,score_free,56,ood_test,0.2,label_conditional,empty_rate,10,0.0,0.0,0.0,0.0,0.0,0.0,0.0
pooled_fixed_effects,landmark_still_registered,score_free,56,ood_test,0.2,label_conditional,singleton_accuracy,10,0.7396156738470943,0.00830546877720159,0.7248372558838257,0.7329313747947477,0.7437927570062728,0.7455385557591925,0.7484052054095433
pooled_fixed_effects,landmark_still_registered,score_free,56,ood_test,0.2,label_conditional,class0_coverage,10,0.7955689993459778,0.02158838282384296,0.7557226945716154,0.7802485284499673,0.8066546762589928,0.8113145846958797,0.8194898626553303
pooled_fixed_effects,landmark_still_registered,score_free,56,ood_test,0.2,label_conditional,class1_coverage,10,0.7798380778271088,0.02465668618408022,0.7359623922695221,0.76436406372421,0.7799686602246017,0.7943327239488117,0.8161399843301123
pooled_fixed_effects,landmark_still_registered,score_free,56,ood_test,0.2,label_conditional,class0_avg_set_size,10,1.2042511445389144,0.02588267696176956,1.17053629823414,1.1922825376062787,1.2017658600392414,1.21398790058862,1.2593198168737738
pooled_fixed_effects,landmark_still_registered,score_free,56,ood_test,0.2,label_conditional,class1_avg_set_size,10,1.172055366936537,0.0210495872502651,1.1412901540872291,1.1588534865500129,1.1700182815356488,1.1751762862366153,1.2165056150430922
pooled_fixed_effects,landmark_still_registered,score_free,56,ood_test,0.2,label_conditional,class0_singleton_accuracy,10,0.7428723023313408,0.02798758055502728,0.6894616503845354,0.7236920849346979,0.7479419924607483,0.7621234590248191,0.7823772915434654
pooled_fixed_effects,landmark_still_registered,score_free,56,ood_test,0.2,label_conditional,class1_singleton_accuracy,10,0.7342897923188877,0.026865014637088652,0.6874806800618238,0.7148325744058155,0.736204805175459,0.7518192540240408,0.7784073024866226
pooled_fixed_effects,landmark_still_registered,score_free,56,ood_test,0.2,marginal,coverage,10,0.8064052287581699,0.009825432363778391,0.7888386123680241,0.8012066365007542,0.8080945198592258,0.8116138763197587,0.8221216691804927
pooled_fixed_effects,landmark_still_registered,score_free,56,ood_test,0.2,marginal,avg_set_size,10,1.1691000502765205,0.024591337716942382,1.1250879839115133,1.1568124685771743,1.1716943187531423,1.1838863750628457,1.2081447963800904
pooled_fixed_effects,landmark_still_registered,score_free,56,ood_test,0.2,marginal,singleton_rate,10,0.830899949723479,0.024591337716942396,0.7918552036199095,0.8161136249371543,0.8283056812468577,0.8431875314228255,0.8749120160884867
pooled_fixed_effects,landmark_still_registered,score_free,56,ood_test,0.2,marginal,ambiguous_rate,10,0.1691000502765209,0.024591337716942385,0.12508798391151332,0.15681246857717446,0.17169431875314228,0.18388637506284566,0.2081447963800905
pooled_fixed_effects,landmark_still_registered,score_free,56,ood_test,0.2,marginal,empty_rate,10,0.0,0.0,0.0,0.0,0.0,0.0,0.0
pooled_fixed_effects,landmark_still_registered,score_free,56,ood_test,0.2,marginal,singleton_accuracy,10,0.7671349134551766,0.004973762198853605,0.7586484312148029,0.7642413519719427,0.767817115974115,0.7694149019885288,0.7753650793650794
pooled_fixed_effects,landmark_still_registered,score_free,56,ood_test,0.2,marginal,class0_coverage,10,0.9058698495748855,0.009323178808625814,0.895192936559843,0.8974820143884892,0.9056572923479398,0.910685088293002,0.9215173315892741
pooled_fixed_effects,landmark_still_registered,score_free,56,ood_test,0.2,marginal,class1_coverage,10,0.6475319926873857,0.017097907717730128,0.6179159049360147,0.6433141812483677,0.6508226691042047,0.6560459650039174,0.6719770174980413
pooled_fixed_effects,landmark_still_registered,score_free,56,ood_test,0.2,marginal,class0_avg_set_size,10,1.149166121648136,0.0220160571066909,1.1100392413342053,1.1379986919555265,1.1525506867233486,1.162320143884892,1.183453237410072
pooled_fixed_effects,landmark_still_registered,score_free,56,ood_test,0.2,marginal,class1_avg_set_size,10,1.2009401932619483,0.029056583680437266,1.1491250979367982,1.1857534604335336,1.2044920344737529,1.2200313397753981,1.247584225646383
pooled_fixed_effects,landmark_still_registered,score_free,56,ood_test,0.2,marginal,class0_singleton_accuracy,10,0.8894766512609115,0.009351110459910833,0.8767578125,0.8824647257748198,0.8901465438250581,0.8952305064528115,0.9038846615939127
pooled_fixed_effects,landmark_still_registered,score_free,56,ood_test,0.2,marginal,class1_singleton_accuracy,10,0.5589425042981444,0.012137129482819363,0.544228356336261,0.54991778407371,0.5558429874150574,0.5669859225213395,0.5830013280212484
